athlete_display_name,team_display_name,season,GP,MP,PTS,FGM,FGA,FTM,FTA,TPM,TPA,TRB,ORB,AST,STL,BLK,TOV,PF,DRB,TS_pct,avg_PIE,PER,ws,ws_40,bpm,obpm,dbpm,ts_percent,p_prod,f_tr,x3p_ar,usg_percent
Vladislav Goldin,Florida Atlantic Owls,2024,34,851,534,204,303,126,190,0,0,235,84,25,17,56,55,76,151,69.06363166063115,0.1983998194008876,30.67103051653863,5.1,0.24,8.4,6.6,1.8,0.679,477,0.627,0,26.1
Yaxel Lendeborg,UAB Blazers,2025,37,1243,654,238,456,153,202,25,70,420,137,157,64,66,80,91,283,60.01321391866099,0.26638601190256556,30.538960684650615,NA,NA,NA,NA,NA,NA,NA,NA,NA,NA
Charles Bassey,Western Kentucky Hilltoppers,2021,29,851,494,194,329,88,116,18,59,325,92,19,11,87,62,67,233,64.99315861488265,0.25824761080538694,30.156752588379305,5.4,0.254,9.1,6.5,2.6,0.643,441,0.353,0.179,26.4
Chris Cokley,UAB Blazers,2018,33,870,542,219,376,104,127,0,2,276,100,49,18,13,47,52,176,62.74891173474113,0.2122932068397356,29.604253213422883,NA,NA,NA,NA,NA,NA,NA,NA,NA,NA
Osasumwen Osaghae,Florida International Panthers,2020,32,872,415,165,246,82,118,3,9,259,98,16,26,122,54,65,161,69.64957035445757,0.22389205673714122,29.382222497998512,4.9,0.223,6.6,4.2,2.3,0.687,383,0.48,0.037,19.3
Gaige Prim,Missouri State Bears,2021,24,705,400,160,267,80,109,0,2,218,77,72,28,31,61,65,141,63.500127000254004,0.294665691777016,29.380621287359386,4.9,0.277,8.6,6.1,2.5,0.627,424,0.408,0.007,28.2
Daniel Batcho,Louisiana Tech Bulldogs,2025,32,883,533,188,273,156,205,1,4,206,78,17,9,64,64,56,128,73.37555066079295,0.17518307740129524,29.02436110436851,5.2,0.238,5.3,4.6,0.6,0.72,464,0.751,0.015,25.9
Ajdin Penava,Marshall Thundering Herd,2018,36,1001,531,191,340,116,154,33,97,288,67,66,32,132,67,121,221,65.11183048852266,0.22304366743602108,28.93755978760654,5.2,0.209,7.3,3.1,4.2,0.643,509,0.453,0.285,22.8
Chris Cokley,UAB Blazers,2016,33,728,433,176,307,81,112,0,0,213,76,47,29,23,34,91,137,60.7668126192882,0.15463215598826113,28.77608501327704,NA,NA,NA,NA,NA,NA,NA,NA,NA,NA
Pascal Siakam,New Mexico State Aggies,2016,34,1173,690,275,510,137,202,3,15,396,132,58,34,76,68,92,264,57.60753406358536,0.45644497613091345,28.688543337999448,7.8,0.266,8.2,5.5,2.7,0.569,650,0.396,0.029,29.1
Essam Mostafa,Middle Tennessee Blue Raiders,2025,34,899,479,197,325,80,128,5,11,303,112,40,39,30,40,91,191,62.8081401447603,0.17964039406366056,28.583502263871882,5.3,0.237,6.3,5.3,1,0.621,468,0.394,0.034,23.6
Kenneth Lofton Jr.,Louisiana Tech Bulldogs,2022,34,890,543,208,386,123,183,4,20,347,108,91,39,24,101,90,239,58.196861870873704,0.23525342699833574,28.249072434849708,5.2,0.232,7,4.9,2.1,0.574,570,0.474,0.052,32.6
Teagan Moore,Western Kentucky Hilltoppers,2026,32,790,506,156,295,164,205,30,70,150,55,53,28,9,46,69,95,65.68016614745586,0.17962114151342348,28.205359149968512,4.3,0.218,7,6.4,0.6,0.645,467,0.695,0.237,26.5
James Kelly Sr.,Marshall Thundering Herd,2016,33,1009,663,260,479,94,126,49,159,324,61,38,44,36,77,94,263,62.02754284858917,0.2382460878092927,28.133631999001185,4.3,0.169,4.2,4.2,0,0.615,576,0.263,0.332,27.7
Vladimir Brodziansky,TCU Horned Frogs,2017,39,934,548,203,360,131,169,11,30,222,85,24,13,82,42,81,137,63.08131503821714,0.2151447584638189,27.586765579372603,5.3,0.226,10.4,7.3,3.1,0.622,478,0.469,0.083,25.8
Michael Holyfield,Sam Houston Bearkats,2015,35,628,296,109,180,78,126,0,1,283,112,9,13,86,54,111,171,62.861026163778455,0.1693100174346202,27.43982819322029,4.1,0.263,4.8,1,3.9,0.614,286,0.696,0.006,23.3
David Jones,Memphis Tigers,2024,32,1037,698,223,486,173,217,79,208,244,82,59,70,14,96,63,162,60.019261195569925,0.25419653820010185,27.286054445057093,5.2,0.203,8.8,7.3,1.5,0.592,652,0.447,0.428,31.5
Jae Crowder,Marquette Golden Eagles,2012,35,1153,614,217,436,119,162,61,177,294,70,73,88,35,44,93,224,60.51884560794828,0.3280054480284654,27.118878462258024,7.6,0.263,13.8,8.4,5.4,0.598,551,0.372,0.406,23.4
Blake Preston,Liberty Flames,2021,29,517,260,100,163,60,89,0,2,185,59,39,16,12,28,53,126,64.30550059358924,0.14826747122493786,27.058870222873864,4,0.312,5.3,4.1,1.2,0.633,276,0.546,0.012,25.2
Obinna Anochili-Killen,Marshall Thundering Herd,2025,33,841,462,164,299,115,164,19,58,182,49,28,28,102,40,106,133,62.237310054962826,0.24201972713204156,26.977179842790036,4.4,0.21,6.2,2.6,3.6,0.613,404,0.548,0.194,24.3
PJ Haggerty,Tulsa Golden Hurricane,2024,31,1042,657,199,404,237,309,22,76,169,32,119,60,1,80,53,137,60.83783983998814,0.26774892265287775,26.879555499728887,5.5,0.21,6.6,4.9,1.8,0.596,652,0.765,0.188,30.1
Taelon Peter,Liberty Flames,2025,35,794,479,167,289,68,88,77,170,141,11,36,32,4,21,70,130,73.08067862809715,0.11992355406856689,26.86989519960511,5.3,0.266,9,6.8,2.2,0.724,380,0.304,0.588,24.1
Gary Clark,Cincinnati Bearcats,2018,36,1026,464,160,304,117,158,27,62,313,107,76,51,44,36,75,206,62.111801242236034,0.24757254176576074,26.862578372177545,7.8,0.303,14.4,7.9,6.4,0.612,462,0.52,0.204,20.4
Scottie James,Liberty Flames,2018,37,943,497,188,306,106,141,15,46,329,94,41,16,33,51,80,235,67.51983480056515,0.2798827349663231,26.844721477609212,6.2,0.263,5.4,5.3,0.1,0.667,475,0.459,0.15,25.1
Taevion Kinsey,Marshall Thundering Herd,2023,32,1209,706,271,500,145,195,19,47,157,49,173,55,16,69,51,108,60.25947422328441,0.3144967451083449,26.822604180511423,7,0.231,7.6,6.2,1.4,0.596,702,0.39,0.094,25.7
Matas Vokietaitis,Florida Atlantic Owls,2025,34,597,347,128,189,91,143,0,1,185,73,9,6,26,42,92,112,68.87107018100984,0.10876996658588525,26.620963441228604,2.9,0.191,2.3,2.9,-0.6,0.675,309,0.757,0.005,24.8
Darius McGhee,Liberty Flames,2023,36,1148,821,274,624,111,128,162,411,118,15,107,58,6,68,42,103,60.33925211665099,0.2416844294270372,26.507038142596265,7.4,0.257,11,9.4,1.6,0.599,721,0.205,0.659,35.5
Markus Howard,Marquette Golden Eagles,2020,30,963,806,237,561,211,249,121,294,101,16,95,27,1,98,70,85,60.099021713194944,0.2998670083406982,26.453127158724456,5.8,0.24,11,10.5,0.6,0.593,730,0.444,0.524,39.3
Arsalan Kazemi,Rice Owls,2011,31,930,474,144,275,186,261,0,0,337,115,41,38,25,55,82,222,60.79417196798686,0.27477244746068147,26.27851304669079,5.8,0.243,7.3,6.8,0.5,0.599,488,0.975,0,25.8
Brandon Huffman,Jacksonville State Gamecocks,2021,27,483,270,111,189,48,80,0,0,169,50,7,4,33,26,41,119,60.21409455842998,0.16179850432106294,26.27790993724936,2.7,0.221,3.1,3.1,0,0.595,238,0.423,0,26.5
Adrian Diaz,Florida International Panthers,2016,31,925,476,175,271,126,200,0,0,241,100,27,19,89,66,109,141,66.29526462395543,0.19493709266408935,26.215120186698417,5,0.209,4.5,3.3,1.2,0.651,465,0.744,0,24.2
DeAndre Williams,Memphis Tigers,2023,35,1086,619,239,449,112,153,29,72,286,85,102,51,33,81,106,201,59.943445925007744,0.21359283425831538,26.177358881300393,5.9,0.216,9.4,6.2,3.2,0.593,607,0.341,0.16,27
Scottie James,Liberty Flames,2020,34,730,367,150,248,66,101,1,6,250,95,48,18,17,39,76,155,62.747914102038024,0.19312194543654398,26.069753631365675,5.8,0.318,5.2,4.5,0.7,0.62,387,0.407,0.024,26.7
Scottie James,Liberty Flames,2019,36,882,457,176,264,97,136,8,24,308,103,39,11,20,62,72,205,70.55953557312252,0.22856413538994938,26.060778238222913,6,0.273,4.4,4.6,-0.1,0.694,450,0.517,0.091,24.3
Joseph Uchebo,Charlotte 49ers,2016,33,922,434,181,310,72,130,0,0,380,126,31,33,22,44,59,254,59.0958605664488,0.27769431019230145,26.038204067776594,4,0.173,3.5,4.2,-0.6,0.584,432,0.419,0,21.7
Gaige Prim,Missouri State Bears,2022,34,1003,555,204,361,140,178,7,19,272,96,59,29,41,80,79,176,63.165801693526355,0.25740273158486443,26.023233023823167,5.8,0.232,6.3,5.3,1,0.623,569,0.493,0.053,27.6
Dedric Lawson,Memphis Tigers,2017,32,1104,614,216,469,152,205,30,111,317,92,105,41,68,76,81,225,54.89985693848355,0.2638812253662864,25.969397845867555,5.4,0.197,8.6,5.9,2.7,0.542,606,0.437,0.237,28.5
Alex Hamilton,Louisiana Tech Bulldogs,2016,33,1167,654,212,427,196,277,34,114,189,34,205,65,16,104,54,155,59.57586357673809,0.26893299776685253,25.923711855437322,6.3,0.214,6.5,4.9,1.7,0.585,692,0.649,0.267,27.2
Daniel Batcho,Louisiana Tech Bulldogs,2024,32,831,425,161,273,103,154,0,2,275,108,12,14,67,57,71,167,62.360605704894944,0.20785925940672254,25.83345624964651,4.7,0.224,4.7,2.9,1.9,0.614,404,0.564,0.007,24.5
Darius McGhee,Liberty Flames,2022,33,1111,812,276,605,118,134,142,364,148,15,118,39,5,100,42,133,61.14826194349057,0.3083631111391958,25.797561720556946,6.6,0.237,7.2,7.5,-0.4,0.607,742,0.221,0.602,38
Paul Reed,DePaul Blue Demons,2020,32,918,439,182,353,59,80,16,52,310,95,47,54,74,66,86,215,56.543019062339006,0.3452720088522935,25.78866197641186,4.5,0.194,9.2,4.9,4.2,0.561,421,0.227,0.147,24
Xavier Edmonds,TCU Horned Frogs,2026,35,802,445,158,277,105,163,24,55,229,104,41,34,31,65,113,125,63.80477173663684,0.17231899418075197,25.77572850503155,3.9,0.193,8.3,5,3.4,0.628,423,0.588,0.199,25.8
Tre Carroll,Florida Atlantic Owls,2025,34,752,415,156,298,77,102,26,67,177,58,53,26,34,44,68,119,60.51679888007466,0.14032714088952622,25.75533671000521,3.4,0.181,6.7,5.2,1.6,0.599,390,0.342,0.225,25.8
Josh Carlton,Houston Cougars,2022,38,825,440,179,286,81,140,1,1,237,124,31,18,45,62,99,113,63.291139240506325,0.13282698944722238,25.717706287651076,5.1,0.247,7.7,5.2,2.5,0.624,410,0.49,0.003,25.7
Shawn Jones,Middle Tennessee Blue Raiders,2014,33,930,467,183,317,101,147,0,1,279,99,20,30,63,48,91,180,61.17690211695661,0.24088675239353932,25.680985526560146,5.6,0.239,6.5,4,2.5,0.604,428,0.464,0.003,24
TaShawn Thomas,Houston Cougars,2014,33,1044,508,205,347,97,163,1,6,266,93,63,41,90,74,66,173,60.66106228505922,0.26607003528744566,25.634029729483796,4.2,0.162,7.9,5.3,2.6,0.598,482,0.47,0.017,24.5
TaShawn Thomas,Houston Cougars,2013,33,1070,559,234,424,90,141,1,9,322,98,79,34,55,69,78,224,57.505555098345816,0.22414641069031752,25.566385220307705,5.3,0.197,5.3,4.8,0.5,0.569,542,0.333,0.021,25.6
Vladimir Brodziansky,TCU Horned Frogs,2018,33,897,496,179,309,117,143,21,62,167,68,38,10,55,41,72,99,66.68100666810066,0.2069386214645826,25.501381594735754,4.6,0.206,8.5,6.7,1.8,0.658,444,0.463,0.201,23.1
Michael Osei-Bonsu,Missouri State Bears,2026,34,848,473,187,317,99,186,0,0,227,95,72,38,26,75,105,132,59.296961187443586,0.15379498053031318,25.464023735294205,3.3,0.157,2.6,2,0.6,0.583,466,0.587,0,29
Yaxel Lendeborg,UAB Blazers,2024,35,1053,482,157,306,156,195,12,36,370,111,72,24,72,70,97,259,61.510974987238384,0.2149363860427782,25.3153866512227,NA,NA,NA,NA,NA,NA,NA,NA,NA,NA
Viktor Lakhin,Cincinnati Bearcats,2023,36,778,383,158,256,65,116,2,4,234,76,17,39,46,42,86,158,62.36972381448671,0.1618542121658247,25.2895318815086,4,0.208,7.4,3.6,3.8,0.616,345,0.453,0.016,22.4
Tyreek Smith,SMU Mustangs,2024,33,633,270,104,178,62,91,0,0,179,80,16,34,55,27,79,99,61.91524490919098,0.13401825412815002,25.27316698324519,3.4,0.213,6.8,2.8,4,0.61,258,0.511,0,18.9
Arsalan Kazemi,Rice Owls,2012,35,970,398,136,229,126,185,0,1,340,85,70,69,32,65,86,255,64.11082474226805,0.2659428385937438,25.14878783867166,5.6,0.231,6.9,3.5,3.5,0.628,407,0.808,0.004,20
Jason Burnell,Jacksonville State Gamecocks,2019,33,1082,550,194,384,133,166,29,92,309,100,97,34,28,66,89,209,60.16978820234552,0.30802619991767904,25.06085219504237,6.4,0.237,6.6,5.1,1.5,0.595,564,0.433,0.238,23.4
Osasumwen Osaghae,Florida International Panthers,2019,34,699,258,100,168,58,96,0,1,263,100,10,20,96,39,93,163,61.358447488584474,0.1551527271297792,24.97001669019569,3,0.174,2.6,0.6,2,0.604,273,0.571,0.006,15.7
Chris Cokley,UAB Blazers,2017,33,716,400,164,283,72,91,0,1,199,69,48,21,20,62,71,130,61.91183754333828,0.13015239309492757,24.941493394962123,NA,NA,NA,NA,NA,NA,NA,NA,NA,NA
Russ Smith,Louisville Cardinals,2014,37,1083,673,225,481,153,217,70,181,122,29,172,74,4,105,92,93,58.371495975575904,0.1843177322278426,24.869761473259313,6.7,0.249,11.5,7.2,4.3,0.576,662,0.451,0.376,30.7
Isiaih Mosley,Missouri State Bears,2022,34,1074,692,251,498,120,133,70,164,212,34,78,40,6,92,69,178,62.172069287716525,0.262911974627739,24.83594995478065,5.7,0.213,6.4,6.1,0.3,0.617,645,0.267,0.329,32
Sananda Fru,Louisville Cardinals,2026,35,770,315,128,170,55,90,4,8,214,99,43,17,50,49,81,115,75.14312977099237,0.1528395096242646,24.818664082752314,3.9,0.202,8.9,5,3.9,0.74,319,0.529,0.047,16.5
Kai Mitchell,Sam Houston Bearkats,2020,31,746,445,178,321,75,99,14,38,187,55,64,24,38,71,109,132,61.03247750713189,0.20553816448234788,24.79388965560646,3.7,0.201,2.3,1.8,0.6,0.605,418,0.308,0.118,28
Aurimas Majauskas,Sam Houston Bearkats,2016,34,811,490,160,290,151,190,19,59,190,62,54,8,15,51,123,128,65.5781584582441,0.18953409641657593,24.745353839011543,4.4,0.217,2.6,3.3,-0.7,0.64,442,0.66,0.198,26.1
Jon Elmore,Marshall Thundering Herd,2018,36,1380,816,243,555,232,281,98,276,209,15,242,58,13,132,56,194,60.120240480961925,0.24201023590716642,24.706965000585345,6.2,0.181,5.3,5.1,0.2,0.593,859,0.507,0.496,28.2
Eli Chuha,New Mexico State Aggies,2019,35,623,289,110,167,68,99,1,10,198,56,46,12,12,40,50,142,68.6265197568389,0.1922608386667861,24.592883288162994,3.8,0.245,7.5,5.1,2.5,0.677,284,0.589,0.06,20.2
Eli Chuha,New Mexico State Aggies,2017,34,883,420,153,251,113,169,1,5,302,123,38,19,12,55,74,179,64.54388984509465,0.2270994320804679,24.55572804798283,5.1,0.231,3.5,3.9,-0.4,0.634,420,0.673,0.02,21.2
Maurice Kemp,East Carolina Pirates,2013,31,1092,588,203,410,168,223,14,49,248,73,74,53,38,62,74,175,57.86034794930332,0.22175126192121952,24.54255376427699,6.4,0.213,5.7,5.1,0.6,0.577,629,0.527,0.127,26.3
Montrezl Harrell,Louisville Cardinals,2014,37,1084,519,223,366,71,153,2,3,311,120,45,38,49,53,89,191,59.88645804486292,0.19685100361262176,24.512769145448022,6.4,0.236,9,5.6,3.4,0.592,489,0.418,0.008,22
Gaige Prim,Missouri State Bears,2020,33,607,383,149,302,84,107,1,2,137,57,44,17,20,50,63,80,54.85848516099462,0.1970789980660518,24.50502451112605,3,0.198,5.7,5.1,0.6,0.543,370,0.354,0.007,33.4
Dimon Carrigan,Florida International Panthers,2021,26,465,163,66,106,31,63,0,2,146,57,16,27,60,28,64,89,60.948250074783125,0.1386602667742159,24.43210566475842,2,0.171,3,0.4,2.6,0.6,168,0.594,0.019,17.1
Jalen Duren,Memphis Tigers,2022,33,733,347,141,236,65,104,0,1,236,86,37,24,61,65,79,150,61.57722884724588,0.1446286981124215,24.41930006266839,3.5,0.19,7.1,3.7,3.3,0.608,330,0.441,0.004,22.8
Davante Gardner,Marquette Golden Eagles,2013,35,751,402,127,217,147,176,1,5,169,72,31,23,20,57,72,97,68.2651813612281,0.2165381830564939,24.38220986071565,4.7,0.252,10,7.8,2.2,0.669,373,0.811,0.023,25.3
Jeremiah Martin,Memphis Tigers,2019,36,1235,708,220,488,202,265,66,191,153,39,157,79,23,95,69,114,58.55110817069137,0.24520483238015228,24.34790795488051,6.2,0.202,10,6.8,3.2,0.577,698,0.543,0.391,26.3
Justin Johnson,Western Kentucky Hilltoppers,2016,34,984,507,197,327,112,166,1,9,270,102,48,16,19,58,73,168,63.36866313368663,0.19086549113936974,24.31028623938374,4.5,0.183,3.2,4.4,-1.2,0.625,488,0.508,0.028,23.4
Jemel Jones,New Mexico State Aggies,2026,32,910,570,191,447,137,164,51,137,140,34,78,41,15,45,64,106,54.8963710609446,0.16895400186920992,24.27593998325079,4.2,0.184,7.2,5.9,1.4,0.543,530,0.367,0.306,31.3
Wyatt Fricks,Marshall Thundering Herd,2026,32,932,501,190,344,70,103,51,147,181,49,44,25,48,38,97,132,64.3429569505805,0.20953867158775286,24.249484502170898,4,0.17,2.9,3.2,-0.3,0.638,436,0.299,0.427,22.5
De'Torrion Ware,Jacksonville State Gamecocks,2020,32,665,380,122,284,78,101,58,166,169,45,36,22,11,28,43,124,57.84922664718061,0.21885524005049475,24.249241255991645,3.7,0.224,6,6.2,-0.2,0.572,348,0.356,0.585,26.7
Ray Spalding,Louisville Cardinals,2018,36,995,444,183,337,73,114,5,19,312,113,46,54,62,61,107,199,57.340634363054036,0.2420360103948898,24.22053944914442,4.8,0.193,8.2,4.1,4.1,0.568,452,0.338,0.056,22.9
Chance Westry,UAB Blazers,2026,32,976,495,169,347,136,192,21,87,121,38,177,43,15,61,55,83,57.360711968109754,0.1801645794605158,24.19036462993889,NA,NA,NA,NA,NA,NA,NA,NA,NA,NA
Max Fiedler,Rice Owls,2021,28,783,314,137,203,40,57,0,4,245,85,100,25,22,72,50,160,68.83549631708172,0.2182765025100214,24.160213980404624,3.9,0.198,5.4,4,1.3,0.682,354,0.281,0.02,18.9
Paul Reed,DePaul Blue Demons,2019,36,965,444,176,313,77,100,15,37,305,98,34,40,55,64,92,207,62.18487394957983,0.23276675761468926,24.11644040179239,4.2,0.174,5.5,4.1,1.4,0.616,428,0.319,0.118,21.2
Javon Freeman-Liberty,DePaul Blue Demons,2022,31,838,520,176,409,119,161,49,133,174,42,76,41,2,52,52,132,54.18472824274758,0.29753506091382725,23.999260950185956,4,0.193,8.2,6.9,1.3,0.536,499,0.394,0.325,31.2
Nick King,Middle Tennessee Blue Raiders,2018,33,1086,694,259,523,134,183,42,108,278,78,65,23,7,94,50,200,57.49602332979852,0.25780763486972896,23.979934816315822,5.3,0.194,6.9,6.3,0.7,0.569,645,0.35,0.207,33.1
Max Fiedler,Rice Owls,2023,35,1063,390,175,238,40,68,0,4,267,108,174,27,38,85,87,159,72.78292027470886,0.19971996495442676,23.960338978649986,5.1,0.193,6.1,4.9,1.2,0.721,483,0.286,0.017,16.9
Ryan Taylor,Marshall Thundering Herd,2016,33,882,470,168,303,112,173,22,67,218,66,99,35,25,80,124,152,61.98565098121966,0.16241426193671987,23.92694630606942,3.4,0.156,3.8,2.8,1,0.61,484,0.571,0.221,23.9
Kenneth Lofton Jr.,Louisiana Tech Bulldogs,2021,32,728,389,148,261,93,156,0,0,241,80,47,33,23,78,80,161,59.00376167940784,-0.03863200447945211,23.918641877496466,3.8,0.206,5.1,2.6,2.5,0.58,388,0.598,0,28.1
Tyler Kolek,Marquette Golden Eagles,2024,37,1022,475,174,351,80,94,47,121,153,22,239,49,5,89,31,131,60.53114486695891,0.3005389372187938,23.900327216325117,5.1,0.2,10.1,6.9,3.2,0.6,557,0.268,0.345,24.3
Charles Bassey,Western Kentucky Hilltoppers,2019,34,1067,495,188,300,110,143,9,20,340,99,24,27,81,97,88,241,68.19684779014659,0.2528101610190708,23.89747270547595,5,0.189,5.2,2.9,2.3,0.673,462,0.477,0.067,22.1
Davante Gardner,Marquette Golden Eagles,2014,32,850,477,159,301,157,201,2,16,182,69,43,10,15,36,65,113,61.24178307313065,-0.016425665084612743,23.884355971090255,4.7,0.22,7.8,6.9,0.9,0.602,442,0.668,0.053,26.2
Devon Andrews,Florida International Panthers,2019,34,866,505,179,363,111,156,36,101,167,40,46,56,15,60,82,127,58.49782225929015,0.15671487009953228,23.88227715922331,3.5,0.161,1.9,1.8,0.1,0.578,460,0.43,0.278,25
Dain Dainja,Memphis Tigers,2025,35,950,510,209,340,92,157,0,1,258,97,59,33,47,98,101,161,62.33499559988267,0.1795472581981173,23.859423053787012,3.9,0.162,5.4,2.9,2.5,0.615,489,0.462,0.003,25.8
Markus Howard,Marquette Golden Eagles,2019,34,1139,851,252,600,227,255,120,298,135,14,133,36,1,134,72,121,59.74445380511092,0.2659125025862591,23.843195162249437,6.1,0.213,8.2,7.2,1,0.59,806,0.425,0.497,37.4
Vladislav Goldin,Florida Atlantic Owls,2023,39,819,397,158,253,81,137,0,0,255,97,17,14,47,51,96,158,63.361848825331975,0.12153163475487384,23.83714431799044,4.5,0.221,4.9,3,1.9,0.624,377,0.542,0,22.8
Micah Handlogten,Marshall Thundering Herd,2023,32,808,243,102,154,38,70,1,12,315,109,37,41,75,42,111,206,65.74675324675324,0.17214399109624193,23.81907041825021,4.2,0.208,4.5,0.8,3.6,0.649,268,0.455,0.078,13.3
Samir Sehic,Tulane Green Wave,2018,31,631,324,111,194,84,118,18,52,162,74,24,11,14,35,67,88,65.8750813272609,0.14303710706326467,23.81656687790988,3,0.188,3.9,4.8,-0.9,0.648,309,0.608,0.268,22.8
Kam Jones,Marquette Golden Eagles,2025,34,1148,653,266,551,57,88,64,206,152,22,200,47,9,63,75,130,55.36525808858441,0.2967881883309688,23.780181685215133,5.8,0.202,10.6,7.3,3.3,0.551,671,0.16,0.374,28.9
JaCorey Williams,Middle Tennessee Blue Raiders,2017,36,1069,621,258,484,103,148,2,15,264,63,56,32,17,60,72,201,56.54501748251748,0.22585157695300717,23.77834411626298,5.5,0.204,4.8,3.8,1,0.56,565,0.306,0.031,30.2
Luke Fischer,Marquette Golden Eagles,2017,32,767,350,150,232,50,85,0,0,189,82,38,19,53,38,108,107,64.95916852264291,0.15955434700162907,23.748311455264638,3.6,0.187,5.9,4.3,1.6,0.642,349,0.366,0,20.3
Papa Dia,SMU Mustangs,2011,34,1141,620,235,409,138,184,12,28,320,102,61,23,74,118,105,218,63.27047105886196,0.25694040650499517,23.735829877954586,6.2,0.212,3.7,2.9,0.8,0.627,618,0.442,0.071,32
Kendric Davis,Memphis Tigers,2023,35,1191,744,228,551,223,261,65,188,126,18,185,67,6,105,65,108,55.8692779046017,0.2296626137326259,23.70874266414604,5.8,0.196,7.7,5.9,1.8,0.551,750,0.474,0.341,31.9
Djahi Binet,Southern Miss Golden Eagles,2026,35,924,397,151,241,91,128,4,12,276,114,30,24,38,47,85,162,66.76308354634737,0.2361708020445623,23.647591920257877,4.3,0.186,2.1,2.7,-0.6,0.658,399,0.531,0.05,18.5
Francis Okoro,Saint Louis Billikens,2022,35,837,379,147,250,85,111,0,0,285,96,14,22,42,41,103,189,63.411859188863595,0.20004373984332502,23.508373765412426,4.7,0.224,6.2,3.8,2.4,0.626,357,0.444,0,20.3
Markus Kennedy,SMU Mustangs,2014,37,924,458,182,341,93,158,1,5,261,73,59,57,44,67,87,188,55.78290948065868,0.18882840848606589,23.505195826712747,4.7,0.205,8.9,4.2,4.8,0.55,433,0.463,0.015,27.3
Jayden Gardner,East Carolina Pirates,2020,31,1064,610,223,428,160,218,4,20,285,91,67,34,15,83,91,194,58.214994655672626,0.2817907740060598,23.483577350731082,4.7,0.177,4.6,5,-0.4,0.574,582,0.509,0.047,29
Boopie Miller,SMU Mustangs,2026,34,1161,629,200,430,162,187,67,162,125,18,211,48,2,85,82,107,61.39220738658546,0.25377235562578876,23.47175272042725,NA,NA,NA,NA,NA,NA,NA,NA,NA,NA
Eric Carter,Delaware Blue Hens,2019,33,1024,506,190,328,124,168,2,5,311,72,75,21,20,73,90,239,62.94785031847133,0.3111525939173859,23.46332365524464,4.8,0.189,1.9,3,-1,0.62,511,0.512,0.015,26
Kashie Natt,Sam Houston Bearkats,2026,34,898,368,117,272,103,132,31,81,278,77,81,69,17,42,87,201,55.74406204556471,0.16030925377429636,23.42343011911937,4.4,0.196,6.9,3.5,3.4,0.55,392,0.485,0.298,19.7
Chinanu Onuaku,Louisville Cardinals,2016,31,762,307,137,221,33,56,0,1,263,91,51,24,62,65,92,172,62.4898225044781,0.21741282174543464,23.418566793503636,4.2,0.218,10.5,4.1,6.3,0.62,314,0.253,0.005,20.5
Tacko Fall,UCF Knights,2016,30,529,221,96,128,29,52,0,0,176,54,10,3,70,49,75,122,73.23700954400849,0.4979098545345382,23.369620678735927,2.1,0.155,5.1,0.9,4.3,0.724,192,0.406,0,19.2
N.J. Benson,Missouri State Bears,2024,33,705,276,116,184,44,72,0,0,252,93,22,10,51,38,71,159,63.98367952522255,0.19347879804830198,23.365618670848466,3.3,0.189,4.4,2.3,2.2,0.632,282,0.391,0,18.8
Jameer Nelson Jr.,Delaware Blue Hens,2023,33,1021,597,194,436,159,205,50,163,134,32,103,71,18,89,71,102,56.72748004561004,0.28807695736178557,23.349333364470667,4.2,0.164,5,4,1.1,0.56,582,0.47,0.374,32.1
DJ Stephens,Memphis Tigers,2013,36,851,272,107,170,45,68,13,36,239,74,24,33,95,24,67,165,68.02721088435374,0.15959719553696172,23.34634141269064,4.6,0.217,10,4.6,5.4,0.672,252,0.4,0.212,13
Wendell McKines,New Mexico State Aggies,2012,35,1179,653,233,505,136,179,51,145,374,118,54,27,13,70,80,256,55.930519391530765,0.2904185919449634,23.286691170863513,6.6,0.223,6,5.9,0.1,0.553,614,0.354,0.287,26.3
Tymell Murphy,Florida International Panthers,2014,31,1066,516,198,338,107,163,13,46,230,67,70,60,47,91,90,163,62.969833056721654,0.4942454992605584,23.286638532801074,4.7,0.177,7,4.7,2.4,0.621,492,0.482,0.136,24.2
Gilberto Clavell,Sam Houston Bearkats,2011,28,860,552,193,345,165,222,1,5,200,91,27,16,4,82,97,109,62.3475196530225,0.2170571470028731,23.28040973988809,4.3,0.186,2.3,4.5,-2.2,0.605,524,0.648,0.018,31.6
Kai Mitchell,Sam Houston Bearkats,2019,33,792,413,177,323,58,85,1,4,249,82,37,34,24,54,104,167,57.29744728079912,0.18646996106766642,23.21117106653116,3.6,0.182,1.2,1.1,0.1,0.568,380,0.263,0.012,26.6
Isaiah Crawford,Louisiana Tech Bulldogs,2024,32,1050,523,182,375,118,162,41,99,198,60,76,68,55,81,75,138,58.59550058259389,0.19845032077849747,23.20939281262737,5.5,0.207,8.3,4.2,4.1,0.579,505,0.432,0.264,25.6
Egor Koulechov,Rice Owls,2017,35,1166,637,208,439,140,171,81,171,310,63,75,29,11,71,70,247,61.9360609831985,0.23406172783519844,23.20598178441108,5.8,0.193,3.8,4.5,-0.7,0.611,606,0.389,0.389,23.4
Marcus Evans,Rice Owls,2016,32,1073,685,223,474,187,235,52,170,128,28,91,69,6,100,92,100,59.31763075857292,0.22166661806601942,23.163068620160974,3.8,0.14,2.1,3.1,-1,0.585,641,0.496,0.359,31.8
Rob Gray,Houston Cougars,2017,32,1002,638,233,493,109,134,63,165,116,33,91,37,5,70,57,83,57.79404304659758,0.23215840917841263,23.114438158266267,5.3,0.212,9.7,8.1,1.6,0.573,591,0.272,0.335,32.5
Tacko Fall,UCF Knights,2019,33,822,367,154,206,59,163,0,0,251,84,15,8,85,59,93,167,66.07374333861442,0.146898857347886,23.108143055350084,3.9,0.189,7.2,3.2,3.9,0.647,330,0.791,0,21.8
Corey Stephenson,Florida International Panthers,2026,32,967,559,187,409,115,155,70,176,198,73,50,42,15,71,68,125,58.57082984073764,0.16118404004671671,23.086967147966277,3.7,0.152,3.5,4,-0.5,0.579,514,0.379,0.43,26.9
Rob Gray,Houston Cougars,2018,35,1083,655,218,488,158,197,61,170,125,23,148,38,4,79,53,102,56.98823693185773,0.24165034452196424,23.0683061760846,6.1,0.223,9.8,7.5,2.3,0.563,644,0.404,0.348,30.4
Tacko Fall,UCF Knights,2017,36,947,391,168,235,55,119,0,1,343,129,20,9,94,90,90,214,68.03312917594656,0.2137679373651678,23.064578210191033,4.7,0.2,7.6,3,4.7,0.671,373,0.506,0.004,20.9
Jacobi Boykins,Louisiana Tech Bulldogs,2017,33,967,470,153,333,75,94,89,218,149,25,70,65,18,35,72,124,62.77380061972433,0.166723651893251,23.063908396361104,5.5,0.226,8.9,5.5,3.4,0.623,419,0.279,0.655,21.1
Will Barton,Memphis Tigers,2012,35,1236,631,230,452,134,179,37,107,279,70,101,50,25,75,74,209,59.443062777903386,0.23872369159004095,23.05021976969818,7.2,0.232,9.8,6.9,2.8,0.587,617,0.396,0.237,25.8
Kingston Flemings,Houston Cougars,2026,37,1171,594,222,466,109,129,41,106,150,19,192,56,12,66,74,131,56.81383426428954,0.2546457892740733,23.036433459948277,6.6,0.225,12.6,6.6,6,0.563,608,0.277,0.227,26
Robbie Avila,Saint Louis Billikens,2026,35,923,448,142,286,98,122,66,161,156,21,144,22,19,61,62,135,65.94441827602449,0.1788631029824636,23.01917861022589,5,0.219,8.8,6.2,2.6,0.651,467,0.427,0.563,21.4
David Green,Tulsa Golden Hurricane,2026,38,972,573,198,402,113,163,64,173,166,39,57,21,26,50,85,127,60.478763826733086,0.14362211976960124,22.95821453599698,4.4,0.18,5,4.5,0.6,0.598,509,0.405,0.43,27.1
Veljko Ilic,Sam Houston Bearkats,2026,34,825,386,168,284,50,111,0,1,222,96,74,27,20,54,64,126,57.98581901213796,0.12215724808961406,22.951574697601465,3.2,0.157,3.4,2.8,0.6,0.573,396,0.391,0.004,22.4
Max Fiedler,Rice Owls,2024,32,958,298,134,202,30,49,0,2,296,119,169,25,27,75,70,177,66.64877437824298,0.2614286589201118,22.937690999164715,3.9,0.164,5.6,4.2,1.3,0.661,401,0.243,0.01,16.2
Semi Ojeleye,SMU Mustangs,2017,35,1195,665,210,431,172,219,73,172,240,80,53,15,14,50,62,160,63.04990898058252,0.21892596174749043,22.93083019451851,7.7,0.257,9.3,8.3,1.1,0.621,595,0.508,0.399,25.9
Brandon Walters,Middle Tennessee Blue Raiders,2018,33,736,347,142,218,62,89,1,5,167,83,19,21,30,39,116,84,67.46772437393062,0.11025042602899844,22.906731693597298,4.1,0.222,5.6,3.3,2.3,0.667,326,0.408,0.023,20.8
Andrew Rowsey,Marquette Golden Eagles,2018,35,1143,716,208,495,175,194,125,301,105,14,169,32,7,99,83,91,61.68585016196844,0.24845242473402748,22.902367261573673,5,0.175,7.2,7.9,-0.6,0.61,714,0.392,0.608,30.4
Jahmir Young,Charlotte 49ers,2022,31,1111,608,210,449,132,148,56,164,183,21,114,34,14,66,32,162,59.130164164008406,0.2490499801171535,22.822622051921584,4.8,0.173,5.1,5.7,-0.6,0.585,589,0.33,0.365,28.7
Tymell Murphy,Florida International Panthers,2013,32,974,468,196,342,64,95,12,38,218,75,62,55,36,81,90,143,60.969254820218865,0.27195995127761863,22.80233561124554,4.3,0.178,5.3,3.7,1.6,0.604,447,0.278,0.111,23.8
Mikel Brown Jr.,Louisville Cardinals,2026,35,613,382,112,273,103,122,55,160,70,1,99,26,3,65,33,69,58.4670013468838,0.1494770049875242,22.787815290908892,2.6,0.172,6.6,4.9,1.7,0.577,377,0.447,0.586,31.4
Gary Flowers,Southern Miss Golden Eagles,2011,31,944,561,212,446,90,125,47,120,231,73,32,33,43,75,79,158,55.98802395209581,0.2229488526000284,22.78235196746682,5.2,0.215,7.9,6.6,1.3,0.558,522,0.283,0.267,31.1
NJ Benson,DePaul Blue Demons,2026,32,829,374,159,250,56,111,0,3,243,85,39,14,25,43,55,158,62.575291125685986,0.26471963069464205,22.778411724511436,3.4,0.163,5.8,3.9,1.9,0.618,348,0.444,0.012,21.3
Johnell Davis,Florida Atlantic Owls,2023,39,963,509,176,362,112,131,45,126,201,43,61,56,5,68,66,158,60.64722142789057,0.15696823446594693,22.746501226906116,5.3,0.22,8,4.7,3.3,0.6,473,0.362,0.348,25.8
Michael Craig,Southern Miss Golden Eagles,2014,35,790,363,141,235,80,126,1,1,240,73,74,41,10,75,91,167,62.49139237019694,0.19391135022486067,22.746480870785373,4,0.201,7.4,4.3,3.1,0.613,367,0.549,0.004,24.1
Jordan Tolbert,SMU Mustangs,2016,30,798,348,133,239,80,122,2,4,256,106,25,25,22,39,54,150,59.450594505945055,0.15250017808940974,22.727948141224417,4.4,0.221,6.4,5.2,1.2,0.586,340,0.51,0.017,21.2
P.J. Haggerty,Memphis Tigers,2025,35,1282,759,248,521,224,274,39,107,202,40,131,64,3,116,80,162,59.152690317351464,0.2755685021986691,22.72585795394142,5.8,0.181,6.4,4.3,2.1,0.583,735,0.526,0.205,28.7
Max Fiedler,Rice Owls,2022,33,840,328,131,228,64,90,2,4,254,79,110,28,25,67,55,175,61.28550074738415,0.16746213565173368,22.721085539642917,3.8,0.179,4,3,1,0.606,382,0.395,0.018,20.9
William Lee,UAB Blazers,2017,33,932,435,149,303,93,120,44,118,220,41,52,30,79,65,56,179,61.12984822934232,0.18451666618879364,22.693218536300474,NA,NA,NA,NA,NA,NA,NA,NA,NA,NA
Kyle Weems,Missouri State Bears,2011,35,1087,561,204,428,87,110,66,167,240,57,49,48,33,50,93,183,58.87909319899245,0.2767003136526202,22.673636276778502,5.9,0.217,9.5,7.2,2.3,0.584,499,0.257,0.39,26.7
Jamarion Sharp,Western Kentucky Hilltoppers,2022,32,895,261,119,164,23,58,0,0,242,69,9,24,148,34,73,173,68.85816800337695,0.14656800587323973,22.66899176649645,4.1,0.182,6.1,1.4,4.7,0.681,247,0.354,0,12.7
J'Wan Roberts,Houston Cougars,2023,37,975,371,156,255,59,86,0,1,285,111,44,26,49,39,79,174,63.345171424668756,0.16582001149212097,22.66785545266405,6.1,0.249,9.5,5.3,4.2,0.627,371,0.337,0.004,17.7
KyeRon Lindsay-Martin,UAB Blazers,2026,32,632,302,119,222,63,83,1,2,178,76,16,14,25,27,73,102,58.409407395946154,0.12018257812438501,22.637670839093765,NA,NA,NA,NA,NA,NA,NA,NA,NA,NA
Sim Bhullar,New Mexico State Aggies,2014,36,790,313,125,193,63,117,0,0,235,80,42,3,101,63,83,155,64.01341623036649,0.19171531622225818,22.60855471043233,3.5,0.179,6.1,2.2,3.9,0.63,314,0.606,0,20
Jemerrio Jones,New Mexico State Aggies,2018,34,964,375,167,332,37,71,4,43,450,127,106,36,19,81,76,323,51.61876445325404,0.28270340641713765,22.601101352312877,4.9,0.202,5.4,2.4,3,0.513,433,0.214,0.13,22.4
Xavian Stapleton,Florida Atlantic Owls,2019,33,585,347,120,262,49,61,58,157,121,33,18,25,10,34,74,88,60.067857637446345,0.1081332589225169,22.542811343914963,3,0.206,7.9,6.2,1.6,0.596,295,0.233,0.599,27.3
Jeremiah Martin,Memphis Tigers,2018,34,936,510,157,354,145,185,51,156,115,20,103,61,17,73,52,95,58.566835094166294,0.23380816192841358,22.54239895501132,4.3,0.183,8.7,6,2.7,0.577,489,0.523,0.441,28.3
Justin Jackson,Cincinnati Bearcats,2014,34,944,378,160,301,58,126,0,0,247,110,59,55,99,67,104,137,53.024351924587585,0.19249944245580902,22.53027291253465,4.6,0.193,9.7,3,6.7,0.524,382,0.419,0,23.5
Kam Jones,Marquette Golden Eagles,2024,37,1042,620,235,469,55,76,95,234,104,16,87,41,2,49,72,88,61.69890932250617,0.20594496807396157,22.52935746180965,0.7,0.102,3.1,-0.4,3.5,0.514,99,0.304,0.443,21.4
Vince Shamar Hunter,UTEP Miners,2015,33,940,492,182,346,124,206,4,10,305,88,55,41,34,92,98,217,56.33931843165995,0.18764522853865215,22.52295359620544,NA,NA,NA,NA,NA,NA,NA,NA,NA,NA
Sean Kilpatrick,Cincinnati Bearcats,2014,34,1149,701,214,506,180,213,93,267,146,36,86,48,1,70,46,110,58.44394050556926,0.27655587416040184,22.521390504518294,7.2,0.25,11.7,8.8,3,0.577,631,0.421,0.528,30.6
William Lee,UAB Blazers,2016,33,818,348,137,278,42,65,32,93,203,55,51,23,94,52,54,148,56.75146771037182,0.13074950131826757,22.52092552084718,NA,NA,NA,NA,NA,NA,NA,NA,NA,NA
Johnell Davis,Florida Atlantic Owls,2024,34,1097,618,214,443,132,154,58,140,213,47,100,49,7,97,96,166,60.49808129062574,0.2244734629750197,22.507864233053574,4.9,0.178,6.7,5,1.7,0.599,591,0.348,0.316,27.7
Demond Robinson,Kennesaw State Owls,2024,31,849,391,160,305,42,67,29,89,230,89,28,33,27,36,79,141,58.44893566132504,0.18155486008943464,22.501160906581063,3.2,0.152,0,1.6,-1.6,0.58,373,0.22,0.292,20.1
Zach Lofton,New Mexico State Aggies,2018,34,1054,663,217,476,142,184,87,229,166,37,56,35,4,71,67,129,59.51953461648951,0.24699392127412975,22.47887472856966,6,0.228,7.1,5.5,1.6,0.588,584,0.387,0.481,29.1
David Punch,TCU Horned Frogs,2026,35,1009,478,178,354,111,170,11,46,230,68,68,45,66,58,90,162,55.73694029850746,0.19779429783825944,22.476079198122807,4.1,0.161,8.4,3.2,5.2,0.55,458,0.48,0.13,24
Cleveland Melvin,DePaul Blue Demons,2011,31,708,386,163,312,60,90,0,1,134,60,19,26,40,41,53,74,54.89192263936291,0.2364661449578567,22.470627791069983,2,0.112,4.6,4.6,0,0.544,337,0.288,0.003,28
Nigel James Jr.,Marquette Golden Eagles,2026,32,936,526,197,419,90,130,42,121,110,24,157,61,10,89,71,86,55.22889542209156,0.2325093702589512,22.38739422995466,2.9,0.125,7.7,4.6,3.1,0.547,530,0.31,0.289,30.1
Adrian Wooley,Kennesaw State Owls,2025,33,1107,619,208,406,130,169,73,173,173,43,118,47,3,109,90,130,64.43084353401616,0.1858625374161988,22.37637274865464,4.9,0.176,4.7,3.8,0.9,0.636,589,0.416,0.426,25.6
LaRon Dendy,Middle Tennessee Blue Raiders,2012,34,937,497,175,330,135,235,12,39,243,70,70,22,48,83,91,173,57.33733271804338,0.19811894359715848,22.354048568200046,4.7,0.201,5.4,3.4,2,0.563,476,0.712,0.118,28.9
Ryan Taylor,Marshall Thundering Herd,2017,35,921,461,160,315,122,190,19,68,268,66,73,26,53,77,111,202,57.8273958855996,0.13327317880377146,22.350855597765513,3.2,0.137,1.7,1,0.7,0.569,467,0.603,0.216,24.2
Kevin Cross,Tulane Green Wave,2024,31,1082,524,177,345,148,181,22,52,219,28,138,38,28,89,70,191,61.699321778447626,0.21097024682276488,22.324770550648562,4,0.147,4.5,3.8,0.7,0.608,552,0.525,0.151,23.9
Jarmar Gulley,Missouri State Bears,2014,33,882,474,170,369,108,147,26,86,211,67,52,52,11,56,103,144,54.64858882125069,0.2601592998583495,22.307056170022893,3.8,0.173,6.3,4.6,1.7,0.54,457,0.398,0.233,30.3
Precious Achiuwa,Memphis Tigers,2020,31,943,489,182,369,112,187,13,40,334,93,30,34,58,87,73,241,54.17922354192519,0.23791397435912723,22.283906410503842,4.4,0.187,5.8,2.5,3.4,0.534,460,0.507,0.108,27.7
Jordan Walker,UAB Blazers,2023,39,1104,736,232,575,137,162,135,357,92,11,137,40,0,91,57,81,56.94126384848672,0.19062535958368218,22.259620699568735,NA,NA,NA,NA,NA,NA,NA,NA,NA,NA
Marcus Sasser,Houston Cougars,2023,37,1109,604,190,434,128,151,96,250,102,13,111,58,6,57,55,89,60.34689473263528,0.1827318928044251,22.24447669338221,7.2,0.261,12,7.7,4.3,0.597,552,0.348,0.576,26.1
Gary Clark,Cincinnati Bearcats,2017,36,1031,389,146,276,83,119,14,49,283,108,76,36,42,41,67,175,59.23376781581191,0.19661787184441043,22.241759220488422,5.9,0.228,9.9,5.8,4,0.585,411,0.431,0.178,18.8
Dwayne Evans,Saint Louis Billikens,2013,35,1036,491,170,311,146,190,5,19,270,84,37,44,25,62,92,186,62.21490116573746,0.2830206864294265,22.22461220821761,6.4,0.248,8.6,5.1,3.5,0.612,469,0.611,0.061,24.3
Jesse Sanders,Liberty Flames,2012,32,1123,399,124,255,135,172,16,45,249,87,255,38,4,88,65,162,60.33022861981372,0.37384406763120087,22.207359848997438,5,0.178,5,5.1,-0.1,0.593,517,0.675,0.176,19.6
Demond Robinson,Kennesaw State Owls,2023,35,809,384,152,281,79,127,1,17,204,77,29,27,31,39,71,127,56.9935882213251,0.16690495041596498,22.158435211189257,3.7,0.183,2.2,1.7,0.5,0.563,371,0.452,0.06,23.9
Keith Clanton,UCF Knights,2011,33,1006,469,164,310,120,176,21,56,254,81,53,33,60,76,85,173,60.52550072269255,0.2056042101742606,22.139048428531993,5.1,0.205,7,4.2,2.8,0.596,452,0.568,0.181,24.5
Kevin Cross,Tulane Green Wave,2022,29,784,389,145,279,90,114,9,32,191,26,100,24,26,67,85,165,59.08980435046786,0.18929786201096227,22.10972453114106,3.3,0.171,6,3.8,2.2,0.584,404,0.409,0.115,26.9
Kendric Davis,SMU Mustangs,2022,33,1107,622,184,419,177,204,77,207,122,16,142,49,3,86,66,106,61.129019577010766,0.218215006737519,22.10332948158156,5.9,0.215,7.4,5.5,1.9,0.603,611,0.487,0.494,27.7
Baba Miller,Cincinnati Bearcats,2026,33,988,404,148,280,98,149,10,52,320,74,115,23,36,68,71,246,58.45583979627271,0.2853079359738987,22.09931263429626,4.6,0.186,9.4,3.7,5.8,0.576,430,0.532,0.186,21.1
Reggie Upshaw Jr.,Middle Tennessee Blue Raiders,2017,36,1152,523,199,379,92,127,33,104,245,78,85,40,31,55,81,167,60.13153053715967,0.19448950436085277,22.083517310849867,6.2,0.215,7.1,5,2.1,0.595,516,0.335,0.274,22.5
Justin Johnson,Western Kentucky Hilltoppers,2017,32,1005,464,173,331,92,166,26,67,303,83,65,11,18,42,45,220,57.42005742005741,0.3759520470290865,22.038080439806944,4.1,0.163,4,5.1,-1.1,0.566,462,0.502,0.202,23.3
Markus Howard,Marquette Golden Eagles,2017,32,681,410,136,269,56,63,82,150,69,9,70,26,2,63,79,60,69.08870315448907,0.15424681897775774,21.987774635186245,2.9,0.169,7.9,7.9,0,0.686,365,0.234,0.558,26.7
Alize Johnson,Missouri State Bears,2017,33,997,487,169,346,109,161,40,103,351,110,63,20,6,76,83,241,58.41569906918721,0.27574628555962966,21.978842944503306,4.6,0.185,5,5.6,-0.5,0.576,495,0.465,0.298,25.8
Giddy Potts,Middle Tennessee Blue Raiders,2016,35,812,418,139,282,61,80,79,156,150,26,36,30,10,31,84,124,65.88902900378311,0.1932883122674158,21.967569191567225,4.3,0.213,7.7,5.9,1.9,0.653,359,0.284,0.553,21.8
Jayden Brewer,Florida International Panthers,2025,33,829,450,160,333,116,171,14,66,160,35,54,37,15,54,33,125,55.11463844797178,0.15843971512305247,21.96607818645476,3,0.144,3.7,3,0.6,0.543,416,0.514,0.198,28
Nate Martin,Marshall Thundering Herd,2024,33,1046,355,136,237,83,119,0,0,334,135,91,22,44,51,87,199,61.34227260160353,0.2823588952883784,21.953818983863016,4.1,0.158,1.9,1.5,0.4,0.605,403,0.502,0,15.6
Shaq Goodwin,Memphis Tigers,2016,34,976,484,162,338,157,216,3,12,249,77,49,33,61,65,105,172,55.88398300387954,0.173079456914227,21.9523321597586,4.3,0.178,5.5,2.6,2.9,0.549,460,0.639,0.036,24
Kevin Samuel,TCU Horned Frogs,2020,32,912,319,141,216,37,98,0,0,268,107,15,34,85,45,62,161,61.55449212719976,0.3957211440503677,21.949848453768485,3.9,0.173,7.5,3.8,3.7,0.608,292,0.454,0,17.6
Michael Holyfield,Sam Houston Bearkats,2014,35,615,229,95,149,39,72,0,0,235,100,8,13,61,46,100,135,63.37170688510073,0.1139941608551765,21.9250549605074,2.6,0.17,-0.4,-0.8,0.4,0.625,229,0.483,0,18.9
Terrell Burden,Kennesaw State Owls,2024,31,968,522,175,396,137,213,35,113,110,23,195,44,11,88,66,87,53.29576084293065,0.24327140435241593,21.917012190022607,3.3,0.134,0.8,2.4,-1.6,0.525,571,0.538,0.285,27.5
Trevelin Queen,New Mexico State Aggies,2020,31,715,344,128,272,35,43,53,137,135,51,63,45,7,48,61,84,59.122782895641414,0.20364548896547774,21.914213095818777,4.3,0.239,7.2,5.1,2.1,0.588,332,0.158,0.504,25.1
Jemerrio Jones,New Mexico State Aggies,2017,34,833,330,132,263,61,100,5,22,287,98,103,37,25,70,92,189,53.74592833876222,0.19963285382281543,21.9133416164015,4.1,0.196,5.9,3.3,2.6,0.531,382,0.38,0.084,22.1
Frankquon Sherman,Kennesaw State Owls,2026,35,881,364,116,248,107,146,25,87,297,115,34,32,25,44,101,182,58.28849602869587,0.11709579873409068,21.90206057959046,3.9,0.175,1.8,1.8,0,0.573,380,0.589,0.351,19.1
Kaleb Banks,Tulane Green Wave,2025,34,1004,470,164,324,95,130,47,138,215,62,31,26,40,28,76,153,61.64742917103882,0.19315721582839906,21.894387338154438,4.5,0.181,3.1,3.3,-0.2,0.609,426,0.401,0.426,21.3
Babacar Faye,Western Kentucky Hilltoppers,2024,34,629,255,94,153,67,97,0,3,190,73,27,18,16,35,72,117,65.1573998364677,0.10476615938010261,21.882907383774537,3,0.19,1.7,1,0.7,0.64,267,0.634,0.02,17.1
Pascal Siakam,New Mexico State Aggies,2015,34,1048,436,166,290,104,137,0,2,262,111,45,28,61,64,88,151,62.23592554527807,0.2744825206487064,21.876839715261852,5.9,0.225,5.5,3.8,1.8,0.614,428,0.472,0.007,21.2
Chris Cokley,UAB Blazers,2015,36,620,285,119,220,47,71,0,1,168,73,18,24,24,35,59,95,56.718675370163986,0.12639327214567866,21.873811220416602,NA,NA,NA,NA,NA,NA,NA,NA,NA,NA
Alize Johnson,Missouri State Bears,2018,33,1028,495,172,400,110,145,41,146,384,104,94,15,14,74,69,280,53.363518758085384,0.32216831318713673,21.858556256777412,4.7,0.183,5.9,5.6,0.3,0.528,517,0.363,0.365,27.1
Tylen Riley,Tulsa Golden Hurricane,2026,38,1053,569,169,377,203,233,28,72,149,24,166,35,5,100,75,125,59.33016349683017,0.16319686409602996,21.855865433635895,4.6,0.175,3.2,2.7,0.4,0.583,602,0.618,0.191,27.7
Anton Bonke,Charlotte 49ers,2026,34,871,359,141,245,64,98,13,38,281,103,35,8,51,53,76,178,62.30043037623213,0.2092285321730611,21.852579929943882,3.2,0.148,2.8,3.1,-0.3,0.616,361,0.4,0.155,21.1
Sim Bhullar,New Mexico State Aggies,2013,35,853,352,139,224,74,159,0,0,233,89,26,4,85,44,73,144,59.87209144101239,0.17895221013572352,21.83023131554078,4.1,0.194,6.2,3.6,2.5,0.588,334,0.71,0,20.8
Radshad Davis,Florida International Panthers,2021,26,459,209,78,163,24,29,29,85,103,32,19,25,6,21,19,71,59.45607646791079,0.2060837662730827,21.799693197132676,1.8,0.156,1,2.7,-1.7,0.591,190,0.178,0.521,20.9
Josh Davis,Tulane Green Wave,2013,35,1250,617,207,421,202,282,1,2,374,143,61,28,30,92,87,231,56.597196741762666,0.2635512853112582,21.798005114182498,5.9,0.189,3.5,4.3,-0.8,0.556,616,0.67,0.005,26.4
Russ Smith,Louisville Cardinals,2013,40,1211,748,232,560,222,276,62,189,132,41,116,83,2,108,102,91,54.88377553416295,0.19413570757461768,21.790274324045903,7.3,0.24,10.4,6.3,4.1,0.541,700,0.493,0.338,33.2
Markus Howard,Marquette Golden Eagles,2018,35,1071,694,239,515,105,112,111,275,108,13,94,33,2,85,85,95,61.494293613099885,0.24981458958043976,21.77945418235056,3.9,0.146,5.8,6.4,-0.6,0.611,622,0.217,0.534,30.9
TaShawn Thomas,Houston Cougars,2012,30,847,321,138,239,45,83,0,2,245,97,33,25,64,47,55,148,58.25348432055749,0.15956750002489922,21.772297995324248,3.3,0.155,4.7,3.7,1,0.576,321,0.347,0.008,19.3
Jae Crowder,Marquette Golden Eagles,2011,37,1021,435,158,326,77,125,42,117,251,83,58,48,32,30,85,168,57.08661417322835,0.20433080544056723,21.758493957056988,5.1,0.199,9.7,6.6,3,0.564,415,0.383,0.359,20.2
Andrew Rowsey,Marquette Golden Eagles,2017,32,667,371,106,230,88,95,71,159,58,6,73,21,1,42,66,52,68.2487122884474,0.14316277470856614,21.754120603427133,3.2,0.191,7.9,7.7,0.2,0.674,347,0.413,0.691,23.8
Emanuel Miller,TCU Horned Frogs,2024,34,1110,537,189,389,128,157,31,81,207,74,88,36,14,51,53,133,58.61421585749215,0.22935460263254553,21.737957106000987,5.1,0.185,7.3,5.7,1.7,0.579,519,0.404,0.208,22.3
Brian Beard Jr.,Florida International Panthers,2019,34,1088,588,185,469,164,230,54,187,113,21,203,100,2,118,73,92,51.56085584005612,0.1870502406922296,21.72096504040239,3.5,0.129,1.4,1.3,0.1,0.508,634,0.49,0.399,27.9
Gary Clark,Cincinnati Bearcats,2016,33,1002,344,126,243,79,115,13,25,290,113,70,41,49,42,76,177,58.58310626702997,0.19174205844970635,21.709978295073775,5.4,0.215,9,4.7,4.3,0.578,367,0.473,0.103,17.3
DeJuan Wright,Florida International Panthers,2011,30,878,421,140,262,126,179,15,32,195,80,34,50,19,73,81,115,61.77368235708417,0.20402104732882628,21.70922941492903,3.4,0.155,1.5,2.7,-1.2,0.607,408,0.683,0.122,23.7
Jarvis Threatt,Delaware Blue Hens,2014,35,964,467,138,334,181,262,10,46,151,35,141,64,4,66,55,116,51.97204415954416,0.2677698454171596,21.68904291985523,3.6,0.149,4,2.6,1.4,0.509,509,0.784,0.138,26.5
Rowan Brumbaugh,Tulane Green Wave,2026,33,1190,632,188,416,193,240,63,175,161,31,117,52,6,77,76,130,60.58282208588957,0.23670581832011367,21.688639580104994,4.2,0.141,3.5,3.9,-0.4,0.596,617,0.577,0.421,26.8
Caden Powell,Rice Owls,2025,32,777,333,121,214,91,140,0,1,231,98,26,16,33,34,105,133,60.413642960812766,0.1523515526793793,21.674688645376747,3.5,0.182,2.7,2.3,0.5,0.594,332,0.654,0.005,20.7
Joseph Tugler,Houston Cougars,2026,37,869,312,129,224,53,75,1,1,195,111,49,47,55,47,112,84,60.70038910505836,0.13345903383445948,21.625127248943187,4.5,0.206,10.5,3.7,6.9,0.601,336,0.335,0.004,18.1
DeAndre Williams,Memphis Tigers,2021,28,548,245,88,177,54,78,15,33,122,48,72,46,11,62,69,74,57.9689570319894,0.14841046433543273,21.62492123782888,2.9,0.21,9.9,3.7,6.1,0.572,261,0.441,0.186,23.9
Jyare Davis,Delaware Blue Hens,2022,35,614,302,126,208,49,73,1,10,130,35,28,7,13,30,42,95,62.885224054639345,0.17642027639955055,21.61635191120757,2.6,0.172,3,3.7,-0.7,0.622,278,0.351,0.048,23.3
Melvin Frazier Jr.,Tulane Green Wave,2018,31,1032,477,179,322,84,118,35,91,168,35,86,63,22,77,60,133,63.78369704749679,0.24451780954707394,21.59883074961789,3.9,0.152,6.9,4.1,2.8,0.631,442,0.366,0.283,22.2
Denver Jones,Florida International Panthers,2023,32,937,564,187,391,131,155,59,159,107,25,56,49,1,90,45,82,61.41114982578397,0.20288326804147375,21.595200310221244,3.4,0.144,3.4,4.3,-0.9,0.607,516,0.396,0.407,29.8
Isiaih Mosley,Missouri State Bears,2021,24,809,475,168,333,105,124,34,88,150,14,74,25,3,82,55,136,61.280833935390646,0.3090552053793078,21.574838044222655,3.9,0.192,4.2,3.6,0.6,0.606,449,0.372,0.264,30.7
Teddy Allen,New Mexico State Aggies,2022,34,1137,668,215,491,163,186,75,224,229,34,86,41,5,95,77,195,58.30598421897912,0.27138330292638846,21.569914406049882,6.1,0.213,5.1,4.1,1,0.577,618,0.379,0.456,30
Jalen Cook,Tulane Green Wave,2023,31,895,518,184,407,93,110,57,165,75,15,128,46,1,75,61,60,56.87307861220905,0.16251702294784454,21.544142742564755,2.9,0.13,3.8,4.1,-0.3,0.564,517,0.27,0.405,29.6
Jon Elmore,Marshall Thundering Herd,2017,35,1230,691,210,508,188,233,83,236,152,21,207,40,7,109,63,131,56.59110266657931,0.18835653958782803,21.52351581885409,4.2,0.136,1.9,3.8,-1.9,0.558,727,0.459,0.465,27.4
Dirk Williams,UAB Blazers,2016,33,625,308,108,224,44,49,48,125,128,36,44,14,17,36,49,92,62.713797035347774,0.08960658683610503,21.51354796484813,NA,NA,NA,NA,NA,NA,NA,NA,NA,NA
Dion Brown,Saint Louis Billikens,2026,35,829,397,165,268,43,57,24,60,189,46,57,30,10,59,95,143,67.7289477275829,0.149770280760705,21.49131799236545,3.9,0.188,4.7,2.5,2.3,0.673,364,0.213,0.224,20.8
Tyler Kolek,Marquette Golden Eagles,2023,36,1163,466,165,350,89,111,47,118,149,27,270,64,5,90,69,122,58.41941630729114,0.24617601705994221,21.477077882190912,5.6,0.193,8.7,6.1,2.6,0.579,575,0.317,0.337,21.8
Josh Jefferson,Middle Tennessee Blue Raiders,2022,37,813,426,137,307,81,93,71,192,94,24,56,34,7,37,41,70,61.22097033800874,0.17336870808677352,21.467024170427962,4.3,0.213,5.7,5.5,0.2,0.607,392,0.303,0.625,24.4
Kyle Washington,Cincinnati Bearcats,2017,36,889,464,184,361,81,114,15,42,243,78,31,13,42,53,91,165,56.42572234653176,0.1371840292695721,21.460635090533636,4.4,0.198,5.2,3.3,2,0.559,420,0.316,0.116,27.3
Jimmy Butler,Marquette Golden Eagles,2011,37,1282,582,187,382,188,240,20,58,225,90,86,53,13,54,49,135,59.68006562756357,0.26560078426766337,21.460454853190644,6.3,0.198,9.4,7.2,2.2,0.587,569,0.628,0.152,21.3
Chris Braswell,Charlotte 49ers,2012,30,863,457,162,317,118,152,15,49,220,73,34,35,36,90,93,147,59.523809523809526,0.2794076694571249,21.456984561646358,3.3,0.153,3.7,2.3,1.4,0.587,420,0.479,0.155,27.8
Yanick Moreira,SMU Mustangs,2015,34,804,377,144,262,89,139,0,0,219,80,33,24,40,60,61,139,58.33023889095185,0.15663397559397768,21.436067176030175,4,0.192,5.6,3.7,1.9,0.575,352,0.531,0,25.2
Jamelle Hagins,Delaware Blue Hens,2012,32,990,396,155,283,86,129,0,0,354,86,28,21,95,73,107,268,58.27643042147398,0.32586760699255457,21.434051559586738,4.3,0.172,4.2,1.7,2.5,0.575,391,0.456,0,21.6
Cortez Edwards,Southern Miss Golden Eagles,2018,34,1224,566,221,449,99,128,25,88,217,70,98,71,14,62,54,147,56.00411620359377,0.21736105620869298,21.425884684111946,4.5,0.148,3.5,3.5,-0.1,0.555,567,0.285,0.196,25
J'Wan Roberts,Houston Cougars,2024,37,959,343,149,250,45,88,0,1,245,95,67,45,32,40,73,150,59.400110834026044,0.19925095452390212,21.41391479146943,5.5,0.229,11.8,5.8,6,0.588,356,0.352,0.004,17.9
Montrezl Harrell,Louisville Cardinals,2015,36,1229,549,213,376,114,191,9,37,321,111,49,33,42,69,74,210,59.668724458742716,0.34204441304269273,21.400670168966283,6.6,0.214,9.5,5.9,3.6,0.588,521,0.508,0.098,22.3
Giddy Potts,Middle Tennessee Blue Raiders,2017,36,1098,552,196,407,84,104,76,198,192,33,71,47,8,47,87,159,60.95944871455076,0.17788636320956178,21.39582231163477,5.9,0.215,7.3,5.4,2,0.605,496,0.256,0.486,24.1
George Fant,Western Kentucky Hilltoppers,2015,32,920,441,170,321,101,163,0,0,268,103,50,30,21,66,107,165,56.14687309024241,0.17053560191791564,21.388217925700264,4.2,0.181,2.7,2.2,0.5,0.553,436,0.508,0,25.5
Oso Ighodaro,Marquette Golden Eagles,2024,37,1170,483,196,340,91,146,0,2,248,93,105,38,46,64,79,155,59.741737581634666,0.22461480353212548,21.377850761082783,5.2,0.177,8,4.5,3.4,0.59,520,0.429,0.006,20.7
Otis Frazier III,UTEP Miners,2025,33,965,436,143,320,108,148,42,140,176,64,79,75,22,70,64,112,56.60573327793934,0.17386438647690403,21.370300194579976,3.7,0.153,4.5,3.2,1.3,0.559,446,0.463,0.438,24.3
Moustapha Thiam,Cincinnati Bearcats,2026,33,843,397,160,305,62,98,15,52,221,67,16,24,50,42,62,154,57.020567620360794,0.16900053365663525,21.35870844538476,3.4,0.161,5.8,2.1,3.7,0.565,345,0.321,0.17,23.3
Jason Burnell,Jacksonville State Gamecocks,2018,36,888,393,144,282,78,99,27,80,210,64,64,29,35,51,95,146,60.357537781054184,0.1895377430677817,21.346391878829863,4.4,0.199,5.3,3.1,2.3,0.597,380,0.351,0.284,21.6
Lamar Wilkerson,Sam Houston Bearkats,2025,32,1119,655,229,480,88,107,109,245,129,34,66,36,8,62,74,95,62.13478029900584,0.1858793419942173,21.339562643345527,4.5,0.161,5.2,6.5,-1.3,0.617,578,0.223,0.51,26.7
Shake Milton,SMU Mustangs,2018,33,800,396,123,274,94,111,56,129,103,14,96,31,14,50,38,89,61.330690125139384,0.24463328785882466,21.317333467211665,4.2,0.208,8.7,6.8,2,0.606,381,0.405,0.471,25
Bryson Williams,UTEP Miners,2020,32,1016,571,212,425,116,143,31,87,229,53,30,28,30,70,90,176,58.51369076897852,0.22568304355993007,21.314870036102604,4.6,0.182,3.6,2.8,0.8,0.579,507,0.336,0.205,28.6
Jyare Davis,Delaware Blue Hens,2024,33,1065,547,200,429,127,156,20,78,240,52,78,24,24,58,69,188,54.95940840768427,0.26678373851515685,21.28720676203859,4.3,0.163,2.6,2.2,0.3,0.544,533,0.364,0.182,27.5
NJ Benson,DePaul Blue Demons,2025,34,614,252,100,165,51,83,1,8,173,53,25,11,38,40,37,120,62.524811433108376,0.16854766013525466,21.278651166531528,2.1,0.135,4.1,2.3,1.7,0.616,241,0.503,0.048,20.8
Jordan Riley,East Carolina Pirates,2026,31,1134,708,246,587,183,257,33,108,181,47,74,58,16,70,55,134,50.56564964004113,0.3147653747316696,21.26091354098367,3.2,0.112,4.4,3.7,0.7,0.499,657,0.438,0.184,33.6
Jon Davis,Charlotte 49ers,2017,30,1021,588,196,407,147,188,49,129,103,9,126,33,8,94,48,94,60.034305317324176,0.24631151563574533,21.258203671440025,3.3,0.125,1.9,3.5,-1.6,0.592,584,0.462,0.317,27.4
Davon Usher,Delaware Blue Hens,2014,35,1282,679,216,479,162,218,85,234,212,51,62,62,14,71,91,161,59.05169414875113,0.27612247768633785,21.241401317782096,5.2,0.162,5.2,4.7,0.5,0.583,632,0.455,0.489,24.9
Reggie Upshaw Jr.,Middle Tennessee Blue Raiders,2016,35,1091,480,185,372,83,168,27,71,298,103,76,51,29,64,81,195,53.821313240043054,0.1915046689772951,21.225951790094793,4.6,0.168,4.3,2.7,1.7,0.531,494,0.452,0.191,23.9
Jayden Gardner,East Carolina Pirates,2019,31,949,505,166,337,171,228,2,10,262,93,39,24,14,75,88,169,57.73804079392665,0.2496039814351878,21.193274704874344,3.5,0.148,1.4,2.9,-1.4,0.567,491,0.677,0.03,27.4
John Camden,Delaware Blue Hens,2025,36,1231,603,197,420,113,144,96,231,198,37,75,41,14,47,72,161,62.37586891757696,0.2374884235388283,21.186822495110494,4.6,0.148,2.3,4.2,-2,0.617,563,0.343,0.55,22.3
Austin Nichols,Memphis Tigers,2015,32,796,358,151,304,54,89,2,9,165,54,26,21,93,38,50,111,52.16225667327193,0.21371691241916244,21.176203633119176,3.3,0.166,7.1,3.3,3.8,0.517,318,0.293,0.03,24.6
Gorgui Dieng,Louisville Cardinals,2013,40,1026,323,125,234,73,112,0,0,310,113,66,44,83,59,85,197,57.01073143179893,0.2398102383447488,21.17010034656191,5.6,0.219,11.5,5.1,6.4,0.562,352,0.479,0,17
Trey Jemison,UAB Blazers,2023,39,981,356,140,239,76,118,0,1,329,105,20,22,67,41,109,224,61.185205554791686,0.1339511597152888,21.158293359223737,NA,NA,NA,NA,NA,NA,NA,NA,NA,NA
Trahson Burrell,Memphis Tigers,2016,34,766,320,114,268,63,78,29,91,197,72,87,35,22,42,79,125,52.92405398253507,0.12695153388866368,21.147210180262803,3.4,0.18,7.9,4.8,3.2,0.525,340,0.291,0.34,21
Aubrey Williams,Kennesaw State Owls,2017,32,1029,413,152,261,109,160,0,0,346,105,43,24,22,54,106,241,62.31140615570309,0.2744760694991756,21.139657256888295,4,0.157,-0.1,1.3,-1.4,0.613,412,0.613,0,18.4
Dylan Painter,Delaware Blue Hens,2022,35,808,352,120,218,104,134,8,22,192,71,54,15,30,62,57,121,63.547082611207394,0.19823552440786985,21.133379352627646,3.5,0.174,2.5,3,-0.5,0.625,371,0.615,0.101,22.3
DaQuan Jeffries,Tulsa Golden Hurricane,2019,32,870,404,138,275,83,110,45,123,173,40,56,31,38,51,93,133,62.46134817563389,0.17721162446557187,21.08835377197102,3.9,0.177,7.3,4.4,2.9,0.617,383,0.4,0.447,22.5
Juan Pattillo,Western Kentucky Hilltoppers,2011,32,953,437,160,321,117,180,0,3,290,95,45,48,56,95,94,195,54.59770114942529,0.24093190679495913,21.087088041392917,3.5,0.148,3.2,1.2,2,0.538,428,0.561,0.009,25.5
Dwight Coleby,Western Kentucky Hilltoppers,2018,38,1050,418,161,270,96,128,0,1,305,96,22,23,66,61,103,209,64.04756067663642,0.15855728721123458,21.0869957380648,4.7,0.179,4.4,2.3,2.1,0.633,414,0.472,0.004,18.8
Chucky Hepburn,Louisville Cardinals,2025,35,1181,557,166,384,162,192,63,192,118,18,198,82,3,103,93,100,59.447575136612016,0.24432908081620375,21.076756822979295,5.7,0.191,9.3,4.5,4.8,0.586,601,0.5,0.5,24.4
Ronald Delph,Florida Atlantic Owls,2018,31,910,453,200,404,53,76,0,2,270,84,23,13,63,52,82,186,51.77852962692027,0.2515343148431117,21.07556892813815,3.2,0.142,1.9,1,0.9,0.516,420,0.188,0.005,26.2
Ryan Conwell,Louisville Cardinals,2026,35,1051,638,201,493,124,149,112,325,162,21,91,38,6,73,95,141,57.11114293898597,0.19982144746245453,21.069061555232174,4.4,0.166,7.3,5.1,2.2,0.566,580,0.302,0.659,29.5
Erik McCree,Louisiana Tech Bulldogs,2017,33,1047,585,202,424,127,165,54,149,295,53,44,15,15,84,53,242,58.900523560209415,0.19981314763444813,21.05107854777778,4.6,0.175,2.3,2.9,-0.6,0.582,521,0.389,0.351,27.7
Blake Preston,Liberty Flames,2023,36,606,233,103,156,27,68,0,3,179,62,48,15,16,37,47,117,62.66135972461273,0.13004179857669168,21.045203263944686,3.2,0.213,4.6,2.5,2.1,0.619,249,0.436,0.019,20.1
Lee Moore,UTEP Miners,2016,33,1053,506,156,345,146,197,48,132,178,50,116,46,10,70,70,128,58.60822831727205,0.1613792855339581,21.04296637283149,4.4,0.167,3.9,3.5,0.3,0.579,520,0.574,0.386,23.7
Nick Anderson,Rice Owls,2026,31,904,481,151,345,95,117,84,210,133,32,36,37,10,32,65,101,60.65879741727199,0.1899794233588645,21.032317660710724,4,0.176,5.7,5.5,0.2,0.6,419,0.339,0.609,23.7
Oso Ighodaro,Marquette Golden Eagles,2023,36,1117,412,186,282,40,74,0,0,214,67,119,32,54,58,86,147,65.48830111902339,0.21132951824552773,21.03063700455122,5.1,0.181,8.5,4.8,3.7,0.65,436,0.262,0,17.2
Fabian White Jr.,Houston Cougars,2022,38,1056,474,186,379,53,77,49,132,216,86,45,39,53,45,90,130,57.40166634373184,0.14795657105381885,21.025723144261033,5.9,0.224,9.6,5.7,3.9,0.57,431,0.203,0.348,22.3
Alex Hamilton,Louisiana Tech Bulldogs,2014,37,1033,538,172,370,164,226,30,112,134,25,109,53,16,79,61,109,57.3023176550784,0.15772247550603788,21.0254012614008,4.9,0.19,5.7,2.9,2.8,0.564,515,0.611,0.303,25.3
B.J. Edwards,SMU Mustangs,2026,34,930,356,130,274,54,70,42,113,165,35,138,65,5,54,46,130,58.3989501312336,0.20995190663266217,21.023221194947816,3.6,0.155,8.2,4.1,4.1,0.579,389,0.255,0.412,18.9
Jamal West Jr.,UTEP Miners,2026,31,963,448,160,291,120,181,8,27,206,71,43,30,41,58,87,135,60.4360025901144,0.031776550139297505,21.01969380076381,3.5,0.147,1.2,1.1,0.1,0.594,432,0.622,0.093,23.6
Robbie Avila,Saint Louis Billikens,2025,34,1054,535,181,368,117,156,56,156,215,33,123,36,24,101,75,182,61.26328325393917,0.25897163104025284,21.011998500556814,4.2,0.158,4.7,3.4,1.3,0.605,542,0.424,0.424,27.3
Kevin Samuel,TCU Horned Frogs,2021,26,658,230,100,160,30,78,0,0,204,80,19,27,44,34,57,124,59.18073281185673,0.21092192942267257,20.99971984515894,2.5,0.15,5.1,2.9,2.2,0.584,230,0.488,0,18.2
Joe Young,Houston Cougars,2013,33,1048,576,185,404,140,160,66,157,112,18,79,19,0,41,40,94,60.70826306913997,0.16962702826070503,20.989361711919134,5,0.191,3.5,5.8,-2.3,0.6,517,0.396,0.389,24.3
Hamed Olayinka,Florida International Panthers,2026,32,757,321,132,242,55,101,2,13,214,92,29,32,43,49,112,122,56.03267700041894,0.08392313867375174,20.98400569708003,2.5,0.131,-1.2,-1.6,0.4,0.553,320,0.417,0.054,20.9
Kenrich Williams,TCU Horned Frogs,2017,39,1211,421,159,321,58,99,45,124,359,122,101,55,24,44,92,237,57.74083827079218,0.25945615786526216,20.98103250898828,5.6,0.187,10.2,6.5,3.7,0.572,450,0.308,0.386,17
Jon Elmore,Marshall Thundering Herd,2019,37,1330,750,234,595,168,213,114,313,189,11,187,64,20,114,74,178,54.448832617028685,0.1832581229279212,20.97869463291308,4.2,0.126,2.9,3.7,-0.8,0.539,758,0.358,0.526,28.8
DeAndre Williams,Memphis Tigers,2022,33,650,289,114,202,52,75,9,30,150,58,45,35,17,53,75,92,61.48936170212767,0.14238398209246456,20.977238043190994,2.9,0.177,7.5,4.1,3.4,0.608,278,0.371,0.149,21.4
Obinna Anochili-Killen,Marshall Thundering Herd,2022,33,905,383,148,307,53,75,34,107,218,61,30,31,86,46,82,157,56.3235294117647,0.15510595624101062,20.966342825276993,3.1,0.138,2.3,1.2,1.1,0.559,355,0.244,0.349,20.4
Christian Coleman,UAB Blazers,2025,37,1019,429,177,332,75,112,0,1,263,116,52,32,28,51,69,147,56.25786823331935,0.13462582390063543,20.95908982726729,NA,NA,NA,NA,NA,NA,NA,NA,NA,NA
Ben Moore,SMU Mustangs,2016,30,863,345,134,244,77,107,0,0,215,84,64,21,41,46,77,131,59.2620585406074,0.15221210023503406,20.95100008692582,4.5,0.209,7.9,4.6,3.3,0.585,353,0.439,0,19.9
RJ Johnson,Kennesaw State Owls,2026,35,955,493,167,369,104,164,55,130,104,19,135,42,13,64,63,85,55.87541934898903,0.12145146713648941,20.93563834522607,3.6,0.15,2,2.3,-0.3,0.552,492,0.444,0.352,24.9
JJ Harper,Liberty Flames,2026,34,912,366,132,223,73,96,29,77,92,30,52,46,35,17,96,62,68.99411853415775,0.11899282376678513,20.921052464982125,4.3,0.189,4.1,2.9,1.2,0.681,345,0.43,0.345,17.7
Mostapha El Moutaouakkil,Jacksonville State Gamecocks,2026,32,958,625,203,448,182,277,37,107,231,44,42,26,12,92,84,187,54.83610584684495,0.15076659848749965,20.919890559160567,3.3,0.136,-1.1,0.2,-1.3,0.539,565,0.618,0.239,36.2
Adrian Diaz,Florida International Panthers,2015,33,1033,429,164,272,101,176,0,0,228,106,44,29,99,85,126,122,61.38392857142857,0.17477248355752,20.919859417723334,4.2,0.161,2.2,0.6,1.6,0.603,424,0.647,0,22.8
Terrence Jennings,Louisville Cardinals,2011,35,794,327,129,242,69,105,0,0,176,83,23,24,65,36,91,93,56.73143650242886,0.13364305538014168,20.902178180661558,3.7,0.185,6.2,2.6,3.7,0.56,309,0.434,0,20.6
Jacara Cross,Jacksonville State Gamecocks,2020,32,720,393,162,265,69,104,0,3,141,64,18,19,21,67,87,77,63.23207620028318,0.16277928465367786,20.900830724962535,2.9,0.161,-0.8,0.1,-0.9,0.625,345,0.392,0.011,26.1
Damyean Dotson,Houston Cougars,2017,32,1098,556,202,430,44,53,108,244,222,49,36,29,5,33,53,173,61.325333098032296,0.22854788934442566,20.896985900537715,5.9,0.216,9.4,8.2,1.3,0.611,482,0.123,0.567,23.1
Jordan Walker,UAB Blazers,2022,35,1081,690,221,552,132,150,116,293,95,4,165,50,1,121,64,91,55.8252427184466,0.1447475496553626,20.87838826158894,NA,NA,NA,NA,NA,NA,NA,NA,NA,NA
C.J. Walker,East Carolina Pirates,2025,33,1028,550,199,392,141,192,11,47,212,84,24,24,27,54,92,128,57.71490933512424,0.16489250334946684,20.87626044432575,3.9,0.15,0.2,1.3,-1.1,0.569,502,0.49,0.12,25.9
Lewis Sullivan,UAB Blazers,2019,35,948,431,165,311,76,109,25,65,238,77,34,29,14,37,92,161,60.03454423891241,0.16110996365953778,20.86665276008493,NA,NA,NA,NA,NA,NA,NA,NA,NA,NA
Marin Maric,DePaul Blue Demons,2018,31,761,382,138,249,96,114,10,30,187,57,34,21,13,68,73,130,63.845433881534966,0.2185609719149747,20.828322012353805,2.8,0.148,4.6,2.6,2,0.63,347,0.458,0.12,23.1
John Bohannon,UTEP Miners,2014,34,916,380,138,240,103,153,1,11,265,59,76,14,53,74,77,206,61.824808017701415,0.22384593161333846,20.808410536373042,4.4,0.19,6.7,3.1,3.6,0.608,379,0.638,0.046,22.4
Jamichael Stillwell,UCF Knights,2026,33,881,360,134,266,80,114,12,39,253,104,67,33,5,50,82,149,56.93319838056679,0.17649235767475138,20.79541787264268,3.2,0.144,6.2,4,2.2,0.562,388,0.429,0.147,20.2
Viktor Lakhin,Cincinnati Bearcats,2024,37,627,268,110,219,34,61,14,54,175,70,48,16,23,36,50,105,54.50699642043606,0.12293302766560438,20.795088805681935,2.7,0.169,6.8,3.9,2.9,0.54,273,0.279,0.247,22.2
Landen Joseph,Marshall Thundering Herd,2026,32,551,246,87,179,34,48,38,92,77,19,64,36,8,38,47,58,61.46312212672397,0.1167210712001554,20.782126190461728,1.9,0.141,2.6,2,0.6,0.61,242,0.268,0.514,21.3
Giovanni Emejuru,East Carolina Pirates,2026,31,1015,399,136,230,127,205,0,1,286,124,17,26,53,56,77,162,62.30480949406621,0.11924817921957064,20.777633841558714,3.4,0.133,1.1,0.9,0.2,0.609,396,0.891,0.004,18.5
Denijay Harris,Southern Miss Golden Eagles,2025,33,1105,533,183,374,149,207,18,63,338,78,40,20,49,84,56,260,57.301969553625185,0.30135661653074114,20.776982496463674,3.4,0.124,-0.8,0.1,-0.9,0.564,498,0.553,0.168,24.6
Sir'Jabari Rice,New Mexico State Aggies,2020,31,789,384,124,265,86,104,50,129,153,49,58,25,6,51,57,104,61.78401338653624,0.23343497334761232,20.76172647103808,4.7,0.238,6.1,5.3,0.8,0.611,367,0.392,0.487,24.4
Carson Williams,Western Kentucky Hilltoppers,2020,30,1023,421,151,272,96,128,23,59,198,70,52,33,24,45,53,128,64.11427875243665,0.17775761090388567,20.742611387562768,4.8,0.187,4.8,4.5,0.4,0.633,428,0.471,0.217,18.9
Cobe Williams,Louisiana Tech Bulldogs,2023,33,776,432,146,320,95,119,45,131,80,16,94,46,8,76,68,64,58.008378988076046,0.1962074713208286,20.722160094183412,3.3,0.17,5.1,3.9,1.2,0.574,423,0.372,0.409,29.7
DaQuan Jeffries,Tulsa Golden Hurricane,2018,31,549,242,90,166,38,48,24,61,123,45,20,15,36,35,79,78,64.66438648995297,0.12895421908631316,20.709751484599806,2.4,0.178,5.3,2.5,2.7,0.641,223,0.289,0.367,20.7
Tarvin Gaines,Jacksonville State Gamecocks,2013,28,856,442,139,293,135,161,29,91,140,46,23,27,19,41,75,94,60.740985048372906,0.2729520815300037,20.69595990386239,4.2,0.196,1.6,3.3,-1.7,0.597,394,0.553,0.311,25.9
Kendrick Ray,Kennesaw State Owls,2016,31,1059,579,214,441,110,154,41,114,174,44,86,44,7,76,95,130,56.90305841654219,0.3082480695067167,20.690270703792034,3.4,0.129,1.5,2.8,-1.3,0.563,550,0.349,0.259,27.4
Robert Martin,Rice Owls,2019,32,819,389,116,248,108,147,49,115,198,43,53,29,10,50,79,155,62.20417039785083,0.1678522366760683,20.664666752904413,3.3,0.161,3.3,3.9,-0.5,0.612,371,0.593,0.464,22.1
Jamarion Sharp,Western Kentucky Hilltoppers,2023,33,913,238,93,148,52,104,0,1,245,69,7,32,131,23,75,176,61.41618497109826,0.20741206939581802,20.659839879107945,3.7,0.164,5.5,0.8,4.7,0.603,236,0.703,0.007,12.4
Henry Ellenson,Marquette Golden Eagles,2016,33,1107,561,194,435,143,191,30,104,321,71,59,28,49,78,84,250,54.04207768187423,0.2725271774557338,20.647347521250143,4,0.143,3.9,2.8,1.1,0.534,536,0.439,0.239,26.7
Tylik Weeks,Southern Miss Golden Eagles,2026,35,1141,671,220,474,219,266,12,54,184,41,79,32,10,90,86,143,56.764347590687606,0.26413459434643566,20.62916946331387,4,0.142,0.5,1.8,-1.3,0.559,635,0.561,0.114,29.8
Troy Gillenwater,New Mexico State Aggies,2011,32,794,490,167,366,121,163,35,98,162,39,16,12,25,59,58,123,55.971854153340026,0.27055154907382356,20.62127602653972,3.4,0.166,4,4.6,-0.6,0.558,440,0.454,0.271,31.7
David Jones,DePaul Blue Demons,2022,31,836,405,158,355,54,78,35,118,208,51,68,47,29,66,60,157,52.013767594780646,0.18578068950850496,20.615885324044637,3,0.142,6.4,4.1,2.3,0.517,399,0.22,0.332,26.6
Daniel Mullings,New Mexico State Aggies,2014,36,1173,588,201,431,168,231,18,65,173,50,123,65,16,90,87,123,55.19675578251727,0.2333779142002806,20.600963995593354,5.4,0.183,4.8,2.7,2.1,0.544,593,0.536,0.151,27.3
DeMarcus Gatlin,Sam Houston Bearkats,2015,35,818,372,123,259,110,160,16,56,172,61,69,34,22,46,86,111,56.466302367941715,0.15799198982406729,20.582342484660096,4.8,0.233,4.9,2.2,2.7,0.555,369,0.618,0.216,23.1
Jamal Shead,Houston Cougars,2024,37,1149,478,177,433,81,104,43,139,137,34,233,80,17,75,73,103,49.92062828974852,0.2132816583416349,20.58117595897604,6.3,0.22,12.7,6.3,6.4,0.495,550,0.24,0.321,25.1
Taevion Kinsey,Marshall Thundering Herd,2019,37,916,389,152,259,60,90,25,70,148,69,47,31,19,36,71,79,65.13730743469523,0.13570879291238544,20.569189600210468,3.5,0.151,2.4,3.4,-1,0.645,382,0.347,0.27,17.4
Sam Hauser,Marquette Golden Eagles,2018,35,1141,494,174,349,51,61,95,195,200,35,100,35,16,42,73,165,65.71945508727119,0.230551435313233,20.55985203774261,4.6,0.161,8.3,7.1,1.2,0.653,472,0.175,0.559,18.6
Torey Alston,Middle Tennessee Blue Raiders,2026,32,937,420,146,263,126,198,2,18,253,70,46,16,36,61,78,183,59.97943562207243,0.14807887847717027,20.550688249647997,3.5,0.147,0.6,0.4,0.2,0.588,408,0.753,0.068,22.9
Taylor Hendricks,UCF Knights,2023,34,1181,515,184,385,86,110,61,155,237,80,46,31,59,48,68,157,59.41393631748962,0.234037683250439,20.505057723492477,5.7,0.195,7.9,5.4,2.5,0.589,474,0.286,0.403,21.2
Souley Boum,UTEP Miners,2022,34,1101,594,179,438,172,203,64,174,135,19,86,55,5,59,60,116,56.32253660016687,0.2460223744703765,20.49162968082226,5.1,0.186,5,4.2,0.8,0.556,565,0.463,0.397,28.4
Johnny McCants,New Mexico State Aggies,2020,31,796,288,112,193,35,65,29,72,193,64,59,32,14,38,54,129,64.98194945848375,0.19672894899154492,20.486978973314574,4.5,0.228,7.3,4.8,2.5,0.643,288,0.337,0.373,17.3
William Lee,UAB Blazers,2018,33,850,344,137,271,33,51,37,111,224,50,35,25,68,47,66,174,58.61504907306434,0.1335692054388838,20.483142554212314,NA,NA,NA,NA,NA,NA,NA,NA,NA,NA
Keyshawn Hall,UCF Knights,2025,37,1103,620,188,440,199,244,45,127,234,68,80,27,15,99,82,166,56.63548669979538,0.24052113859918495,20.4798737000303,3.3,0.12,4.1,4,0.1,0.558,600,0.555,0.289,28.2
Quentin Grimes,Houston Cougars,2021,32,984,535,173,426,89,113,100,248,171,48,59,42,9,55,66,123,56.23055578911965,0.20223930788255493,20.47387848781809,6.1,0.25,10.8,7.9,2.9,0.558,483,0.265,0.582,26.9
Dishon Jackson,Charlotte 49ers,2024,31,792,341,131,241,77,107,2,15,183,50,50,18,27,39,63,133,59.184948625381836,0.17063926703556498,20.456222635086867,3.4,0.171,4.4,2.9,1.5,0.584,336,0.444,0.062,23.3
Andrien White,Charlotte 49ers,2018,29,682,375,118,276,96,120,43,133,121,26,31,42,6,47,73,95,57.02554744525548,0.38764881922603606,20.456144587844047,2.2,0.13,3.1,2.5,0.6,0.563,346,0.435,0.482,27.5
Kur Kuath,Marquette Golden Eagles,2022,32,608,180,82,115,16,29,0,0,126,36,19,14,81,20,63,90,70.44458359423919,0.13005782978317487,20.449317370324636,2.5,0.163,7.8,2.2,5.6,0.699,166,0.252,0,12.4
Michale Kyser,Louisiana Tech Bulldogs,2014,37,839,253,104,182,45,90,0,0,239,85,14,18,109,23,97,154,57.084837545126355,0.12311967485864166,20.431539225350072,4,0.19,5.4,0.7,4.6,0.563,253,0.495,0,13.9
Devin Vanterpool,Florida Atlantic Owls,2026,33,749,380,130,297,68,87,52,148,150,23,57,37,19,51,77,127,56.66905273204487,0.16931590976195948,20.419282854360006,2.9,0.152,4.4,2.1,2.3,0.562,355,0.293,0.498,25.3
Brandon Huffman,Jacksonville State Gamecocks,2022,32,623,285,119,186,47,85,0,1,188,42,6,12,33,45,70,146,63.78692927484333,0.12486814428922148,20.407232314887096,2.5,0.163,-1,-1.3,0.3,0.629,244,0.457,0.005,22.6
Dwon Odom,Tulsa Golden Hurricane,2025,33,1031,440,173,324,83,103,11,37,144,32,177,36,19,89,55,112,59.5689375067692,0.22883151654423178,20.392423520862952,3.5,0.136,3,2.3,0.7,0.59,485,0.318,0.114,23.1
Miles Barnstable,Tulsa Golden Hurricane,2026,38,1150,553,170,365,110,124,103,254,145,36,53,30,15,36,67,109,65.90237391553056,0.15841527043419085,20.36450919271048,5.3,0.184,5.8,5.3,0.5,0.652,486,0.34,0.696,19.9
John Bohannon,UTEP Miners,2013,32,719,297,110,191,74,114,3,8,184,49,41,20,50,54,79,135,61.577376015923036,0.16332724899386206,20.361953438297196,3.3,0.183,7.2,3.1,4.1,0.606,284,0.597,0.042,23.7
Mubarak Muhammed,Louisiana Tech Bulldogs,2020,30,701,247,104,175,37,56,2,8,243,91,18,26,15,34,80,152,61.861350430775396,0.14206955817576877,20.342329384930114,3.8,0.219,3.4,2.4,0.9,0.613,260,0.32,0.046,17.1
Brice Williams,Charlotte 49ers,2023,36,975,495,170,355,97,115,58,146,190,28,43,20,13,46,48,162,61.02071005917159,0.15891806367668107,20.33748718772168,4.6,0.189,4.9,5.1,-0.2,0.604,446,0.324,0.411,27.6
Daveon Boardingham,Southern Miss Golden Eagles,2013,37,737,311,113,198,85,127,0,1,145,75,12,31,46,41,97,70,61.249409169686466,0.09006417813996821,20.33065007930059,3.6,0.196,2.5,1.2,1.4,0.602,290,0.641,0.005,20.7
J'Vonne Hadley,Louisville Cardinals,2026,35,953,391,146,260,62,88,37,84,173,42,60,34,10,29,73,131,65.44590251740759,0.17371049561041416,20.3061183544591,4.3,0.183,8.8,5,3.8,0.648,362,0.338,0.323,16.9
Jarvis Threatt,Delaware Blue Hens,2012,32,742,333,87,220,130,160,29,90,122,27,70,41,8,49,32,95,57.33471074380165,0.2440767130497317,20.289997513520674,3.4,0.181,6.3,4.5,1.7,0.563,340,0.727,0.409,24
JaKobe Coles,TCU Horned Frogs,2024,34,637,311,120,245,44,57,27,64,119,36,41,20,13,28,57,83,57.57553317535545,0.1237974140647168,20.283340306494907,2.7,0.168,5.9,4.2,1.7,0.572,281,0.233,0.261,22.7
Shaq Goodwin,Memphis Tigers,2014,34,981,391,149,255,92,156,1,1,222,87,60,44,61,76,101,135,60.40662464466692,0.15801865941712326,20.28271905915392,3.7,0.151,6,2.3,3.7,0.594,384,0.612,0.004,19.9
Femi Olujobi,DePaul Blue Demons,2019,36,953,460,163,271,120,172,14,33,196,71,35,20,11,66,87,125,66.34360216914735,0.18489251800570436,20.2806605624785,3.6,0.151,3.5,3.9,-0.5,0.652,428,0.635,0.122,21.2
Justin Johnson,Western Kentucky Hilltoppers,2018,38,1314,597,240,465,70,123,47,113,359,84,48,27,28,57,69,275,57.50115580212668,0.21372671507870206,20.277781554634583,5.4,0.163,5.3,4.8,0.6,0.569,559,0.265,0.244,22.1
Kendrick Ray,Kennesaw State Owls,2017,32,1049,656,244,543,82,104,86,218,114,30,97,22,10,81,75,84,55.71030640668524,0.24859764053897584,20.275670753033104,3.2,0.123,1.5,4.3,-2.8,0.554,591,0.192,0.401,31.1
Zach Cleveland,Liberty Flames,2024,32,918,379,150,253,78,144,1,8,200,53,129,29,38,90,68,147,59.900113794411425,0.15143628460904915,20.246097845648926,3.9,0.172,4.4,1.9,2.4,0.59,423,0.569,0.032,24.1
Qua Grant,Sam Houston Bearkats,2023,34,941,482,176,408,75,105,55,152,144,19,138,64,5,81,60,125,53.06032584764421,0.2364347931094443,20.239797183926786,5.1,0.216,6.2,3.1,3.1,0.526,491,0.257,0.373,29.1
Damyean Dotson,Houston Cougars,2016,32,991,445,164,324,55,66,62,169,217,62,40,22,6,33,61,155,63.02401994108317,0.21017028692714637,20.23150215600959,5,0.2,7.1,7,0.2,0.626,407,0.204,0.522,19.9
Hamidu Rahman,New Mexico State Aggies,2012,35,719,339,119,201,101,200,0,0,201,96,17,12,37,60,90,105,58.65051903114187,0.10780744069021017,20.230520464878975,3.2,0.173,1.9,1.4,0.5,0.581,341,0.976,0,23.5
Keon Ambrose-Hylton,SMU Mustangs,2024,33,630,229,98,153,31,62,2,8,137,67,25,14,28,14,66,70,63.51231417794542,0.09650962421526325,20.22904474373974,2.8,0.178,4.6,2.7,1.9,0.628,218,0.405,0.052,14.9
Omar Sherman,Louisiana Tech Bulldogs,2017,33,680,318,136,234,44,69,2,18,167,54,26,14,36,52,73,113,60.14525646845211,0.09882868062787904,20.224273989114323,2.8,0.162,0.3,-0.6,1,0.596,289,0.295,0.077,23.2
Kyvon Davenport,Memphis Tigers,2019,36,944,470,171,344,91,152,37,104,251,85,36,24,28,55,122,166,57.19431464174455,0.13594326490327954,20.221991924159056,3.9,0.167,4.2,3.1,1.1,0.569,438,0.446,0.305,22.8
Vince Shamar Hunter,UTEP Miners,2014,34,876,419,148,265,123,202,0,2,222,77,43,27,25,67,111,145,59.20085904826495,0.14269348771271867,20.2184110927059,NA,NA,NA,NA,NA,NA,NA,NA,NA,NA
Alijah Martin,Florida Atlantic Owls,2023,39,950,484,161,368,89,113,73,196,189,59,52,37,10,62,67,130,57.933544000766055,0.1322259595814616,20.21649897285771,4.7,0.196,7.3,5.4,1.9,0.574,455,0.307,0.533,25.7
Brandon Young,DePaul Blue Demons,2013,32,1008,535,180,411,144,194,31,99,107,27,146,49,5,86,55,80,53.89233620759126,0.13737064550340794,20.20612449449713,3.3,0.131,5.2,5.3,-0.1,0.532,538,0.472,0.241,28
Jordan Riley,East Carolina Pirates,2025,33,1110,480,173,348,116,161,18,75,199,68,64,66,19,54,66,131,57.30111737178875,0.18465361959572976,20.199620698823594,4.1,0.149,3.4,2.1,1.3,0.565,462,0.463,0.216,21.3
Andrew Smith,Liberty Flames,2014,32,684,270,111,179,47,81,1,1,184,62,25,25,36,42,88,122,62.89601192694745,0.1545312600720558,20.176588961092502,2.7,0.157,0.2,-0.6,0.7,0.621,253,0.453,0.006,19.4
Otis Frazier III,UTEP Miners,2024,34,936,362,124,254,91,139,23,80,159,58,60,75,10,40,59,101,57.431146084528486,0.1881077717832565,20.170487177214554,4.2,0.179,5,2.3,2.7,0.566,361,0.547,0.315,18.8
Cleveland Melvin,DePaul Blue Demons,2014,28,653,334,121,257,59,93,33,70,127,49,19,11,31,35,37,78,56.055316863587535,0.19710762909145163,20.16670952406906,2,0.122,5,5.6,-0.6,0.554,301,0.362,0.272,26
Darius Johnson,UCF Knights,2025,37,1272,644,206,475,139,168,93,235,125,27,160,83,7,109,108,98,58.66064271660716,0.2024849135979832,20.144298572649053,4.1,0.128,6.3,4.1,2.2,0.58,634,0.354,0.495,24.8
Dillon Mitchell,Cincinnati Bearcats,2025,35,984,348,154,251,30,76,10,34,240,74,61,48,22,42,57,166,61.17283082548165,0.19642428730710798,20.105036250127366,4.3,0.174,7.7,3.4,4.3,0.606,343,0.303,0.135,17.3
Isaih Moore,Southern Miss Golden Eagles,2022,33,770,353,130,245,76,111,17,55,187,55,33,13,30,46,63,132,60.0667029676014,0.3115002843965366,20.095925486211023,2.5,0.131,1.9,3,-1.1,0.593,334,0.453,0.224,23.4
RJ Felton,East Carolina Pirates,2024,33,1141,570,201,466,98,126,70,197,197,67,43,59,21,46,67,130,54.65633629947836,0.20673451814266644,20.094635581525555,4.4,0.153,5.6,4.9,0.7,0.542,516,0.27,0.423,25.9
Aubrey Williams,Kennesaw State Owls,2016,31,689,256,86,160,84,117,0,0,196,77,26,25,16,30,83,119,60.5258180442595,0.18835679761836255,20.079382050767,2.6,0.15,-0.4,0.8,-1.2,0.594,271,0.731,0,17.6
Zach Cleveland,Liberty Flames,2026,34,1153,392,162,267,68,128,0,4,250,31,225,42,42,105,62,219,60.62105653841395,0.18550144349547026,20.07871709870257,4.4,0.153,4.9,2.2,2.7,0.598,510,0.479,0.015,21.3
Darius McGhee,Liberty Flames,2021,29,876,450,157,347,41,48,95,233,127,12,61,24,12,38,41,115,61.1213734651744,0.19582915648196872,20.062574119768648,4.8,0.22,5.9,5.6,0.3,0.608,398,0.138,0.671,26
Caleb Homesley,Liberty Flames,2020,34,923,460,172,363,64,107,52,141,171,14,72,33,23,44,55,157,56.086617245415525,0.20665026533968367,20.056024544804675,5.3,0.23,6.2,3.9,2.3,0.556,424,0.295,0.388,28.9
Josh Anderson,Western Kentucky Hilltoppers,2022,32,866,361,124,267,79,97,34,92,130,21,49,69,11,37,52,109,58.28597261689485,0.14766546872585773,20.047864255332094,3.7,0.173,4.7,2,2.8,0.577,340,0.363,0.345,20.4
Will Creekmore,Missouri State Bears,2011,35,869,395,148,260,99,163,0,1,226,81,37,18,28,61,92,145,59.53816471723139,0.1727964251156023,20.03522048626341,3.8,0.176,2.9,2.6,0.3,0.585,381,0.627,0.004,25.1
Jaylen Forbes,Tulane Green Wave,2023,31,1132,572,174,409,136,158,88,227,154,15,53,58,11,47,74,139,59.767616818523784,0.1718738869271078,20.032980446921798,4.1,0.144,4.2,3.6,0.7,0.591,512,0.386,0.555,23.3
Tavin Lovan,UAB Blazers,2020,32,937,421,151,281,113,146,6,22,154,42,68,41,12,59,63,112,60.97207739543505,0.19282843102272437,20.00784590973409,NA,NA,NA,NA,NA,NA,NA,NA,NA,NA
Cameron Moore,UAB Blazers,2012,31,1110,498,195,404,103,168,5,23,325,88,39,19,73,64,63,237,52.10077000334784,0.20948410140988055,20.002990013069535,NA,NA,NA,NA,NA,NA,NA,NA,NA,NA
Luke Fischer,Marquette Golden Eagles,2016,33,932,399,158,260,83,122,0,0,203,100,32,14,47,58,97,103,63.59984697781178,0.18098708479743159,19.997108253202658,3.5,0.148,3.2,2.6,0.6,0.627,388,0.469,0,19.8
Marcus Weathers,SMU Mustangs,2022,33,927,421,152,300,95,133,22,66,247,68,58,17,21,53,79,179,58.713600357023324,0.16113108730346992,19.995662176226617,4.4,0.189,5.2,3.6,1.6,0.58,416,0.443,0.22,22.9
Keith Clanton,UCF Knights,2013,29,1030,435,158,296,108,170,11,54,245,83,71,32,58,88,78,162,58.65695792880259,0.212853520259,19.990993515344208,4.2,0.152,3.6,2.3,1.4,0.578,460,0.567,0.179,23
Rodney Howard,Western Kentucky Hilltoppers,2024,34,663,326,136,248,54,80,0,0,159,64,26,12,16,46,71,95,57.55649717514124,0.09750920455175868,19.98393790328502,2.5,0.145,0.5,0.6,-0.1,0.57,317,0.323,0,22.8
Sincere Parker,Memphis Tigers,2026,32,603,353,125,301,75,94,28,85,114,22,35,21,11,27,66,92,51.553919850449816,0.12101937433221135,19.973352454631975,2,0.134,3.4,2.5,0.9,0.511,318,0.312,0.282,29.2
Isaiah Crawford,Louisiana Tech Bulldogs,2023,33,951,438,162,327,80,110,34,81,168,43,86,62,21,84,86,125,58.33777304208845,0.17806583449037836,19.97179933537503,3.8,0.16,5.2,2.9,2.3,0.577,433,0.336,0.248,24.9
C.J. Washington,UAB Blazers,2014,31,762,365,144,299,49,89,28,84,193,82,16,25,21,35,77,111,53.968535604447595,0.14700005440627284,19.962625091985444,NA,NA,NA,NA,NA,NA,NA,NA,NA,NA
Jacob Evans,Cincinnati Bearcats,2017,36,1138,487,168,355,82,112,69,165,150,53,96,46,30,44,76,97,60.23053329375681,0.1716353756848232,19.960996353472325,6,0.211,10.5,6.6,4,0.597,464,0.315,0.465,20.6
Chris Youngblood,Kennesaw State Owls,2023,35,1092,513,168,362,96,117,81,195,163,48,64,37,14,45,89,115,62.03443939247364,0.18860028261819176,19.959680725801125,5.2,0.189,3.6,3.5,0.1,0.614,476,0.323,0.539,21.3
Trey Green,Saint Louis Billikens,2026,35,803,365,121,261,31,36,92,208,97,21,59,31,0,23,45,76,65.92255454414102,0.12201430353385999,19.95662121720249,3.9,0.196,7.8,5.8,2.1,0.656,325,0.138,0.797,18.3
Alijah Martin,Florida Atlantic Owls,2022,34,962,459,157,343,61,81,84,210,175,36,47,53,12,57,72,139,60.61166279315445,0.30812686116084365,19.95136120385522,4.4,0.183,5.7,4.2,1.5,0.602,411,0.236,0.612,22.9
Kenrich Williams,TCU Horned Frogs,2018,33,1153,421,155,325,66,96,45,114,297,89,124,56,15,65,81,208,57.31946411066332,0.25557304874249887,19.951214474814712,4.6,0.158,8.9,5.6,3.3,0.568,464,0.295,0.351,18.7
Torye Pelham,Southern Miss Golden Eagles,2012,34,641,205,82,128,37,54,4,11,160,96,13,36,25,34,89,64,67.54085397996838,0.08996741374724353,19.930718069469627,3.1,0.194,5.9,3.5,2.4,0.667,213,0.422,0.086,15
Rashad Smith,Tulsa Golden Hurricane,2014,34,698,336,128,235,79,141,1,5,137,53,31,20,24,38,73,84,56.558039321303525,0.1491574182049783,19.919681708485044,2.8,0.161,4.8,2.9,1.9,0.556,316,0.6,0.021,24.5
Michael Dixon Jr.,Memphis Tigers,2014,34,772,402,135,288,81,96,51,132,74,17,81,43,4,55,99,57,60.864825581395344,0.08640708914165303,19.90855788071957,3.4,0.176,6.5,3.8,2.7,0.603,366,0.333,0.458,24.3
Jarron Cumberland,Cincinnati Bearcats,2019,35,1136,657,207,512,163,211,80,206,155,40,127,40,14,96,80,115,54.31188413464718,0.1970752324176781,19.90405877454669,5.5,0.194,9.1,6.7,2.4,0.537,631,0.412,0.402,32
Nik Graves,Charlotte 49ers,2025,33,1133,577,168,403,180,233,61,186,141,36,90,31,9,45,71,105,57.069947776546925,0.2066429212861086,19.879919110161747,4,0.14,3.7,4.7,-1,0.562,556,0.578,0.462,26.5
RJ Felton,East Carolina Pirates,2025,33,1143,620,215,519,104,140,86,229,210,63,82,41,16,68,64,147,53.39304168101964,0.18926600938819482,19.879163413620404,3.9,0.138,3.2,4.1,-0.9,0.529,582,0.27,0.441,28.4
Julius Mims,New Mexico State Aggies,2026,32,852,329,133,231,53,82,10,32,260,86,20,15,20,32,77,174,61.59203234985773,0.12361901612334238,19.866474341199446,3.5,0.162,1,1.8,-0.7,0.609,315,0.355,0.139,17.7
Hasahn French,Saint Louis Billikens,2020,31,958,371,160,307,51,155,0,0,312,103,70,30,77,65,95,209,49.440298507462686,0.2370927296037249,19.856048772112633,3.7,0.156,5.4,1.8,3.6,0.487,386,0.505,0,23
Donovan Mitchell,Louisville Cardinals,2017,34,1098,529,181,444,87,108,80,226,165,37,93,70,17,56,88,128,53.81266276041667,0.2229746180258398,19.853335581824528,5.4,0.197,11.1,5.7,5.5,0.534,502,0.243,0.509,24.6
Moussa Cisse,Memphis Tigers,2025,35,636,199,69,126,61,125,0,0,228,94,16,24,55,36,89,134,54.972375690607734,0.07454834937265538,19.851002794556607,2.4,0.152,3.9,0.6,3.3,0.537,225,0.992,0,16.7
Landers Nolley II,Cincinnati Bearcats,2023,36,1157,606,213,476,84,112,96,230,209,46,94,36,17,78,81,163,57.6835211696619,0.17123211169453276,19.846120081179365,4.9,0.168,7.2,5.4,1.7,0.573,561,0.235,0.483,25.8
Brandon Huntley-Hatfield,Louisville Cardinals,2024,32,986,413,157,277,90,134,9,21,269,84,33,19,26,54,75,185,61.465650672699134,0.27526442534995255,19.838963677394734,3.1,0.124,3.1,3,0.1,0.606,404,0.484,0.076,19.9
Steven Enoch,Louisville Cardinals,2019,34,653,321,122,231,63,77,14,39,177,51,6,6,22,35,86,126,60.593476291150715,0.13535340336352186,19.83865449213481,2.9,0.18,5.8,3.3,2.5,0.6,284,0.333,0.169,23.7
Jordan Nwora,Louisville Cardinals,2020,31,1026,558,189,430,104,128,76,189,239,52,40,23,8,65,69,187,57.369633163349235,0.23142205329353543,19.833138334517503,5.2,0.201,8.2,6.3,1.9,0.568,500,0.298,0.44,27.8
Isiaha Mike,SMU Mustangs,2020,30,920,421,148,308,62,77,63,167,190,57,54,42,18,61,82,133,61.57131157131157,0.1682283442093918,19.824989171171985,4.1,0.179,7.2,5.8,1.4,0.611,384,0.25,0.542,22.9
Bryant Selebangue,Tulsa Golden Hurricane,2023,30,943,360,147,239,66,130,0,1,277,91,29,26,14,45,44,186,60.76975016880486,0.24567112294053373,19.820504634183497,2.9,0.122,1.9,3,-1.1,0.599,353,0.544,0.004,18.9
Don McHenry,Western Kentucky Hilltoppers,2025,32,930,543,181,458,116,141,65,209,106,21,55,46,2,46,44,85,52.20752249826936,0.15270261210422154,19.818722394031976,2.8,0.119,3.3,3,0.3,0.517,500,0.308,0.456,29.9
Kourtlin Jackson,Southern Miss Golden Eagles,2016,29,780,407,124,274,103,134,56,129,129,21,36,32,8,48,64,108,61.11845266698703,0.16005689327909078,19.816311874997588,2.9,0.151,2.1,2.7,-0.6,0.603,360,0.489,0.471,27.3
Zach Nutall,Sam Houston Bearkats,2021,28,818,541,192,437,87,125,70,188,160,25,49,28,9,86,57,135,54.97967479674797,0.15482344159524603,19.814084026675033,3.2,0.156,0.8,2.4,-1.6,0.545,474,0.286,0.43,32.9
Kaleb Glenn,Florida Atlantic Owls,2025,34,876,429,154,290,73,117,48,117,164,60,20,19,10,41,73,104,62.814806137987574,0.1166070090337946,19.812384355763974,3.1,0.139,2.2,3.3,-1.1,0.621,373,0.403,0.403,21.9
Julian Mackey,Florida International Panthers,2026,32,681,371,119,281,78,107,55,151,71,12,55,28,8,42,37,59,56.54108753962448,0.10831259217199837,19.810451488130113,2.2,0.13,1.8,2.5,-0.7,0.559,335,0.381,0.537,25.6
Shaquille Harrison,Tulsa Golden Hurricane,2016,31,997,452,165,347,114,184,8,41,168,30,127,55,7,63,67,138,52.80867370782316,0.1949790534998538,19.796237239639357,4.1,0.159,6.5,3.2,3.4,0.522,500,0.548,0.112,26
Matt Cross,SMU Mustangs,2025,35,1002,400,142,293,64,91,52,136,260,82,57,42,19,55,64,178,60.05284650492433,0.19666687435480434,19.795109535421528,4.1,0.165,6.6,4.4,2.2,0.595,393,0.311,0.464,19.2
Ronald Delph,Florida Atlantic Owls,2016,32,644,263,108,199,47,69,0,0,171,71,10,6,61,36,90,100,57.333449598883846,0.24937427323374953,19.780953634031455,1.9,0.119,-0.5,-1,0.4,0.567,256,0.347,0,21.6
Stevie Mitchell,Marquette Golden Eagles,2025,34,925,363,128,271,78,107,29,81,138,59,53,78,4,29,80,79,57.06111670020121,0.1497091904035845,19.768612002301484,4.2,0.182,8.7,3.5,5.2,0.564,362,0.395,0.299,19.2
T.J. Price,Western Kentucky Hilltoppers,2015,32,1069,546,175,395,115,141,81,196,171,21,127,30,2,82,86,150,59.7321897426921,0.20673145396308126,19.75723369244542,5.1,0.189,5.4,4.8,0.6,0.591,523,0.357,0.496,25.7
Isaiah Sykes,UCF Knights,2014,31,958,515,198,417,107,198,12,32,217,88,105,51,5,110,80,129,51.07910814885345,0.19035043307401842,19.752152424842215,2.6,0.107,4.4,3.8,0.6,0.504,527,0.475,0.077,31.5
Kam Jones,Marquette Golden Eagles,2023,36,1075,542,201,435,40,61,100,278,128,8,72,50,5,36,50,120,58.678330157630356,0.1911417466962832,19.74552275761876,0.6,0.061,-1,-1.7,0.6,0.506,122,0.32,0.398,18.6
Tristen Newton,East Carolina Pirates,2022,30,1044,530,165,379,152,173,48,144,144,25,151,43,9,104,71,119,58.226401828089294,0.22095123490060262,19.744410868340047,3.8,0.147,4.9,4,0.9,0.575,535,0.456,0.38,27.4
Jamelle Hagins,Delaware Blue Hens,2013,33,1092,383,148,271,87,117,0,1,353,102,35,30,80,77,97,251,59.38352766063011,0.2910611026726146,19.73637970201748,4.2,0.154,3.4,1.8,1.6,0.586,387,0.432,0.004,18.9
Isaiah Sykes,UCF Knights,2013,29,1009,465,170,362,111,180,14,45,209,71,125,62,13,103,69,138,52.69718948322756,0.17988469722152908,19.736323732843623,4.2,0.154,4.7,3.3,1.4,0.509,539,0.472,0.126,28.3
Julius Thedford,Memphis Tigers,2026,32,551,227,77,157,58,85,15,44,134,58,19,29,7,25,65,76,58.38477366255144,0.11998957708439645,19.731972326524016,2,0.147,4.2,2.5,1.7,0.575,223,0.541,0.28,19.1
Tavin Lovan,UAB Blazers,2021,29,762,354,135,249,83,119,1,1,116,35,66,36,4,52,58,81,58.73374037695779,0.12834990319132797,19.728930223276446,NA,NA,NA,NA,NA,NA,NA,NA,NA,NA
DeAndre Pinckney,Southern Miss Golden Eagles,2023,33,969,427,155,323,78,112,39,117,218,75,43,33,17,40,76,143,57.34930697324595,0.19533062952763264,19.718112690959234,4.5,0.186,3.2,2.9,0.3,0.568,405,0.347,0.362,21.5
Stevie Browning,Marshall Thundering Herd,2017,35,1083,546,204,449,68,83,70,177,141,30,111,38,7,57,61,111,56.228373702422154,0.14929568967576717,19.717961999240597,3.3,0.12,1.3,2.5,-1.2,0.559,528,0.185,0.394,23.3
Jordan Swing,UAB Blazers,2013,32,983,446,158,337,72,93,58,164,184,39,86,43,13,60,79,145,59.00719729043183,0.1898807715295892,19.71793404645679,NA,NA,NA,NA,NA,NA,NA,NA,NA,NA
Kaden Cooper,Louisiana Tech Bulldogs,2026,34,752,281,106,225,50,74,19,65,224,61,33,44,18,40,44,163,54.55039602422737,0.13890510470578074,19.717924933089908,3.2,0.172,1.7,-0.3,2,0.54,273,0.329,0.289,20.3
Kario Oquendo,SMU Mustangs,2025,35,820,391,127,257,79,97,58,137,116,18,36,30,11,33,61,98,65.23625200213561,0.1450505456420757,19.708828868236676,3.7,0.178,6.8,4.7,2,0.645,332,0.377,0.533,20.1
Cleveland Melvin,DePaul Blue Demons,2013,32,994,531,216,451,84,124,15,51,217,81,25,39,26,72,58,136,52.516021837170655,0.4112707815330655,19.696439556044727,2.7,0.107,2.4,3.6,-1.3,0.521,478,0.275,0.113,28.1
Dayvion McKnight,Western Kentucky Hilltoppers,2022,32,1140,518,194,413,116,150,14,41,176,45,176,60,0,106,49,131,54.07098121085595,0.18732713965973646,19.692309138836467,4.2,0.148,1.9,1.8,0.1,0.535,581,0.363,0.099,26
Sergio Kerusch,Western Kentucky Hilltoppers,2011,32,992,499,193,398,67,104,46,150,253,101,15,13,12,45,89,152,56.2240850910402,0.19272339842905048,19.68575524202892,4.1,0.167,1.8,3.8,-2,0.558,449,0.261,0.377,24.1
Christopher Galbreath Jr.,Sam Houston Bearkats,2017,34,647,343,139,287,63,92,2,13,216,79,17,19,24,57,100,137,52.36961035788445,0.17576041247547491,19.68258622407097,2.2,0.136,-2.5,-1.8,-0.7,0.519,321,0.321,0.042,28.4
Aly Khalifa,Charlotte 49ers,2023,36,970,398,159,311,32,43,48,126,214,58,93,22,22,55,69,156,60.317652764306494,0.18489515253753028,19.67803207588064,4.6,0.188,6.2,5.1,1.1,0.6,418,0.138,0.405,23.5
Tarik Black,Memphis Tigers,2012,35,895,373,144,209,85,143,0,0,170,72,6,22,53,45,114,98,68.58634892615476,0.11649764945824378,19.67711762439611,4.3,0.194,5.9,3.2,2.7,0.673,333,0.684,0,18.7
Jordan Burks,UCF Knights,2026,33,929,439,150,330,79,101,60,161,159,45,22,34,17,29,51,114,58.62087383826514,0.18536395366411204,19.674725370506412,3.3,0.141,7.3,5.2,2.1,0.581,383,0.306,0.488,21.1
Jajuan Johnson,Marquette Golden Eagles,2017,32,806,371,137,289,65,82,32,84,127,21,83,59,14,71,50,106,57.0628768303187,0.16919132619432833,19.670244884507934,2.6,0.127,5.9,3.4,2.5,0.566,370,0.284,0.291,24.8
Jarace Walker,Houston Cougars,2023,37,995,404,158,340,53,80,35,101,245,82,65,35,46,53,74,163,53.83795309168443,0.15383059373760277,19.664266955548463,5.2,0.211,8.8,4.5,4.4,0.534,401,0.235,0.297,22.4
Steven Idlet,Tulsa Golden Hurricane,2012,31,754,328,107,203,112,152,2,4,163,60,41,16,31,49,84,103,60.7677486290203,0.13640971877587765,19.641216840435575,3.8,0.199,6.1,3.9,2.2,0.597,329,0.745,0.02,23.1
Dedric Lawson,Memphis Tigers,2016,34,1062,521,182,445,129,182,28,80,307,104,84,39,55,104,86,203,49.611487773291685,0.17019758789253986,19.63437337358058,3.5,0.131,4.5,2.4,2.1,0.49,526,0.409,0.18,27.8
Desmond Bane,TCU Horned Frogs,2020,32,1152,531,197,436,45,57,92,208,204,46,124,47,17,74,69,158,57.582198316994884,0.5532353464087023,19.62477390885153,5.3,0.183,9.8,7.1,2.6,0.573,507,0.131,0.477,24.4
Junior Etou,Tulsa Golden Hurricane,2018,31,942,465,145,311,133,186,42,120,244,77,47,16,8,72,66,167,59.18440077385194,0.1993969578137503,19.61197295103521,3.9,0.164,4,3.7,0.3,0.582,450,0.598,0.386,25.4
Justin Lewis,Marquette Golden Eagles,2022,32,1028,537,195,443,89,117,58,166,254,37,54,35,20,62,69,217,54.29946610580812,0.2597429043986531,19.60716855505179,3.6,0.138,5.2,3.9,1.3,0.539,488,0.264,0.375,27.5
Marcus Evans,Rice Owls,2017,35,1077,665,197,464,185,235,86,229,115,14,131,40,5,128,92,101,58.600634473034894,0.15756947145230052,19.606135404783917,4,0.146,1.5,3,-1.5,0.578,649,0.506,0.494,30.1
James Woodard,Tulsa Golden Hurricane,2014,34,1101,528,162,370,139,178,65,168,201,53,60,32,6,46,76,148,58.886509635974306,0.21288984417209836,19.604872944941942,5.2,0.188,6.9,5.6,1.3,0.581,494,0.481,0.454,22.9
Mike Miles Jr.,TCU Horned Frogs,2023,35,864,482,158,318,128,171,38,105,74,6,72,32,8,70,56,68,61.285728817007424,0.21445783405457908,19.587087409247342,3.6,0.165,6.8,4.5,2.3,0.604,424,0.538,0.33,26.5
Maurice Kemp,East Carolina Pirates,2012,31,699,314,115,246,74,95,10,42,188,74,34,33,27,62,64,114,54.55177206393329,0.11657811243837345,19.583203436819925,2.7,0.155,1.4,0.8,0.6,0.539,310,0.386,0.171,26.1
Kyle Washington,Cincinnati Bearcats,2018,36,838,407,165,327,57,77,20,56,197,60,14,9,50,45,65,137,56.38993571270229,0.14158742726318127,19.581275983035606,4.2,0.2,5.9,2.5,3.4,0.56,345,0.235,0.171,24.5
Emanuel Sharp,Houston Cougars,2026,37,1087,572,176,426,123,138,97,261,110,29,64,44,3,36,112,81,58.76068376068376,0.15953846880749234,19.569647026661105,5.8,0.214,10.7,5.9,4.8,0.582,509,0.324,0.613,25
Sam Hauser,Marquette Golden Eagles,2019,34,1134,507,173,377,73,79,88,219,245,35,82,22,18,46,70,210,61.56498931416359,0.2850433234305599,19.566985081200315,5.6,0.198,9.2,6.5,2.7,0.612,479,0.21,0.581,20.2
Yancy Gates,Cincinnati Bearcats,2011,35,944,405,162,317,77,133,4,14,236,74,42,27,43,44,75,162,53.92522368981679,0.24387530225566378,19.54259183656706,4.5,0.192,6.8,3.7,3.2,0.533,376,0.42,0.044,23.4
Daniel Rivera,UAB Blazers,2026,32,938,385,155,285,72,124,3,9,213,81,37,27,33,40,70,132,56.69101189775003,0.12603995633490722,19.519014987262935,NA,NA,NA,NA,NA,NA,NA,NA,NA,NA
Kayne Henry,Jacksonville State Gamecocks,2020,32,785,339,130,262,58,77,21,59,213,73,23,24,20,42,71,140,57.28673786670272,0.18662102124767627,19.512534453134492,3.2,0.165,0.1,0.9,-0.8,0.563,319,0.295,0.226,21.3
Ian Baker,New Mexico State Aggies,2017,34,1079,551,164,421,160,193,63,205,140,17,137,42,4,74,55,123,54.45524984187223,0.2335464446842225,19.502298397811966,5.3,0.195,3.7,2.8,0.8,0.537,549,0.458,0.487,26.3
Anthony Vanhook,Charlotte 49ers,2017,30,628,245,90,188,65,90,0,1,164,46,75,29,14,43,87,118,53.82249560632689,0.14865194438525398,19.485364007569665,2,0.125,0.9,0.3,0.6,0.531,287,0.479,0.005,20.5
Camyn Boone,Missouri State Bears,2016,31,756,361,137,275,87,125,0,0,198,58,36,9,15,41,62,140,54.6969696969697,0.24149035080657613,19.4819542263098,2.5,0.131,1.7,2.7,-1,0.544,358,0.468,0,25.3
Amari McCottry,Saint Louis Billikens,2026,35,777,358,138,267,64,110,18,62,180,34,97,39,19,82,79,146,56.75332910589728,0.12445365778403468,19.477165702517365,2.9,0.149,4.2,0.8,3.3,0.561,374,0.412,0.232,25.2
Mangok Mathiang,Louisville Cardinals,2017,34,686,259,104,196,51,76,0,0,198,85,24,17,37,38,82,113,56.44177126917713,0.12849347469679462,19.45043850691403,3.1,0.18,6.2,2.8,3.5,0.558,267,0.388,0,19.3
Armoni Brooks,Houston Cougars,2018,35,705,325,110,259,22,27,83,198,128,29,17,26,12,14,47,99,59.98966331955109,0.10288382106564932,19.44833550294017,3.7,0.208,9.8,7.1,2.7,0.598,273,0.104,0.764,20.3
Eric Carter,Delaware Blue Hens,2018,33,869,330,121,204,88,134,0,1,272,71,53,17,25,60,95,201,62.74718588378461,0.2571867887760063,19.446238270684926,3.1,0.141,0.5,0.5,0,0.616,345,0.657,0.005,19.7
Felipe Haase,Southern Miss Golden Eagles,2023,33,1107,495,161,343,112,129,61,154,202,48,104,29,21,78,72,154,61.91214728837302,0.22256823750531046,19.444811187604415,5.1,0.185,4.9,4,0.9,0.612,484,0.376,0.449,21.8
Jaron Pierre Jr.,Jacksonville State Gamecocks,2025,36,1353,777,266,628,141,174,104,272,199,24,136,24,13,103,54,175,55.14079709322131,0.19821946420103392,19.441816063516395,5.1,0.15,3.3,4.1,-0.8,0.547,742,0.277,0.433,31.3
Max Strus,DePaul Blue Demons,2019,36,1310,705,232,541,128,152,113,311,207,39,77,33,17,70,103,168,57.988418766861884,0.21824460080916788,19.43758465032527,4.9,0.15,4.5,5.1,-0.6,0.575,638,0.281,0.575,25.2
Quan Jackson,UAB Blazers,2022,35,1008,415,160,332,81,116,14,57,205,38,70,80,15,64,59,167,54.171888053467,0.1449465673555322,19.435242475855418,NA,NA,NA,NA,NA,NA,NA,NA,NA,NA
Corey Davis Jr.,Houston Cougars,2019,37,1221,628,202,481,113,130,111,296,123,26,103,38,3,53,65,97,58.342623560014864,0.17615315220561584,19.42868959639189,6.6,0.218,9.3,6.7,2.6,0.579,574,0.27,0.615,24.5
Luke Hancock,Louisville Cardinals,2014,37,861,442,124,304,126,152,68,197,95,22,79,36,7,53,95,73,59.58800690250216,0.11092831675341433,19.42731651363209,4.9,0.228,8.5,5.3,3.2,0.587,415,0.5,0.648,24.1
Mason Nicholson,Jacksonville State Gamecocks,2025,36,931,270,114,177,42,79,0,0,268,91,14,16,60,18,59,177,63.75141669814886,0.12969364863673358,19.41595656304047,4.1,0.176,4.1,2.3,1.8,0.629,274,0.446,0,13
Michale Kyser,Louisiana Tech Bulldogs,2013,34,655,171,69,144,33,53,0,0,179,84,19,22,92,27,76,95,51.09968921826441,0.12243347851631094,19.393125038488137,2.8,0.168,4.8,-0.2,5,0.505,188,0.368,0,14.2
Seth LeDay,East Carolina Pirates,2019,31,722,319,120,227,79,118,0,1,169,63,44,42,24,69,79,106,57.18485587265165,0.1419946009689827,19.39068634007437,2.1,0.116,2,1,1,0.564,316,0.52,0.004,24.4
Antonio Daye,Florida International Panthers,2021,26,695,376,132,290,88,127,24,83,94,16,103,52,3,99,46,78,54.35411125245751,0.27643881360444383,19.385134806120444,1.8,0.102,-2.2,-0.8,-1.4,0.537,386,0.438,0.286,31.4
Jajuan Johnson,Marquette Golden Eagles,2016,33,757,326,123,241,55,69,25,65,103,24,63,51,8,49,48,79,60.067806603773576,0.16677610316449534,19.378000420838696,2.7,0.141,6.2,3.2,3,0.595,306,0.286,0.27,20.9
Andrew Taylor,Marshall Thundering Herd,2023,32,1169,645,253,607,56,70,83,228,151,38,149,67,0,95,54,113,50.564440263405466,0.20461222092115075,19.361264925426838,4.1,0.14,2.5,2.4,0.1,0.504,629,0.115,0.376,29.6
Cortez Edwards,Southern Miss Golden Eagles,2019,33,1082,427,171,375,59,82,26,75,193,44,103,67,25,50,42,149,51.93636275177581,0.20302384812686133,19.356513060706888,4.5,0.163,5.2,2.7,2.4,0.516,454,0.216,0.203,22.7
Samet Yigitoglu,SMU Mustangs,2026,34,981,363,155,247,53,107,0,1,267,121,53,17,43,59,111,146,61.71789989118608,0.1529406644270533,19.355254038228004,3.2,0.129,3.7,2.1,1.5,0.609,385,0.433,0.004,17.7
Markus Kennedy,SMU Mustangs,2016,30,647,259,110,216,37,66,2,4,177,59,61,20,34,48,66,118,52.84851452824029,0.11011127107112528,19.333612869553342,2.8,0.176,7.1,3.2,3.9,0.524,269,0.306,0.019,23.1
Sean Obi,Rice Owls,2014,30,791,342,140,237,62,114,0,0,279,74,24,15,22,59,91,205,59.54868366067697,0.21533499089393845,19.327047177990273,2.6,0.129,0.1,0.4,-0.3,0.587,314,0.481,0,24.4
Jacobi Boykins,Louisiana Tech Bulldogs,2018,33,1009,485,145,343,97,106,98,248,160,17,50,33,11,39,73,143,62.23693665948055,0.17156454414431163,19.32262581266244,4.4,0.175,5.8,5,0.8,0.616,425,0.309,0.723,21.7
Devonta Pollard,Houston Cougars,2016,32,951,449,156,326,136,182,1,2,181,59,51,29,20,50,76,122,55.28467297084318,0.15252255929709801,19.319023285102396,4,0.17,3.7,3.1,0.5,0.544,436,0.558,0.006,24.7
Jonathan Mogbo,Missouri State Bears,2023,32,735,241,103,175,35,81,0,0,209,75,43,38,34,50,65,134,57.20660843144702,0.19685933888125196,19.282563748844552,2.9,0.161,2.9,0.5,2.4,0.564,254,0.463,0,19.4
Kevin Cross,Tulane Green Wave,2023,31,963,445,163,347,104,125,15,51,200,26,127,19,23,71,85,174,55.348258706467654,0.15355695689757423,19.27578502988859,3,0.126,2.4,1.8,0.6,0.548,472,0.36,0.147,24.7
Keith Palek III,Missouri State Bears,2026,34,1113,587,192,460,163,230,40,157,217,49,121,33,11,90,76,168,52.29864575908767,0.1562098486764454,19.27459664806334,3.2,0.114,0.2,1.3,-1,0.516,587,0.5,0.341,30.3
Ryan Taylor,Marshall Thundering Herd,2014,33,796,397,136,286,106,151,19,66,224,62,30,22,19,57,111,162,56.32164340029509,0.20244180435144316,19.2698320556932,3.1,0.156,0.4,0.1,0.2,0.555,372,0.528,0.231,25.2
J.R. Cadot,TCU Horned Frogs,2012,33,998,375,123,244,111,162,18,57,231,96,45,49,16,50,70,135,59.47094646028928,0.26404091309893907,19.26499244707776,4,0.162,5.4,4.3,1.1,0.584,384,0.664,0.234,18.6
Steven Idlet,Tulsa Golden Hurricane,2011,32,816,361,126,239,109,153,0,0,196,54,31,28,28,53,96,142,58.92530686863411,0.1504764220268034,19.262149998976536,3.6,0.176,4.7,2,2.7,0.579,342,0.64,0,23.1
Maurice McNeil,Houston Cougars,2011,30,801,385,147,276,91,163,0,0,221,68,18,22,42,70,70,153,55.36063499367307,0.15519466397607987,19.260415954096075,2.5,0.125,0.3,0.4,-0.1,0.545,353,0.591,0,27.6
Tulio Da Silva,Missouri State Bears,2019,32,868,385,150,271,68,104,17,46,201,63,20,28,22,55,70,138,60.771562065917415,0.2842444937015471,19.25837251471356,3.4,0.155,1.7,2.1,-0.4,0.601,361,0.384,0.17,23.2
Jalen Cook,Tulane Green Wave,2022,29,810,431,145,338,89,112,52,133,59,17,84,38,2,49,55,42,55.644494939062184,0.18644553753211437,19.253579593730976,2.7,0.134,4.8,4.7,0,0.551,421,0.331,0.393,28.6
Jordan Nwora,Louisville Cardinals,2019,34,1084,577,198,444,104,136,77,206,260,40,44,32,12,80,70,220,57.260241346459196,0.23729281562528365,19.252521045338963,4.3,0.16,8.5,5.4,3.1,0.567,510,0.306,0.464,27.7
Kendall Timmons,Tulane Green Wave,2011,30,1082,509,176,396,135,210,22,56,249,62,98,58,17,88,80,187,52.10892710892712,0.20702746118354518,19.241829035424413,4.2,0.156,4,2.5,1.5,0.513,513,0.53,0.141,28.3
Keith Clanton,UCF Knights,2012,33,1085,480,176,382,89,152,39,116,266,98,61,34,59,79,92,168,53.46640527535199,0.22743359436387403,19.218046956922205,4.3,0.158,6,4.3,1.7,0.528,468,0.398,0.304,25.6
Marcos Knight,Middle Tennessee Blue Raiders,2013,34,899,429,155,347,101,146,18,57,196,50,86,38,13,66,79,146,52.15932302305223,0.22351892280156319,19.207148312936262,4.7,0.21,7.2,4.3,2.9,0.516,424,0.418,0.164,27.6
Ernest Udeh Jr.,TCU Horned Frogs,2025,32,797,197,71,112,55,92,0,0,226,93,35,43,38,33,65,133,64.59863588667366,0.21553566399897636,19.200375243734538,3.2,0.162,7.5,2.6,4.9,0.633,221,0.821,0,11.9
Nick Masterson,Kennesaw State Owls,2018,30,1102,474,167,301,67,77,73,135,84,22,96,25,4,44,59,62,70.77161968466316,0.45846211822328115,19.19389120248728,4,0.145,1.3,3.4,-2.1,0.703,429,0.252,0.449,16.9
Gerdarius Troutman,Florida Atlantic Owls,2017,30,535,283,92,220,27,36,72,169,41,9,28,10,3,10,26,32,59.9983039348711,0.08855758889151304,19.188594729971065,2.1,0.157,4.9,6.6,-1.8,0.597,240,0.164,0.768,22.9
Octavius Ellis,Cincinnati Bearcats,2016,33,835,323,117,214,89,139,0,0,248,94,38,26,50,72,96,154,58.69312400058148,0.13520458836079968,19.185519403319525,3.5,0.168,4.1,0.7,3.4,0.577,323,0.65,0,21.5
Jeriah Horne,Tulsa Golden Hurricane,2022,31,1051,499,170,383,93,111,66,159,214,37,47,40,21,61,56,177,57.77602815857724,0.21930456620150965,19.17628761272969,3.9,0.149,5.6,4.9,0.8,0.573,456,0.29,0.415,24.8
Cedrick Lang,UTEP Miners,2015,33,883,341,114,184,113,173,0,1,221,78,59,16,17,51,111,143,65.54667076733816,0.14978123826041273,19.175930123178762,4.5,0.203,4.3,2.7,1.6,0.642,355,0.935,0.005,19.2
Christian Cunningham,Jacksonville State Gamecocks,2018,36,777,252,109,165,34,71,0,0,234,84,15,24,57,48,92,150,64.20709335507541,0.13915403310482782,19.172231407405413,3.2,0.165,1.5,-0.7,2.2,0.634,241,0.43,0,16
Rob Gray,Houston Cougars,2016,32,690,417,150,345,69,98,48,140,57,11,38,30,5,36,54,46,53.72049881479954,0.11641952937142067,19.170620764728476,2.8,0.161,4.9,4.3,0.6,0.532,362,0.284,0.406,31.4
Kyvon Davenport,Memphis Tigers,2018,34,994,451,153,300,106,153,39,110,209,71,27,21,42,56,95,138,61.39061308940433,0.1782180561384789,19.169038137931423,3.8,0.153,3.7,3.4,0.2,0.605,409,0.51,0.367,22.2
Christian Cunningham,Jacksonville State Gamecocks,2017,35,907,280,117,191,46,76,0,0,275,100,36,20,59,46,98,175,62.377472821243984,0.19969154305982323,19.16857319883032,3.7,0.163,2.6,1.1,1.5,0.616,293,0.398,0,16
Randy Culpepper,UTEP Miners,2011,35,1261,674,227,521,154,203,66,204,102,22,107,71,10,82,85,80,55.21693537816227,0.17357501716810825,19.152657989636932,5.4,0.17,6.3,3.9,2.4,0.546,625,0.39,0.392,29.2
Isaiah Crawford,Louisiana Tech Bulldogs,2021,32,833,376,139,284,58,88,40,105,162,43,57,31,23,55,68,119,58.25483391175011,0.19709382903816366,19.144700438481213,3.8,0.184,5.7,3.3,2.4,0.577,359,0.31,0.37,22.6
Daniel Mullings,New Mexico State Aggies,2015,34,637,272,83,192,93,132,13,36,108,42,59,47,9,51,58,66,54.38259756877799,0.20599982946761583,19.13963737005889,3.2,0.201,6,2.7,3.3,0.534,281,0.688,0.188,25.4
Camryn Weston,Middle Tennessee Blue Raiders,2022,37,762,327,103,199,101,125,20,61,137,34,101,45,4,87,99,103,64.37007874015748,0.124469623722446,19.1300390666257,3.5,0.182,3.4,1.2,2.3,0.633,353,0.628,0.307,23.1
Dennis Tinnon,Marshall Thundering Herd,2012,35,1024,356,143,258,68,94,2,2,349,141,32,24,10,47,98,208,59.460181721004815,0.1924586743982512,19.12761601991688,4.4,0.172,4.3,4,0.3,0.588,360,0.364,0.008,16.9
Jarron Cumberland,Cincinnati Bearcats,2017,36,669,292,99,201,56,87,38,107,84,36,52,34,9,35,63,48,61.016382480775654,0.08088003575228035,19.123204656083434,3.3,0.2,8.3,4.6,3.7,0.602,275,0.433,0.532,21.4
Trae Broadnax,Rice Owls,2026,31,950,483,165,378,113,141,40,129,162,31,101,38,9,71,86,131,54.88137442050722,0.19206011646716767,19.122063958062625,3.2,0.136,2.3,2,0.3,0.543,474,0.373,0.341,26.9
Jon Davis,Charlotte 49ers,2019,29,1076,630,191,441,175,205,73,216,130,11,107,24,12,121,43,119,59.299698795180724,0.007661357093339611,19.114703232088768,3.4,0.128,2.9,4.3,-1.3,0.585,609,0.465,0.49,33.7
Josh Parrish,Rice Owls,2020,32,628,239,97,152,45,74,0,1,116,42,45,23,10,31,62,74,64.74859124403987,0.057988790071950076,19.10969588439479,2.4,0.154,1.8,1.8,-0.1,0.639,239,0.487,0.007,17.4
Nate Martin,Marshall Thundering Herd,2025,33,919,318,119,223,75,132,5,13,273,102,70,26,27,53,83,171,56.56752525971254,0.1633220014000189,19.10063411403488,3.3,0.146,1.2,0.7,0.5,0.557,351,0.592,0.058,18
Kentrell Barkley,East Carolina Pirates,2016,31,843,304,95,206,92,135,22,65,191,51,93,37,10,47,46,140,57.272042200452155,0.18080007579262322,19.098757127324543,3.3,0.152,5.9,4.1,1.8,0.567,334,0.649,0.322,19.3
Martins Igbanu,Tulsa Golden Hurricane,2020,31,825,421,142,253,134,194,3,9,156,48,26,17,9,65,67,108,62.21184537179335,0.172909879469081,19.084293668041084,3.7,0.181,3.3,2.6,0.8,0.61,385,0.767,0.036,26.3
Savion Flagg,Sam Houston Bearkats,2022,33,1068,596,226,518,70,136,74,211,262,74,70,31,10,81,55,188,51.57136923715907,0.3019488973183981,19.07272501274753,4.1,0.155,4.7,4.7,0,0.512,556,0.263,0.407,31.3
Ryan Daly,Delaware Blue Hens,2017,33,1072,511,189,445,71,104,62,183,238,67,66,27,8,39,66,171,52.06210775124297,0.3628199002631844,19.070778569295324,3.3,0.122,2.7,4.3,-1.6,0.517,489,0.234,0.411,26.2
Ja'Vier Francis,Houston Cougars,2024,37,763,223,93,144,37,70,0,0,192,83,9,34,59,29,99,109,63.78718535469107,0.10455598986601747,19.06984361114451,4,0.211,8.3,2.1,6.2,0.629,220,0.486,0,14
Fredrick Edmond,Western Kentucky Hilltoppers,2016,34,954,402,163,285,68,125,8,21,196,38,90,33,15,72,53,158,59.11764705882353,0.17212417617850811,19.046037098817127,2.9,0.123,3.2,2.4,0.8,0.584,395,0.439,0.074,21.7
Austin Crowley,Southern Miss Golden Eagles,2023,33,1074,528,188,406,82,110,70,195,135,23,87,63,14,80,77,112,58.098591549295776,0.19819672071934674,19.03164848277766,4.5,0.166,4.2,2.4,1.8,0.576,480,0.271,0.48,25.1
Ryan Taylor,Marshall Thundering Herd,2015,32,920,450,152,358,118,169,28,101,273,60,90,28,25,87,100,213,52.03996669442132,0.1539059946307397,19.027604662544032,3.1,0.135,2.8,1.7,1.1,0.512,453,0.471,0.284,27.9
Christian Ray,Delaware Blue Hens,2024,33,1004,301,120,206,57,85,4,21,289,87,77,27,18,38,77,202,61.83237469186524,0.22586213514538328,19.024122865180168,4.3,0.172,2.4,1.2,1.1,0.611,343,0.413,0.102,14.7
James Scott,Louisville Cardinals,2025,35,826,247,108,143,30,69,1,6,212,73,49,22,30,35,88,139,71.23904014766958,0.1439261447054652,19.007493789508512,3.7,0.179,7.7,3.2,4.5,0.703,259,0.483,0.042,12.7
Dezayne Mingo,Charlotte 49ers,2026,34,915,415,136,315,88,116,55,147,112,23,152,30,1,66,62,89,56.68779368375041,0.1807664212270222,19.00436251746065,3.1,0.137,3.1,3.8,-0.7,0.561,450,0.368,0.467,25.3
Desmond Bane,TCU Horned Frogs,2019,37,1315,563,215,428,65,75,68,160,211,49,89,42,20,49,86,162,61.06290672451193,0.24274673583667628,18.98699643703591,5.7,0.173,7.9,5.2,2.8,0.607,512,0.175,0.374,19.5
Joniah White,Louisiana Tech Bulldogs,2017,33,568,131,50,85,31,63,0,0,155,61,26,16,71,23,59,94,58.108587650816176,0.06503492124723752,18.985670227025334,2.5,0.178,4.1,0.1,4,0.57,157,0.741,0,12
Zawdie Jackson,Florida International Panthers,2026,32,902,376,107,239,133,153,29,77,78,19,96,40,1,42,52,59,61.373726821624444,0.11380124325150305,18.985503694058323,3.4,0.151,1.3,1,0.2,0.603,377,0.64,0.322,18.4
Baba Miller,Florida Atlantic Owls,2025,34,1018,384,141,290,63,98,39,114,237,51,92,27,58,65,83,186,57.636887608069166,0.1544579587176162,18.972216603629125,3.2,0.127,4.9,2.6,2.2,0.57,389,0.338,0.393,19.5
Dayvion McKnight,Western Kentucky Hilltoppers,2023,33,1097,544,199,436,127,151,19,56,165,52,125,59,3,110,73,113,54.13581721200541,0.15344645914714797,18.965159018162947,3.3,0.122,1.8,1.3,0.5,0.536,566,0.346,0.128,29.1
Michale Kyser,Louisiana Tech Bulldogs,2015,36,1022,311,127,210,57,94,0,0,236,79,15,23,102,29,96,157,61.86346276257161,0.14540982448624434,18.964932065351107,4.5,0.174,4.1,1.1,2.9,0.611,298,0.448,0,14.1
Anas Mahmoud,Louisville Cardinals,2017,34,580,176,76,122,24,52,0,0,124,47,26,27,65,35,82,77,60.739922694643845,0.09135585158971074,18.960046825742616,2.4,0.167,10.1,2.2,7.9,0.6,177,0.426,0,15.4
Devon Saddler,Delaware Blue Hens,2014,35,1036,552,190,433,125,176,47,128,119,30,101,24,7,61,61,89,54.0709975707233,0.2712678845549226,18.957385674831578,3.3,0.127,2.3,3.8,-1.4,0.534,542,0.406,0.296,27.2
Jaylen Johnson,Louisville Cardinals,2017,34,696,271,106,180,55,88,4,7,196,91,18,16,17,44,82,105,61.95135332845647,0.11425117132276981,18.957109785748152,3.1,0.179,5.7,3.3,2.4,0.611,272,0.489,0.039,18.7
Michael Kessens,Florida International Panthers,2017,31,877,375,152,269,67,97,4,17,260,72,33,26,16,70,91,188,60.15785420944558,0.22939774893889076,18.94381983512985,2.8,0.128,0.5,1.5,-1,0.595,364,0.361,0.063,23
Nate Darling,Delaware Blue Hens,2020,33,1223,672,218,489,129,151,107,268,126,14,90,25,7,89,54,112,60.49258245715108,0.2699536576666335,18.9435273168381,4.6,0.151,2,4.2,-2.2,0.599,621,0.309,0.548,27.7
Jaron Pierre Jr.,SMU Mustangs,2026,34,1128,599,222,481,75,99,80,216,167,25,71,33,15,63,63,142,57.09547048955316,0.18856390436693032,18.937063917387114,3.4,0.122,5,4.1,0.9,0.567,527,0.206,0.449,25.4
Aaron Bradshaw,Memphis Tigers,2026,32,547,250,90,168,61,79,9,27,123,68,16,15,16,42,88,55,61.64924048135727,0.08023729183822459,18.93675262071614,1.7,0.125,1.2,0.7,0.5,0.608,242,0.47,0.161,21.3
Justin Gorham,Houston Cougars,2021,32,861,259,92,186,58,86,17,48,266,120,38,25,14,25,70,146,57.853824160114364,0.15964863248963154,18.935184102714725,5,0.234,7.7,5.4,2.3,0.571,289,0.462,0.258,14.5
Torry Butler,Sam Houston Bearkats,2017,34,666,236,97,188,35,57,7,30,216,59,33,28,26,31,89,157,55.37826168575183,0.2160255535743762,18.931291688788306,2.7,0.164,1,-0.9,1.8,0.549,233,0.303,0.16,17.5
Aurimas Majauskas,Sam Houston Bearkats,2017,34,604,290,114,194,52,75,10,21,120,50,36,12,8,41,107,70,63.87665198237885,0.2273457169189694,18.912788942625156,2.6,0.169,-0.4,-0.1,-0.3,0.631,267,0.387,0.108,21.2
Brett Decker Jr.,Liberty Flames,2026,34,1141,575,197,395,67,79,114,242,87,7,37,14,6,25,34,80,66.89780342516754,0.13881262858980897,18.90433455803512,4,0.139,1.4,4.7,-3.3,0.665,464,0.2,0.613,22.8
Kyan Anderson,TCU Horned Frogs,2014,31,1082,527,161,342,159,187,46,113,75,9,139,43,1,90,54,66,62.10521353822948,0.40012765896041047,18.90272551900866,3.3,0.125,4.7,4,0.7,0.612,517,0.547,0.33,26
Malik Williams,Louisville Cardinals,2019,34,618,261,86,205,61,87,28,88,208,63,9,9,40,31,84,145,53.64189411377836,0.1183771445125018,18.88629357483035,2.6,0.171,5.9,2.5,3.4,0.53,254,0.424,0.429,22.8
Demond Robinson,Kennesaw State Owls,2022,31,627,274,110,196,51,81,3,8,148,59,17,21,18,49,51,89,59.14349853220515,0.15686942429311948,18.882112251759384,2.1,0.132,-2.1,-0.3,-1.8,0.584,260,0.413,0.041,23
Tyler Stevenson,Southern Miss Golden Eagles,2020,31,853,397,161,289,75,110,0,0,204,52,32,15,14,49,75,152,58.832246591582695,0.1703610548143811,18.879064500645505,2.8,0.133,0.5,0.9,-0.5,0.582,357,0.381,0,23.4
Jarrey Foster,SMU Mustangs,2018,33,616,251,97,208,37,53,20,62,113,53,51,14,23,28,36,60,54.253847484004844,0.16403008653010007,18.878381719292364,2.5,0.165,5.4,4.4,1,0.538,257,0.255,0.298,22.5
Sterling Brown,SMU Mustangs,2017,35,1143,470,161,351,87,110,61,136,227,55,105,50,19,68,91,172,58.83825738607912,0.1729758751358145,18.87722066604616,6,0.211,8.9,4.8,4,0.583,463,0.313,0.387,21.9
Don McHenry,Western Kentucky Hilltoppers,2024,34,945,514,194,421,79,92,47,130,116,19,81,32,2,68,61,97,55.69038744907688,0.13864479129897117,18.87717506623772,3.3,0.14,1.2,1.5,-0.3,0.553,482,0.219,0.309,26.2
Christion Thompson,Tulane Green Wave,2020,30,1012,423,136,304,126,183,25,92,189,34,84,58,15,51,85,155,55.00364090294393,0.20106977151059305,18.871532028983538,3.9,0.154,4.6,2.9,1.7,0.541,428,0.602,0.303,22.6
George Fant,Western Kentucky Hilltoppers,2014,32,916,412,149,281,114,208,0,0,206,89,27,27,27,52,97,117,55.29904434661227,0.5625136640348593,18.853167885324464,3.5,0.154,1.2,0.6,0.6,0.542,393,0.74,0,23.9
Igor Milicic Jr.,Charlotte 49ers,2024,31,998,397,130,267,81,99,56,149,262,45,53,22,35,61,77,217,63.916795466254506,0.21368941366583724,18.845912215869763,4.1,0.166,5.4,3.7,1.7,0.632,375,0.371,0.558,21.1
Josiah Parker,Florida Atlantic Owls,2026,33,698,307,121,238,61,99,4,25,192,56,37,19,8,42,59,136,54.51768717147322,0.1318974075932282,18.839612874113477,2.3,0.13,1.6,0.8,0.8,0.539,304,0.416,0.105,22.8
Boopie Miller,SMU Mustangs,2025,35,818,369,129,311,80,98,31,91,80,10,155,44,8,62,59,70,52.10098271772281,0.18230553747914655,18.837931409865817,NA,NA,NA,NA,NA,NA,NA,NA,NA,NA
Rakeem Buckles,Florida International Panthers,2014,31,932,426,150,334,99,137,27,85,266,83,23,33,42,71,109,183,54.02252206553718,0.14499095812796378,18.822572365367673,3.2,0.138,-0.8,-0.3,-0.5,0.534,407,0.41,0.254,25.7
Jordan Goodwin,Saint Louis Billikens,2020,31,1113,479,191,404,77,143,20,71,321,103,97,64,7,96,88,218,51.29358348325195,0.28057873079238543,18.801319274306163,4.4,0.157,5.3,2.9,2.4,0.507,493,0.354,0.176,25.2
Tyrone Marshall Jr.,Western Kentucky Hilltoppers,2024,34,833,299,118,240,34,46,29,78,154,29,75,50,36,53,60,125,57.44697202582232,0.13274332977565398,18.80131170160154,3.1,0.147,4.5,1.2,3.3,0.571,304,0.192,0.325,17.4
Kevin Kalu,UTEP Miners,2025,33,708,254,96,158,62,92,0,1,181,57,10,19,19,21,68,124,63.98629584844821,0.11982333817956167,18.772782624446613,2.9,0.165,0.3,1,-0.7,0.63,243,0.582,0.006,16
Christopher Galbreath Jr.,Sam Houston Bearkats,2018,36,1004,532,219,464,77,115,17,51,287,94,45,23,21,79,101,193,51.69063350174893,0.2518659771121914,18.756740017436993,3.3,0.13,-0.8,0.3,-1.1,0.513,490,0.248,0.11,29.4
Jayden Brewer,Florida International Panthers,2024,33,578,281,106,219,61,113,8,31,104,34,28,25,14,34,43,70,52.2849062220899,0.05786497287836909,18.756447902878747,1.4,0.095,-1.6,0.1,-1.7,0.515,263,0.516,0.142,25.7
DeJuan Wright,Florida International Panthers,2012,29,795,368,123,252,102,137,20,51,173,56,42,30,8,66,69,117,58.9214807224286,0.20516574849280608,18.755686814553364,3.1,0.154,2.8,3.5,-0.6,0.58,356,0.544,0.202,25.5
Elijah Jones,UTEP Miners,2026,31,871,406,156,326,45,65,49,127,168,52,16,19,35,32,74,116,57.24760293288212,0.030301245173250554,18.754755367260067,2.8,0.127,1.3,2.3,-1,0.569,359,0.199,0.39,23.4
Terry Rozier,Louisville Cardinals,2015,36,1260,615,214,521,139,176,48,157,200,43,108,72,6,79,62,157,51.383597353118105,0.2988875446934663,18.743700002949204,6,0.191,9.4,4.8,4.6,0.509,591,0.338,0.301,27.8
Owen Aquino,Liberty Flames,2025,35,862,302,119,204,59,92,5,21,193,53,73,27,39,51,86,140,61.76374345549739,0.10846209477383212,18.722671272259646,4.1,0.191,3.3,0,3.3,0.61,330,0.451,0.103,18.9
Alandise Harris,Houston Cougars,2012,30,894,399,144,278,100,151,11,25,193,66,35,21,40,61,85,127,57.92010219486703,0.12907619538716145,18.708717612867215,3.1,0.14,2.5,2.6,-0.1,0.57,378,0.543,0.09,23.1
Chris Harris Jr.,Houston Cougars,2020,31,538,124,52,81,20,32,0,0,148,80,8,8,61,20,60,68,65.20824568784181,0.09052442129483508,18.70598163654767,2.5,0.187,7.8,3.1,4.7,0.644,137,0.395,0,10.7
Carl Baptiste,Delaware Blue Hens,2014,35,965,389,161,281,67,95,0,0,278,85,14,11,50,56,119,193,60.254027261462205,0.18029942659421194,18.699073764991976,3.3,0.135,0,0.1,-0.1,0.596,378,0.338,0,19.3
Sion James,Tulane Green Wave,2024,31,1142,434,148,288,95,139,43,113,166,30,84,50,23,37,81,136,62.14915797914996,0.17692434536565615,18.692819221266777,3.9,0.136,3.8,3,0.8,0.613,431,0.483,0.392,17.1
Umoja Gibson,DePaul Blue Demons,2023,33,1133,523,168,396,98,113,89,214,91,19,154,61,5,85,82,72,58.66911962667145,0.24133096524257674,18.687802188149142,3.4,0.12,5.3,4.4,0.9,0.582,529,0.285,0.54,23.9
Jacob Evans,Cincinnati Bearcats,2018,36,1109,468,161,377,86,114,60,162,170,50,113,47,35,63,72,120,54.78041015076318,0.17742720539814236,18.687481268996326,5.9,0.213,9.9,4.7,5.2,0.543,461,0.302,0.43,22.5
Nate Hinton,Houston Cougars,2020,31,938,328,107,261,68,90,46,119,270,84,63,43,5,38,68,186,54.55755156353958,0.18803474072773005,18.679389413931982,4.9,0.21,9.3,5.6,3.7,0.54,339,0.345,0.456,17.9
Christian Bliss,Delaware Blue Hens,2026,31,1233,518,156,368,139,164,67,171,161,23,184,55,3,96,76,138,58.84223918575064,0.19133473672237516,18.672410690775095,3.7,0.12,0.8,1.7,-0.8,0.581,580,0.446,0.465,25
Sean Smith,Middle Tennessee Blue Raiders,2026,32,741,297,113,249,41,54,30,83,73,26,111,40,15,48,54,47,54.443466783985926,0.09555737097394267,18.6719670166484,2.5,0.134,3.4,2.3,1.1,0.541,323,0.217,0.333,22.3
John Bohannon,UTEP Miners,2012,32,822,355,138,236,79,108,0,4,225,53,52,19,28,79,99,172,62.605812641083524,0.1403723385292953,18.661735047410414,3.3,0.163,4.4,1.7,2.7,0.618,336,0.458,0.017,25.2
Malik Williams,Louisville Cardinals,2022,32,679,257,97,213,38,58,25,82,215,48,26,34,18,37,53,167,53.87388898205601,0.23605657032562516,18.64053275499076,2.4,0.139,6.1,3.2,2.9,0.534,249,0.272,0.385,21.1
LaDavius Draine,Southern Miss Golden Eagles,2019,33,755,360,126,262,31,40,77,165,118,28,17,13,2,13,71,90,64.37768240343347,0.1106734786836498,18.638695441730135,3.6,0.187,4,5,-1,0.645,303,0.156,0.625,20.9
Jaron Johnson,Louisiana Tech Bulldogs,2014,37,794,338,115,226,77,108,31,98,131,63,27,23,12,31,74,68,61.78707224334601,0.0919117648763496,18.63568062504948,3.8,0.192,4.8,3.4,1.4,0.609,315,0.478,0.434,18.3
Chris Cenac Jr.,Houston Cougars,2026,37,920,352,143,295,36,58,30,90,291,83,27,28,18,33,86,208,54.91076999875203,0.1608747133726234,18.631658004795014,4.3,0.189,7.5,3.7,3.8,0.546,336,0.197,0.305,19.9
Daveon Boardingham,Southern Miss Golden Eagles,2014,35,785,350,120,212,110,166,0,0,167,79,21,18,33,59,108,88,61.39489194499017,0.09904654161451577,18.61833506276181,3.8,0.187,1.8,0.9,0.8,0.612,348,0.771,0,23.2
Alex Hamilton,Louisiana Tech Bulldogs,2013,34,597,264,82,195,88,122,12,46,74,16,93,35,8,57,29,58,53.08026379282612,0.11995624468081889,18.612261515295543,2.5,0.169,4.7,2.1,2.6,0.522,279,0.626,0.236,24.8
Tyree Griffin,Southern Miss Golden Eagles,2019,33,1116,444,160,368,71,97,53,140,107,14,226,63,2,86,53,93,54.05668647121846,0.1930561575344477,18.61097767511981,4.6,0.163,3.2,2.7,0.6,0.535,529,0.264,0.383,23.9
Peter Filipovity,New Mexico State Aggies,2025,32,795,379,136,301,92,138,15,64,239,69,37,26,0,58,59,170,52.38858785801172,0.18850585578603749,18.59961780699431,2.9,0.145,3.5,2.6,0.8,0.517,368,0.458,0.213,27
J.R. Cadot,TCU Horned Frogs,2011,33,811,262,108,164,43,78,3,10,193,80,34,33,14,29,90,113,66.05486083098023,-0.41290675909916535,18.599311617057612,3.3,0.162,4.2,2.7,1.5,0.652,261,0.476,0.061,14.7
Rowan Brumbaugh,Tulane Green Wave,2025,34,1188,528,164,397,138,169,62,173,135,18,164,53,5,76,65,117,56.0081466395112,0.18876717761796294,18.59876502400372,4.2,0.142,2.6,2.4,0.3,0.553,548,0.426,0.436,24.2
Kenyon McNeail,Louisiana Tech Bulldogs,2014,37,830,406,122,290,74,91,88,218,87,16,36,37,3,30,69,71,61.50769603684402,0.10226075982921118,18.58437938782815,4.1,0.198,6.2,4,2.1,0.609,342,0.314,0.752,20.6
Darius Thompson,Western Kentucky Hilltoppers,2018,38,1354,517,177,382,109,148,54,152,159,23,181,58,18,66,69,136,57.81445696904633,0.16167261462982044,18.58150508434148,5.5,0.161,6.3,4.1,2.3,0.572,551,0.387,0.398,19.2
Nick Masterson,Kennesaw State Owls,2017,32,953,401,143,287,29,34,86,159,73,26,96,26,3,37,59,47,66.39952311564447,0.21863075615082975,18.577106182989155,3.5,0.146,2.8,4.2,-1.4,0.661,370,0.118,0.554,17.3
Ben Moore,SMU Mustangs,2017,35,1131,399,159,284,80,128,1,5,272,91,84,31,38,57,93,181,58.6212976022567,0.1776321858227517,18.573759362156284,5.7,0.201,7.3,3.6,3.7,0.579,415,0.451,0.018,18.8
Ibrahima Diallo,UCF Knights,2024,33,610,201,75,138,51,91,0,0,180,66,13,23,57,42,77,114,56.44798921590654,0.11195214659175588,18.569845823588427,2.2,0.143,4.3,-0.2,4.6,0.555,205,0.659,0,18
C.J. Burks,Marshall Thundering Herd,2019,37,1240,654,247,517,94,122,66,185,144,22,109,66,6,111,85,122,57.30006308263826,0.15923092068157427,18.562058746101584,3.1,0.1,0,1.1,-1.1,0.569,617,0.236,0.358,26.1
Andrien White,Charlotte 49ers,2017,30,671,329,102,247,66,88,59,148,117,22,30,42,11,48,66,95,57.57384852302954,0.10477662222473469,18.545277257894256,1.9,0.108,1.8,1.7,0.1,0.57,306,0.356,0.599,23.8
Shaq Goodwin,Memphis Tigers,2015,32,803,299,112,206,70,109,5,18,221,80,49,20,35,61,71,141,58.86753819499133,0.15358607976524188,18.533184055915164,3.2,0.162,5.1,2.9,2.2,0.58,299,0.529,0.087,20.3
C.J. Burks,Marshall Thundering Herd,2018,36,1256,702,260,551,96,108,86,236,144,18,107,36,4,108,74,126,58.644656820156385,0.16833022553730637,18.52908924858829,3.4,0.107,0.4,1.7,-1.3,0.583,642,0.196,0.428,26.9
Justyn Mutts,Delaware Blue Hens,2020,33,1049,401,162,301,75,102,2,18,276,66,72,44,34,82,110,210,57.96808141551983,0.20120664008663874,18.512442034824165,3.7,0.143,0.9,-0.1,1,0.574,424,0.339,0.06,21.6
Darius Johnson-Odom,Marquette Golden Eagles,2012,35,1120,623,210,470,126,165,77,200,119,22,93,32,4,80,68,97,57.40877257648359,0.20156081257066608,18.51227935817746,4.7,0.167,6.8,5.3,1.5,0.568,551,0.351,0.426,27.2
Brandon Johnson,East Carolina Pirates,2024,33,1077,435,144,343,82,111,65,178,268,78,49,52,16,53,67,190,55.50734993875051,0.2276838042226515,18.50181184220345,3.9,0.144,3.7,3.1,0.7,0.55,418,0.324,0.519,21.5
Michael Weathers,SMU Mustangs,2022,33,831,341,116,247,91,114,18,45,184,36,67,49,45,83,83,148,57.37649750975905,0.13748023023005357,18.494048646248626,3.2,0.153,6.1,1.4,4.7,0.566,342,0.462,0.182,23.5
Kendric Davis,SMU Mustangs,2020,30,905,370,127,283,88,103,28,90,107,16,173,30,3,64,59,91,56.347465886939574,0.18437618950325227,18.48322854703819,4,0.177,4.4,4.4,0,0.557,416,0.364,0.318,22.7
Cameron Delaney,Sam Houston Bearkats,2019,33,1041,441,145,311,74,90,77,177,181,52,67,30,15,51,69,129,62.892184826012546,0.21060349686077423,18.474450595288925,4.4,0.168,3,3.6,-0.6,0.623,405,0.289,0.569,19.6
Akeem Richmond,East Carolina Pirates,2013,31,636,345,105,260,40,47,95,227,55,6,33,17,2,28,27,49,61.45788798631894,0.08755721064426138,18.473953003841938,2.6,0.15,4.8,6.7,-1.9,0.6,311,0.166,0.847,24.7
Joe Jackson,Memphis Tigers,2013,36,1175,490,168,324,116,159,38,85,120,17,173,60,7,102,73,103,62.18905472636816,0.19856964724399123,18.467991817438623,5.2,0.175,5.5,3,2.5,0.613,497,0.491,0.262,20.9
Devon Andrews,Florida International Panthers,2020,32,871,470,170,400,81,133,49,144,148,35,62,45,13,66,82,113,51.251853790456245,0.10109427098270635,18.441518939963565,2.8,0.13,1.2,1.3,-0.1,0.507,441,0.333,0.36,28.7
Pierria Henry,Charlotte 49ers,2015,32,1003,327,107,266,92,116,21,76,166,43,172,76,22,79,81,123,51.57077971233913,0.19768724907188595,18.430520250241763,3.6,0.145,6.3,3.1,3.1,0.509,399,0.436,0.286,20.1
Chris Youngblood,Kennesaw State Owls,2022,31,925,417,151,317,45,57,70,173,157,51,31,27,14,42,66,106,60.95065481758654,0.20697387015196697,18.414516913880657,3.6,0.156,1.9,3.6,-1.6,0.606,371,0.18,0.546,21.2
Marquez Letcher-Ellis,Rice Owls,2016,32,690,326,110,214,98,152,8,41,159,50,21,25,36,60,101,109,58.03189974366278,0.08375792946722233,18.406683667027547,1.7,0.098,-3.3,-1.8,-1.5,0.57,311,0.71,0.192,24.9
Cameron Moore,UAB Blazers,2011,31,945,391,154,326,59,89,24,72,261,57,26,19,41,42,44,204,53.53817504655494,0.2247393676645012,18.40118150572316,NA,NA,NA,NA,NA,NA,NA,NA,NA,NA
Kevin Samuel,TCU Horned Frogs,2019,37,908,274,121,182,32,73,0,1,257,101,21,21,77,52,103,156,63.982813375677196,0.14951550775437125,18.396325979880906,3.3,0.146,5.2,1.4,3.8,0.632,271,0.401,0.005,14.8
Kouat Noi,TCU Horned Frogs,2018,33,726,335,118,238,40,66,59,136,128,37,24,21,3,28,62,91,62.72468544038345,0.1053196162454987,18.3913796094783,2.6,0.145,6.1,5.3,0.7,0.622,284,0.277,0.571,20.3
Chris Braswell,Charlotte 49ers,2013,33,784,380,132,284,103,138,13,51,175,66,46,24,24,74,82,109,55.11719656532838,0.10205242900555615,18.390293226541385,2.8,0.143,3.9,2.8,1.2,0.544,367,0.486,0.18,26.7
Tarik Black,Memphis Tigers,2011,35,792,318,122,231,74,126,0,0,176,96,12,27,56,47,113,80,55.50900712191035,0.07588580328946903,18.384887136630482,2.8,0.143,2.1,0.5,1.6,0.547,306,0.545,0,20.9
Vianney Salatchoum,Florida International Panthers,2025,33,704,310,130,254,46,69,4,9,152,61,17,16,57,55,73,91,54.508369672246445,0.08550721039745196,18.37439908076376,1.8,0.1,-2.6,-2.9,0.2,0.54,286,0.272,0.035,24
Arturo Dean,Florida International Panthers,2024,33,892,415,166,397,56,87,27,89,159,32,124,104,5,114,76,127,47.670464988053666,0.14441719934366604,18.37285252939495,1.5,0.066,0.2,-1.5,1.6,0.473,437,0.219,0.224,29.9
Demarkus Lampley,Sam Houston Bearkats,2021,28,831,409,139,307,54,64,77,193,107,17,30,27,5,31,41,90,61.015634323905,0.09729662507733092,18.367940738833926,3.8,0.183,3.3,3.8,-0.5,0.606,345,0.208,0.629,20.5
Jameer Nelson Jr.,TCU Horned Frogs,2024,34,846,381,129,297,90,122,33,108,88,7,112,70,15,78,69,81,54.32302954260294,0.12310234412124876,18.339485368573065,2.9,0.134,6,1.6,4.4,0.537,375,0.411,0.364,24.5
Speedy Smith,Louisiana Tech Bulldogs,2014,37,1093,279,93,220,55,84,38,104,135,25,278,90,3,86,79,110,54.288605230386054,0.16677055579684932,18.339371727869118,4.9,0.179,6.9,2.4,4.5,0.537,399,0.382,0.473,14.9
Jalen Jones,SMU Mustangs,2013,32,1036,449,165,326,111,152,8,23,247,107,32,39,23,71,111,140,57.14212991244146,0.18878795481873656,18.329843072460097,4.4,0.169,1.8,2,-0.2,0.564,435,0.466,0.071,24.2
Obinna Anochili-Killen,Marshall Thundering Herd,2024,33,917,432,146,329,110,165,30,92,176,45,49,29,31,48,86,131,53.78486055776892,0.16222520239433874,18.327296249645,2.6,0.114,-0.2,-0.2,0,0.53,399,0.502,0.28,23.3
Anas Mahmoud,Louisville Cardinals,2018,36,841,245,109,198,27,58,0,0,181,62,36,29,104,46,67,119,54.80493915533285,0.12747421625240202,18.325728418258123,2.7,0.128,6.7,1.1,5.6,0.543,254,0.293,0,16.3
Egor Koulechov,Rice Owls,2016,32,1101,535,175,420,105,122,80,233,224,48,43,28,6,45,69,176,56.47272420199291,0.221800294240253,18.32553817980375,3.1,0.114,0.6,3.6,-3,0.56,492,0.29,0.557,23.6
Javonte Perkins,Saint Louis Billikens,2020,31,845,465,153,345,119,155,40,114,107,35,22,24,9,36,83,72,56.268151016456926,0.15684771777760181,18.324806404774403,4,0.19,5.1,4.1,1,0.555,402,0.449,0.33,26.5
Trejon Jacob,Florida International Panthers,2020,32,790,337,118,250,45,65,56,146,142,24,51,49,5,58,50,118,60.48097631012204,0.1272830628704572,18.32343553875286,2.9,0.147,3,2.4,0.6,0.6,309,0.26,0.584,20.2
Brandon Young,DePaul Blue Demons,2012,31,944,451,162,383,91,119,36,128,82,17,147,49,3,75,41,65,51.79621462697538,0.2219690330643225,18.323036243363653,2.5,0.106,3.4,3.8,-0.5,0.513,464,0.311,0.334,25.9
Ivan Aurrecoechea,New Mexico State Aggies,2020,31,749,353,136,235,78,120,3,9,175,62,29,10,6,61,68,113,61.3273106323836,0.1429408271826705,18.312198244409963,3.5,0.185,-0.3,0.5,-0.8,0.604,326,0.511,0.038,24.9
B.J. Tyson,East Carolina Pirates,2015,33,798,413,143,312,108,150,19,63,129,45,46,26,3,51,55,84,54.629629629629626,0.14743207531815017,18.299142040992507,2.8,0.139,2.2,3.7,-1.5,0.539,382,0.481,0.202,29.8
Ty Brewer,UAB Blazers,2023,39,765,297,122,245,32,39,21,54,162,69,17,32,15,28,57,93,56.64479707049129,0.08584673022242267,18.290967585418972,NA,NA,NA,NA,NA,NA,NA,NA,NA,NA
Samir Sehic,Tulane Green Wave,2019,31,853,383,139,307,72,101,33,109,238,68,24,18,20,43,77,170,54.490097882995684,0.2002996045089342,18.286589373994353,2.3,0.106,1,1.6,-0.6,0.54,350,0.331,0.357,22.8
Alex Hamilton,Louisiana Tech Bulldogs,2015,36,1098,530,170,395,156,209,34,119,119,28,94,62,9,76,63,91,54.419254148184656,0.15594475056114077,18.27913301972054,4.3,0.155,3.4,2.1,1.3,0.536,510,0.529,0.301,26.5
Reggie Scurry,Middle Tennessee Blue Raiders,2019,32,846,364,141,252,80,120,2,5,193,95,25,19,18,63,84,98,59.71128608923885,0.04195871979629835,18.271045226346565,2.8,0.13,0.5,1.4,-0.9,0.59,355,0.474,0.02,21.4
Moustapha Thiam,UCF Knights,2025,37,978,353,140,281,50,75,23,79,218,90,25,16,88,45,94,128,56.21019108280255,0.1387068932109274,18.270176563714355,2.5,0.104,4,1.8,2.2,0.557,343,0.267,0.281,17.6
Elijah Pittman,Marshall Thundering Herd,2013,32,1032,516,169,348,113,161,65,175,135,50,50,24,24,77,70,85,61.5987011746729,0.05238623089625893,18.266983954903704,3.4,0.132,4,5,-1,0.608,449,0.463,0.503,23.4
Eric Dibami,Florida International Panthers,2026,32,869,279,109,207,61,117,0,1,223,97,41,43,43,47,97,126,53.96935933147632,0.07879842522927075,18.265650190693137,2.5,0.118,0.6,-0.7,1.2,0.531,301,0.565,0.005,16.7
Marvin King-Davis,Delaware Blue Hens,2016,29,899,414,150,336,114,154,0,1,257,90,31,6,16,44,81,167,51.268080047553,0.2601976380818901,18.25411714660536,2.4,0.102,-0.7,1.8,-2.5,0.506,422,0.466,0.006,25.6
Devin Williams,Florida Atlantic Owls,2026,33,785,246,101,198,29,43,15,49,171,74,44,6,85,42,62,97,56.70293195648165,0.10652428838118719,18.248959301095418,2.5,0.128,3.7,0.8,2.9,0.563,266,0.217,0.247,16.1
David DeJulius,Cincinnati Bearcats,2023,36,1170,534,191,456,95,111,57,170,82,13,192,40,1,61,43,69,52.88804373662942,0.15025863425147284,18.24326186649456,4.7,0.161,4.7,3.8,0.8,0.525,562,0.243,0.373,24
Marcos Knight,Middle Tennessee Blue Raiders,2012,34,940,401,154,319,75,123,18,61,176,58,95,44,15,71,86,118,53.736063464837045,0.1673100367409819,18.23234794227278,4,0.172,4.7,2.9,1.8,0.531,408,0.386,0.191,24.6
Kenny Hunter,Louisiana Tech Bulldogs,2023,33,663,199,90,142,19,30,0,0,167,72,7,24,32,23,73,95,64.11082474226805,0.12501368669490673,18.220528191176747,2.7,0.161,2.5,1.3,1.3,0.637,196,0.211,0,13.8
Cleveland Melvin,DePaul Blue Demons,2012,31,995,541,219,489,87,137,16,70,229,76,24,25,34,69,59,153,49.246286047189045,0.23939813676793523,18.214686595305757,2,0.081,-0.3,1.8,-2,0.488,487,0.28,0.143,29.8
Feron Hunt,SMU Mustangs,2020,30,846,330,132,237,52,70,14,51,201,60,30,22,25,47,59,141,61.61314413741598,0.15774873159317102,18.21465675791064,3.3,0.155,3.9,3.4,0.5,0.611,301,0.295,0.215,19.4
Nysier Brooks,Cincinnati Bearcats,2019,35,803,282,99,185,84,133,0,0,221,94,14,13,51,31,114,127,57.90078843626807,0.10600197398400968,18.208791389664043,3.8,0.189,4.2,1.2,2.9,0.568,283,0.719,0,17.9
Obediah Church,Missouri State Bears,2018,33,762,215,89,135,37,66,0,1,180,76,40,17,60,45,72,104,65.53279687881005,0.15629877729322875,18.201521836363817,2.9,0.153,4,1.3,2.7,0.646,228,0.489,0.007,14.2
Dwayne Evans,Saint Louis Billikens,2014,34,1005,475,168,340,134,179,5,18,222,66,42,41,20,82,96,156,56.71506352087115,0.20259185677841723,18.20035484588062,4.3,0.17,3.9,0.8,3.2,0.559,445,0.526,0.053,26.1
Jordair Jett,Saint Louis Billikens,2014,34,1073,471,169,345,126,210,7,37,137,32,164,51,18,97,63,105,53.84087791495199,0.2251559388268902,18.184588016591057,4.3,0.16,6.3,2.7,3.6,0.53,499,0.609,0.107,26.1
Royce Parham,Marquette Golden Eagles,2026,32,893,387,143,274,67,103,34,102,152,58,29,22,25,42,61,94,60.59751972942503,0.1741230141359708,18.183239070448646,2.6,0.115,3.9,2.9,1,0.599,347,0.376,0.372,20.2
B.J. Edwards,SMU Mustangs,2025,35,1032,346,127,281,63,88,29,85,164,37,129,83,8,64,41,127,54.109846115350926,0.17478665885907907,18.18004522343665,3.7,0.145,7,2.2,4.8,0.536,378,0.313,0.302,18.5
Grant Newell,Western Kentucky Hilltoppers,2026,32,829,416,128,321,102,134,58,162,145,37,31,14,15,31,61,108,54.7426044846826,0.08334063400612719,18.16997366123718,2.7,0.129,1.1,1.9,-0.8,0.541,374,0.417,0.505,23.9
Aziz Bandaogo,Cincinnati Bearcats,2024,37,693,191,68,106,54,99,1,2,216,66,17,17,49,28,76,150,63.85397165017385,0.13774417830022448,18.169084982519745,2.9,0.167,6.2,1.6,4.6,0.624,193,0.934,0.019,12.8
Robert Carpenter,New Mexico State Aggies,2025,32,696,324,121,307,31,45,51,168,186,64,16,16,23,22,67,122,49.57160342717258,0.12757211799781454,18.16710497251164,2.7,0.155,3.1,3.2,-0.1,0.493,301,0.147,0.547,25.4
Chane Behanan,Louisville Cardinals,2013,40,1018,381,152,300,76,139,1,12,254,115,42,54,16,62,68,139,52.7467050614686,0.13635389327792496,18.159577733901788,4.7,0.185,7.5,4.1,3.5,0.52,385,0.463,0.04,21.1
Tevin Brewer,Florida International Panthers,2022,32,963,456,161,378,68,82,66,166,106,17,169,26,0,84,50,89,55.061823802163836,0.17329588269540597,18.15704233343268,3.4,0.141,0.6,2.3,-1.7,0.547,490,0.217,0.439,26.5
Omer Yurtseven,Tulane Green Wave,2017,31,1056,528,184,434,82,103,78,201,210,43,45,26,14,47,84,167,55.07802720520738,0.21279788605093966,18.152000693791546,NA,NA,NA,NA,NA,NA,NA,NA,NA,NA
Sean Kilpatrick,Cincinnati Bearcats,2011,35,720,339,114,261,65,90,46,122,111,42,52,27,2,43,45,69,56.38722554890219,0.13565437973760544,18.148339107925263,3.5,0.193,7.9,5.8,2.1,0.558,314,0.345,0.467,25.1
Tre Scott,Cincinnati Bearcats,2020,30,1011,342,138,280,49,80,17,59,316,83,66,46,25,67,56,233,54.251269035533,0.23180619348528914,18.142461040622784,4.1,0.162,6.9,3.6,3.3,0.538,354,0.286,0.211,19.1
Octavius Ellis,Cincinnati Bearcats,2015,34,975,337,122,219,93,135,0,1,245,93,44,28,67,76,90,152,60.52442528735633,0.1994568138749501,18.13707101706196,4.5,0.186,6.6,2.5,4.1,0.595,341,0.616,0.005,20.8
Tristan Ikpe,Sam Houston Bearkats,2021,28,664,206,82,151,42,75,0,1,169,66,48,35,32,42,76,103,55.97826086956522,0.15591228543103844,18.136058902878816,2.8,0.167,1.2,-0.8,2,0.552,232,0.497,0.007,15.9
Brian Beard Jr.,Florida International Panthers,2018,32,1114,508,167,411,138,213,36,146,121,6,178,90,0,100,77,115,50.324932635916944,0.20315090601495392,18.134661623369233,3.3,0.119,3,0.5,2.5,0.496,537,0.518,0.355,27.7
Caleb Homesley,Liberty Flames,2019,36,1002,447,179,388,33,47,56,180,200,18,96,26,22,50,68,182,54.688264656944305,0.18344242980146888,18.13295535392271,4.5,0.18,3.9,2.6,1.3,0.545,433,0.121,0.464,25.2
Marcus Boykin,Sam Houston Bearkats,2025,32,756,321,103,240,97,119,18,60,108,15,122,35,10,65,56,93,54.89807087152825,0.13320403055765087,18.13001216085652,2.3,0.123,3,2.6,0.3,0.541,355,0.496,0.25,24.1
Simeon Cottle,Kennesaw State Owls,2024,31,920,483,167,398,73,99,76,223,98,13,78,44,3,57,75,85,54.692454026632845,0.15299283853217824,18.121938272324883,2.6,0.113,-0.6,0.4,-1.1,0.543,443,0.249,0.56,25
Joe Jackson,Memphis Tigers,2014,34,1129,478,154,348,147,190,23,84,122,36,154,52,2,73,68,86,55.37534754402223,0.17622420405803127,18.1091390913385,4.4,0.154,5.2,3.1,2.1,0.545,499,0.546,0.241,21.9
Gary Clark,Cincinnati Bearcats,2015,34,945,265,110,210,45,72,0,5,246,94,57,35,45,38,54,152,54.824561403508774,0.22024280272272112,18.103761915075047,4.7,0.197,8.7,4.6,4.1,0.543,289,0.343,0.024,16.9
Francis Okoro,Saint Louis Billikens,2023,33,708,217,87,154,43,73,0,0,271,101,23,19,46,57,97,170,58.29572318934021,0.13052268985786283,18.099939370315685,2.4,0.137,1.5,-0.3,1.7,0.575,245,0.474,0,17.3
Jahmal McMurray,SMU Mustangs,2019,32,1046,580,206,459,67,81,101,256,75,5,84,23,4,55,69,70,58.62849749312632,0.15490932512793773,18.0969893009591,3.8,0.147,4.8,5.8,-1.1,0.583,508,0.176,0.558,27.2
Chris Vogt,Cincinnati Bearcats,2020,30,856,330,136,210,58,101,0,0,177,78,25,10,47,51,93,99,64.84829429335011,0.1446750416270262,18.09346211630849,3.5,0.164,4.2,2.2,2,0.64,306,0.481,0,18.1
Tylan Pope,Tulane Green Wave,2023,31,576,196,73,150,36,57,14,54,131,38,9,29,39,19,65,93,55.97441169750971,0.07416240966721965,18.07516951241564,1.9,0.129,2.1,0.4,1.7,0.553,192,0.38,0.36,16.9
Tirrell Baines,Marshall Thundering Herd,2011,34,971,435,172,327,91,119,0,5,224,98,30,15,11,59,81,126,57.33340362716153,0.1567937993407239,18.0746601806262,4,0.164,2.5,2.5,0,0.567,414,0.364,0.015,22.5
Carl Pierre,Rice Owls,2022,33,1112,508,180,384,51,65,97,240,156,27,56,22,8,37,41,129,61.560833737275814,0.18878699869511675,18.069026347363565,4,0.142,3.2,4.8,-1.6,0.612,440,0.169,0.625,21.1
Trejon Jacob,Florida International Panthers,2019,34,762,347,133,269,25,49,56,147,117,19,19,37,10,39,34,98,59.71227973568281,0.131839506587084,18.066025146367334,2.2,0.116,0.8,1.6,-0.8,0.594,289,0.182,0.546,18.9
DaQuan Bracey,Louisiana Tech Bulldogs,2018,33,622,311,113,241,59,92,26,64,47,16,103,22,2,61,42,31,55.24371180900952,0.164530857442451,18.059121747760297,1.9,0.123,1.1,2.2,-1.1,0.546,327,0.382,0.266,28.2
Martins Igbanu,Tulsa Golden Hurricane,2019,32,868,399,143,232,113,171,0,5,183,55,21,18,8,67,81,128,64.93295143861477,0.15175292357274997,18.057970069711562,3.1,0.143,1.6,1.2,0.4,0.637,367,0.737,0.022,22.7
Leonard Harper-Baker,Southern Miss Golden Eagles,2019,33,849,290,112,201,58,98,8,23,239,67,43,24,40,54,71,172,59.397017860068814,0.12238877044678508,18.0568109863508,3.5,0.163,1.3,0.2,1.1,0.592,304,0.49,0.113,18.8
Terrence Hargrove Jr.,Saint Louis Billikens,2024,33,998,431,144,278,96,121,47,115,182,37,22,20,21,45,52,145,65.05856780582056,0.2245337286389552,18.050884015558267,2.8,0.112,2.5,4,-1.5,0.642,382,0.435,0.414,19.5
Taevion Kinsey,Marshall Thundering Herd,2022,33,1144,592,219,511,137,184,17,93,159,69,130,30,2,84,48,90,50.00337860666261,0.16611587135479236,18.024937525790538,2.9,0.101,-1,1.4,-2.5,0.495,613,0.36,0.182,28.3
Dan Skillings Jr.,Cincinnati Bearcats,2024,37,1004,465,173,411,79,118,40,141,232,88,56,33,25,60,68,144,50.22466084852674,0.16208686781552537,18.022676928008703,3.6,0.143,5.9,3.6,2.4,0.498,451,0.287,0.343,25.8
Christian Cunningham,Jacksonville State Gamecocks,2019,33,915,261,111,178,39,68,0,0,241,93,27,22,54,40,64,148,62.7645248172374,0.19383846912562921,18.022301508587798,3.8,0.165,2.5,1,1.6,0.621,273,0.382,0,13.2
Jannson Williams,Marshall Thundering Herd,2019,37,899,333,111,254,49,66,62,169,190,45,14,24,72,27,89,145,58.82560768795929,0.12615804499058028,18.018237482774378,2.8,0.124,1.8,1.5,0.3,0.583,305,0.26,0.665,16.4
Jamall Gregory,Jacksonville State Gamecocks,2019,33,673,292,110,245,55,76,17,59,124,24,58,62,14,63,79,100,52.43499497198678,0.10263342865241785,18.017343736588572,2.5,0.148,2.5,-1.7,4.2,0.518,286,0.309,0.24,24.5
Nic Moore,SMU Mustangs,2016,30,997,466,153,364,84,105,76,184,70,9,152,39,3,66,64,61,56.8015602145295,0.15173091746406472,18.01215034004574,4.9,0.197,7.1,5.6,1.5,0.563,466,0.288,0.505,24.3
Steven Enoch,Louisville Cardinals,2020,31,632,293,115,223,54,73,9,27,173,46,13,8,19,42,71,127,57.42395735340232,0.1333996270297518,18.011759665997978,2.7,0.174,4.1,2.1,2.1,0.569,265,0.327,0.121,24.3
Eddie Lampkin Jr.,TCU Horned Frogs,2022,34,710,224,94,155,36,70,0,0,206,103,25,20,16,34,77,103,60.279870828848225,0.156414990474892,18.00606813379394,3,0.167,6.2,3.8,2.4,0.595,233,0.452,0,15.6
Trahson Burrell,Memphis Tigers,2015,32,741,282,105,234,52,81,20,69,160,73,59,27,17,38,58,87,52.2919448153093,0.16061123965660312,17.965333826424445,3,0.165,6,4.3,1.7,0.517,290,0.346,0.295,21.4
Vladimir Brodziansky,TCU Horned Frogs,2016,33,720,320,120,231,66,96,14,43,150,58,18,8,34,41,71,92,58.556580295710724,0.7120970978410036,17.964831363950548,2.3,0.13,3.9,2.8,1.1,0.578,292,0.416,0.186,21.7
Demaree King,Jacksonville State Gamecocks,2022,32,789,337,115,242,23,30,84,186,66,17,71,24,0,39,22,49,66.02664576802508,0.14074144026165483,17.962600180780296,3.4,0.171,4.3,4.9,-0.6,0.658,311,0.124,0.769,19.4
Perrin Buford,Middle Tennessee Blue Raiders,2016,35,1017,420,164,324,76,111,16,38,206,63,69,25,40,67,90,143,56.32442870936595,0.1382564038127489,17.961482865869353,3.7,0.145,2.9,1.2,1.7,0.557,418,0.343,0.117,22
Tyree Griffin,Southern Miss Golden Eagles,2018,34,1212,509,181,420,92,132,55,154,139,25,201,59,3,89,58,114,53.23376840696118,0.18651114889001327,17.954659873172254,3.4,0.112,0.8,1.9,-1.1,0.527,561,0.314,0.367,25.2
Joseph Tugler,Houston Cougars,2025,40,866,218,90,172,35,65,3,11,235,107,37,38,77,38,123,128,54.33698903290129,0.10312551231939512,17.94852827739975,4.2,0.194,9.8,2.3,7.5,0.537,256,0.378,0.064,14.8
Gorgui Dieng,Louisville Cardinals,2012,40,1312,364,145,276,73,108,1,2,363,138,42,47,128,80,132,225,56.25618199802176,0.20578158717145936,17.93766463275874,5.4,0.165,7.8,1.4,6.4,0.556,375,0.391,0.007,15.5
Miguel Paul,East Carolina Pirates,2012,31,976,470,132,342,138,180,68,188,62,9,183,39,3,88,76,53,55.792972459639124,0.1449490696336635,17.930213566850707,4.2,0.173,3.2,4.1,-0.9,0.55,502,0.526,0.55,27.3
Alijah Martin,Florida Atlantic Owls,2024,34,1042,444,154,372,66,88,70,207,201,50,55,56,9,48,71,151,54.05142189326061,0.1331349523624808,17.922983393962348,3.7,0.144,5,3.3,1.7,0.536,421,0.237,0.556,22
Neiko Hunter,Middle Tennessee Blue Raiders,2014,33,911,436,165,349,83,123,23,66,160,71,29,31,20,55,81,89,54.07819011708672,0.1466709066377335,17.91892204754927,3.7,0.163,2.9,2,0.9,0.535,400,0.352,0.189,26.1
LaDaris Green,Kennesaw State Owls,2011,30,831,279,114,234,31,47,20,67,251,106,43,22,50,62,90,145,54.77461912988849,0.21955705937726147,17.91791172628396,2.1,0.1,-0.6,0.8,-1.4,0.547,303,0.224,0.283,19.6
Terrell Burden,Kennesaw State Owls,2023,35,1056,472,167,345,114,171,24,71,113,16,144,57,12,98,75,97,56.158385684370835,0.1785127002885764,17.916513013156802,3.7,0.14,1.5,0.5,1,0.554,489,0.496,0.206,25.1
Damion Lee,Louisville Cardinals,2016,31,1006,478,152,355,113,134,61,179,117,19,59,46,1,50,62,98,57.73504686443135,0.1917483628357363,17.913116528178787,5.2,0.206,8.9,4.8,4.2,0.571,432,0.377,0.504,23.3
Jarmar Gulley,Missouri State Bears,2012,32,799,332,128,257,58,87,18,49,185,59,40,34,4,41,101,126,56.217827147114605,0.1975062373045626,17.912800991396193,3.5,0.174,5,2.5,2.5,0.556,319,0.339,0.191,23.5
Javon Pickett,Saint Louis Billikens,2023,33,714,319,121,251,63,79,14,47,146,43,50,16,3,35,63,103,55.81606942889138,0.12293605433530619,17.907232350625645,2.6,0.146,3.2,2.8,0.4,0.553,309,0.315,0.187,22.7
Samet Yigitoglu,SMU Mustangs,2025,35,785,321,123,230,74,132,1,5,199,77,33,22,33,50,100,122,55.713690641488476,0.1126162272659515,17.907133135331232,2.6,0.134,2.1,0.3,1.8,0.548,319,0.574,0.022,21.5
Austin Nichols,Memphis Tigers,2014,34,774,315,139,236,37,69,0,1,145,43,17,12,42,34,48,102,59.130500075086346,0.11462673284670322,17.900527191802677,2.5,0.132,3.7,2,1.7,0.586,265,0.292,0.004,18.9
Shaquille Harrison,Tulsa Golden Hurricane,2015,34,1069,447,163,363,108,171,13,55,173,40,125,67,20,81,83,133,50.999452354874045,0.21550327054735505,17.895585144060362,4.4,0.163,7,2.3,4.7,0.503,462,0.471,0.152,26.3
Dominic Magee,Southern Miss Golden Eagles,2018,34,841,374,127,285,78,121,42,125,212,26,47,28,5,42,60,186,55.286187322611156,0.13253787111399076,17.89543624044753,2.5,0.119,0.1,1.4,-1.3,0.546,346,0.425,0.439,24.3
Taveion Hollingsworth,Western Kentucky Hilltoppers,2020,30,1047,498,164,348,150,178,20,65,126,28,81,40,2,82,53,98,58.406830549821734,0.15479252236341945,17.89306304781613,3.7,0.143,1.7,2,-0.4,0.576,495,0.511,0.187,25.2
Earvin Morris Jr.,UTEP Miners,2016,33,822,429,150,326,79,118,50,141,111,15,56,27,11,51,87,96,56.75804403048264,0.10097529625248221,17.881501903632586,2.6,0.126,0.7,1.2,-0.6,0.561,383,0.362,0.433,25.8
Nick Murphy,Jacksonville State Gamecocks,2011,30,983,433,152,327,111,149,18,49,167,54,70,54,9,74,77,113,55.150804972488274,0.47782315212004395,17.881094860423083,3.5,0.143,2.2,1.9,0.3,0.544,419,0.456,0.15,26.2
Javon Small,East Carolina Pirates,2023,33,625,284,83,209,82,96,36,108,86,15,100,22,4,61,34,71,56.51966247412832,0.30402115839634886,17.87726692855703,2.1,0.136,3.8,3.2,0.5,0.558,297,0.459,0.517,25
Emanuel Miller,TCU Horned Frogs,2023,35,949,395,165,327,45,69,20,51,209,61,55,30,28,57,67,148,55.26639802999775,0.19505529112614103,17.8715643939645,3.4,0.141,5.2,2.8,2.4,0.549,370,0.211,0.156,21.3
Jamal Crook,Western Kentucky Hilltoppers,2013,36,728,302,108,226,77,109,9,33,81,18,101,38,9,58,55,63,55.117535406628704,0.2149103251509108,17.869013044897077,2.9,0.16,2.7,1.4,1.4,0.544,317,0.482,0.146,23.3
KJ Buffen,UAB Blazers,2022,35,945,351,133,256,81,105,4,14,238,88,33,37,24,56,101,150,58.07412309728657,0.11347370011180516,17.865942708751362,NA,NA,NA,NA,NA,NA,NA,NA,NA,NA
Justin Hurtt,Tulsa Golden Hurricane,2011,32,1079,640,206,494,142,175,86,234,121,16,76,16,7,88,53,105,56.042031523642734,0.21401133372860212,17.86522857935548,4.3,0.161,5.3,5.7,-0.5,0.554,579,0.354,0.474,31.8
Jalen Speer,Marshall Thundering Herd,2026,32,1041,501,166,434,78,94,91,250,131,13,175,35,3,76,78,118,52.69690339952877,0.1861100888949634,17.864814887203178,3,0.115,0,1.8,-1.8,0.523,529,0.217,0.576,26
Iran Bennett,Marshall Thundering Herd,2020,32,662,291,115,229,61,99,0,2,170,78,23,15,40,51,107,92,53.38274141473437,0.07194425015571251,17.84179824669729,2.1,0.13,-1.6,-1.7,0.1,0.527,293,0.432,0.009,22.8
Myke Henry,DePaul Blue Demons,2016,30,876,419,168,311,61,85,22,59,187,63,31,25,7,72,91,124,60.13203214695753,0.4417707048375663,17.83332909612849,2.3,0.104,3,3.2,-0.1,0.593,390,0.274,0.189,24.7
Aziz Bandaogo,Cincinnati Bearcats,2025,35,898,259,103,152,53,82,0,0,211,77,26,20,50,37,65,134,68.85367928541048,0.15769950315784925,17.82946698181281,3.7,0.164,5,1.5,3.5,0.678,258,0.539,0,13.1
Akeem Richmond,East Carolina Pirates,2014,34,1200,612,181,451,95,112,155,392,95,20,54,45,1,57,40,75,61.165747181578325,0.16606716271284844,17.82827767347743,4.3,0.143,2.8,4.9,-2.1,0.607,520,0.248,0.869,24.4
Nic Moore,SMU Mustangs,2014,37,1190,503,159,343,113,137,72,165,84,10,181,54,2,87,98,74,62.36361832969649,0.1892018653658862,17.827926673557844,5.6,0.188,6.9,4.6,2.3,0.616,510,0.399,0.481,21.7
Kyle Kuric,Louisville Cardinals,2011,35,923,355,130,253,25,33,70,156,129,45,40,29,7,26,56,84,66.35017942583733,0.1603667435892528,17.823251315377764,4.2,0.183,9,6.5,2.5,0.661,300,0.13,0.617,15.9
Caleb Homesley,Liberty Flames,2018,37,688,276,99,197,47,65,31,87,159,16,67,26,11,52,65,143,61.170212765957444,0.13889914688226862,17.820391685036384,2.8,0.165,2.6,0.8,1.7,0.604,270,0.332,0.444,22.7
Avery Thomas II,Louisiana Tech Bulldogs,2026,34,830,300,104,258,56,72,36,120,238,86,20,39,16,25,89,152,51.78127589063794,0.09123662490422228,17.817095398543113,3.6,0.176,-0.3,-0.8,0.5,0.513,296,0.279,0.465,19.4
Dwayne Davis,Southern Miss Golden Eagles,2013,37,1024,545,193,395,100,127,59,143,153,21,87,39,6,114,91,132,60.437366926898505,0.13374571796685467,17.8165972457087,4.4,0.173,4.5,3.8,0.7,0.598,491,0.322,0.362,28.2
Jalen Hampton,Missouri State Bears,2025,32,630,212,86,148,34,55,6,19,168,57,16,33,3,33,56,111,61.55632984901278,0.19910091343702987,17.813407418537405,2.1,0.135,1.6,1,0.6,0.609,206,0.372,0.128,17.5
Eli Chuha,New Mexico State Aggies,2018,34,612,274,106,210,54,91,8,32,159,61,31,14,7,44,67,98,54.79123340265558,0.10386169023154113,17.810812223159264,2.6,0.171,2.5,1.1,1.4,0.541,270,0.433,0.152,23.5
Chris Anderson,Louisiana Tech Bulldogs,2014,37,874,442,160,367,90,138,32,106,208,81,36,42,12,70,122,127,51.669316375198726,0.09242994502172883,17.80528328282007,3.3,0.153,1,-0.3,1.2,0.511,419,0.376,0.289,27
Corey Washington,SMU Mustangs,2026,34,944,386,124,258,93,121,45,116,167,64,30,31,16,34,103,103,62.01002441845521,0.11008951129680489,17.805138544409832,3.4,0.143,4.5,3,1.5,0.612,363,0.469,0.45,18
Jeriah Horne,Tulsa Golden Hurricane,2019,32,706,324,115,262,45,55,49,131,158,32,31,23,15,43,63,126,56.60377358490566,0.12149832450290313,17.799579422080264,2.3,0.132,4.6,3.1,1.4,0.562,297,0.21,0.5,24.3
Emanuel Sharp,Houston Cougars,2025,40,1014,468,138,330,105,121,87,214,110,19,31,50,0,31,86,91,61.05834464043419,0.15056552044168325,17.797340572936108,5.7,0.227,12.1,6.3,5.8,0.604,405,0.367,0.648,22
Brian Conklin,Saint Louis Billikens,2012,34,1001,473,158,303,156,195,1,2,156,67,42,24,11,71,90,89,60.828189300411516,0.19940359331954097,17.797161950647293,5,0.2,5,3.2,1.9,0.598,448,0.644,0.007,25.4
Trey Murphy III,Rice Owls,2020,32,875,398,131,302,61,74,75,204,159,34,36,27,16,41,74,125,59.481109516977526,0.16936224536242583,17.796276647070183,3.1,0.14,1.8,2.9,-1.1,0.59,355,0.245,0.675,21.5
Myo Baxter-Bell,Liberty Flames,2020,34,588,253,90,171,67,94,6,18,103,28,52,27,3,48,57,75,59.56865699755133,0.09585517186854066,17.79513111146593,3.2,0.216,2.8,0.6,2.2,0.587,260,0.55,0.105,26.1
Zhuric Phelps,SMU Mustangs,2024,33,966,490,170,440,120,162,30,139,135,42,89,63,15,70,58,93,47.91894852135816,0.13232611799829397,17.789155742797323,3.2,0.131,3.5,1.1,2.3,0.474,475,0.368,0.316,29.4
Scooter Williams,Louisiana Tech Bulldogs,2026,34,590,279,99,226,62,93,19,78,82,27,39,19,12,25,46,55,52.26285029222238,0.10103822406385392,17.78883596894056,2.3,0.153,2.9,1.8,1.1,0.516,261,0.412,0.345,25.4
James Woodard,Tulsa Golden Hurricane,2016,31,1029,462,142,339,102,131,76,209,160,20,72,31,12,53,46,140,58.23920935861234,0.19489556614177858,17.787045756538514,3.9,0.149,6.4,5.1,1.3,0.574,441,0.401,0.616,22.7
Quincy Olivari,Rice Owls,2023,35,1177,654,213,516,134,169,94,258,208,12,76,35,2,88,73,196,55.38993156717935,0.1571607079353881,17.779961442852244,3.1,0.106,0.3,2.3,-2,0.548,590,0.328,0.5,29.4
Tshilidzi Nephawe,New Mexico State Aggies,2014,36,1003,401,136,252,129,207,0,0,282,93,22,15,52,73,107,189,58.44117989973184,0.14895050801000823,17.779661316948545,3.9,0.155,0.8,0.3,0.5,0.572,394,0.821,0,21.5
Perrin Buford,Middle Tennessee Blue Raiders,2015,36,623,282,103,206,67,95,9,19,124,55,20,13,22,45,61,69,56.90072639225181,0.12057957772253874,17.77511455725316,2.4,0.154,2.8,2.5,0.2,0.561,264,0.461,0.092,26.2
Vladislav Goldin,Florida Atlantic Owls,2022,34,601,231,98,177,35,59,0,0,165,68,11,13,39,43,84,97,56.90776507686244,-0.04541656848699403,17.77229821881001,2.1,0.141,0.6,-0.3,0.9,0.563,227,0.333,0,20.8
Aubrey Dawkins,UCF Knights,2019,33,1101,516,181,391,81,97,73,181,166,33,46,34,10,54,73,133,59.49086884338682,0.19658406160122635,17.746549300306306,4.8,0.174,7,5,2,0.59,456,0.248,0.463,23.3
Antwan Burrus,Liberty Flames,2014,32,820,404,167,335,68,92,2,5,164,78,15,14,20,49,64,86,53.797805475657825,0.1413412858934834,17.745867678585924,2.5,0.12,-2.6,0.1,-2.7,0.533,367,0.275,0.015,26.7
Lamonte Bearden,Western Kentucky Hilltoppers,2018,38,1053,448,151,317,127,154,19,61,88,21,131,65,6,92,82,67,58.21810999064352,0.11263181769612897,17.73750360392171,3.6,0.138,4.2,1.9,2.3,0.574,467,0.486,0.192,23
Ryan Daly,Delaware Blue Hens,2018,33,1049,489,178,413,87,137,46,148,173,40,67,33,3,35,60,133,51.660750507099394,0.2791786707437041,17.722925100174116,3,0.115,0.7,1.7,-1.1,0.511,469,0.332,0.358,25.5
Erik McCree,Louisiana Tech Bulldogs,2015,36,878,409,150,316,75,106,34,104,202,51,21,26,16,55,69,151,56.392014118685196,0.1551245061779481,17.708752323847463,3.3,0.151,2.5,2.4,0.1,0.557,366,0.334,0.328,24.5
DaQuan Bracey,Louisiana Tech Bulldogs,2019,33,964,480,174,408,85,135,47,151,98,28,124,40,4,67,63,70,51.34788189987163,0.13123031457255815,17.708168790703315,3.4,0.141,2.9,2.7,0.2,0.508,482,0.331,0.37,28.3
Donte McGill,Florida International Panthers,2017,31,912,493,181,412,105,113,26,79,96,50,30,37,3,58,65,46,53.38733431516937,0.15269606122322243,17.696081880045426,2.6,0.113,-1.2,1.6,-2.8,0.53,458,0.274,0.191,30.1
Romario Souza,Louisiana Tech Bulldogs,2012,34,574,250,94,157,62,91,0,0,106,48,16,10,12,33,84,58,63.43889565570443,0.08955663807961808,17.69465209676225,2.2,0.155,0.4,1,-0.6,0.624,230,0.58,0,20.4
Zach Nutall,Sam Houston Bearkats,2020,31,902,459,170,376,78,107,41,125,133,31,61,45,7,68,61,102,54.24506003592702,0.18185441487774698,17.68214590345373,3.1,0.137,-0.3,0.8,-1.1,0.539,424,0.284,0.332,26.2
Taevion Kinsey,Marshall Thundering Herd,2020,32,1153,524,201,410,103,151,19,72,159,54,133,35,13,95,61,105,54.991184619259506,0.19765819262305978,17.67987048175153,3.8,0.131,1.7,2.1,-0.4,0.544,542,0.368,0.176,23.1
Tyler Houser,Delaware Blue Hens,2026,31,867,369,135,271,58,71,41,107,141,44,45,11,11,35,67,97,61.04420328215987,0.13679261754400945,17.678720139944797,2.5,0.114,0,2.2,-2.3,0.605,356,0.262,0.395,22.4
Caleb Patterson,Missouri State Bears,2012,32,626,329,123,257,61,75,22,62,72,22,14,10,10,30,39,50,56.72413793103448,0.14200649588798625,17.641228420950167,2.3,0.149,5.1,4.7,0.4,0.562,277,0.292,0.241,28.5
John Bol,UCF Knights,2026,33,618,194,81,113,32,52,0,1,183,61,10,9,35,38,81,122,71.38651751545481,0.08976142378769206,17.639107763017602,1.8,0.119,3.7,0.8,2.9,0.704,185,0.46,0.009,13.6
Victor Iwuakor,Southern Miss Golden Eagles,2024,32,848,308,113,214,73,123,9,22,200,50,24,34,74,57,111,150,57.43696852155751,0.14308898903376016,17.638268995761674,2.6,0.125,0.1,-2.2,2.2,0.565,290,0.575,0.103,19.4
Evan Chatman,UAB Blazers,2026,32,924,280,94,217,70,102,22,80,281,82,34,26,26,18,64,199,53.45959981670995,0.14976832394599504,17.631085349077075,NA,NA,NA,NA,NA,NA,NA,NA,NA,NA
Christian Coleman,UAB Blazers,2024,35,672,269,107,196,55,88,0,0,158,56,18,17,28,40,71,102,57.3023176550784,0.07225775218910634,17.627353840996044,NA,NA,NA,NA,NA,NA,NA,NA,NA,NA
Donte McGill,Florida International Panthers,2016,31,973,487,185,376,84,105,33,78,137,44,38,24,3,65,47,93,57.674088109900524,0.1594499802546991,17.627292544353164,3.1,0.124,0.3,2.5,-2.2,0.564,455,0.276,0.212,26.3
Denver Jones,Florida International Panthers,2022,32,831,389,114,294,112,125,49,142,115,22,71,28,2,52,45,93,55.730659025787965,0.13782068065293862,17.60583237389402,3,0.145,1.4,2.2,-0.8,0.55,380,0.425,0.483,24.8
Trey Jemison,UAB Blazers,2022,35,833,239,99,158,41,65,0,0,252,94,30,14,52,47,104,158,64.04072883172562,0.11591262208435806,17.59135561147834,NA,NA,NA,NA,NA,NA,NA,NA,NA,NA
Kevon Voyles,Marshall Thundering Herd,2024,33,964,494,191,456,51,70,61,181,120,37,67,58,4,55,78,83,50.739523418241575,0.16792032268257936,17.587541907940448,2.3,0.094,0.5,0.1,0.4,0.505,445,0.154,0.397,26.6
Bryson Williams,UTEP Miners,2021,24,754,362,141,293,61,73,19,68,177,41,21,14,12,44,65,136,55.67175196850393,0.1990383137442585,17.580485629820714,2.7,0.145,1.2,1.7,-0.5,0.552,333,0.249,0.232,25.1
Marvin King-Davis,Delaware Blue Hens,2015,30,563,233,84,163,65,94,0,0,137,33,17,7,14,25,51,104,57.00724212174594,0.1656322455598724,17.58015934927692,1.7,0.123,-0.9,0.3,-1.1,0.561,214,0.577,0,21.7
Simeon Cottle,Kennesaw State Owls,2025,33,1048,594,178,464,148,169,90,282,80,9,100,26,8,80,74,71,55.16754588008024,0.14006583637668582,17.577890789570624,3.6,0.138,1.1,2.4,-1.3,0.546,555,0.364,0.608,28.4
Braedan Lue,Kennesaw State Owls,2026,35,931,383,147,325,66,95,23,86,184,77,42,32,50,51,108,107,52.20828789531079,0.08442183891878162,17.57584955215101,2.7,0.118,0.1,-1,1,0.517,376,0.292,0.265,21.1
Souley Boum,UTEP Miners,2021,24,843,450,130,342,130,160,60,155,88,6,60,34,5,52,55,82,54.55868089233754,0.17464478330412225,17.565405980521525,3.2,0.153,2.7,2.6,0.1,0.538,420,0.468,0.453,28.4
Nick Norton,UAB Blazers,2016,33,878,286,89,215,49,57,59,161,84,9,161,52,1,54,53,75,59.56347884038653,0.12890020429747648,17.56475071436935,NA,NA,NA,NA,NA,NA,NA,NA,NA,NA
Sterling Brown,SMU Mustangs,2016,30,826,302,109,181,54,63,30,56,132,39,79,33,13,67,90,93,72.34572633192793,0.11747878441490983,17.563714170624344,3.8,0.185,7.8,4.2,3.6,0.716,292,0.348,0.309,17.2
Jahmir Young,Charlotte 49ers,2021,25,935,451,140,331,126,151,45,133,123,19,63,26,7,61,22,104,56.73812399355877,0.21804271974849232,17.551899550675614,3.4,0.144,3.3,4.1,-0.8,0.56,430,0.456,0.402,27.8
Preston Knowles,Louisville Cardinals,2011,35,1023,497,169,446,59,73,100,261,133,22,106,63,8,69,91,111,51.97439973228478,0.15676865061450268,17.540866802332047,4.3,0.169,7.9,4.1,3.8,0.517,463,0.164,0.585,26.8
Darian Adams,Jacksonville State Gamecocks,2022,32,1066,477,158,391,91,110,70,184,160,28,119,46,12,79,61,132,54.27856167501138,0.2156369102413868,17.540049172021234,4.1,0.154,2.4,2,0.4,0.538,487,0.281,0.471,25.4
Andrew Smith,Liberty Flames,2015,32,858,308,130,245,48,73,0,7,242,82,28,34,40,57,97,160,55.571593533487295,0.29855401860344977,17.534867731855826,2.8,0.129,-1.2,-1.2,0,0.551,301,0.298,0.029,20.3
Oso Ighodaro,Marquette Golden Eagles,2022,32,583,177,73,108,31,42,0,0,106,37,29,19,29,25,64,69,69.97153700189753,0.0901074309643118,17.532385080135413,2.3,0.155,5.3,2.1,3.2,0.692,176,0.389,0,13.3
C.J. Kelly,UCF Knights,2023,34,1044,453,143,319,100,123,67,173,121,17,95,50,22,81,79,104,60.70433104631218,0.16527604129706497,17.53213583234896,4.4,0.169,7.4,4,3.4,0.6,428,0.386,0.542,22.8
Wayne Blackshear,Louisville Cardinals,2014,37,707,295,93,215,64,86,45,114,111,20,26,32,19,21,84,91,58.33728840373359,0.07401810653172079,17.530906808751908,3.8,0.214,7.6,3.3,4.3,0.577,258,0.4,0.53,18.9
Devin Davis,Houston Cougars,2018,35,909,381,157,322,66,97,1,7,219,55,46,23,24,38,100,164,52.23757815070746,0.1373513707851153,17.514874782406302,3.8,0.169,4.6,1.6,2.9,0.518,366,0.301,0.022,22.4
Collin Holloway,Tulane Green Wave,2024,31,876,383,127,252,109,145,20,59,128,29,42,17,27,41,87,99,60.63964534515516,0.12523737084075823,17.512820359950034,2.5,0.116,0.3,1.1,-0.9,0.597,367,0.575,0.234,20.6
Ishan Sharma,Saint Louis Billikens,2026,35,778,319,98,224,43,50,80,192,93,10,52,24,2,19,49,83,64.83739837398373,0.09584367511544427,17.508985487540805,3.5,0.181,5.4,3.8,1.6,0.644,284,0.223,0.857,16.7
Desmond Bane,TCU Horned Frogs,2018,33,1005,413,145,269,64,82,59,128,134,15,82,31,8,58,76,119,67.68716402255146,0.17018216430346264,17.507349910394385,3.5,0.14,6.1,4.1,2,0.671,369,0.305,0.476,18.1
Danuel House Jr.,Houston Cougars,2014,33,684,327,110,257,72,103,35,105,128,40,45,18,18,52,50,88,54.081767663403014,0.1376358058653828,17.49833265809684,1.7,0.099,3,3.7,-0.7,0.534,309,0.401,0.409,26.8
Niels Lane,Delaware Blue Hens,2025,36,1002,451,183,344,64,88,21,62,146,42,71,35,18,85,73,104,58.92035953177257,0.18683363536362294,17.487903353317115,2,0.082,-2.5,0,-2.4,0.584,440,0.256,0.18,24.2
Terrence Edwards Jr.,Louisville Cardinals,2025,35,1147,585,206,471,106,136,67,203,143,31,93,25,7,75,52,112,55.10134880566648,0.18225695990722984,17.486799921411304,4,0.14,5.5,3.8,1.7,0.546,553,0.289,0.431,26.6
Alejandro Vasquez,UAB Blazers,2024,35,783,379,131,298,76,94,41,104,116,45,39,20,9,42,67,71,55.84040546911834,0.08726855394229034,17.486662716053104,NA,NA,NA,NA,NA,NA,NA,NA,NA,NA
Brandon Johnson,East Carolina Pirates,2023,33,1035,394,125,285,97,130,47,141,260,83,60,30,22,61,86,177,57.568673290473406,0.22781764265826526,17.4666140564806,3.7,0.142,3.5,2.6,0.9,0.568,390,0.456,0.495,19.5
Rod Rucker,UAB Blazers,2013,32,1064,472,200,419,72,123,0,7,260,98,74,37,23,84,91,162,49.88163679404802,0.16762377309087398,17.462826948190017,NA,NA,NA,NA,NA,NA,NA,NA,NA,NA
Tyler Behrend,Tulsa Golden Hurricane,2026,38,824,247,87,163,63,92,10,38,199,81,73,25,13,43,83,118,60.6939256929428,0.0898349579687041,17.45372927199864,3.2,0.157,3.6,1.7,1.9,0.597,298,0.564,0.233,15.1
Erik McCree,Louisiana Tech Bulldogs,2016,33,955,486,165,373,108,151,48,138,223,39,38,20,16,74,68,184,55.29765155652648,0.1808109561827614,17.451377992008094,3.1,0.13,-0.1,0.9,-1.1,0.546,441,0.405,0.37,26
Ja'Borri McGhee,UAB Blazers,2025,37,947,411,155,300,72,105,29,71,101,24,104,39,7,67,90,77,59.35875216637781,0.10176502485929505,17.446276049800733,NA,NA,NA,NA,NA,NA,NA,NA,NA,NA
Connor Cashaw,Rice Owls,2018,31,1010,465,158,397,98,135,51,160,214,42,96,40,2,65,60,172,50.9421560035057,0.2585226971631114,17.441266500792633,2.8,0.109,1.6,1.8,-0.1,0.504,464,0.34,0.403,25.9
Zhuric Phelps,SMU Mustangs,2023,32,939,524,187,475,103,169,47,152,112,28,96,68,10,81,71,84,47.691859618465124,0.1654887094105632,17.43049060987697,1.8,0.075,4.2,2.4,1.8,0.472,502,0.356,0.32,33.4
Tristan Spurlock,UCF Knights,2014,31,883,340,115,276,64,85,46,139,169,56,37,38,33,40,59,113,54.24377791959159,0.15414736560969888,17.422934710771756,2.9,0.132,4.4,3.3,1.1,0.537,322,0.308,0.504,19.6
Deandre Dishman,Middle Tennessee Blue Raiders,2023,33,896,346,139,276,67,117,1,2,189,81,69,37,19,68,62,108,52.82765359716623,0.14085746055500975,17.418832884208193,2.9,0.129,2.2,1.6,0.6,0.522,373,0.424,0.007,23
Gerdarius Troutman,Florida Atlantic Owls,2018,31,841,382,122,292,63,72,75,181,78,14,35,27,4,23,25,64,59.008897676717744,0.15648190408249155,17.418649869036837,3.4,0.16,3.4,3.3,0.1,0.586,331,0.247,0.62,20.1
Ricky Tarrant Jr.,Tulane Green Wave,2012,31,1026,463,140,329,131,167,52,151,111,14,102,52,1,68,80,97,57.51838600675809,0.17552940751518614,17.417669650508888,4.6,0.18,4.3,2.7,1.6,0.567,444,0.508,0.459,24.7
Olu Ashaolu,Louisiana Tech Bulldogs,2011,32,990,455,163,309,117,194,12,41,300,86,52,31,10,111,116,214,57.68840653210264,0.3779443453474375,17.410221711093012,3.3,0.133,1.2,0.7,0.5,0.567,445,0.628,0.133,25.9
William Lee,UAB Blazers,2015,36,783,265,97,200,50,63,21,46,198,55,36,17,51,46,67,143,58.18549095380292,0.13886855820527885,17.407636859717055,NA,NA,NA,NA,NA,NA,NA,NA,NA,NA
Elias King,Middle Tennessee Blue Raiders,2023,33,732,307,111,247,29,39,56,137,132,32,16,19,20,25,36,100,58.10872198667474,0.13293917868951946,17.401613557989823,2.9,0.16,4.1,4,0.1,0.578,273,0.158,0.555,20.4
J'Vonne Hadley,Louisville Cardinals,2025,35,1159,426,155,299,84,109,32,84,256,76,64,25,8,55,68,180,61.390362001383444,0.20642012828303985,17.38514433879677,4.7,0.162,6.3,3.6,2.7,0.607,426,0.365,0.281,17.5
Jailyn Ingram,Florida Atlantic Owls,2020,32,761,360,137,308,52,70,34,103,162,39,42,29,8,55,56,123,53.128689492325854,0.1354210475918888,17.36327239401554,2.6,0.136,2.4,2,0.4,0.527,338,0.227,0.334,25.9
Jaylin Sellers,UCF Knights,2024,33,1057,524,173,413,126,152,52,175,118,46,36,35,4,42,58,72,54.59698257897808,0.18272846346069224,17.362234054836794,4,0.153,5.1,3.8,1.3,0.54,476,0.368,0.424,24.6
Daniel Mullings,New Mexico State Aggies,2013,35,1202,483,167,355,129,170,20,54,181,63,91,79,16,105,64,118,56.188925081433226,0.25088254384175224,17.352178798566875,4.8,0.16,5.5,2.4,3.1,0.554,481,0.479,0.152,23.2
Kyle Rode,Liberty Flames,2024,32,979,454,155,387,44,58,100,258,157,33,79,24,4,36,68,124,55.027635023756424,0.11656338345885463,17.350424786709485,4,0.164,3.7,4.4,-0.7,0.548,429,0.15,0.667,24.6
Christian Ray,Delaware Blue Hens,2023,33,1099,315,119,214,75,109,2,18,287,94,70,30,14,41,75,193,60.12368300503894,0.2563949491380745,17.345049037997374,4,0.146,-0.1,0.8,-0.9,0.593,358,0.509,0.084,14.7
Eric Gaines,UAB Blazers,2024,35,1178,430,143,364,105,140,39,145,135,24,191,82,19,85,73,111,50.51691729323308,0.1515177940710977,17.334631835965723,NA,NA,NA,NA,NA,NA,NA,NA,NA,NA
Damier Pitts,Marshall Thundering Herd,2011,34,802,404,119,294,119,141,47,147,70,15,118,16,3,70,68,55,56.73519829232671,0.16587984606275033,17.326694388303565,3.5,0.174,4.2,4.6,-0.4,0.56,409,0.48,0.5,26.6
Dominic Artis,UTEP Miners,2017,32,1168,480,175,400,93,146,37,126,207,18,187,60,4,99,75,189,51.69739789763915,0.22575701271193346,17.318565210961665,3.6,0.123,2.3,1,1.2,0.511,527,0.365,0.315,25.8
Chance Moore,Missouri State Bears,2023,32,679,329,114,265,51,84,50,146,120,29,16,25,17,36,53,91,54.47741422704995,0.15185453726688686,17.316014938507386,2.6,0.153,3.1,2.6,0.5,0.54,285,0.317,0.551,27.2
Kalob Ledoux,Louisiana Tech Bulldogs,2020,30,638,336,119,266,40,50,58,159,89,11,20,18,2,36,40,78,58.333333333333336,0.09925530924105268,17.31299017697608,2.8,0.177,2.9,3,-0.1,0.58,282,0.188,0.598,26
Kouat Noi,TCU Horned Frogs,2019,37,937,432,153,356,52,66,74,208,153,55,36,38,9,48,63,98,56.09806773322252,0.16854345242146263,17.301818331434742,3.3,0.142,6.2,4.5,1.7,0.558,384,0.185,0.584,23.3
Darius Johnson,UCF Knights,2024,33,1079,500,159,391,111,137,71,180,110,17,123,73,3,92,99,93,55.3979790817231,0.1915530936014475,17.3007797096699,3.9,0.145,6.6,2.8,3.8,0.548,492,0.35,0.46,25
Zack Bryant,UAB Blazers,2019,35,1136,505,181,416,94,138,49,153,119,17,134,62,13,77,78,102,52.966101694915245,0.16601449517898614,17.298614079191502,NA,NA,NA,NA,NA,NA,NA,NA,NA,NA
KJ Buffen,UAB Blazers,2023,39,1131,415,149,316,96,129,21,61,262,107,58,41,26,69,93,155,55.6658439746754,0.12229551874619178,17.295461479931678,NA,NA,NA,NA,NA,NA,NA,NA,NA,NA
Chase Ross,Marquette Golden Eagles,2026,32,1053,456,153,363,112,155,38,129,133,17,110,72,7,70,75,116,52.875695732838594,0.20263420460291787,17.294766190233723,2.7,0.101,4.3,0.8,3.5,0.522,447,0.427,0.355,23.7
Khristian Lander,Western Kentucky Hilltoppers,2025,32,728,336,118,288,52,65,48,141,106,24,50,33,4,34,60,82,53.063802905874915,0.08196940473711108,17.292316574644268,2.1,0.116,2.1,1.3,0.8,0.527,321,0.226,0.49,23.6
Collin Smith,UCF Knights,2020,30,788,378,133,287,109,161,3,16,188,63,56,24,19,78,97,125,52.816901408450704,0.1717523537621105,17.291812216665942,2.5,0.129,1.8,0.4,1.3,0.52,380,0.561,0.056,28.5
Jalen Harris,Louisiana Tech Bulldogs,2017,33,618,295,106,237,53,60,30,94,83,20,42,22,7,42,40,63,55.998481397114666,0.09656302236946451,17.29085038608885,2.3,0.147,0.7,0.6,0.1,0.556,271,0.253,0.397,24.6
Michael Osei-Bonsu,Missouri State Bears,2025,32,904,353,150,267,53,114,0,1,238,100,70,39,23,97,112,138,55.65014503720519,0.2284235240707427,17.288323463478687,2.1,0.093,-0.3,-1.2,0.9,0.55,378,0.427,0.004,24.8
JT Sulton,Middle Tennessee Blue Raiders,2012,34,850,350,129,242,92,124,0,7,178,73,24,25,21,61,83,105,59.009981116806046,0.13745592115372599,17.269755557917502,3.5,0.166,1.8,1.2,0.7,0.582,332,0.512,0.029,22
DeJon Jarreau,Houston Cougars,2021,32,877,329,117,271,64,91,31,90,166,39,133,39,17,74,78,127,52.88708847736625,0.14742868496304187,17.243172993115657,4.4,0.202,8.4,4.1,4.3,0.524,366,0.336,0.332,21.9
Johnny Thomas,Marshall Thundering Herd,2011,34,745,273,111,214,37,50,14,54,135,61,17,17,22,19,52,74,57.83898305084746,0.11353943266443613,17.2254624323424,3.1,0.167,4.8,3.4,1.4,0.574,253,0.234,0.252,17
Andre Washington,East Carolina Pirates,2017,33,821,228,87,154,54,115,0,1,235,85,28,13,95,49,91,150,55.71847507331379,-0.06107065022741249,17.223453156509024,2.7,0.134,3.1,-1.3,4.4,0.546,236,0.747,0.006,16.1
Dwayne Sutton,Louisville Cardinals,2020,31,976,282,96,190,61,88,29,82,254,76,54,25,21,31,68,178,61.64742917103882,0.2318528514423563,17.219850720289084,4.8,0.196,9.3,5.4,3.9,0.608,301,0.463,0.432,13.8
Obediah Church,Missouri State Bears,2017,33,794,204,81,126,42,86,0,1,179,71,42,16,74,43,71,108,62.255859375,0.13367623167387505,17.219838030027475,2.8,0.14,4.3,1.2,3.1,0.611,225,0.683,0.008,13.6
Rob Loe,Saint Louis Billikens,2014,34,942,350,121,267,70,93,38,124,194,51,67,30,41,50,100,143,56.83294362171992,0.17510286500253178,17.218236490320233,4.3,0.181,7.1,2.5,4.6,0.562,345,0.348,0.464,19.9
Ahamad Bynum,UTEP Miners,2025,33,578,299,97,236,37,46,68,153,49,3,26,24,5,30,35,46,58.343740243521694,0.09584312446187321,17.21453272051011,1.7,0.12,2.6,3.5,-0.9,0.58,251,0.195,0.648,25.4
Gerald Drumgoole Jr.,Delaware Blue Hens,2024,33,943,458,154,356,74,115,76,204,124,21,79,13,6,51,50,103,56.320708312838164,0.1659656686017517,17.213591997742924,3.1,0.131,1.8,3,-1.2,0.558,429,0.323,0.573,25.6
Ray Spalding,Louisville Cardinals,2016,31,525,169,70,125,28,56,1,3,130,50,16,28,20,27,66,80,56.468858593958835,0.11887549230671729,17.195884556336576,2.3,0.178,7.4,2,5.4,0.557,169,0.448,0.024,17
Gabriel McCulley,UTEP Miners,2012,32,840,310,113,217,65,96,19,57,153,53,55,31,16,44,84,100,59.79015584014812,0.14437278142298057,17.18754050462151,3.5,0.165,5.8,3.5,2.3,0.59,304,0.442,0.263,20.7
Chris Jones,Louisville Cardinals,2014,37,845,338,117,296,61,79,43,114,77,25,96,73,2,47,79,52,51.09444914741806,0.11529014898779183,17.1839665213,4,0.19,7.7,2.2,5.5,0.507,344,0.267,0.385,21.8
Pablo Bertone,Florida Atlantic Owls,2014,31,994,556,202,452,101,138,51,151,111,20,62,38,2,80,77,91,54.220627242939614,0.17903785148455795,17.18339183777739,3.1,0.122,1.2,2,-0.8,0.541,505,0.312,0.338,31
Olivier-Maxence Prosper,Marquette Golden Eagles,2023,36,1045,450,150,293,111,151,39,115,168,61,24,33,5,50,83,107,62.59737369241042,0.13342478977856603,17.181030915618326,4,0.152,3.2,2.9,0.3,0.617,412,0.515,0.392,20.3
Chris Crawford,Memphis Tigers,2013,36,981,375,129,303,46,58,71,178,138,16,115,54,13,60,67,122,57.074150736637044,0.10057429580210213,17.175664828126624,4.2,0.17,7.1,3.6,3.6,0.567,364,0.191,0.587,19.5
Giancarlo Rosado,Charlotte 49ers,2025,33,848,338,110,215,112,153,6,24,168,29,97,13,5,68,46,139,59.861150467554545,0.19389445515753598,17.16967247811792,2.1,0.1,0.9,1.8,-0.9,0.587,355,0.712,0.112,22.5
L.J. Cryer,Houston Cougars,2025,40,1307,629,206,501,94,105,123,290,97,17,80,36,4,43,54,80,57.47441520467835,0.1956677278460095,17.16744449732868,6.7,0.206,11.6,7.7,3.9,0.571,562,0.21,0.579,24.2
Michael Houge,Jacksonville State Gamecocks,2025,36,849,307,128,268,45,71,6,39,268,90,31,16,11,34,60,178,51.2966180991846,0.10675653292072208,17.165948496201658,2.9,0.137,-0.6,0.2,-0.8,0.509,322,0.265,0.146,20.5
Kalifa Sakho,Sam Houston Bearkats,2025,32,805,254,107,162,40,83,0,0,202,77,17,13,46,35,87,125,63.97340318355833,0.08010355206046887,17.165366727697084,2.5,0.122,0.2,0.3,-0.1,0.631,251,0.512,0,14.8
Emondrek Erkins-Ford,Jacksonville State Gamecocks,2026,32,688,266,99,187,60,93,8,24,122,44,31,14,28,31,69,78,58.35380835380835,0.08536687618927416,17.160619208522697,2.5,0.146,0.7,-0.1,0.8,0.575,257,0.497,0.128,19.8
Pierria Henry,Charlotte 49ers,2014,31,1013,370,124,303,91,129,31,98,153,41,175,64,22,99,87,112,51.423171002890825,0.18176736723185158,17.154482644653907,3.1,0.122,4.4,1.8,2.6,0.508,428,0.426,0.323,22.3
Jimmy Whitt Jr.,SMU Mustangs,2019,32,1053,370,162,332,42,74,4,28,193,62,119,43,13,44,71,131,50.74610489357033,0.1947417841681825,17.143256205811667,3.4,0.131,3.9,2.6,1.3,0.504,406,0.223,0.084,20.1
T.J. Price,Western Kentucky Hilltoppers,2014,32,887,464,153,371,86,111,72,201,132,28,58,28,3,63,83,104,55.259146341463406,0.28911094122056674,17.142654234497375,3.4,0.153,4,3.1,0.9,0.548,421,0.299,0.542,27.8
Norville Carey,Southern Miss Golden Eagles,2015,29,730,291,113,207,60,91,5,17,152,58,22,24,24,52,62,94,58.8973445595855,0.07236855143455827,17.13807971495251,2,0.109,-0.5,0.6,-1.1,0.581,273,0.44,0.082,23.2
Javaunte Hawkins,Florida International Panthers,2024,33,885,440,147,369,58,72,88,229,71,11,75,40,1,51,53,60,54.90665868024358,0.09838417396692216,17.13100178114552,2.3,0.103,-0.4,1.9,-2.3,0.546,403,0.195,0.621,24.7
KyKy Tandy,Jacksonville State Gamecocks,2024,32,1008,571,190,454,107,121,84,216,82,13,44,36,4,73,52,69,56.28499329705859,0.15394109743902934,17.13062192438049,3.8,0.15,2,2.8,-0.9,0.558,499,0.267,0.476,29.5
Greg Gantt,Florida Atlantic Owls,2013,31,1148,658,229,529,119,151,81,210,128,21,41,24,3,77,47,107,55.25325809485422,0.29860666880743064,17.12125711942615,4.3,0.145,1.8,4,-2.2,0.543,595,0.282,0.395,30.8
Robert Nyakundi,SMU Mustangs,2011,34,1039,488,161,335,70,78,96,193,147,34,61,34,6,80,108,113,66.0673670529622,0.14976648805034382,17.106435627511285,4.6,0.172,3.7,4.2,-0.5,0.654,452,0.232,0.565,25.8
Nate Hinton,Houston Cougars,2019,37,711,268,90,218,60,70,28,83,162,40,40,38,3,34,57,122,53.85852090032154,0.0991157936600497,17.103763671470062,3.4,0.193,6.8,2.6,4.2,0.533,264,0.321,0.381,20.1
Jontae Sherrod,East Carolina Pirates,2011,33,992,515,148,352,148,187,71,182,120,26,60,35,3,77,90,94,59.29354333609653,0.16513888790100517,17.101657811535702,4,0.156,4.2,4.4,-0.2,0.588,477,0.525,0.519,27.4
Teafale Lenard Jr.,Middle Tennessee Blue Raiders,2022,37,743,254,102,182,27,45,23,68,123,36,19,34,57,44,85,87,62.93359762140733,0.0851106508804851,17.095545766938265,2.8,0.15,4,0.5,3.6,0.624,230,0.247,0.374,17
Amric Fields,TCU Horned Frogs,2012,33,699,318,116,227,55,75,31,90,81,29,28,20,19,38,70,52,61.15384615384616,0.08640475717994603,17.094622877483676,2.4,0.138,3.9,3.6,0.2,0.605,279,0.33,0.396,21.5
Quincy Olivari,Rice Owls,2021,28,804,455,151,370,65,79,88,215,147,22,28,7,0,49,44,125,56.206146852455774,0.12972778805093937,17.092975259541735,2.5,0.126,-0.1,3.1,-3.3,0.558,387,0.214,0.581,27.7
Jlynn Counter,Middle Tennessee Blue Raiders,2025,34,850,326,118,272,52,69,38,125,129,12,109,31,11,45,50,117,53.90924725492789,0.12716872337591906,17.091488139780864,2.9,0.138,3.8,2.1,1.7,0.535,339,0.254,0.46,20.5
Jordan Ivy-Curry,UCF Knights,2025,37,993,445,145,362,86,102,69,203,113,25,74,47,3,45,66,88,54.68442784113252,0.15201325371751243,17.07604579940498,2.7,0.11,4.7,3.1,1.5,0.542,417,0.282,0.561,21.8
Ethan Chargois,SMU Mustangs,2019,32,923,397,133,306,86,123,45,129,198,65,61,28,23,63,93,133,55.120515383760974,0.12264184042973425,17.075339270022397,3,0.13,2.6,2.6,0.1,0.545,393,0.402,0.422,23.9
Raheem Appleby,Louisiana Tech Bulldogs,2012,34,892,446,173,368,60,84,40,100,78,31,37,35,2,44,46,47,55.067167127617545,0.18909850257995417,17.069727619950502,2.9,0.129,2.2,2.8,-0.6,0.547,388,0.228,0.272,25.4
Willie Clayton,Charlotte 49ers,2014,31,914,336,127,214,82,166,0,0,275,118,24,25,18,69,109,157,58.52842809364548,0.14260378405890747,17.066582126822336,2.8,0.123,-0.1,0.1,-0.2,0.574,338,0.776,0,19.3
Jared Garcia,Tulsa Golden Hurricane,2024,31,700,291,102,243,49,63,38,117,187,47,27,14,42,48,74,140,53.745567375886516,0.09436350354638455,17.053843709387696,1.9,0.11,-0.1,-0.3,0.1,0.533,283,0.259,0.481,22.8
Max Strus,DePaul Blue Demons,2018,31,1104,521,171,419,98,122,81,243,175,48,85,40,16,82,90,127,55.11128035880512,0.24914241335152723,17.053254453839592,3.3,0.12,5.5,3.4,2.1,0.546,488,0.291,0.58,24.1
Kolby King,Tulane Green Wave,2024,31,848,323,110,231,64,84,39,103,113,26,56,42,11,41,58,87,60.270189580534414,0.11078394601149838,17.053017372843446,2.3,0.11,1.3,1.1,0.2,0.596,319,0.364,0.446,18.3
Yancy Gates,Cincinnati Bearcats,2012,37,993,378,156,329,64,106,2,5,277,98,22,23,29,34,78,179,50.3141305505271,0.26687130009058435,17.049489996691975,4,0.162,4.5,3.2,1.3,0.498,361,0.322,0.015,21.5
Camron Justice,Western Kentucky Hilltoppers,2022,31,979,442,146,343,74,93,76,201,102,4,97,48,2,71,48,98,57.564075849135236,0.11346468641546419,17.048579821481656,3.3,0.133,1.4,1.7,-0.3,0.571,423,0.271,0.586,23.6
Tyler Hooker,Kennesaw State Owls,2019,32,1086,588,200,509,153,184,35,125,147,24,92,47,7,88,69,123,49.83388704318937,0.3137069211205133,17.030570961465227,2.1,0.074,-0.7,0.5,-1.3,0.493,552,0.361,0.246,29.4
Ronald Delph,Florida Atlantic Owls,2017,30,659,244,109,189,26,46,0,0,195,50,11,6,44,40,91,145,58.30625119480023,0.12448996966830399,17.023174101934583,1.9,0.113,-1.8,-2.2,0.4,0.579,223,0.243,0,18.9
Kyle Weems,Missouri State Bears,2012,32,1005,500,182,440,75,96,61,151,229,56,44,19,20,60,95,173,51.84140676841407,0.23076627707330696,17.021378358976047,3.6,0.144,5.2,4.2,1,0.515,457,0.218,0.343,30
Izaiah Pasha,Delaware Blue Hens,2025,36,1013,403,152,294,80,104,19,57,142,27,132,28,20,90,75,115,59.306569343065696,0.1758481914635874,17.01895309482277,2.3,0.091,-1.5,0.3,-1.8,0.587,438,0.354,0.194,22
Tyler Stevenson,Southern Miss Golden Eagles,2022,33,895,408,168,340,70,104,2,8,210,45,18,18,30,50,60,165,52.88262131895479,0.25929821954299537,17.018762381611623,1.8,0.081,-1.7,0.2,-1.9,0.524,367,0.306,0.024,25.6
Mike Thorne Jr.,Charlotte 49ers,2015,32,836,322,134,252,54,101,0,2,235,85,25,4,29,42,75,150,54.3111590878424,0.13093367139828227,17.017617062565673,2.6,0.123,0.1,1.5,-1.4,0.539,316,0.402,0.004,20.6
Lu'Cye Patterson,Charlotte 49ers,2024,31,993,452,154,353,103,136,41,117,106,22,77,32,7,39,79,84,54.74275748473985,0.15378204590167657,17.011035094040643,3.5,0.142,3,2.4,0.6,0.541,431,0.385,0.331,25.8
Corey Davis Jr.,Houston Cougars,2018,35,1056,458,148,334,59,73,103,240,107,23,84,31,1,50,69,84,62.54779853599912,0.15264458872232473,17.00492827714375,4.9,0.186,8.2,5.7,2.4,0.621,420,0.219,0.719,19.8
Keonte Kennedy,UTEP Miners,2022,34,631,268,99,236,41,60,29,91,116,30,34,35,6,32,31,86,51.06707317073172,0.21260143930947376,17.003169844086234,2.1,0.131,3.7,2.5,1.3,0.507,259,0.254,0.386,24.7
Renaldo Dixon,New Mexico State Aggies,2014,36,867,297,106,196,81,102,4,16,197,73,34,15,32,48,75,124,61.648953835934904,0.14884937419711744,17.000164275371613,3.5,0.162,2.9,1.9,0.9,0.607,302,0.52,0.082,17.1
Kian Scroggins,Sam Houston Bearkats,2024,33,561,191,75,139,40,68,1,5,188,67,16,16,4,27,69,121,56.53563817191569,0.08591175209245687,16.99979459116699,2.2,0.155,0.1,0,0.1,0.558,196,0.489,0.036,17.4
Stevie Mitchell,Marquette Golden Eagles,2024,37,874,291,112,217,49,64,18,68,136,47,28,62,5,26,66,89,59.34899657366618,0.13223491447238814,16.996802187769127,3.3,0.153,6.6,2.4,4.2,0.588,281,0.295,0.313,16.1
Donovan Ivory,Southern Miss Golden Eagles,2024,32,760,315,98,237,74,83,45,110,105,23,42,33,9,36,40,82,57.58262649897631,0.21784109156058643,16.98570854478,2.6,0.137,1.3,1.6,-0.3,0.57,294,0.35,0.464,20.5
Ian Baker,New Mexico State Aggies,2016,34,1114,470,156,367,89,109,69,180,157,20,127,37,4,75,49,137,56.631964526701374,0.1880704047622157,16.982942731223147,5,0.179,3.9,2.1,1.8,0.561,460,0.297,0.49,22.6
Will Butler,UAB Blazers,2020,32,706,278,117,197,44,80,0,0,145,57,22,12,15,38,58,88,59.86218776916452,0.12074019371941803,16.975265259411355,NA,NA,NA,NA,NA,NA,NA,NA,NA,NA
Jared Savage,Western Kentucky Hilltoppers,2020,30,1039,350,111,248,61,73,67,169,213,40,41,37,33,36,81,173,62.47322576038841,0.16281890882376218,16.96883977178901,4.2,0.16,4.9,3.5,1.4,0.619,339,0.294,0.681,15.7
Dan Skillings Jr.,Cincinnati Bearcats,2025,35,661,268,106,241,30,49,26,87,110,45,43,36,19,39,48,65,51.03595368677636,0.14098098955485655,16.948303110818852,2.1,0.126,7,3.1,3.9,0.507,264,0.203,0.361,23.7
L.J. Cryer,Houston Cougars,2024,37,1187,573,200,487,61,70,112,289,88,24,70,39,4,35,63,64,55.330243337195824,0.15676328471321677,16.946177997836266,6,0.203,9.3,6.1,3.2,0.551,504,0.144,0.593,24.2
Caleb Daniels,Tulane Green Wave,2019,31,1018,507,174,391,112,163,47,136,160,42,99,23,9,86,86,118,54.78475103734439,0.19681885467392837,16.94562719927452,2.2,0.086,1.3,1.9,-0.6,0.541,488,0.417,0.348,26.7
CJ Gunn,DePaul Blue Demons,2025,34,848,412,156,364,47,61,53,175,129,35,32,43,12,45,82,94,52.706990072664006,0.14727628041230956,16.941796195212795,1.9,0.091,2.7,1.6,1,0.524,362,0.168,0.481,26.9
George Fant,Western Kentucky Hilltoppers,2012,35,819,321,110,231,101,152,0,3,188,85,22,29,37,60,90,103,53.88075735195381,0.16612194136979136,16.938657800641785,2.6,0.127,1.4,0.4,1,0.529,314,0.658,0.013,21.9
Tarvin Gaines,Jacksonville State Gamecocks,2012,31,697,321,106,245,85,107,24,92,126,47,12,12,28,29,94,79,54.950698438783895,0.14094809477218162,16.9325853727214,3,0.161,0.3,0.9,-0.6,0.55,303,0.449,0.37,23.9
Chuck Harris,SMU Mustangs,2025,35,954,450,155,349,64,77,76,183,100,20,94,27,7,62,76,80,58.76514834935228,0.1417150225435785,16.925350468293107,3.3,0.14,4.4,3.6,0.8,0.584,420,0.221,0.524,23.1
Darrius Morrow,East Carolina Pirates,2012,31,984,419,160,295,99,147,0,1,184,49,48,29,35,72,97,135,58.24621886120996,0.13405136268377352,16.924737099699307,3.5,0.143,1,0.2,0.8,0.574,385,0.498,0.003,22.9
Greg Gantt,Florida Atlantic Owls,2012,29,702,358,131,311,38,49,58,153,85,32,19,21,3,29,37,53,53.82487370700024,0.1542787468100006,16.923614372474415,2.5,0.137,4.1,5.2,-1.1,0.547,320,0.155,0.486,27.1
Camyn Boone,Missouri State Bears,2015,31,710,269,101,177,67,99,0,0,168,63,23,12,25,43,101,105,60.981138919114976,0.1373879056522571,16.923391701960956,2.5,0.143,-0.5,-0.2,-0.3,0.6,256,0.559,0,21.2
Ethan Chargois,SMU Mustangs,2018,33,661,281,101,218,44,77,35,105,135,46,33,25,21,41,82,89,55.78053041130697,0.08110024484078658,16.922902822318246,2.5,0.149,2.7,1.4,1.3,0.552,262,0.353,0.482,23.8
Seth Gearhart,Rice Owls,2015,32,1085,488,143,324,133,163,69,173,170,36,58,31,12,71,89,134,61.65975942585666,0.21763461697478134,16.92050634368526,4.4,0.162,3.4,3.7,-0.3,0.608,450,0.503,0.534,24.6
Andrew Drone,Rice Owls,2016,32,623,237,97,154,43,62,0,0,131,48,15,8,23,35,76,83,65.3684907325684,0.07853292236497586,16.919396468479,1.6,0.102,-2.5,-0.4,-2.1,0.646,224,0.403,0,17.4
Dawson Garcia,Marquette Golden Eagles,2021,27,803,351,121,252,83,106,26,73,179,58,21,7,13,43,60,121,58.766407714974555,0.2124081766822978,16.918497008129624,3,0.148,3.7,3.7,0,0.58,331,0.421,0.29,22
Mylik Wilson,Houston Cougars,2025,40,698,224,94,216,22,31,14,39,161,44,55,49,11,33,54,117,48.77199094234454,0.10387273213375796,16.916219393111685,3.2,0.181,10.5,3.1,7.4,0.485,238,0.144,0.181,20.1
Jahmir Young,Charlotte 49ers,2020,29,937,362,118,277,79,107,47,126,151,16,82,45,10,54,34,135,55.85040730683782,0.18677969958540677,16.912938880067827,3.5,0.149,4.1,2.5,1.6,0.552,363,0.386,0.455,22.3
Kaden Cooper,Louisiana Tech Bulldogs,2025,32,898,298,117,246,36,54,28,95,249,50,36,48,21,51,54,199,55.23428232502966,0.1321740805028586,16.902312912954073,3,0.133,2.2,0.1,2.2,0.548,285,0.22,0.386,18.9
Juwan Perdue,Jacksonville State Gamecocks,2023,31,744,258,84,165,87,121,3,16,188,61,28,27,12,41,75,127,59.10923753665689,0.15205726059806296,16.89496797918472,2.6,0.143,-0.1,-0.3,0.1,0.58,265,0.733,0.097,18.6
Souleymane Doumbia,Sam Houston Bearkats,2024,33,579,198,80,155,35,52,3,15,178,67,19,15,31,45,58,111,55.65549808859905,0.10138488072868124,16.880472870078243,1.9,0.129,0.8,-0.7,1.5,0.551,203,0.335,0.097,19.2
Anthony Duruji,Louisiana Tech Bulldogs,2019,33,988,403,144,308,74,110,41,121,203,48,31,31,40,55,83,155,56.537598204264874,0.13486971174421875,16.878108085084918,3.6,0.144,2.2,0.9,1.3,0.559,365,0.357,0.393,21.2
Erik Timko,Delaware Blue Hens,2025,36,1040,397,121,267,90,102,65,155,153,26,65,20,9,33,71,127,63.64627420802873,0.1606924069178941,16.87448280546627,3.3,0.126,-0.7,1.7,-2.4,0.629,384,0.382,0.581,17.2
Ben Bradford,Charlotte 49ers,2026,34,959,459,151,334,125,159,32,110,130,38,53,34,3,69,67,92,56.81255569858402,0.13655698396650123,16.864949130563453,2.4,0.101,-0.3,1,-1.3,0.56,431,0.476,0.329,26.5
Nicholas Boyd,Florida Atlantic Owls,2023,39,907,340,122,272,28,45,68,170,163,30,92,29,1,41,70,133,58.25908156271419,0.10677991282361848,16.864406903557143,NA,NA,NA,NA,NA,NA,NA,NA,NA,NA
Tavin Lovan,UAB Blazers,2022,35,736,272,113,229,45,75,1,7,114,39,43,38,7,23,45,75,51.908396946564885,0.08962681335557292,16.863457106889516,NA,NA,NA,NA,NA,NA,NA,NA,NA,NA
Terry Rozier,Louisville Cardinals,2014,37,699,259,93,232,37,52,36,97,114,28,67,38,2,22,54,86,50.80822347771501,0.07841128382987496,16.860030919358536,3.5,0.198,7.3,3.1,4.3,0.504,262,0.224,0.418,19.3
Eric Frederick,Florida International Panthers,2011,30,709,352,134,281,58,101,26,74,182,33,17,20,9,51,79,149,54.08062930186824,0.1774592799173978,16.85841575127037,1.9,0.106,-2.7,0,-2.7,0.535,310,0.359,0.263,26.6
Jamee Crockett,DePaul Blue Demons,2012,31,571,268,98,223,31,44,41,109,68,24,38,23,10,29,76,44,55.289651757715795,0.08260319852309515,16.85562465820014,1.6,0.112,3.8,3.9,-0.1,0.549,242,0.197,0.489,22.7
Robert Brown,UAB Blazers,2016,33,999,463,160,371,76,98,67,169,90,11,102,30,9,58,57,79,55.90167101323288,0.12154310592154473,16.842223753785273,NA,NA,NA,NA,NA,NA,NA,NA,NA,NA
Chane Behanan,Louisville Cardinals,2012,40,1039,380,146,286,82,138,6,36,298,117,32,32,18,72,76,181,54.799261652053524,0.19803576532254877,16.8413072889938,4.1,0.159,5.7,2.8,2.9,0.54,373,0.483,0.126,20.4
Ezra Ausar,East Carolina Pirates,2023,33,720,315,123,219,69,131,0,0,171,61,15,29,14,56,86,110,56.93319838056681,0.09560317189037427,16.84112007384054,2,0.109,0.6,-0.4,1,0.56,282,0.598,0,23.3
Chase Ross,Marquette Golden Eagles,2025,34,1031,358,117,251,86,114,38,104,130,38,72,61,22,49,71,92,59.43684420241732,0.16916686913293283,16.840814811676996,3.9,0.152,7.1,2.9,4.3,0.587,358,0.454,0.414,17.4
Victor Hart,Southern Miss Golden Eagles,2024,32,686,298,108,233,65,97,17,64,146,36,27,37,18,53,68,110,54.04817179338364,0.21212924130582841,16.838965530644735,1.9,0.109,0.2,-0.6,0.8,0.534,277,0.416,0.275,24.1
Armelo Boone,Western Kentucky Hilltoppers,2026,32,711,315,120,316,54,79,21,86,177,48,58,39,12,50,53,129,44.90249743414301,0.10118903984677881,16.832549133161663,1.4,0.077,-0.4,-1,0.6,0.446,318,0.25,0.272,27.2
Jamal Williams,Sam Houston Bearkats,2018,36,903,306,118,230,60,92,10,24,197,77,63,39,4,51,57,120,56.566104702750664,0.18013465572694234,16.82797859186718,3.2,0.144,1.7,1.1,0.6,0.559,316,0.4,0.104,17.7
Keith Williams,Cincinnati Bearcats,2020,30,863,379,136,313,80,101,27,79,139,44,47,37,28,51,87,95,53.01589077887198,0.134406832181229,16.827414456107096,3.4,0.155,5.6,3,2.7,0.525,357,0.323,0.252,24
John-Caleb Sanders,Liberty Flames,2013,36,1088,517,165,385,142,183,45,126,141,41,131,34,3,95,94,100,55.529300567107754,0.1654087213895698,16.826613920609255,3.5,0.13,-0.2,1.9,-2.2,0.548,530,0.475,0.327,27.1
Tyler Stevenson,Southern Miss Golden Eagles,2021,25,838,352,138,264,76,113,0,0,178,45,36,14,13,46,47,133,56.100981767180926,0.18877145752356345,16.820787811749046,3,0.144,0.7,0.8,-0.2,0.554,335,0.428,0,22.5
Chris Washburn,TCU Horned Frogs,2015,33,790,233,91,189,50,95,1,3,190,58,43,46,45,34,90,132,50.47660311958405,0.3414701319154579,16.81486588677843,3.2,0.161,7.4,1.9,5.6,0.498,237,0.503,0.016,17.3
Devon Saddler,Delaware Blue Hens,2013,33,1246,656,216,505,168,205,56,166,149,28,91,32,6,107,68,121,55.107526881720425,0.4686989306808096,16.8098949781288,4,0.13,2.1,3.5,-1.4,0.545,617,0.406,0.329,29.2
Quan Jackson,UAB Blazers,2021,29,708,271,102,223,52,96,15,51,132,15,41,53,8,36,38,117,51.08580907857036,0.16569778259471027,16.796664251201076,NA,NA,NA,NA,NA,NA,NA,NA,NA,NA
Todd Mayo,Marquette Golden Eagles,2014,32,715,340,105,228,105,129,25,75,80,11,61,26,6,61,55,69,59.69939598258183,0.10918487389306665,16.78739955002846,2.5,0.139,5.3,3.3,2,0.588,312,0.566,0.329,25.2
Andrew Carr,Delaware Blue Hens,2022,35,965,340,127,225,69,105,17,42,174,59,43,29,37,56,94,115,62.684365781710916,0.14793634527027394,16.786148062969243,3.3,0.136,1.7,1.3,0.4,0.618,339,0.467,0.187,18
Marlon Hunter,Jacksonville State Gamecocks,2018,36,870,363,152,303,45,57,14,45,123,60,39,35,3,41,64,63,55.32187271397221,0.12056620097290938,16.77389061728116,3.2,0.146,0.8,0.4,0.4,0.55,337,0.188,0.149,21.5
Brandon Rachal,Tulsa Golden Hurricane,2020,31,873,364,124,281,100,126,16,65,174,44,43,45,18,66,66,130,54.09582689335394,0.15809826981174482,16.772426681910396,3.3,0.151,4.4,1.4,2.9,0.534,353,0.448,0.231,24.7
Kodi Maduka,Tulsa Golden Hurricane,2012,31,680,243,85,163,73,122,0,1,190,59,19,15,53,52,89,131,56.07347240169835,0.09850723573764035,16.770688699674654,2.5,0.146,2.7,-0.4,3,0.55,241,0.748,0.006,21.5
Sterling Taplin,Tulsa Golden Hurricane,2018,31,845,354,127,275,62,85,38,105,112,5,132,28,4,73,55,107,56.65813060179258,0.1912064021562724,16.76994394932746,2.9,0.136,3.6,2.1,1.4,0.561,370,0.309,0.382,23.3
Amorie Archibald,Louisiana Tech Bulldogs,2022,34,1068,424,138,302,101,118,47,128,125,15,84,32,6,43,52,110,59.9005424954792,0.14446587801835895,16.7662658930162,4.4,0.166,3,2,1,0.592,408,0.391,0.424,19
Braxton Huggins,New Mexico State Aggies,2017,34,940,467,140,319,98,121,89,212,90,15,45,11,8,52,63,75,62.72834730281539,0.1288020365194538,16.761376468736174,4.2,0.177,2.5,3.6,-1.1,0.62,399,0.379,0.665,22
Po'Boigh King,Sam Houston Bearkats,2026,34,862,426,140,335,78,92,68,184,59,16,47,20,5,27,45,43,56.72738894215404,0.08972268612766983,16.757780021204095,3,0.14,1.9,2.5,-0.6,0.562,374,0.275,0.549,22.3
Josten Crow,Sam Houston Bearkats,2011,28,872,348,115,272,72,102,46,143,142,42,92,41,6,55,81,100,54.91037616763443,0.15313414504548253,16.75079070783326,4.1,0.172,2.5,2.3,0.1,0.544,389,0.392,0.52,21.9
Sean Kilpatrick,Cincinnati Bearcats,2013,34,1169,577,194,488,107,145,82,267,176,45,63,42,8,67,42,131,52.283436027546216,0.21997556335122675,16.74983503419706,5.4,0.184,8,5.8,2.2,0.518,519,0.297,0.547,26.9
Jonathan Mills,Southern Miss Golden Eagles,2012,34,787,322,111,222,100,153,0,0,206,94,22,21,8,55,94,112,55.647725701645236,0.07405926687349372,16.749682331439285,3.1,0.156,2,1.9,0.1,0.546,323,0.689,0,22.8
Nic Moore,SMU Mustangs,2015,34,1147,493,156,371,104,117,77,185,78,8,175,43,1,87,64,70,58.3459572050748,0.17782776870784062,16.735119033622794,5.2,0.175,5.7,4.8,0.9,0.578,494,0.315,0.499,23.4
Robert Sampson,East Carolina Pirates,2013,31,892,265,106,215,41,74,12,59,272,82,25,32,51,44,80,190,53.522378413313945,0.1463789607170741,16.73383832556689,3.2,0.13,1,0.5,0.5,0.529,304,0.358,0.284,16.7
Jyare Davis,Delaware Blue Hens,2023,33,1040,474,196,419,71,108,11,42,174,45,79,27,20,65,69,129,50.801680528165996,0.21433554449573294,16.721912695504308,2.4,0.093,-1.9,-0.1,-1.8,0.504,468,0.258,0.1,27.1
Jonathon Simmons,Houston Cougars,2012,30,902,441,154,301,101,141,32,83,149,42,65,21,11,100,75,107,60.737108858527975,0.12617223851766762,16.718434986353774,2.6,0.115,0.5,2,-1.5,0.599,415,0.468,0.276,26.1
Taze Moore,Houston Cougars,2022,38,1082,376,150,340,32,44,44,138,176,58,103,56,23,52,84,118,52.315227070347284,0.1332907919265661,16.71391977046917,5.1,0.188,8.6,3.8,4.8,0.521,384,0.129,0.406,19.5
Jarrey Foster,SMU Mustangs,2017,35,1005,336,130,244,44,76,32,72,176,80,73,21,28,43,81,96,60.553633217993074,0.11459764763255864,16.7119104405808,4.7,0.186,7.4,4.7,2.8,0.6,344,0.311,0.295,17
Javon Bess,Saint Louis Billikens,2019,36,1285,549,172,437,139,176,66,203,244,40,64,50,7,45,83,204,53.358992302309304,0.29148667875842255,16.71042261815595,5.7,0.173,4.9,2.5,2.4,0.527,499,0.403,0.465,21.2
Efe Odigie,UTEP Miners,2019,29,682,318,118,243,82,120,0,1,252,67,14,15,13,76,75,185,53.7525354969574,0.5118352141881205,16.699232142211986,1.9,0.111,-2.6,-2.6,0,0.53,304,0.494,0.004,27.7
Kamari Lands,Middle Tennessee Blue Raiders,2026,32,935,425,142,352,80,99,61,190,118,20,69,31,13,45,60,98,53.72130650217414,0.11768747079112854,16.69906508205611,2.8,0.12,1.6,1.9,-0.3,0.533,398,0.281,0.54,24.4
B.J. Taylor,UCF Knights,2019,33,1135,526,139,362,187,240,61,164,77,11,107,29,0,54,46,66,56.24465355004277,0.15595612292768396,16.69281426351891,4.9,0.172,5.1,4.1,1,0.553,515,0.663,0.453,24.4
Chris Jones,Louisville Cardinals,2015,28,807,356,114,301,89,122,39,115,103,29,94,53,1,60,68,74,50.18608322995376,0.15919353336363268,16.682309674952712,3.4,0.17,7.8,3.5,4.4,0.496,361,0.405,0.382,26.6
Shake Milton,SMU Mustangs,2017,35,1239,455,152,348,69,91,82,194,144,15,159,44,11,62,54,129,58.62797649726832,0.18241506141135946,16.680220594615857,6,0.193,7.8,4.8,3.1,0.582,461,0.261,0.557,19.4
Matt Carlino,Marquette Golden Eagles,2015,32,924,419,129,320,78,95,83,198,104,16,88,40,2,64,55,88,57.90491984521835,0.2559079463303396,16.679875731988385,3,0.129,6.6,5.1,1.6,0.574,386,0.297,0.619,25.1
Antwain Johnson,Middle Tennessee Blue Raiders,2018,33,704,319,111,251,56,65,41,105,60,14,56,22,4,32,60,46,57.04577968526466,0.08706776173970715,16.662643028001302,2.9,0.167,4,2.6,1.4,0.566,298,0.259,0.418,22.8
Kenrich Williams,TCU Horned Frogs,2015,33,917,283,102,214,68,112,11,31,221,93,46,30,32,36,80,128,53.745062291096936,0.1686339669276409,16.65639740136632,3.8,0.167,7.1,4,3.1,0.53,295,0.523,0.145,16.9
Ray Spalding,Louisville Cardinals,2017,34,653,200,79,134,42,77,0,3,188,65,27,22,29,43,88,123,59.56635692161068,0.09819070290183862,16.65516063961897,2.6,0.157,6.4,1.6,4.7,0.586,209,0.575,0.022,16
Luke Fischer,Marquette Golden Eagles,2015,32,704,265,106,174,53,91,0,1,115,39,22,13,53,43,81,76,61.90431695010279,0.15746394086837784,16.648470458819496,2,0.113,3.3,0.3,3,0.61,232,0.523,0.006,20
Jabari Peters,Sam Houston Bearkats,2014,35,1114,442,115,300,162,236,50,128,159,29,147,44,13,81,59,130,54.72464342313788,0.20844472058520683,16.6462236050067,4,0.143,1.3,1.8,-0.5,0.536,469,0.787,0.427,22.5
Chuck Harris,SMU Mustangs,2024,33,955,428,153,354,54,66,68,167,103,27,110,31,6,62,67,76,55.8688387635756,0.14386612634431065,16.640798679418477,3.4,0.145,4,3.3,0.7,0.555,412,0.186,0.472,22.6
Shawn Jones,Middle Tennessee Blue Raiders,2013,34,718,289,114,229,61,96,0,0,182,70,14,11,43,47,91,112,53.27385341395075,0.11561313164309955,16.6304127466129,3.1,0.174,1.7,0.2,1.6,0.526,273,0.419,0,23.1
Brandon Stroud,Kennesaw State Owls,2023,35,890,321,114,256,57,107,36,104,226,61,57,50,8,51,101,165,52.956315164313054,0.11764246733178582,16.629544134313498,3.2,0.144,1.3,-0.3,1.7,0.523,332,0.418,0.406,20.3
Gibson Jimerson,Saint Louis Billikens,2025,34,1283,603,197,454,99,120,110,302,157,29,29,24,7,38,48,128,59.49092344119968,0.1961139917863741,16.62904622428377,4.2,0.132,0.7,2.2,-1.5,0.59,518,0.264,0.665,22.6
Sean Kilpatrick,Cincinnati Bearcats,2012,37,1277,528,185,432,66,88,92,245,169,52,78,49,12,56,49,117,56.084296397008835,0.23831796174276432,16.623563927372007,5.4,0.17,8.2,6,2.2,0.557,484,0.204,0.567,21.5
Lovell Cabbil Jr.,Liberty Flames,2019,36,1049,408,131,266,94,109,52,119,126,15,97,47,6,76,67,111,64.97643011848643,0.1726291544753078,16.614181228951526,4.8,0.182,3.4,1.6,1.8,0.642,404,0.41,0.447,20.7
Jeremiah Davenport,Cincinnati Bearcats,2022,33,862,429,144,366,58,76,83,231,175,53,24,19,11,42,80,122,53.70018025235329,0.11995994987467064,16.612783360578256,3.2,0.15,4.4,4.1,0.3,0.533,379,0.208,0.631,25.8
Armoni Brooks,Houston Cougars,2019,37,1136,494,172,425,29,46,121,310,234,40,33,28,11,32,61,194,55.475698499685564,0.16216851142401126,16.61182080820194,5.3,0.186,8,5.8,2.2,0.553,417,0.108,0.729,21.2
Tyson Jolly,SMU Mustangs,2020,30,1048,436,146,319,92,118,52,136,187,60,70,22,14,66,68,127,58.77278119271001,0.1676204394344684,16.6080122304821,3.9,0.148,4.1,4.5,-0.3,0.581,419,0.37,0.426,21.8
Markeith Cummings,Kennesaw State Owls,2011,30,1077,542,190,420,151,227,11,53,154,62,55,45,4,87,72,92,52.127414018619675,0.19831409679856382,16.602721614316554,2.5,0.089,-1.4,1.3,-2.7,0.519,531,0.541,0.131,29.6
Jon Elmore,Marshall Thundering Herd,2016,33,866,381,111,295,98,122,61,177,85,19,145,19,3,64,64,66,54.63462200298268,0.10406708345076306,16.60132887419939,2.2,0.102,-0.7,1.6,-2.3,0.54,420,0.414,0.6,21.9
Zid Powell,UTEP Miners,2024,34,899,382,121,303,118,161,22,81,170,43,106,60,10,95,87,127,51.09137598972823,0.1294190660108172,16.587582407179184,2.7,0.118,1.3,-0.4,1.7,0.503,407,0.531,0.267,25.8
Richardson Maitre,Florida Atlantic Owls,2020,32,840,311,107,234,50,64,47,116,132,13,77,38,3,51,35,119,59.31492218492524,0.18265581610350876,16.570375941615236,3.2,0.151,3.6,2.3,1.3,0.588,304,0.274,0.496,18.7
Terrell Burden,Kennesaw State Owls,2022,31,874,347,110,264,114,161,13,45,82,12,146,36,16,69,58,70,51.81579261736948,0.14383311902379944,16.566255203350877,2.8,0.127,-0.3,0.5,-0.8,0.51,392,0.61,0.17,23.7
Moussa Cisse,Memphis Tigers,2021,28,520,184,80,145,24,74,0,1,176,63,13,8,46,44,66,113,51.813471502590666,0.06776284788251702,16.56012108784551,1.8,0.137,1.7,-1.7,3.3,0.511,178,0.51,0.007,20.5
Yuri Collins,Saint Louis Billikens,2023,33,1121,359,129,292,86,117,15,47,107,11,324,42,3,115,69,96,52.25922906719459,0.21662710584753336,16.559044443399493,3.5,0.123,3,2.8,0.2,0.516,502,0.401,0.161,20.6
Jeremy Allen,Florida International Panthers,2012,29,942,404,131,329,90,107,52,139,98,32,35,77,4,53,68,66,53.71197617528186,0.18213398319007487,16.55617308970978,3.2,0.136,4.7,2.6,2.1,0.532,372,0.325,0.422,24.3
Willie Clayton,Charlotte 49ers,2013,33,755,280,113,195,54,109,0,0,206,102,7,18,17,50,88,104,57.62265393480408,0.08339306205539121,16.555689827424615,2.4,0.126,1.4,1.6,-0.2,0.567,271,0.559,0,19.4
Quentin Millora-Brown,Rice Owls,2019,32,746,229,101,169,27,60,0,0,188,69,39,9,37,35,75,119,58.59774820880246,0.10544051069409806,16.55349246030121,2.1,0.113,-0.2,0.2,-0.3,0.58,242,0.355,0,15.3
Adrian Wooley,Louisville Cardinals,2026,35,786,303,103,229,56,72,41,117,137,47,62,24,2,39,77,90,58.11723185514808,0.1032864762018903,16.549507468139527,2.9,0.148,5.9,3.3,2.6,0.576,309,0.314,0.511,18.7
Riley Kugel,UCF Knights,2026,33,896,445,161,388,65,85,58,150,97,31,78,32,7,54,84,66,52.303714151386934,0.12930630292612086,16.546384390420915,2.2,0.098,4.2,2.7,1.5,0.519,420,0.219,0.387,25.9
Cody Ellis,Saint Louis Billikens,2012,34,721,342,108,262,57,73,69,181,114,25,23,15,14,30,72,89,58.139534883720934,0.12367843366822515,16.535836564026972,3.6,0.198,7.7,5.5,2.1,0.576,293,0.279,0.691,24.7
Nick Cook,Jacksonville State Gamecocks,2012,31,658,195,77,140,41,77,0,1,154,62,34,16,44,34,76,92,56.07315389924086,0.09853088479579035,16.534435621836685,2.2,0.13,1.2,-0.5,1.7,0.536,209,0.551,0.02,17.1
Darius Johnson-Odom,Marquette Golden Eagles,2011,37,1109,584,196,453,121,171,71,195,112,18,88,31,7,75,92,94,55.277903983038016,0.14298322935696212,16.52967314563626,3.9,0.14,4.9,4.3,0.6,0.547,521,0.377,0.43,27.3
Ty  Armstrong,East Carolina Pirates,2013,31,641,291,123,218,45,75,0,3,134,50,16,14,20,43,108,84,57.96812749003985,0.058779243501198994,16.52800762413333,2.3,0.129,-2.4,-1.5,-1,0.579,289,0.361,0.012,22.9
Jordan Clarkson,Tulsa Golden Hurricane,2012,31,1052,511,167,384,134,171,43,115,120,35,79,29,17,83,73,85,55.6353976134483,0.1715122930830698,16.514671379013325,4.1,0.157,4.8,4,0.8,0.549,490,0.445,0.299,27.9
Danuel House Jr.,Houston Cougars,2013,33,944,409,127,291,125,174,30,95,163,49,61,31,8,62,80,114,55.6371748830123,0.10770145980466744,16.503136791692086,3.2,0.134,0.5,1.8,-1.3,0.547,398,0.598,0.326,22.6
Robert Braswell IV,Charlotte 49ers,2025,33,830,361,113,246,90,109,45,120,85,29,16,26,23,33,89,56,61.402911960811004,0.1102523342813265,16.503050500473012,2.4,0.116,0.9,1.6,-0.7,0.606,317,0.443,0.488,21.5
Markel Crawford,Memphis Tigers,2017,32,1035,409,149,312,69,91,42,126,141,37,61,46,4,44,72,104,58.08998977388933,0.17170022758227643,16.49783567416747,3.5,0.137,3.4,2,1.4,0.576,371,0.292,0.404,18.9
Evan Maxwell,Liberty Flames,2016,31,665,305,121,193,63,99,0,0,147,56,15,10,5,66,65,91,64.46567467027393,0.193575416283544,16.49178070070433,1.9,0.11,-3.8,-1.1,-2.7,0.643,293,0.493,0,25.7
Ryan Myers,Western Kentucky Hilltoppers,2026,32,720,352,107,271,64,70,74,180,69,12,51,15,0,35,60,57,58.316766070245194,0.06574758950634775,16.487126544133428,2.2,0.123,1.4,2,-0.6,0.578,314,0.258,0.664,22.3
Keaston Willis,Tulsa Golden Hurricane,2025,33,976,439,124,317,98,120,93,247,107,12,39,27,3,30,47,95,59.35640886965927,0.13782434641661295,16.481391666837084,3.1,0.128,1.3,2.3,-1,0.587,382,0.379,0.779,21.4
Will Coleman,Memphis Tigers,2011,35,671,246,99,157,48,82,0,0,157,45,10,11,32,38,81,112,63.70416407706651,0.09230687201387572,16.468426236587398,2.3,0.139,1.6,0.2,1.4,0.628,214,0.522,0,17.1
Tahlik Chavez,Louisiana Tech Bulldogs,2024,32,956,432,129,302,94,121,80,198,91,14,39,28,1,37,44,77,60.80396351762188,0.12401302715381421,16.46235827372357,4.3,0.178,3.4,2.8,0.6,0.601,377,0.401,0.656,21
Damoni Harrison,Charlotte 49ers,2026,34,622,291,98,212,32,42,63,160,66,15,24,8,4,29,32,51,63.12912183269699,0.08590403412776505,16.456740597884178,1.7,0.112,3.1,5.2,-2.1,0.627,245,0.198,0.755,22.3
Zach Cleveland,Liberty Flames,2025,35,1026,351,135,277,78,144,3,16,200,49,164,22,33,82,59,151,51.5630508872958,0.1351569259662568,16.455969875175875,3.8,0.15,3,0.5,2.6,0.508,447,0.52,0.058,22.7
Feron Hunt,SMU Mustangs,2019,32,753,242,98,177,38,55,8,32,205,62,22,25,28,47,63,143,60.13916500994036,0.11936452109971053,16.455008892619173,2.2,0.119,1.9,1,0.8,0.596,235,0.311,0.181,17.1
Cheikh Mbacke Diong,UCF Knights,2022,30,735,208,87,148,34,54,0,0,180,74,22,19,44,41,66,106,60.549604098742435,0.11784049756237619,16.454322110637175,2.4,0.129,2.2,0.5,1.7,0.599,211,0.365,0,14.8
D.J. Felder,Jacksonville State Gamecocks,2014,31,624,250,100,190,50,68,0,1,147,49,17,16,10,36,71,98,56.83885049108767,0.20786389791459828,16.43240783581504,1.6,0.102,-2,-0.3,-1.7,0.562,232,0.358,0.005,22.1
Seth Pinkney,Florida International Panthers,2024,33,581,159,59,89,41,59,0,3,102,40,24,8,57,24,99,62,69.15448851774529,0.04048440946273448,16.426964437783035,1.8,0.124,-2.2,-3.2,1,0.679,162,0.663,0.034,11.7
Johnny McCants,New Mexico State Aggies,2022,34,820,268,99,193,50,99,20,81,169,52,70,26,54,64,84,117,56.6452485627325,0.13221454660353676,16.419041742661875,3.1,0.15,5.3,1.1,4.2,0.558,285,0.513,0.42,18.8
Micah Robinson,TCU Horned Frogs,2026,35,940,382,115,293,107,141,45,135,165,48,59,41,12,47,80,117,53.796755295178,0.14225627570891236,16.414420852217567,3.1,0.132,5.6,2.3,3.3,0.531,371,0.481,0.461,21.2
Chris Kendrix,Missouri State Bears,2016,31,814,360,99,241,118,147,44,121,140,31,32,28,16,59,72,109,58.885108610311434,0.21681933523055957,16.409891590027954,2.4,0.114,1.8,1.8,0,0.573,336,0.603,0.502,22.8
Alston Mason,Missouri State Bears,2024,33,1056,526,180,426,94,120,72,204,90,11,107,25,3,71,63,79,54.92898913951545,0.1910077497257691,16.405095642077857,3.2,0.12,2.3,2.5,-0.1,0.545,503,0.282,0.479,26.8
Darrius Morrow,East Carolina Pirates,2011,33,1021,437,139,273,159,239,0,0,212,87,26,25,28,80,94,125,57.77977575629364,0.12699284624378107,16.401590640279757,3.3,0.129,0.3,0.7,-0.4,0.565,422,0.863,0.004,23.8
Jahvon Quinerly,Memphis Tigers,2024,32,1053,433,140,346,95,120,58,168,105,11,157,43,2,73,54,94,54.28786359077231,0.16404505166791827,16.39863020755128,3.2,0.122,2.4,2.1,0.3,0.537,462,0.347,0.486,21.7
Zach Nutall,Sam Houston Bearkats,2019,33,564,217,85,185,15,26,32,86,107,33,31,21,10,24,46,74,55.233150071268575,0.08139962463673486,16.392978270448396,1.9,0.136,1,1.2,-0.2,0.55,200,0.141,0.465,19.8
Themus Fulks,UCF Knights,2026,33,1084,461,176,381,89,112,20,51,100,23,222,25,1,111,62,77,53.56976852282235,0.19158694635217416,16.392670399132005,2.3,0.086,1.9,2.3,-0.4,0.531,528,0.294,0.134,24.2
JD Miller,TCU Horned Frogs,2019,37,1136,400,135,290,105,157,25,94,245,86,62,27,18,49,61,159,55.69789461958338,0.1857804942895896,16.386932024768285,4.1,0.143,5.2,3.3,2,0.549,408,0.541,0.324,18.2
Damion Baugh,TCU Horned Frogs,2023,35,1014,365,127,295,82,116,29,88,137,19,169,51,8,82,46,118,52.73956768003699,0.24618412419528027,16.384232573706743,3.3,0.13,6,2.9,3.1,0.521,401,0.393,0.298,20.7
Jordan Goodwin,Saint Louis Billikens,2018,33,868,300,108,290,65,94,19,81,195,68,103,52,16,56,70,127,45.26798647996137,0.21230312900138354,16.383992065233596,2.7,0.124,4.9,1.7,3.2,0.448,340,0.324,0.279,23.5
Chris Thomas,Marshall Thundering Herd,2014,33,833,420,155,341,87,146,23,85,132,52,58,38,15,81,85,80,51.821143026354754,0.06305536951918654,16.379007964082433,2,0.096,0.2,0.2,0.1,0.512,401,0.428,0.249,28.5
J'Wan Roberts,Houston Cougars,2025,40,1122,393,164,335,65,104,0,0,241,95,66,37,27,58,71,146,51.607311692404664,0.1727028934558536,16.377602565392785,4.6,0.166,8.7,3.7,4.9,0.511,412,0.31,0,21
Martins Igbanu,Tulsa Golden Hurricane,2018,31,697,290,99,187,90,125,2,7,158,57,15,9,5,46,54,101,59.917355371900825,0.10721153901127609,16.375523363617226,2.3,0.135,1.2,0.8,0.3,0.589,276,0.668,0.037,21.3
Isaiah Sykes,UCF Knights,2012,33,1012,407,159,292,83,152,6,21,211,93,65,35,14,94,85,118,56.704190815871605,0.18404797808904527,16.372022964640625,3.1,0.124,2.8,2.4,0.4,0.559,406,0.521,0.072,23.6
JD Miller,TCU Horned Frogs,2018,33,655,262,101,214,41,62,19,61,126,42,33,20,18,37,46,84,54.29376657824933,0.07982758769462885,16.36538231296553,1.8,0.109,3,1.8,1.2,0.538,250,0.29,0.285,21.2
Obinna Anochili-Killen,Marshall Thundering Herd,2023,32,812,278,107,219,57,90,7,50,154,46,32,32,45,30,96,108,53.75096674400618,0.10082723061158722,16.355441014679755,2.9,0.142,0.1,-1.7,1.7,0.531,267,0.411,0.228,16.9
Kentrell Barkley,East Carolina Pirates,2017,33,1066,435,134,329,128,188,39,114,251,61,86,33,15,81,58,190,52.82716409210142,0.210296641238065,16.351320838146098,3.6,0.135,3.8,2.2,1.7,0.52,436,0.571,0.347,24
Isaiah Elohim,Florida Atlantic Owls,2026,33,899,397,144,310,70,106,39,106,133,30,33,17,11,28,66,103,55.65836698070884,0.11309039216129027,16.347617392625317,2.9,0.128,1.2,1.1,0.1,0.551,357,0.342,0.342,21
Deng Adel,Louisville Cardinals,2018,36,1126,507,177,396,103,131,50,143,176,22,94,21,11,77,49,154,55.881315580636624,0.22434294954445555,16.33512074782644,3.6,0.127,4.6,3.4,1.3,0.554,487,0.33,0.36,24.1
Darion Rackley,Jacksonville State Gamecocks,2014,31,835,394,108,272,148,198,30,110,84,26,61,36,10,62,68,58,54.85631543773669,0.18896168595593096,16.3239024868433,2.1,0.102,-1.1,0.5,-1.5,0.538,376,0.728,0.404,27.5
Efe Odigie,SMU Mustangs,2023,32,832,363,137,278,87,112,2,7,222,72,32,15,8,66,76,150,55.45710095331216,0.14687676001185807,16.321194914740587,2,0.095,-0.7,0.2,-0.9,0.548,351,0.403,0.025,23.5
Jesse Sanders,Liberty Flames,2011,30,988,340,101,240,123,164,15,53,175,69,169,33,5,93,80,106,54.45925166581242,0.29150410726744747,16.318633217140498,4.2,0.16,1.8,1.8,0.1,0.537,434,0.654,0.218,20.6
Fred Thatch Jr.,Saint Louis Billikens,2022,35,867,316,119,254,60,83,18,52,188,56,56,37,13,48,81,132,54.38524025884621,0.1408885395262288,16.318443830786453,3.3,0.153,4.9,2.1,2.8,0.538,317,0.327,0.205,19.5
David Joplin,Marquette Golden Eagles,2023,36,687,332,113,269,39,48,67,168,116,29,29,22,11,46,68,87,57.217703019440236,0.08255729272912059,16.313248012273327,2.1,0.123,3.8,3.4,0.4,0.569,294,0.178,0.625,25.4
Chris  Smith,Louisville Cardinals,2011,35,909,328,116,253,58,85,38,94,161,54,88,32,3,58,50,107,56.473829201101935,0.1746375983273112,16.312826039386227,3.6,0.158,6.6,4.1,2.5,0.559,336,0.336,0.372,19.3
Dion Dixon,Cincinnati Bearcats,2011,35,938,405,132,318,93,122,48,135,103,40,65,36,1,44,44,63,54.48235040895394,0.18927657278171095,16.311391535955845,4.2,0.18,7,4.7,2.4,0.539,379,0.384,0.425,23.4
Miguel Paul,East Carolina Pirates,2013,31,1043,422,112,301,143,164,55,162,67,8,222,44,5,110,83,59,56.54410976524815,0.13261905849750688,16.292196682462663,3.4,0.125,0.9,2.7,-1.8,0.552,508,0.514,0.542,23.4
Trey Murphy III,Rice Owls,2019,32,659,269,84,190,37,51,64,152,82,18,22,15,16,22,44,64,63.311993974769344,0.08395879003832439,16.289675230866536,2.1,0.126,3.6,4.6,-0.9,0.628,231,0.268,0.8,17.6
Jaylen Forbes,Tulane Green Wave,2022,29,1052,478,149,345,105,135,75,194,157,20,42,38,4,61,66,137,59.09990108803166,0.15504072160507,16.281090889799742,3.1,0.119,2.7,3.1,-0.4,0.584,431,0.391,0.562,23.6
Emanuel Miller,TCU Horned Frogs,2022,34,934,350,142,288,55,80,11,45,211,83,30,23,26,46,72,128,54.146039603960396,0.1842258465046837,16.279117707223765,3.5,0.15,5.2,2.9,2.3,0.537,331,0.278,0.156,19.8
DaQuan Bracey,Louisiana Tech Bulldogs,2020,30,846,386,147,312,39,74,53,119,60,12,88,34,3,57,48,48,56.01346644996518,0.11526451792098483,16.276507565665856,3.4,0.162,3.3,2.7,0.5,0.556,371,0.237,0.381,24.3
Ezra Ausar,East Carolina Pirates,2024,33,840,364,114,222,130,199,6,16,150,64,32,26,17,68,86,86,58.79312572683809,0.10920714317754635,16.275197497471382,2.3,0.109,-0.5,-0.2,-0.3,0.575,350,0.896,0.072,23.6
Emanuel Sharp,Houston Cougars,2024,37,1046,466,135,362,114,134,82,223,131,35,34,55,3,40,95,96,55.34967692892436,0.12956450259390292,16.272702177469483,5.4,0.206,8.3,3.8,4.5,0.547,415,0.37,0.616,23.1
Jarron Cumberland,Cincinnati Bearcats,2020,30,876,419,117,305,140,186,45,144,103,15,133,28,18,101,61,88,54.156757315686065,0.17189405075663994,16.2717021909309,3.1,0.141,5.7,4.3,1.5,0.533,437,0.61,0.472,28.4
Camryn Weston,Middle Tennessee Blue Raiders,2025,34,952,410,142,342,89,118,37,133,130,32,118,38,3,69,84,98,52.041023558082856,0.11339613052604995,16.26783852902219,2.9,0.121,0.5,0.3,0.3,0.515,432,0.345,0.389,24.4
Terry Winn III,UTEP Miners,2016,33,742,321,121,237,78,149,1,1,204,55,19,16,25,46,108,149,53.04732945531465,0.10375872768729724,16.262976509253747,2,0.11,-3.4,-2.5,-0.9,0.52,305,0.629,0,23.4
Dwayne Evans,Saint Louis Billikens,2011,31,723,265,102,206,60,99,1,3,201,62,23,22,22,40,76,139,53.09344446225357,0.18800830863006412,16.261155894283068,2.6,0.144,2.4,0.6,1.8,0.524,258,0.481,0.015,21.8
Brandon Young,DePaul Blue Demons,2014,33,1114,521,178,411,136,201,29,114,135,20,113,57,9,99,61,115,52.15841742751882,0.32167221126914,16.25322208851233,2.3,0.081,3.2,2.6,0.5,0.514,510,0.489,0.277,27.4
Chip Armelin,Southern Miss Golden Eagles,2015,29,1022,457,170,364,56,88,61,169,120,37,56,33,6,57,42,83,56.73917361938816,0.20754768031853496,16.247895328034364,2.7,0.105,1.8,3.8,-1.9,0.563,412,0.242,0.464,25.3
Steffphon Pettigrew,Western Kentucky Hilltoppers,2011,32,1085,467,182,372,73,127,30,102,194,83,42,24,20,64,88,111,54.57137515191175,0.18002132939704812,16.247670571872895,3.4,0.124,1.5,2.2,-0.7,0.54,436,0.341,0.274,22.2
Ryan Kemrite,Liberty Flames,2017,34,998,409,121,254,92,109,75,182,87,17,28,30,3,24,84,70,67.72420188104385,0.19405911052551228,16.241333690781843,4.8,0.187,2.6,3.1,-0.5,0.681,377,0.434,0.719,19.3
Peyton Siva,Louisville Cardinals,2011,35,975,347,114,256,94,138,25,92,109,12,182,69,6,101,96,97,54.78024753725688,0.15318287446147563,16.23758748603999,3.7,0.153,5.7,1.2,4.4,0.54,398,0.539,0.359,21.6
Travis Evee,Rice Owls,2024,32,1079,534,184,439,92,111,74,216,109,13,67,33,9,58,59,96,54.73105936372581,0.15343855587743035,16.23586156864477,2.4,0.091,0.2,1.7,-1.6,0.543,476,0.253,0.492,26.3
Junior Etou,Tulsa Golden Hurricane,2017,32,935,402,123,251,112,146,44,103,215,54,40,15,3,81,77,161,63.76094404263418,0.19714473386445158,16.22056626061294,3.1,0.132,3.8,3.3,0.5,0.627,379,0.582,0.41,22.2
Shahada Wells,TCU Horned Frogs,2023,35,605,206,81,183,25,35,19,78,76,8,82,40,6,38,26,68,51.91532258064516,0.11270224544651741,16.219420646058136,2,0.13,5.6,1.4,4.2,0.516,213,0.191,0.426,19.1
Brandon Maclin,DePaul Blue Demons,2026,32,801,305,105,239,73,105,22,72,131,37,81,37,8,53,68,94,53.471248246844326,0.1930399736109963,16.216689230968033,2.3,0.115,4.4,1.2,3.3,0.528,314,0.439,0.301,22
Johnell Davis,Florida Atlantic Owls,2022,34,645,230,81,175,45,56,23,69,143,37,34,37,7,44,70,106,57.603686635944705,0.3690862353953081,16.209658117710745,2.4,0.147,2.1,0.3,1.8,0.57,227,0.32,0.394,19.2
Tristan Ikpe,Sam Houston Bearkats,2022,33,765,220,82,162,52,83,4,10,186,72,67,34,27,52,92,114,55.410034253475715,0.13527940936140426,16.20930011435826,3.2,0.166,1,-1.5,2.5,0.546,256,0.512,0.062,16.7
Brandan Stith,East Carolina Pirates,2014,34,645,147,51,103,45,82,0,0,209,86,21,20,39,25,82,123,52.84728213977567,0.070446940501424,16.194324458238057,2.1,0.133,-3.1,-2.2,-1,0.518,185,0.796,0,13.5
David Joplin,Marquette Golden Eagles,2025,34,1083,483,167,397,76,94,73,226,185,45,44,36,31,66,79,140,55.09170544757733,0.17352172995533868,16.1911438594576,3.4,0.126,5.1,3.1,2.1,0.547,443,0.237,0.569,23.8
Tanveer Bhullar,New Mexico State Aggies,2016,34,617,192,72,122,48,85,0,1,178,71,22,6,14,33,59,107,60.22584692597239,0.11003117640893476,16.186727916880503,2.6,0.166,0.8,0,0.8,0.591,199,0.697,0.008,16.1
Sam Hauser,Marquette Golden Eagles,2017,32,847,281,97,205,24,29,63,139,159,29,42,25,19,22,80,130,64.52057310800882,0.13500680286025885,16.185244152903906,2.9,0.138,6.3,4.9,1.4,0.642,262,0.141,0.678,14.3
Dayon Griffin,Louisiana Tech Bulldogs,2016,33,959,372,139,290,38,68,56,148,139,20,57,45,8,45,60,119,58.13953488372092,0.10359888176523813,16.174512495487726,3.3,0.137,1.5,0.6,0.9,0.577,337,0.234,0.51,18.3
Lewis Sullivan,UAB Blazers,2018,33,627,238,95,166,44,64,4,16,145,50,28,16,19,53,77,95,61.28965801400906,0.05984213219018071,16.17372394635952,NA,NA,NA,NA,NA,NA,NA,NA,NA,NA
Austin Ajukwa,Charlotte 49ers,2017,30,536,239,84,189,47,59,24,58,100,14,14,17,13,29,47,86,55.59173799776702,0.07400970533315332,16.161988318591845,1.2,0.085,-0.8,0.1,-0.9,0.551,217,0.312,0.307,21.2
David DeJulius,Cincinnati Bearcats,2022,33,943,480,171,418,89,108,49,165,92,14,86,24,0,54,36,78,51.55525004296271,0.15664594830972095,16.1500791700842,3.1,0.133,3.6,3.1,0.5,0.511,446,0.258,0.395,27.7
Austin Butler,Charlotte 49ers,2022,31,1018,392,147,284,63,90,35,88,185,46,46,27,2,47,73,139,60.568603213844256,0.13898274650572057,16.14470669252399,3.1,0.12,-0.1,1.3,-1.4,0.6,371,0.317,0.31,20
Terrell Brown,New Mexico State Aggies,2019,35,828,384,107,255,104,134,66,157,90,19,44,20,1,50,53,71,61.15428717034017,0.13996237283930918,16.1396153413987,3.8,0.183,4.5,3.6,0.9,0.603,345,0.525,0.616,21.9
B.J. Taylor,UCF Knights,2017,36,1056,504,165,399,126,175,48,141,116,11,101,32,1,64,60,105,52.94117647058824,0.21474770885731106,16.13719412736579,4.6,0.173,6.1,3.2,2.9,0.523,489,0.439,0.353,26.9
Malcolm Drumwright,Jacksonville State Gamecocks,2016,29,704,325,112,257,70,88,31,84,57,12,81,19,9,48,65,45,54.95062897335317,0.13706730881102394,16.12804290451384,1.6,0.08,-2.8,-0.6,-2.2,0.515,337,0.329,0.322,25.7
Ronnie Boggs,Jacksonville State Gamecocks,2013,28,964,316,126,263,39,64,25,72,165,60,64,54,18,50,66,105,54.26569583734029,0.12774868556748648,16.11792588466389,3.1,0.13,1.9,1.6,0.3,0.539,318,0.24,0.274,19.2
John Brown,Liberty Flames,2011,30,972,334,147,283,40,74,0,0,318,115,39,56,9,96,78,203,52.921789833946,0.30178987608144536,16.112433620120562,3.4,0.134,0.1,-0.5,0.6,0.534,365,0.265,0.003,21.2
Donovan Mitchell,Louisville Cardinals,2016,31,591,229,84,190,43,57,18,72,104,34,52,25,3,30,78,70,53.2360052073647,0.1311440155639311,16.10771586230203,2.8,0.187,7.1,2.7,4.4,0.527,233,0.3,0.379,20.9
Jonathan Mills,Southern Miss Golden Eagles,2013,37,1075,345,135,264,75,125,0,0,297,134,55,37,15,70,109,163,54.075235109717866,0.08933007089863151,16.09951646284894,4.2,0.157,1.7,1.3,0.4,0.533,377,0.473,0,18.6
Jon Davis,Charlotte 49ers,2018,29,1051,509,159,406,143,181,48,146,110,25,160,27,9,114,44,85,52.405073717156746,0.1456303053859548,16.09545110694881,1.8,0.07,-1.2,1.8,-3,0.517,550,0.446,0.36,28.4
Donovan Sims,Middle Tennessee Blue Raiders,2022,37,1035,429,146,368,82,93,55,165,168,26,101,43,2,69,47,142,52.45524797026313,0.15639537508406315,16.07922138201636,3.7,0.143,2.4,1.9,0.6,0.52,434,0.253,0.448,23.7
Hooper Vint,UTEP Miners,2016,33,715,292,119,214,49,66,5,22,160,43,22,7,36,54,91,117,60.072416063199476,0.10117661940646473,16.058364651516467,2,0.11,-2.4,-2.3,0,0.595,268,0.308,0.103,20.5
Josh Anderson,Western Kentucky Hilltoppers,2019,34,1015,412,152,322,93,131,15,52,141,39,59,59,23,74,93,102,54.261932356969766,0.10520407577947269,16.049121541214323,3,0.119,2.4,0,2.4,0.536,396,0.407,0.161,22.9
Dominic Artis,UTEP Miners,2016,33,1064,394,138,342,77,117,41,124,168,27,170,40,8,69,72,141,50.066077056013015,0.13762750607945434,16.043878582041273,3,0.113,0,0.2,-0.2,0.496,446,0.342,0.363,21.5
Kentrell Barkley,East Carolina Pirates,2018,30,741,276,103,224,49,76,21,73,167,42,51,30,15,51,50,125,53.60472343070229,0.18562749772880147,16.04156712373802,1.7,0.094,1.5,0.7,0.8,0.531,274,0.339,0.326,21.4
Steven Werner,Sam Houston Bearkats,2012,28,550,249,101,164,47,80,0,0,136,41,8,14,10,57,66,95,62.5,0.3047918236443303,16.0246873935278,2.2,0.152,-1.3,-1.2,-0.1,0.623,236,0.471,0,26.4
Chuck O'Bannon Jr.,TCU Horned Frogs,2022,34,816,322,106,260,64,91,46,136,142,43,32,32,20,34,55,99,53.65951206505799,0.14600515145026086,16.024172889737684,3.3,0.162,7.7,4.4,3.3,0.531,295,0.35,0.523,20.5
Darius Perry,UCF Knights,2022,30,889,354,120,302,58,80,56,155,116,21,132,48,5,76,66,95,52.49110320284698,0.1450985974035722,16.009903078584983,2.8,0.126,4.3,2.6,1.6,0.521,375,0.265,0.513,23.7
Kalu Anya,Saint Louis Billikens,2025,34,943,222,98,162,24,76,2,16,256,69,85,39,33,51,82,187,56.7949242734343,0.16858689662211931,15.998567438953037,3.1,0.133,3.5,0.3,3.2,0.56,278,0.469,0.099,13.9
Monty Scott,Kennesaw State Owls,2018,30,923,502,188,452,72,90,54,159,69,16,65,50,6,77,66,53,51.05777054515867,0.10006216902586314,15.99730614769037,1.4,0.061,-1.8,0,-1.7,0.507,451,0.199,0.352,30.3
Jason Jones,Middle Tennessee Blue Raiders,2011,31,931,414,145,300,116,174,8,24,152,54,49,40,6,76,89,98,54.97131931166348,0.2052885969879993,15.988591446513706,3.2,0.133,1.1,1.1,0,0.534,400,0.58,0.081,24.9
A.J. Davis,UCF Knights,2018,32,1023,380,119,273,112,162,30,91,235,60,67,29,12,65,65,175,55.18763796909493,0.21097112894031733,15.980092907086071,4,0.156,5.7,2.5,3.2,0.542,386,0.59,0.333,21.8
Lester Quinones,Memphis Tigers,2021,28,738,267,89,206,45,67,44,110,163,45,53,24,5,38,66,118,56.692712756922035,0.1326488539462772,15.979549173727833,3.4,0.185,5.7,2.8,2.9,0.561,262,0.325,0.534,17.8
Jayland Randall,New Mexico State Aggies,2026,32,637,284,88,243,68,82,40,128,100,27,23,22,10,18,59,73,50.88146767951842,0.06648987702379017,15.973086048604658,2,0.128,0.9,1.3,-0.4,0.504,261,0.337,0.527,23.5
Taveion Hollingsworth,Western Kentucky Hilltoppers,2021,29,909,402,131,311,116,135,24,73,109,21,70,35,6,67,41,88,54.265658747300215,0.12745705921732217,15.966870002574185,3.1,0.135,2,1.2,0.7,0.536,388,0.434,0.235,24.5
Demaree King,Jacksonville State Gamecocks,2023,31,1082,474,165,381,41,49,103,250,75,13,101,29,0,56,44,62,58.87321144674086,0.1953631127404138,15.960532323764948,3.6,0.133,-0.1,1.9,-2.1,0.586,447,0.129,0.656,22.2
LJ Hackman,Western Kentucky Hilltoppers,2026,32,692,273,81,206,91,116,20,72,92,19,51,40,2,34,65,73,53.10457516339869,0.06721088750883647,15.955384939859888,2,0.114,0.3,-1.5,1.8,0.523,266,0.563,0.35,20.3
Neil Watson,Southern Miss Golden Eagles,2012,34,1027,417,111,307,156,185,39,104,103,16,151,39,3,72,81,87,53.68177136972194,0.1408235915864403,15.953444809425868,4.3,0.167,5.3,3.9,1.4,0.528,443,0.603,0.339,23.3
Robert Martin,Rice Owls,2020,32,731,318,109,250,58,88,42,122,152,23,54,21,5,47,67,129,55.07065669160431,0.17265338618700088,15.94877702477477,2.1,0.113,0,0.8,-0.8,0.545,303,0.352,0.488,23.1
Raheem Appleby,Louisiana Tech Bulldogs,2013,34,895,506,196,484,62,87,52,173,91,27,42,37,7,59,32,64,48.441449031171025,0.13070640809892045,15.935157579356579,2.9,0.129,1.9,1.6,0.3,0.482,438,0.18,0.357,31.1
Robert Nyakundi,SMU Mustangs,2012,32,1034,460,156,337,64,82,84,203,150,34,30,35,9,58,90,116,61.648976090918836,0.18567920809652727,15.927860951784703,4,0.154,4.1,3.7,0.4,0.612,390,0.243,0.602,24.8
Brandon Weatherspoon,Florida Atlantic Owls,2024,34,807,244,88,192,27,32,41,119,114,47,51,33,4,18,45,67,59.20031055900621,0.09041236249302931,15.923004036536874,2.9,0.145,6,4.1,1.9,0.589,252,0.167,0.62,13.8
Isiaha Mike,SMU Mustangs,2019,32,981,373,126,278,71,93,50,136,174,58,54,30,35,61,100,116,58.4786153267277,0.12243979098712082,15.922530219326955,3,0.124,3.4,2.7,0.8,0.579,361,0.335,0.489,20.1
Shaq Goodwin,Memphis Tigers,2013,36,744,266,95,204,76,121,0,5,160,76,48,38,40,64,115,84,51.702690094853054,0.05445704238171313,15.920753716702892,2.5,0.135,1.8,-1.4,3.1,0.509,283,0.593,0.025,21.4
Matt Willms,UTEP Miners,2017,32,857,365,150,254,65,113,0,1,175,44,33,8,40,74,90,131,60.088239167654415,0.12350601983011182,15.91787075367024,2.3,0.108,-1.2,-1.5,0.3,0.593,334,0.445,0.004,23.6
Javian Davis,UAB Blazers,2024,35,932,314,109,194,96,134,0,0,197,91,37,28,14,57,112,106,62.0651486401012,0.10261031316764468,15.91504687443838,NA,NA,NA,NA,NA,NA,NA,NA,NA,NA
Joe Jackson,Memphis Tigers,2012,35,914,374,108,257,139,166,19,63,75,11,131,42,5,83,64,64,56.65979881226517,0.1127891640475686,15.91474507856649,3.5,0.154,4.1,2.3,1.7,0.557,400,0.646,0.245,23.9
Trey Jemison,UAB Blazers,2021,29,753,207,82,160,43,62,0,0,201,73,30,18,60,45,92,128,55.26484408372491,0.10470678887974182,15.913851160956854,NA,NA,NA,NA,NA,NA,NA,NA,NA,NA
Ben Moore,SMU Mustangs,2015,34,725,241,82,187,77,113,0,0,161,66,64,31,30,55,84,95,50.904021628928696,0.08579170856299338,15.906608303998413,2.8,0.148,3.8,0.5,3.3,0.501,269,0.604,0,20.8
Tshilidzi Nephawe,New Mexico State Aggies,2015,34,584,228,80,153,68,109,0,0,167,60,23,6,14,52,54,107,56.72770700636942,0.1542726134485703,15.901790973779246,2.2,0.153,-0.7,-0.1,-0.7,0.557,227,0.712,0,23.3
Giancarlo Rosado,Florida Atlantic Owls,2022,34,583,244,95,190,52,80,2,13,101,39,33,12,13,41,44,62,54.174067495559505,0.017614663383782283,15.901750824568195,1.8,0.123,0,0.2,-0.2,0.535,241,0.421,0.068,23.2
Torey Alston,Middle Tennessee Blue Raiders,2025,34,684,212,77,134,56,102,2,9,177,56,29,14,33,42,75,121,59.257602862254025,0.07463697182396668,15.900485637729835,2.1,0.125,0.1,-1.4,1.5,0.581,222,0.761,0.067,16.3
Yuri Collins,Saint Louis Billikens,2022,35,1124,379,135,300,88,108,21,58,139,8,267,65,6,138,88,131,54.52923572744015,0.21464362409017063,15.900376718967557,3.7,0.133,4,1.4,2.6,0.539,475,0.36,0.193,21.5
Darien Jackson,Tulsa Golden Hurricane,2020,31,808,245,95,176,44,71,11,34,104,40,68,44,6,36,61,64,59.11021038409573,0.14474717000567733,15.900077105439832,3.3,0.164,5.5,1.9,3.6,0.584,258,0.403,0.193,16.1
Chuck O'Bannon Jr.,TCU Horned Frogs,2021,26,450,169,55,135,31,41,28,76,96,26,13,19,13,21,42,70,55.21432305279666,0.12091710920801875,15.899042116422633,1.4,0.123,4,2.7,1.4,0.547,155,0.304,0.563,20.2
Jamall Gregory,Jacksonville State Gamecocks,2018,36,830,304,113,251,53,81,25,82,120,19,106,53,34,85,73,101,53.02818866871337,0.12641235424348096,15.898897819898874,2.5,0.119,2.2,-1,3.2,0.525,314,0.323,0.327,22.8
Kyler Edwards,Houston Cougars,2022,38,1262,511,164,444,85,122,98,294,220,34,119,38,13,58,64,186,51.33820929111075,0.15117761595409532,15.896727166563272,6,0.189,7.6,4.6,3,0.509,495,0.275,0.662,22.7
Cashmere Wright,Cincinnati Bearcats,2013,34,977,418,140,354,65,81,73,202,80,15,106,52,1,60,53,65,53.639256749820355,0.20538389595600023,15.88721860797696,4.4,0.182,7.4,4.3,3.2,0.533,399,0.229,0.571,23.4
Anthony Adger,Florida Atlantic Owls,2019,33,1068,513,154,423,112,136,93,271,140,20,85,33,2,69,53,120,53.12318780548422,0.16926124821222846,15.88332533437581,3.9,0.145,2.7,2.3,0.4,0.526,484,0.322,0.641,25.6
Jimmy Whitt Jr.,SMU Mustangs,2018,33,1096,346,140,287,60,101,6,21,171,50,114,60,16,54,76,121,52.19647598358678,0.1538608837002062,15.88014523876427,4,0.145,4.5,1.2,3.2,0.516,376,0.352,0.073,18.9
Jamil Wilson,Marquette Golden Eagles,2013,35,881,338,119,268,64,86,36,100,170,51,59,20,30,51,84,119,55.257651059377444,0.1465056088946815,15.875971141925259,3.4,0.155,7.1,4.7,2.4,0.547,325,0.321,0.373,21.8
DaQuan Bracey,Louisiana Tech Bulldogs,2017,33,924,300,113,259,51,78,23,70,89,22,193,32,1,55,70,67,51.13868812218737,0.10726224613939535,15.873459662721453,3.5,0.154,0.3,0.4,-0.1,0.507,376,0.301,0.27,18.8
Devonta Abron,TCU Horned Frogs,2013,32,681,237,80,151,77,129,0,0,189,76,16,16,22,41,95,113,57.036965729688106,0.16480711020943298,15.870760851171314,2.4,0.139,1.8,0.8,1,0.558,234,0.854,0,20.6
Maurice Bolden,Southern Miss Golden Eagles,2011,31,532,215,78,179,46,62,13,41,139,62,11,9,21,37,57,77,52.113631956563886,0.05333297220998434,15.859306675037924,1.9,0.142,-0.1,0.4,-0.5,0.508,217,0.333,0.231,23.5
Jarrod West,Marshall Thundering Herd,2020,32,1153,455,162,390,62,94,69,187,127,21,131,65,5,73,59,106,52.7401706231454,0.17094652436639873,15.858076631989356,3.6,0.124,2.3,1.3,1,0.523,460,0.241,0.479,20.4
Jamal Williams,Sam Houston Bearkats,2016,34,1020,328,124,253,68,95,12,34,186,51,148,38,5,79,69,135,55.63093622795115,0.19425646771266544,15.853403666510296,3.1,0.121,0.7,0.2,0.5,0.55,374,0.375,0.134,18.2
Russ Smith,Louisville Cardinals,2012,40,837,449,149,419,110,144,41,134,98,27,76,87,1,90,110,71,46.542001824363545,0.0944353327319493,15.852855793252223,2.9,0.139,6.1,0.1,6,0.461,425,0.344,0.32,34.5
Giddy Potts,Middle Tennessee Blue Raiders,2018,33,1051,438,142,343,69,80,85,210,141,15,63,45,8,54,85,126,57.905869910100485,0.1427456861637347,15.848418186829631,4.2,0.159,5.7,2.9,2.8,0.575,397,0.233,0.612,21.1
Nick Jourdain,Memphis Tigers,2024,32,707,209,85,145,22,44,17,42,127,58,37,20,29,29,88,69,63.57994645899245,0.07738667993046602,15.844840664772061,2.2,0.125,3.1,1.3,1.8,0.63,217,0.303,0.29,13.1
DK Eldridge,New Mexico State Aggies,2014,36,995,403,144,308,73,113,42,105,162,55,71,20,14,59,79,107,56.32897238063289,0.12591266057143488,15.84248515659506,3.7,0.148,2.2,2.3,-0.1,0.556,397,0.364,0.341,21.5
Jay Hook,Tulane Green Wave,2014,34,1081,471,135,304,118,142,83,176,173,39,25,25,0,61,81,134,64.25998690242305,0.20476625671783955,15.841980765115458,3.7,0.138,1.7,3.4,-1.7,0.634,416,0.467,0.579,21.8
Jameer Nelson Jr.,Delaware Blue Hens,2022,35,1144,475,170,381,79,101,56,154,171,41,78,57,10,88,90,130,55.82455810455058,0.17579656167912686,15.83959999713406,3.3,0.114,0.4,0.6,-0.2,0.554,466,0.265,0.404,23.7
Antwan Burrus,Liberty Flames,2012,32,954,357,148,280,60,83,1,2,200,78,19,18,36,51,80,122,56.39454062934413,0.18446706423682482,15.838969400692518,2.4,0.101,-2.8,-0.6,-2.2,0.559,334,0.296,0.007,20.1
Adonis Filer,Florida Atlantic Owls,2017,30,677,326,102,268,92,114,30,100,88,22,63,29,0,54,55,66,51.23208448579331,0.0956323607978835,15.837689911252838,1.6,0.094,-0.4,0.3,-0.7,0.506,320,0.425,0.373,27.5
Deandre Dishman,Middle Tennessee Blue Raiders,2022,37,1013,364,137,260,90,140,0,1,181,61,80,39,21,83,74,120,56.59203980099502,0.11544136257663273,15.832631361965865,3.3,0.132,1.6,0.6,1,0.557,386,0.538,0.004,20.6
Kyle Rode,Liberty Flames,2023,36,1051,394,146,320,31,36,71,178,127,19,126,23,7,51,64,108,58.658885183420686,0.16810782682079672,15.83123119900451,4.7,0.179,4.4,3.1,1.3,0.584,404,0.113,0.556,20
Teshaun Hightower,Tulane Green Wave,2020,30,1026,478,153,371,135,178,37,125,138,37,72,45,2,85,43,101,53.191489361702125,0.18172229494230763,15.825925621632496,2.5,0.099,1,1.9,-0.9,0.525,471,0.48,0.337,27.2
Brandon Mahan,UCF Knights,2022,30,669,255,80,213,48,54,47,143,104,29,42,39,5,37,43,75,53.852002027369494,0.11931093707459182,15.821399497802808,2.2,0.134,5.3,3,2.3,0.534,244,0.254,0.671,20.9
Denijay Harris,Southern Miss Golden Eagles,2023,33,676,250,105,186,40,59,0,1,158,52,17,16,5,44,33,106,58.97339120588791,0.1528073879696902,15.812591802543357,2.2,0.13,-0.7,-0.1,-0.7,0.582,231,0.319,0.005,19
Trejon Jacob,Florida International Panthers,2018,32,1043,451,158,367,63,98,72,192,154,26,28,35,8,37,51,128,54.983907149127084,0.16210538059608476,15.810897322502457,3.2,0.124,1.1,1.4,-0.2,0.545,394,0.267,0.523,21.8
Brody Peebles,Liberty Flames,2024,32,683,343,128,282,42,48,45,134,61,17,22,9,0,25,32,44,56.57825283716021,0.07237006006324852,15.809558766334094,2.3,0.134,-2,0.5,-2.5,0.563,289,0.17,0.475,25.9
Eric Lockett,Florida International Panthers,2018,32,1185,457,181,388,81,113,14,48,209,41,98,39,12,66,76,168,52.20232111852325,0.26374744071474376,15.802509539455496,3.4,0.115,0.2,0,0.2,0.517,459,0.291,0.124,21.6
Tyrese Hunter,Memphis Tigers,2025,35,1089,437,146,352,72,93,73,182,123,27,114,47,6,72,50,96,55.60928433268859,0.16691576857592083,15.793880623582869,3.4,0.125,4.8,3.1,1.7,0.552,437,0.264,0.517,20.6
McKenzie Moore,UTEP Miners,2013,32,611,216,74,163,48,66,20,57,130,28,51,34,20,57,63,102,56.23828369089773,0.10615183217504483,15.787577083560894,2,0.134,5.9,1.6,4.3,0.556,218,0.405,0.35,23.4
Alejandro Vasquez,UAB Blazers,2025,37,856,412,154,377,71,79,33,128,107,38,56,18,7,33,78,69,50.02914319020789,0.07492493616390984,15.78733628351298,NA,NA,NA,NA,NA,NA,NA,NA,NA,NA
Samuell Williamson,SMU Mustangs,2024,33,777,274,117,265,35,68,5,21,234,60,49,36,19,46,71,174,46.45327546453275,0.09384218140484873,15.770960751050096,2.3,0.117,0.8,-1.2,2,0.461,276,0.257,0.079,21.3
Isaiah Rivera,DePaul Blue Demons,2025,34,938,367,130,288,37,63,70,169,140,30,56,31,13,45,61,110,58.12111997972886,0.14776957499335638,15.76751821493848,2.4,0.102,3.7,2.8,0.9,0.577,334,0.219,0.587,20.1
Javion May,Sam Houston Bearkats,2022,33,659,170,70,142,19,40,11,38,152,68,33,40,5,17,74,84,53.258145363408524,0.14616302134680834,15.763296166251463,2.9,0.176,3.2,0.6,2.7,0.528,190,0.282,0.268,13.6
Daviyon Draper,Florida International Panthers,2016,31,1058,475,189,418,65,92,32,82,213,43,67,30,21,85,71,170,51.801605304484376,0.1656043092256274,15.754847314342495,2.7,0.101,-0.5,0.6,-1.1,0.516,470,0.228,0.195,26.8
Jermaine Mallett,Missouri State Bears,2011,35,1153,409,133,289,98,119,45,115,209,59,102,27,5,71,89,150,59.90742910710101,0.23534029467801626,15.750625366186368,4.5,0.157,4.9,4.1,0.7,0.592,424,0.412,0.398,19.8
Cane Broome,Cincinnati Bearcats,2018,36,698,268,95,205,46,65,32,82,52,16,95,31,2,51,44,36,57.36301369863014,0.10010142081897792,15.742006688614316,3.2,0.181,5.5,2,3.4,0.568,272,0.317,0.4,20.7
Dug McDaniel,Memphis Tigers,2026,32,1102,446,168,407,62,73,48,146,118,25,147,62,2,82,54,93,50.78338495172162,0.1878685669118587,15.741854083743274,2.5,0.089,2.4,0.9,1.4,0.505,462,0.179,0.359,22.5
Lamont West,Missouri State Bears,2020,33,703,312,107,247,52,57,46,139,129,39,19,21,8,47,65,90,57.336077624228174,0.12065492682550358,15.736093790940254,2.5,0.141,2,2.2,-0.1,0.569,284,0.231,0.563,23
DeAndre Kane,Marshall Thundering Herd,2012,35,1156,560,201,486,127,212,31,124,185,70,120,47,11,101,110,115,48.3358652119873,0.1472075299069798,15.735439994183945,3.5,0.122,4.3,3,1.2,0.477,561,0.436,0.255,29.4
AC Bryant,Jacksonville State Gamecocks,2026,32,859,365,120,302,37,54,88,225,122,16,28,33,3,21,58,106,56.02283889980354,0.12131231672847236,15.733834884378004,3.1,0.145,2.3,2.2,0.1,0.557,312,0.179,0.745,20.9
Chance Moore,Missouri State Bears,2024,33,832,332,115,279,58,94,44,149,165,31,15,23,29,26,46,134,51.81670620551879,0.14709835186783748,15.73047279005206,2.5,0.118,2.7,1.1,1.6,0.513,297,0.337,0.534,21.5
Chuck O'Bannon Jr.,TCU Horned Frogs,2023,35,765,271,88,231,54,72,41,132,118,51,35,29,34,22,72,67,51.58367595553525,0.09131117391685956,15.729578969562507,2.8,0.147,6,3.1,2.9,0.511,265,0.312,0.571,18.3
Lamar Wilkerson,Sam Houston Bearkats,2024,33,922,428,151,353,74,89,52,150,113,32,42,30,5,41,73,81,54.569563443492456,0.13025826172710397,15.71999552477426,3.3,0.143,2.7,2.3,0.4,0.541,384,0.252,0.425,23.3
Michel Nzege,East Carolina Pirates,2015,33,593,190,85,138,20,42,0,0,154,58,20,16,12,36,61,96,60.71063394683027,0.07771153052719641,15.709409195830519,1.8,0.115,-2,-0.7,-1.4,0.601,183,0.304,0,17.4
Nik Graves,Charlotte 49ers,2024,31,892,312,92,202,105,131,23,70,92,15,85,30,4,33,77,77,60.083192112155295,0.13404849219717577,15.708677059245515,3.4,0.154,2.9,1.3,1.5,0.59,319,0.649,0.347,18.7
Shiloh Robinson,Liberty Flames,2023,36,748,273,102,183,50,71,19,59,128,19,33,16,22,33,78,109,63.713592233009706,0.11048130946157145,15.698299908535262,3.3,0.178,2.4,0.3,2.2,0.63,244,0.388,0.322,18.2
Jamal Bieniemy,UTEP Miners,2022,34,1040,441,163,405,47,55,68,188,106,17,120,47,16,70,55,89,51.374650512581546,0.16830029640964303,15.697102496825535,3.1,0.119,2.3,2.1,0.1,0.511,447,0.136,0.464,25.4
Femi Odukale,New Mexico State Aggies,2024,32,745,277,98,227,68,137,13,42,167,48,77,29,25,56,77,119,48.21080478975217,0.12490605175209213,15.69600876692788,1.6,0.084,1.9,1.3,0.6,0.474,305,0.604,0.185,24.2
Issa Muhammad,New Mexico State Aggies,2023,24,561,213,92,158,26,49,3,11,113,33,12,13,9,25,61,80,59.3116507017153,0.11693425259448001,15.695463776577009,1.8,0.127,-0.1,0.2,-0.3,0.588,194,0.31,0.07,18.1
JR  Coronado,Liberty Flames,2014,32,558,150,64,107,22,48,0,0,172,70,13,5,17,21,50,102,58.53886980955354,0.10007419145618998,15.688674185833598,1.7,0.121,-1.5,0.1,-1.6,0.578,158,0.449,0,13.8
Landers Nolley II,Memphis Tigers,2021,28,767,368,127,306,49,61,65,168,114,25,50,31,5,63,57,89,55.281817089292154,0.11854667955416376,15.675205353269208,3.1,0.162,5.2,2.9,2.3,0.549,328,0.199,0.549,24.7
Darian Adams,Jacksonville State Gamecocks,2021,27,922,424,140,327,82,107,62,168,125,19,83,26,1,76,52,106,56.67236954662105,0.14980115739014682,15.673168722879069,3.2,0.14,-0.3,0.9,-1.2,0.561,405,0.327,0.514,24.9
Spencer Rodgers,Kennesaw State Owls,2021,24,779,391,137,317,55,72,62,159,87,3,48,26,4,56,59,84,56.068601583113455,0.2536240955557123,15.668772093148803,2.4,0.123,-0.8,0.3,-1.2,0.557,351,0.227,0.502,26.6
Robert Braswell IV,Charlotte 49ers,2022,31,616,253,87,174,32,34,47,115,44,13,16,13,18,25,54,31,66.94538526672311,0.0722766954369152,15.666561795191187,1.9,0.121,1.4,2.6,-1.3,0.665,211,0.195,0.661,19
Austin Crowley,Southern Miss Golden Eagles,2024,32,1061,495,161,420,117,155,56,167,135,28,102,38,14,75,71,107,50.69643588693159,0.20584440968473897,15.66541785488294,2.7,0.102,-0.2,0.9,-1.1,0.501,488,0.369,0.398,26.8
Ade Popoola,Tulsa Golden Hurricane,2026,38,1092,411,135,326,42,54,99,242,158,33,50,50,10,46,64,125,58.754574565416284,0.11041198051323804,15.663310081040985,3.6,0.131,4.2,2.5,1.7,0.584,370,0.166,0.742,18.1
Fabian White Jr.,Houston Cougars,2020,31,734,287,118,250,51,64,0,2,172,77,25,15,15,38,91,95,51.58901351740005,0.1133544435477807,15.662369615371274,3,0.163,3.4,1.7,1.7,0.512,280,0.256,0.008,21.3
Trey Simpson,Kennesaw State Owls,2026,35,896,315,106,247,45,67,58,169,173,44,20,29,44,42,62,129,56.96614583333333,0.07956573569862828,15.654730827470436,2.6,0.115,0.2,-0.6,0.8,0.565,283,0.271,0.684,16.7
Jacob Walker,Sam Houston Bearkats,2026,34,877,392,117,268,119,159,39,109,74,14,84,31,3,63,69,60,57.995028997514495,0.07391080610729858,15.633935032117618,2.6,0.12,-0.8,-0.5,-0.2,0.571,378,0.593,0.407,21.9
Kayne Henry,Jacksonville State Gamecocks,2022,32,836,297,106,226,53,74,32,98,177,61,27,22,15,40,62,116,57.433477722772274,0.13223868612293405,15.628407435440664,3,0.142,0.4,0.7,-0.3,0.569,291,0.327,0.434,18.7
Troy Caupain,Cincinnati Bearcats,2016,33,1104,428,142,379,89,113,55,170,124,16,160,37,13,60,48,108,49.916029109908564,0.17040433348344974,15.624239950319533,4.3,0.156,6.1,3.6,2.4,0.495,447,0.298,0.449,22.8
Jacob Meyer,DePaul Blue Demons,2025,34,638,294,93,242,66,86,42,126,87,19,24,22,2,20,55,68,52.53001715265866,0.0857273718339112,15.620241477931172,1.6,0.102,1,0.9,0.1,0.52,263,0.355,0.521,24.7
Xavier Pinson,New Mexico State Aggies,2023,24,752,320,101,261,72,84,46,135,70,8,108,32,4,65,48,62,53.69848301785475,0.20514494945735245,15.618886307107351,2.2,0.118,2,2.8,-0.8,0.532,338,0.322,0.517,23.8
Lamonte Bearden,Western Kentucky Hilltoppers,2019,34,668,212,68,163,59,85,17,44,56,16,104,31,6,37,37,40,52.8942115768463,0.11612499312284759,15.613188512961392,2.2,0.13,3,1.6,1.4,0.521,246,0.521,0.27,18.3
Asher Woods,Tulane Green Wave,2025,34,967,390,130,307,88,103,42,125,85,17,82,32,2,36,60,68,55.34741144414169,0.11962120143435316,15.611276961462934,2.9,0.122,0.8,1.1,-0.3,0.548,377,0.336,0.407,21
Tae Hardy,UTEP Miners,2024,34,1117,510,177,428,88,124,68,182,99,20,85,58,7,66,85,79,52.84316976127321,0.15148214706831856,15.609578926836752,3.6,0.128,0.6,0.3,0.4,0.524,476,0.29,0.425,24.1
Jamal Shead,Houston Cougars,2022,38,1176,381,140,346,65,81,36,121,114,21,221,62,9,76,90,93,49.91615134681899,0.14041008353801934,15.607612540947084,5.3,0.182,6.6,2.6,4,0.495,453,0.234,0.35,20
Micah Peavy,TCU Horned Frogs,2024,34,994,372,147,321,51,84,27,87,168,55,89,45,8,59,77,113,51.9611129735166,0.1364047120444261,15.603380008598982,2.9,0.118,3.9,1.6,2.2,0.515,374,0.262,0.271,20.2
Brandon Johnson,East Carolina Pirates,2022,30,525,140,57,110,23,40,3,14,153,42,22,12,16,12,57,111,54.858934169278996,0.07961153149504473,15.601499716201019,1.7,0.131,0.6,-0.1,0.7,0.543,143,0.364,0.127,13.6
Jaylen Butz,DePaul Blue Demons,2019,36,799,243,98,170,47,84,0,0,200,73,39,20,17,45,75,127,58.70699652106687,0.1182187816631045,15.597110078722942,2.1,0.107,1.9,1.4,0.5,0.579,260,0.494,0,15.4
Miles Reynolds,Saint Louis Billikens,2016,32,593,238,65,149,102,130,6,22,63,9,73,29,3,51,63,54,57.710960232783705,0.13666299817239552,15.594116165269734,1.7,0.113,1.4,-0.3,1.7,0.563,249,0.878,0.149,22.9
Jared Coleman-Jones,Middle Tennessee Blue Raiders,2024,33,927,364,127,281,91,118,19,43,251,59,75,20,35,104,83,192,54.66778805719091,0.06972290247854554,15.590975025472455,2.1,0.091,0,-1,1,0.54,378,0.42,0.153,24.6
Chad Bowie,Sam Houston Bearkats,2020,31,754,261,90,224,56,68,25,76,114,21,75,63,8,53,66,93,51.39413988657845,0.14116293947010283,15.589633897502322,2.4,0.129,0.7,-1.1,1.8,0.509,271,0.304,0.339,19.5
Gregg Glenn III,Tulane Green Wave,2025,34,910,361,136,273,85,127,4,35,179,38,106,33,16,89,113,141,54.88324008756994,0.10708929822055854,15.589119100625611,2.2,0.098,-1.3,-1.9,0.6,0.542,383,0.465,0.128,24.1
Da'Sean Nelson,DePaul Blue Demons,2023,33,790,319,122,231,62,85,13,39,155,46,54,25,23,80,96,109,59.42622950819673,0.160926487765484,15.581160295097279,1.5,0.074,1.2,0.2,1,0.588,314,0.368,0.169,22.5
Tristan Spurlock,UCF Knights,2013,29,858,290,91,220,75,98,33,99,150,50,48,26,20,37,44,100,55.107935542718145,0.136308185653621,15.577798796950296,3.3,0.145,3.3,3.4,0,0.55,315,0.438,0.458,18.2
Billy Garrett Jr.,DePaul Blue Demons,2017,32,938,478,140,361,157,178,41,113,92,12,107,37,5,105,81,80,54.40225803514522,0.22466091096231228,15.575476810872981,2,0.085,1.8,2,-0.2,0.536,474,0.493,0.313,29.5
Cesare Edwards,Missouri State Bears,2024,33,595,239,97,207,33,42,12,48,158,38,13,14,14,33,67,120,52.99804860741529,0.11425778408590533,15.56389016247531,1.6,0.11,-0.3,-1.3,0.9,0.527,222,0.203,0.232,22.2
Brandon Newman,Western Kentucky Hilltoppers,2024,34,871,345,117,289,60,82,51,156,181,22,55,44,9,58,64,159,53.06386120339609,0.09822514069189878,15.558670720456954,2.6,0.12,0.8,-0.6,1.4,0.526,330,0.284,0.54,20.4
Damon Nicholas Jr.,Sam Houston Bearkats,2024,33,830,266,99,235,40,61,28,76,178,70,37,46,8,30,64,108,50.79437824625727,0.10337366994240939,15.554233307956723,2.9,0.14,2.7,1,1.8,0.504,272,0.26,0.323,17.5
Orlando Coleman,Kennesaw State Owls,2014,31,813,291,120,231,33,57,18,53,185,60,43,24,15,62,54,125,56.81818181818182,0.41729712918394124,15.552276782252548,1.7,0.083,-2.2,-0.8,-1.4,0.564,284,0.247,0.229,19.8
Samuell Williamson,SMU Mustangs,2023,32,956,298,127,269,41,74,3,17,234,83,82,46,24,65,86,151,49.409736039262505,0.14492368402301264,15.551153648050489,2,0.085,1.8,0.1,1.7,0.49,332,0.275,0.063,19.1
Kaden Metheny,Liberty Flames,2026,34,1117,432,153,337,27,36,99,250,99,8,102,24,0,40,35,91,61.21754903072214,0.1051703592440878,15.550030009413106,3.1,0.112,1.1,3,-1.9,0.61,411,0.107,0.742,20
Brandon Swannegan,Tulsa Golden Hurricane,2016,31,602,196,73,129,50,83,0,0,120,52,7,14,29,24,76,68,59.20734654422426,0.061478103781405606,15.546873982696907,2.3,0.141,2.2,0.6,1.6,0.595,207,0.654,0,16
Jaylen Butz,DePaul Blue Demons,2020,32,845,313,127,214,59,118,0,1,166,65,25,36,21,69,75,101,58.85228640192539,0.16514318213673035,15.541134585342224,2.2,0.104,2.4,0.4,2,0.58,292,0.551,0.005,19.3
Mohamed Sanogo,Florida International Panthers,2023,32,642,203,86,129,31,61,0,1,120,36,22,15,37,43,62,84,65.13090349075975,0.08575715633447784,15.541037156288223,1.6,0.1,0.2,-0.4,0.6,0.643,196,0.473,0.008,15.8
Justin Massey,Florida Atlantic Owls,2018,31,791,429,130,362,94,120,75,224,68,14,45,15,0,34,57,54,51.71166827386692,0.09532181855019749,15.532343806970374,2.5,0.128,1,2.1,-1.1,0.512,385,0.331,0.619,27.7
DeAndre Pinckney,Southern Miss Golden Eagles,2021,25,472,172,67,125,29,48,9,33,102,29,18,10,13,28,43,73,58.85573501231865,0.10992813059379715,15.529320862890218,1.6,0.137,1.3,0.8,0.5,0.582,163,0.384,0.264,19.4
Julyan Stone,UTEP Miners,2011,35,1279,297,103,202,78,139,13,51,261,41,184,52,21,65,83,220,56.42954856361149,0.189425124043272,15.52906913008581,5.3,0.165,6.5,2.3,4.2,0.554,374,0.688,0.252,13.7
Delbert Love,Kennesaw State Owls,2014,31,963,391,131,319,64,92,65,154,114,37,78,44,0,55,64,77,54.384110381662396,0.6494931941187632,15.527852946370897,2.5,0.102,0.7,1.6,-1,0.539,381,0.288,0.483,21.8
Kerry Hammonds II,Middle Tennessee Blue Raiders,2014,33,1013,395,114,284,100,124,67,173,113,12,85,26,20,52,63,101,58.33530245746692,0.1523773325626901,15.522558605565779,4.4,0.172,4.9,3.2,1.7,0.576,373,0.437,0.609,20
Dennis Tinnon,Marshall Thundering Herd,2013,32,979,335,131,274,60,93,13,42,292,107,46,28,9,69,87,185,53.18811126635335,0.3244095265973343,15.520976377082738,2.5,0.102,-0.4,0.6,-1,0.526,336,0.339,0.153,19
Jarron Cumberland,Cincinnati Bearcats,2018,36,1041,414,138,337,78,115,60,177,143,45,103,37,13,64,76,98,53.40557275541795,0.10817892334710472,15.519016458553153,4.8,0.183,6.5,2.6,3.9,0.529,410,0.341,0.525,22
Devan Cambridge,UCF Knights,2026,33,573,178,59,131,43,61,17,61,117,36,28,18,19,19,65,81,56.386213887481,0.08254960177156441,15.515117542619471,1.7,0.117,4.8,1.7,3.1,0.556,180,0.466,0.466,15
Noah Otshudi,Marshall Thundering Herd,2026,32,977,448,167,363,93,110,21,70,105,24,110,28,1,84,69,81,54.44822557122022,0.1707470397612134,15.499972985111006,1.9,0.079,-3.8,-1.4,-2.4,0.539,450,0.303,0.193,24.9
Vincent Brady II,Missouri State Bears,2025,32,972,406,124,277,109,143,49,129,128,29,75,37,3,79,78,99,59.71993410214168,0.1898010058133353,15.499617708427923,2.8,0.114,1.1,1.2,-0.1,0.589,394,0.516,0.466,23.4
Dazon Ingram,UCF Knights,2020,30,815,240,68,163,95,129,9,37,199,38,109,24,13,61,70,161,54.60502366217692,0.21611799088084574,15.4967285628437,2.9,0.142,4.3,1.4,2.9,0.535,287,0.791,0.227,17.8
Marcus Jordan,UCF Knights,2011,33,1038,500,145,357,165,213,45,135,92,16,110,28,2,95,54,76,55.466808661696845,0.14094989323868942,15.49597066937247,3.5,0.145,1.7,2.2,-0.5,0.543,462,0.604,0.381,27.9
Amorie Archibald,Louisiana Tech Bulldogs,2018,33,604,217,71,181,56,77,19,64,77,19,117,24,4,55,43,58,50.49329858525689,0.0803293191702004,15.495266554172929,1.7,0.111,0.2,0.5,-0.4,0.499,266,0.425,0.354,22.9
Andrew Taylor,Marshall Thundering Herd,2022,33,1162,468,185,441,33,45,65,198,169,45,145,59,5,99,57,124,50.78125,0.15590264104984938,15.492826868686548,2.3,0.08,0.2,0.8,-0.6,0.506,489,0.102,0.449,23
Tarik Black,Memphis Tigers,2013,36,664,258,103,175,52,116,0,0,154,57,14,22,20,43,105,97,57.069545213236594,0.058389112321214735,15.488042689763164,2.3,0.138,0.9,-0.9,1.9,0.561,233,0.663,0,20.1
Asher Woods,Tulane Green Wave,2026,33,1019,422,122,301,147,173,31,114,106,20,67,44,0,59,45,86,55.95036062791684,0.1366650649231147,15.487498383660153,2.1,0.082,-1.5,-0.5,-1,0.551,409,0.575,0.379,22.8
Nigel Pruitt,Kennesaw State Owls,2015,32,880,389,128,309,63,82,70,189,129,35,40,31,9,53,82,94,56.36374174104556,0.146801523537491,15.484659601991812,2.2,0.097,-1.1,1.2,-2.3,0.559,355,0.265,0.612,23
Arturo Dean,Florida International Panthers,2023,32,949,381,157,361,55,86,12,60,132,31,122,81,8,101,81,101,47.76351419115434,0.11905170895389262,15.483288467531164,1.6,0.065,-0.1,-1.6,1.5,0.474,418,0.238,0.166,26.6
Jahvin Carter,Middle Tennessee Blue Raiders,2026,32,857,346,126,311,48,63,46,137,102,17,114,27,0,51,41,85,51.074633915918746,0.11781151286965072,15.476430864897468,2.2,0.104,-0.3,0.5,-0.8,0.507,361,0.203,0.441,23.4
Javon Bess,Saint Louis Billikens,2018,33,1195,440,128,324,160,211,24,89,244,79,72,41,13,67,78,165,52.77804433355724,-0.03437889290464772,15.471726485781591,4.1,0.136,3.1,1.7,1.4,0.519,449,0.651,0.275,21.5
Mubarak Muhammed,Louisiana Tech Bulldogs,2019,33,610,187,79,162,19,44,10,26,173,75,14,21,24,32,73,98,51.55491839435376,0.0817517530349741,15.46455857514686,2,0.128,-0.1,-0.9,0.7,0.511,197,0.272,0.16,17.8
Calvin Solomon,UTEP Miners,2023,32,892,308,116,250,76,127,0,10,192,71,65,64,14,81,78,121,50.34654112723944,0.11927967489464444,15.458804840364659,2.5,0.11,2.8,-0.3,3.1,0.496,328,0.508,0.04,22.1
Aly Khalifa,Charlotte 49ers,2022,31,749,237,90,191,37,51,20,57,129,45,107,17,24,55,92,84,55.51911544227887,0.09489574097708119,15.45698740945528,2.1,0.113,1.2,1,0.2,0.551,291,0.267,0.298,19.6
Keandre Cook,Missouri State Bears,2020,33,1059,493,160,379,102,125,71,168,152,24,47,28,13,73,75,128,56.79723502304147,0.19415582041009583,15.45241388504193,3.7,0.139,2.5,2.5,0,0.562,445,0.33,0.443,24.3
Tristen Newton,East Carolina Pirates,2020,31,928,340,103,264,101,126,33,102,139,16,114,37,10,59,62,123,53.21813173052843,0.1732524610953403,15.451533198504235,2.7,0.115,2.5,1.9,0.6,0.525,353,0.477,0.386,20.7
Johnathon Wilkins,New Mexico State Aggies,2018,34,603,214,93,171,13,25,15,39,98,46,45,5,20,31,79,52,58.791208791208796,0.06720425930954581,15.45065379413304,2.6,0.17,2.2,0.3,1.9,0.585,216,0.146,0.228,17.2
Pierria Henry,Charlotte 49ers,2013,33,1086,340,114,263,101,143,11,56,180,41,122,84,20,94,90,139,52.16003927344133,0.22167098404593383,15.448783136891809,3.2,0.118,5.5,1,4.5,0.514,367,0.544,0.213,19.3
Markeith Cummings,Kennesaw State Owls,2013,30,890,445,159,350,105,148,22,72,118,47,39,27,4,69,87,71,53.598959337059156,0.10209852519555028,15.447952579151437,1.8,0.082,-1.6,1.3,-3,0.529,408,0.423,0.206,29.2
Michael Forrest,Florida Atlantic Owls,2022,34,1043,449,145,364,74,86,85,241,117,15,101,35,1,73,45,102,55.86800716703165,-0.08078193110824301,15.445931187122847,3.6,0.139,1.3,2.1,-0.9,0.555,437,0.236,0.662,23
Amorie Archibald,Louisiana Tech Bulldogs,2020,30,775,316,102,243,61,73,51,134,89,17,65,18,2,38,44,72,57.42948531549869,0.13652612298174868,15.44592347550363,3.4,0.175,3.6,3,0.6,0.569,308,0.3,0.551,20.7
Gibson Jimerson,Saint Louis Billikens,2022,35,1184,570,194,436,95,115,87,207,79,18,28,17,1,35,40,61,58.56966707768188,0.1690306959853996,15.436285873901483,4.7,0.157,4.2,4,0.1,0.581,474,0.264,0.475,22
Milos Uzan,Houston Cougars,2025,40,1263,455,173,382,47,60,62,145,122,14,170,36,3,57,80,108,55.70519098922625,0.17306509734432335,15.435099293449891,5.8,0.185,9.2,4.7,4.4,0.554,477,0.157,0.38,19.7
Kyle Rode,Liberty Flames,2021,29,742,215,80,164,25,34,30,81,120,34,85,21,7,33,51,86,60.069289226642816,0.12393393708420027,15.422894775853395,3.7,0.199,3.8,2.4,1.4,0.597,253,0.207,0.494,16.1
Eric Gaines,UAB Blazers,2023,39,1135,448,148,376,115,145,37,108,134,18,168,72,25,119,92,116,50.93224192814916,0.10649732330765493,15.42208677537373,NA,NA,NA,NA,NA,NA,NA,NA,NA,NA
Tyler Madison,UAB Blazers,2015,36,618,229,77,170,69,91,6,17,123,70,37,12,6,34,87,53,54.51342601409256,0.04510947682526418,15.413385620908413,NA,NA,NA,NA,NA,NA,NA,NA,NA,NA
Jawan Carter,Delaware Blue Hens,2011,31,1105,496,134,352,144,170,84,221,114,19,74,27,1,65,75,95,58.10684161199625,0.28079727603968585,15.40211422902237,3.8,0.136,3.2,3.7,-0.6,0.574,465,0.484,0.63,24.8
Day Day Thomas,Cincinnati Bearcats,2025,35,815,325,122,296,36,47,45,112,86,24,85,56,6,57,66,62,51.31362889983579,0.1231806446734104,15.395481406417142,2.4,0.12,6,1.6,4.4,0.51,324,0.159,0.378,23.8
Al Green,Louisiana Tech Bulldogs,2025,32,743,306,104,236,42,52,56,133,68,17,28,22,4,24,35,51,59.100741656365884,0.07784024507187279,15.385362438806311,2.5,0.134,2.6,2.7,-0.1,0.587,263,0.22,0.564,20.2
Marquez Letcher-Ellis,Rice Owls,2017,35,645,271,86,183,80,121,19,55,170,50,18,28,36,76,110,120,57.356925160853365,0.05496925329665545,15.383389053378183,1.7,0.102,-3.6,-3.9,0.3,0.563,266,0.661,0.301,22.5
George Fant,Western Kentucky Hilltoppers,2013,36,1016,447,163,338,121,200,0,0,232,90,24,26,39,95,108,142,52.46478873239436,0.22181397789251217,15.381515490431827,2.8,0.11,-1.4,-1.1,-0.4,0.516,425,0.592,0,26.3
Tulio Da Silva,Missouri State Bears,2020,33,830,308,127,245,52,81,2,16,219,79,30,20,15,69,64,140,54.874572405929314,0.18309360740612354,15.376699251300582,2.3,0.112,0,0.2,-0.2,0.543,310,0.331,0.065,21.4
Collin Goss,Delaware Blue Hens,2020,33,644,201,90,141,19,36,2,13,146,34,23,7,17,30,49,112,64.07804131599082,0.12042505201426351,15.376587026827513,2,0.122,-0.4,0.1,-0.5,0.636,194,0.255,0.092,15.3
C.J. Burks,Marshall Thundering Herd,2016,33,742,290,111,232,34,48,34,105,66,16,61,32,2,37,52,50,57.28508217446271,0.08574013987898793,15.373958524468177,1.6,0.087,0.3,0.5,-0.2,0.569,277,0.207,0.453,17.8
Theo John,Marquette Golden Eagles,2020,30,626,154,56,102,42,75,0,0,156,54,22,13,55,27,81,102,57.03703703703704,0.08136571221215176,15.359129149115637,2.2,0.138,4.9,0.9,4,0.559,170,0.735,0,12.8
Kwamain Mitchell,Saint Louis Billikens,2012,34,1069,422,150,338,57,84,65,178,90,18,126,44,1,61,80,72,56.27266908470238,0.1718127093932432,15.35437924673409,4.8,0.179,6.8,3.9,2.9,0.558,420,0.249,0.527,22.4
Tavin Lovan,UAB Blazers,2019,35,682,235,92,173,47,74,4,12,130,54,26,27,7,40,54,76,57.160926250243236,0.08737918132176667,15.35301726920499,NA,NA,NA,NA,NA,NA,NA,NA,NA,NA
Rashad Smith,Tulsa Golden Hurricane,2016,31,622,214,91,174,27,48,5,17,122,49,33,22,19,40,63,73,54.838048380483805,0.08598872249672385,15.35275897714102,1.8,0.113,3.3,1.1,2.2,0.544,222,0.277,0.096,19.2
Donovan Clay,Missouri State Bears,2023,32,959,358,139,297,62,92,18,60,166,55,108,22,29,83,78,111,53.04018015882422,0.21701090361315892,15.347939070458864,3,0.125,2.3,1.5,0.7,0.525,387,0.31,0.202,23.9
Cobe Williams,Tulsa Golden Hurricane,2024,31,972,406,131,332,87,115,57,171,104,18,111,64,7,89,78,86,53.05802404600104,0.11487255945895684,15.344873409627326,2.2,0.092,0.8,-0.2,1,0.525,418,0.346,0.515,24.4
Norbertas Giga,Jacksonville State Gamecocks,2017,35,973,362,142,279,65,89,13,37,267,57,52,24,33,91,96,210,56.88961528790545,0.1796914745034458,15.342027507282236,2.5,0.104,-1.4,-1.8,0.4,0.563,350,0.319,0.133,22.6
Jamarr Sanders,UAB Blazers,2011,31,1080,551,197,463,67,83,90,234,142,29,58,27,10,91,60,113,55.1529468289558,0.16655943352642863,15.339392650456425,NA,NA,NA,NA,NA,NA,NA,NA,NA,NA
Myke Henry,DePaul Blue Demons,2015,32,898,384,148,319,57,83,31,83,174,66,38,35,18,70,113,108,54.005400540054005,0.16994339180507548,15.337751220741856,1.8,0.081,0.9,1.4,-0.4,0.536,370,0.26,0.26,24.8
Michael Ertel,UAB Blazers,2022,35,867,354,129,298,30,39,66,166,43,6,51,46,0,23,59,37,56.16194948597537,0.07151126512122213,15.332240348420349,NA,NA,NA,NA,NA,NA,NA,NA,NA,NA
Cortez Edwards,Southern Miss Golden Eagles,2017,31,1018,342,134,294,55,82,19,63,161,28,113,45,16,63,47,133,51.80562287930199,0.4048676256513742,15.329449933084403,2.3,0.091,1.6,0.6,1,0.514,359,0.279,0.214,20.6
Josimar Ayarza,Southern Miss Golden Eagles,2011,31,548,220,75,163,69,93,1,10,117,56,19,7,21,37,76,61,53.942722636327964,0.051211643708687735,15.328257818307994,2.3,0.159,0.3,0.2,0.1,0.55,236,0.607,0.06,22.3
Davon Marshall,Liberty Flames,2013,36,1158,490,154,346,75,88,107,248,75,9,101,27,2,73,42,66,63.68267831149927,0.3001635820482152,15.32648359558622,3.6,0.124,0.9,3.8,-2.9,0.632,449,0.254,0.717,20.7
Kaheem Ransom,Sam Houston Bearkats,2015,35,1004,348,101,287,83,100,63,192,156,35,141,44,4,61,89,121,52.567975830815705,0.13872256060717097,15.324520729028068,4.8,0.193,2.6,0.6,2.1,0.52,379,0.348,0.669,19.5
Da'Sean Nelson,DePaul Blue Demons,2024,32,690,309,114,247,70,97,11,39,113,38,61,14,9,54,87,75,53.33471416735708,0.2176021272474158,15.324389679894225,0.6,0.033,-0.7,0.8,-1.5,0.527,314,0.393,0.158,26.8
Eli Lawrence,Middle Tennessee Blue Raiders,2022,37,985,401,140,342,62,81,59,178,160,36,35,47,15,44,94,124,53.09289270204428,0.10624782289617549,15.3241723995292,3.6,0.144,1.7,0.7,1,0.527,369,0.237,0.52,22
Marquan Botley,Florida Atlantic Owls,2016,32,621,261,76,213,61,72,48,121,52,10,72,19,0,33,34,42,53.33496812162824,0.10978789088495086,15.323394745787096,1.5,0.094,0.5,2.1,-1.6,0.525,278,0.322,0.551,23.8
Josh Anderson,Western Kentucky Hilltoppers,2020,30,845,303,96,207,99,129,12,46,127,27,39,37,31,52,83,100,57.43858052775251,0.09795789427560293,15.310775147690576,2.6,0.125,2,0.3,1.6,0.565,300,0.623,0.222,19.4
Chris Crawford,Memphis Tigers,2012,35,997,320,119,276,31,40,51,130,110,9,134,63,27,71,73,101,54.4959128065395,0.1234880072566045,15.310119817838956,3.6,0.144,8,3.4,4.5,0.542,342,0.145,0.471,19.1
Clevon Brown,Florida International Panthers,2022,32,780,258,112,223,17,35,17,68,164,49,27,13,52,47,42,115,54.11073825503355,0.11271293811776956,15.302389131087082,1.8,0.094,-1.1,-1.2,0.1,0.538,245,0.157,0.305,18.7
Jalen Celestine,Cincinnati Bearcats,2026,33,761,275,95,224,15,23,70,173,100,30,42,29,8,23,61,70,58.730565521954546,0.11395764199599569,15.300338607511232,2.8,0.147,7.8,3.5,4.3,0.585,244,0.103,0.772,16.9
Cashmere Wright,Cincinnati Bearcats,2012,37,1156,403,149,364,42,63,63,170,140,28,169,74,2,83,81,112,51.43980394159093,0.1750220222943229,15.300320425138764,4.3,0.148,6.2,2.7,3.5,0.512,431,0.173,0.467,21.3
Torry Butler,Sam Houston Bearkats,2016,34,679,212,83,180,37,65,9,35,200,58,47,28,10,35,96,142,50.81495685522531,0.13834464488700945,15.299247968593678,2.1,0.122,-0.7,-1.7,1,0.5,226,0.359,0.199,17.9
Jizzle James,Cincinnati Bearcats,2024,37,715,326,132,305,39,50,23,80,70,23,76,18,8,43,39,47,49.84709480122324,0.10347948978654152,15.298727043799863,2.1,0.12,3.8,2.3,1.6,0.496,317,0.164,0.262,25.6
Caleb Mills,Houston Cougars,2020,31,698,409,143,371,73,97,50,137,82,12,35,16,5,43,58,70,49.43434538773931,0.11782395426551401,15.298467919166395,2.8,0.161,5.4,4.2,1.2,0.49,354,0.261,0.369,32.4
Troy Caupain,Cincinnati Bearcats,2017,36,1162,377,130,330,68,99,49,151,165,23,158,42,11,47,53,142,50.4604347360531,0.15850538347546644,15.294294848403005,4.8,0.165,6.6,2.9,3.6,0.5,410,0.3,0.458,18.9
Brett Royster,Florida Atlantic Owls,2011,30,913,249,90,148,69,122,0,0,181,56,7,12,89,36,95,125,61.73145577151924,0.2035068285770758,15.291210499228,2.8,0.118,1.2,-1,2.2,0.594,246,0.784,0,14.3
Fahro Alihodzic,UAB Blazers,2013,32,820,304,122,261,60,76,0,2,141,57,26,33,19,36,77,84,51.623420730878955,0.08357944848373346,15.290117471027388,NA,NA,NA,NA,NA,NA,NA,NA,NA,NA
Marcus Jackson,Rice Owls,2015,32,1013,465,153,370,74,89,85,214,111,25,87,27,4,74,66,86,56.823736435624205,0.18367362153100014,15.289131091152747,3.3,0.13,2.5,3.9,-1.4,0.564,440,0.241,0.578,27
Ronnie Johnson,Houston Cougars,2016,32,691,291,97,240,72,90,25,70,82,19,89,22,1,51,51,63,52.03862660944205,0.08371300041146146,15.28129040552893,2.2,0.129,1.6,2.1,-0.5,0.515,305,0.375,0.292,24.5
Erik Durham,Jacksonville State Gamecocks,2017,35,1174,379,130,251,44,67,75,155,171,47,67,25,4,43,50,124,67.562749572162,0.17895228820277317,15.275153586434659,4.2,0.143,3.4,3.7,-0.3,0.672,351,0.268,0.62,14.7
Andrew Akuchie,Rice Owls,2025,32,632,191,70,132,48,79,3,17,156,52,21,12,16,21,64,104,57.26792995922284,0.10990286864505584,15.274220660055981,2.1,0.131,0.7,0,0.7,0.563,192,0.598,0.129,15.5
Kauri Black,Tulsa Golden Hurricane,2013,33,702,235,91,139,53,109,0,0,145,57,24,26,19,44,116,88,62.847667950363714,0.0710788163009095,15.268676146486076,2.3,0.131,1.2,-0.6,1.8,0.616,227,0.784,0,17.1
Marcus Jackson,Rice Owls,2017,35,1022,426,138,317,79,98,71,193,86,14,82,32,5,61,44,72,59.14695101632789,0.1263739996251101,15.265754185725378,3.2,0.124,0.7,1.5,-0.8,0.586,406,0.309,0.609,19.2
Jizzle James,Cincinnati Bearcats,2025,35,946,446,176,440,48,62,46,163,104,19,124,30,15,63,75,85,47.72299263824688,0.12511753663021197,15.265034488372631,2.6,0.108,3.9,1.9,2,0.475,449,0.141,0.37,28.9
Jarvis Threatt,Delaware Blue Hens,2013,33,1008,391,113,314,151,191,14,53,170,32,97,54,6,75,61,138,49.11566676715908,0.19655386917662246,15.261320502607104,2.8,0.112,1.1,0.3,0.8,0.483,407,0.608,0.169,24.4
Devon Barnes,UTEP Miners,2025,33,833,329,96,263,88,120,49,142,69,8,66,52,5,32,65,61,52.089930335655474,0.07843845210306721,15.254244086152385,2.4,0.117,1.5,0.4,1,0.514,318,0.456,0.54,21.5
Jeriah Horne,Tulsa Golden Hurricane,2020,31,901,343,119,288,49,57,56,165,160,31,43,30,13,40,56,129,54.77833141689026,0.1558763564976548,15.230338830002387,3.4,0.152,5.3,3.2,2.1,0.544,318,0.198,0.573,20.9
Cordarius Johnson,Louisiana Tech Bulldogs,2013,34,704,270,89,226,45,66,47,140,105,43,18,44,5,32,51,62,52.93287327478042,0.09116545767647687,15.226560576294045,2.7,0.157,3,1,2,0.525,245,0.292,0.619,19.7
Ricky Tarrant Jr.,Memphis Tigers,2016,34,1006,399,104,291,146,184,45,144,91,13,110,46,1,51,84,78,53.63479944080009,0.14975176988657093,15.214424448327314,3.6,0.144,3.4,1.2,2.2,0.527,396,0.632,0.495,19.8
Neil Watson,Southern Miss Golden Eagles,2014,35,1095,380,106,273,101,110,67,176,87,11,140,56,0,65,89,76,59.116365899191045,0.15845446694487458,15.211475522325975,4.8,0.171,4.5,2.5,2,0.579,401,0.39,0.645,18.2
Travis Evee,Rice Owls,2022,33,1065,449,146,343,71,85,86,227,102,10,92,35,3,63,73,92,59.01682439537329,0.1434936428436114,15.211282501427535,3.1,0.116,-0.3,1.2,-1.5,0.586,419,0.248,0.662,21.8
Raheem Appleby,Louisiana Tech Bulldogs,2015,36,1184,537,200,501,66,86,71,216,97,22,73,46,2,39,35,75,49.829262860960576,0.1287397592754886,15.209237185062344,3.7,0.125,1.9,2.1,-0.3,0.496,488,0.172,0.432,25
Stevie Browning,Marshall Thundering Herd,2016,33,1076,422,165,361,46,62,46,136,148,40,118,35,12,82,69,108,54.34222725867931,0.13776237340927167,15.207238049970764,2,0.074,0,0.8,-0.8,0.54,440,0.172,0.377,19.9
Myo Baxter-Bell,Liberty Flames,2017,34,614,270,102,215,65,92,1,9,115,40,29,27,4,45,83,75,52.84170972287458,0.11140291075589749,15.199598392332627,1.8,0.118,-4.4,-3.8,-0.6,0.522,279,0.434,0.041,28.8
Isaiah Swope,Saint Louis Billikens,2025,34,1210,563,197,455,65,86,104,290,104,14,140,37,2,102,86,90,57.11792873955036,0.17664779802528704,15.1987605421625,3.1,0.103,0.7,1.6,-0.9,0.568,559,0.189,0.637,26.1
Geron Johnson,Memphis Tigers,2013,36,949,342,127,286,46,65,42,120,153,46,117,59,14,97,91,107,54.35473617291798,0.13980192334527297,15.192890296293138,3.1,0.13,4.3,1,3.3,0.54,359,0.227,0.42,21.4
Reggie Upshaw Jr.,Middle Tennessee Blue Raiders,2015,36,1048,358,131,298,81,125,15,52,251,68,57,35,35,65,80,183,50.70821529745042,0.131721931031399,15.188506353713741,3.4,0.13,2,0.5,1.4,0.501,361,0.419,0.174,22.2
Cavan Reilly,Delaware Blue Hens,2025,36,1083,409,145,304,57,67,62,174,90,16,53,43,6,41,75,74,61.323017872136255,0.1537450169689991,15.18359686679483,2.6,0.095,-1.2,0.3,-1.5,0.609,372,0.22,0.572,17.9
Robert Williams,UAB Blazers,2014,31,793,266,89,220,66,103,22,80,197,98,44,23,6,46,59,99,50.128147143072525,0.11396345293709657,15.183162166435455,NA,NA,NA,NA,NA,NA,NA,NA,NA,NA
Luke Hancock,Louisville Cardinals,2013,40,897,324,97,226,67,88,63,158,105,29,55,40,3,39,84,76,61.19673617407071,0.1014098064946227,15.182374494953416,4.4,0.198,9,4.8,4.2,0.605,298,0.389,0.699,17.2
Hernst Laroche,New Mexico State Aggies,2012,35,1187,416,127,284,118,163,44,109,102,18,132,63,2,78,77,84,58.47295625773079,0.16361881764449135,15.177631181766772,4.6,0.152,3.2,1.2,2,0.578,434,0.565,0.39,17.5
CJ Gunn,DePaul Blue Demons,2026,32,885,420,153,383,58,80,56,171,119,36,61,35,20,62,90,83,50.21520803443329,0.1182208498384333,15.177308405924789,1.8,0.083,2.5,0.8,1.7,0.499,388,0.209,0.446,27.9
Nick Ongenda,DePaul Blue Demons,2022,31,718,262,105,206,52,93,0,0,128,55,25,11,52,43,81,73,53.053620605864246,0.07920353061627403,15.172251340332812,1.8,0.099,1.1,-0.4,1.5,0.524,259,0.451,0,19.8
Tommy Hamilton IV,DePaul Blue Demons,2015,32,773,301,103,201,72,107,23,49,159,42,30,16,24,65,65,117,60.66591422121896,0.20466499716904468,15.170929592095383,1.6,0.084,1.1,1.7,-0.6,0.598,285,0.532,0.244,21.3
Prince Williams,East Carolina Pirates,2016,31,872,324,112,257,61,82,39,97,96,19,116,35,6,65,51,77,55.27501023611301,0.12750487759351445,15.167555654564469,2.2,0.099,2.7,2,0.6,0.538,343,0.317,0.366,21.4
Xander Pintelon,Florida Atlantic Owls,2026,33,599,206,67,166,35,41,37,105,123,36,23,18,18,25,64,87,55.96609432732015,0.06635721309351174,15.167297420298123,1.9,0.129,1.6,0.2,1.4,0.555,201,0.247,0.633,17.1
Chad Brown,UCF Knights,2019,33,571,149,56,107,37,66,0,1,165,47,12,10,34,21,55,118,54.7633049103205,0.07399832304754338,15.157882413333688,2.2,0.153,4,0.8,3.2,0.538,157,0.617,0.009,14.6
Kanaan Carlyle,Florida Atlantic Owls,2026,33,872,400,133,325,76,89,58,179,107,8,82,31,4,70,76,99,54.92091388400703,0.13481316457088074,15.157408036337754,2.3,0.105,0.7,0.3,0.5,0.545,382,0.274,0.551,24.4
Kam Williams,Tulane Green Wave,2025,34,1069,306,112,231,19,25,63,153,148,23,44,46,35,28,52,125,63.22314049586777,0.13619587901211744,15.156485852798525,3.3,0.125,3.3,1.6,1.7,0.63,270,0.108,0.662,13.1
Chad Frazier,UAB Blazers,2014,31,1095,549,170,424,148,203,61,180,103,17,132,35,10,123,62,86,53.47541494584275,0.15565975620846048,15.142749652906591,NA,NA,NA,NA,NA,NA,NA,NA,NA,NA
Tre Scott,Cincinnati Bearcats,2019,35,1071,326,125,265,64,96,12,39,240,82,52,29,19,39,60,158,53.05298789220153,0.14821403715131778,15.138618485518966,4.1,0.153,5.1,2.4,2.7,0.525,333,0.362,0.147,16.8
Kaden Metheny,Liberty Flames,2024,32,1024,430,152,336,39,57,87,211,108,14,87,24,2,61,44,94,59.54359144787858,0.12580334467678733,15.133518042662208,3.5,0.137,2,2.8,-0.8,0.592,397,0.17,0.628,22.2
Theo John,Marquette Golden Eagles,2019,34,667,187,71,118,45,89,0,0,165,62,16,10,70,39,124,103,59.49350979893103,0.054420781654164564,15.133167977344117,2.4,0.143,3.7,-1.3,5,0.583,198,0.754,0,14.8
Quentin Jones,Saint Louis Billikens,2026,35,926,318,110,243,64,80,34,94,135,26,104,31,30,65,92,109,57.153127246585186,0.09064807345918331,15.128541798681312,3.2,0.14,3.4,0.7,2.8,0.566,344,0.329,0.387,18.2
Jacob Dar,Rice Owls,2025,32,594,226,71,175,47,63,37,100,112,35,15,7,19,24,31,77,55.741910023677974,0.09286929829307453,15.107280062054784,1.8,0.12,2,2.5,-0.5,0.551,207,0.36,0.571,19.7
Jaylen Minnett,Missouri State Bears,2022,34,646,274,91,231,18,20,74,185,45,0,39,25,2,21,36,45,57.130942452043364,0.08501632800635217,15.104904143861688,2.3,0.14,2.6,2.4,0.2,0.57,247,0.087,0.801,21.3
Dennis Mavin,Florida International Panthers,2015,33,1174,567,197,451,142,221,31,99,174,27,103,41,1,118,47,147,51.71092951991828,0.20147593226982735,15.103911972867591,2.8,0.097,-0.4,1.1,-1.4,0.511,551,0.489,0.219,30.8
Tyreek Scott-Grayson,UAB Blazers,2021,29,732,269,92,216,53,63,32,94,85,16,50,36,13,38,51,69,55.18627933694403,0.09953143294157919,15.096985447527345,NA,NA,NA,NA,NA,NA,NA,NA,NA,NA
Mike Parks Jr.,Memphis Tigers,2018,34,753,276,116,209,42,60,2,7,153,67,22,8,22,47,67,86,58.62361937128292,0.07808927781375337,15.09680982160623,1.9,0.101,-0.5,0.4,-0.9,0.581,263,0.287,0.033,19.5
Wesley Witherspoon,Memphis Tigers,2012,35,725,237,72,162,70,98,23,63,121,35,35,48,14,41,88,86,57.7710608424337,0.07076876682938127,15.088196269283298,2.9,0.162,6.4,2.1,4.3,0.568,237,0.605,0.389,17.9
Lu'Cye Patterson,Charlotte 49ers,2023,36,1020,366,122,254,95,123,27,69,120,14,99,27,5,52,73,106,59.39244450214202,0.11951792268159417,15.083593880909604,3.9,0.153,1.7,1.3,0.4,0.586,379,0.484,0.272,21.2
Paul Baxter,Sam Houston Bearkats,2014,35,988,319,113,227,47,77,46,109,86,11,129,47,18,56,114,75,61.13922109782276,0.13282034577147334,15.083199965859922,3.5,0.141,2,0.7,1.4,0.605,325,0.339,0.48,16.4
Braxton Ogbueze,Charlotte 49ers,2016,33,1131,479,160,383,50,66,109,255,76,18,87,16,2,38,51,58,58.12542471604698,0.10810751789277599,15.078336762954725,3,0.105,1.6,3.4,-1.8,0.578,438,0.172,0.666,19.2
Darius George,Marshall Thundering Herd,2022,33,565,192,77,144,27,45,11,50,110,31,14,24,10,26,58,79,58.6080586080586,0.08329006432563033,15.063417383826293,1.5,0.103,-0.5,-0.8,0.3,0.58,176,0.313,0.347,16.1
Peyton Siva,Louisville Cardinals,2013,40,1247,401,139,344,85,98,38,132,94,12,228,90,6,106,103,82,51.79272576978714,0.15445248788558402,15.061457633467242,5.3,0.17,7.3,2.6,4.7,0.513,463,0.285,0.384,20
DeAndre Kane,Marshall Thundering Herd,2011,34,1075,513,170,397,124,196,49,154,189,40,117,32,3,115,99,149,53.07921529674696,0.12913078159779356,15.060812000626354,3.4,0.128,2.5,1.9,0.6,0.523,508,0.494,0.388,27.8
James Woodard,Tulsa Golden Hurricane,2013,33,941,383,130,303,92,135,31,112,188,48,64,31,6,73,56,140,52.84216335540839,0.2394383579369412,15.05216493544242,2.7,0.113,1.5,1.2,0.3,0.522,378,0.446,0.37,23.9
Sion James,Tulane Green Wave,2023,31,1156,301,102,211,71,100,26,82,149,21,105,63,25,38,90,128,59.01960784313726,0.13811161243218667,15.050704689474811,3.4,0.119,3.1,0.7,2.5,0.582,326,0.474,0.389,12.8
John Newman III,Cincinnati Bearcats,2024,37,1082,342,128,264,52,72,34,97,201,61,65,45,9,52,82,140,57.8327922077922,0.14833302931453896,15.039365354823866,3.8,0.142,5.5,1.8,3.7,0.573,337,0.273,0.367,15.9
Reyne Smith,Louisville Cardinals,2025,35,944,406,124,317,51,54,107,282,86,14,24,20,3,20,48,72,59.57271980279376,0.13337578906145928,15.03498002975071,3.6,0.151,6.3,4.5,1.8,0.592,341,0.17,0.89,19.2
Brian Conklin,Saint Louis Billikens,2011,31,663,271,101,192,69,111,0,0,132,53,20,13,11,42,77,79,56.261418369041685,0.146871600793031,15.03182388716393,2.2,0.134,0.8,0.2,0.6,0.554,255,0.578,0,23.3
Staphon Blair,UCF Knights,2015,30,746,235,95,156,45,81,0,1,155,61,3,9,38,32,73,94,61.31287831350449,0.20545008950839994,15.029602984743386,1.8,0.098,-1.1,0,-1.1,0.604,216,0.519,0.006,16.3
Sam Griffin,Tulsa Golden Hurricane,2023,30,760,395,142,362,48,57,63,197,69,3,53,19,0,42,28,66,51.02304433192105,0.1756123778908105,15.029564076199184,1.1,0.057,1.2,3.1,-1.9,0.508,355,0.157,0.544,29.3
Teafale Lenard Jr.,Middle Tennessee Blue Raiders,2023,33,920,275,113,230,30,55,19,82,133,44,56,53,61,61,97,89,54.0912667191188,0.08543966375849618,15.027994692286041,2.7,0.116,4.7,0.7,4,0.537,281,0.239,0.357,17.7
Earvin Morris Jr.,UTEP Miners,2015,33,767,365,121,269,68,97,55,137,76,7,38,28,10,56,77,69,58.55364476386037,0.07768787689598919,15.020696184360638,2.6,0.134,2.6,1.5,1,0.578,310,0.362,0.511,25.8
Tyrone Marshall Jr.,Western Kentucky Hilltoppers,2025,32,921,334,126,299,37,56,45,143,212,35,45,38,20,50,72,177,51.60054381411445,0.11102076656598388,15.015853056329114,2.2,0.095,0.6,-0.3,0.9,0.513,322,0.187,0.478,19.9
Dwayne Sutton,Louisville Cardinals,2019,34,1067,340,113,262,66,88,48,138,233,76,63,30,9,50,82,157,56.53099228518222,0.1760048254605105,15.015829249801925,3.9,0.148,7.6,4,3.6,0.56,358,0.336,0.527,16.9
Torin Dorn,Charlotte 49ers,2015,32,880,384,147,291,63,96,27,79,116,24,40,20,4,59,37,92,57.61613251710479,0.1302375213066628,15.015432753429614,2.3,0.103,1,2.5,-1.5,0.57,340,0.33,0.271,22.7
Andrien White,Charlotte 49ers,2016,33,863,354,117,283,53,79,67,165,111,18,35,53,6,42,98,93,55.70241691842901,0.09545084240520077,15.014032715486442,2.1,0.098,1,-0.2,1.1,0.552,311,0.279,0.583,20.2
Marlon Hunter,Jacksonville State Gamecocks,2019,33,980,418,177,370,45,63,19,53,129,47,28,33,2,43,47,82,52.54953233430554,0.15653486488540283,15.012027880162762,3.2,0.129,0.4,0.4,0,0.523,378,0.17,0.143,21.6
Kellen Thames,Saint Louis Billikens,2024,33,640,199,84,144,18,33,13,36,121,30,27,30,4,25,76,91,62.768104970981575,0.11010067071255035,15.003740991624857,1.5,0.092,0.4,0.4,0,0.623,190,0.229,0.25,14.6
Danrad Knowles,Houston Cougars,2014,33,595,221,81,174,49,71,10,26,134,41,16,13,37,42,70,93,53.83940752290002,0.13855662931713908,15.002438305744963,1.2,0.08,-0.2,-0.8,0.5,0.532,208,0.408,0.149,21.5
Jacob Evans,Cincinnati Bearcats,2016,33,806,278,94,253,45,56,45,135,135,36,54,27,27,25,61,99,50.06483215674975,0.1076591970260922,15.002127028413208,3.2,0.158,6.2,2.9,3.3,0.497,269,0.221,0.534,19.3
Tyler Ringgold,Tulane Green Wave,2026,33,792,300,98,222,81,129,23,77,126,35,44,36,30,47,110,91,53.80972879896686,0.07554118490721834,14.994347974277272,1.5,0.077,-1.1,-1.7,0.6,0.53,296,0.581,0.347,21.9
Travis Evee,Rice Owls,2023,35,1187,546,177,425,113,138,79,227,69,9,94,41,3,70,81,60,56.2052211150457,0.10195820042198431,14.992700843989871,3,0.1,-1.6,0.4,-2,0.557,512,0.325,0.534,23.9
Dalen Ridgnal,Missouri State Bears,2023,32,545,154,53,122,20,25,28,75,133,41,15,18,11,18,44,92,57.89473684210527,0.14059237684812292,14.985204560543249,2.1,0.156,2.7,1.7,1,0.575,152,0.205,0.615,15
Kaosi Ezeagu,New Mexico State Aggies,2024,32,829,282,116,202,50,99,0,1,203,75,15,15,21,42,99,128,57.41977520768855,0.1010028002475498,14.980318948264584,2.2,0.105,-2.6,-1.1,-1.5,0.566,279,0.49,0.005,18.2
Darnell Harris,Middle Tennessee Blue Raiders,2016,35,931,409,138,336,75,117,58,146,141,48,43,17,23,47,91,93,52.776917518323515,0.1229722352677032,14.977997366718311,2.9,0.125,1.9,1.7,0.2,0.522,385,0.348,0.435,23.8
Pancake Thomas,Western Kentucky Hilltoppers,2017,32,1112,442,149,358,68,87,76,191,106,23,82,28,1,42,47,83,55.76864843040275,0.22381739198938747,14.973292256941763,3.1,0.11,0.9,2.1,-1.2,0.553,419,0.243,0.534,20.6
Kris Richard,Tulane Green Wave,2011,30,1065,341,118,301,44,62,61,181,182,63,70,50,19,41,79,119,51.93737053734617,0.15448069132043077,14.967796174801215,3.7,0.138,3.4,2.1,1.3,0.516,347,0.206,0.601,18.3
Braedan Lue,Kennesaw State Owls,2025,33,844,331,121,278,57,88,32,112,181,48,24,24,36,53,79,133,52.25435716089921,0.07851632527002267,14.95566781132334,2.2,0.102,-1.6,-2.1,0.5,0.518,305,0.317,0.403,21
Ahmad Robinson,UAB Blazers,2026,32,626,246,85,226,42,59,34,102,60,9,72,39,1,31,54,51,48.81727258294967,0.07832069127835624,14.954604356069705,NA,NA,NA,NA,NA,NA,NA,NA,NA,NA
Darryl Morsell,Marquette Golden Eagles,2022,32,920,415,149,334,74,96,43,124,112,16,76,37,13,78,80,96,55.150967467573885,0.15450953821274913,14.948828338961189,2.2,0.094,2.9,1.4,1.5,0.547,392,0.287,0.371,25.2
C.J. Walker,UCF Knights,2022,30,755,250,90,188,57,98,13,35,170,47,29,8,26,29,49,123,54.08445829006576,0.14211337828651527,14.948541688448186,2.3,0.123,2,1.4,0.6,0.533,241,0.521,0.186,17.7
Jamal Shead,Houston Cougars,2023,37,1205,389,146,352,52,71,45,145,111,20,200,63,8,76,80,91,50.7514873186515,0.14264679431041768,14.94821020030275,5.3,0.174,6.6,2.4,4.2,0.504,444,0.202,0.412,19.7
Will Barton,Memphis Tigers,2011,35,1070,431,167,390,58,83,39,147,173,49,99,54,17,89,80,124,50.52518053080747,0.135489410858808,14.944694936825197,3,0.111,3.3,1.5,1.8,0.502,427,0.213,0.377,23.8
Matt Bingaya,Southern Miss Golden Eagles,2015,29,914,385,135,309,90,132,25,92,164,38,60,37,15,78,61,126,52.44088482074753,0.1385828380739504,14.943040255234356,1.8,0.08,-0.7,0.2,-0.9,0.518,372,0.427,0.298,27.5
Rongie Gordon,Kennesaw State Owls,2024,31,582,138,56,118,16,26,10,42,154,56,27,24,25,22,82,98,53.30655129789864,0.0716649746630354,14.94101777336893,1.6,0.108,-3.4,-3.2,-0.2,0.529,159,0.22,0.356,12
Lester Quinones,Memphis Tigers,2022,33,897,331,105,234,66,88,55,141,114,33,43,38,4,45,62,81,60.68495159870929,0.1015763232554356,14.939805193291336,3.3,0.146,5.3,3.3,1.9,0.6,300,0.376,0.603,17.1
Danrad Knowles,Houston Cougars,2016,32,566,192,77,136,34,68,4,17,118,63,7,9,28,31,79,55,57.859209257473474,0.04782601830172837,14.933051637492552,1.7,0.123,0.6,0.4,0.2,0.57,192,0.5,0.125,17.9
Zack Bryant,UAB Blazers,2018,33,1056,448,162,355,94,125,30,94,105,14,102,37,7,73,85,91,54.63414634146342,0.11401514186677364,14.931630374258509,NA,NA,NA,NA,NA,NA,NA,NA,NA,NA
Ibrahima Thomas,Cincinnati Bearcats,2011,35,664,201,78,157,42,70,3,28,184,73,22,18,21,29,106,111,53.51437699680511,0.06382986926796155,14.930339153431676,2.8,0.167,2.2,-0.3,2.5,0.528,206,0.446,0.178,17.2
Billy Garrett Jr.,DePaul Blue Demons,2015,32,961,392,100,252,157,188,35,107,78,4,126,22,8,74,90,74,58.55640535372848,0.2227630384076523,14.925312327657243,2.6,0.109,1.9,2.9,-1.1,0.574,414,0.754,0.425,22.5
Bruce Massey,Middle Tennessee Blue Raiders,2013,34,794,225,75,177,69,100,6,27,108,43,111,51,12,61,71,65,50.90497737556561,0.08700007515904876,14.923505654275196,3.3,0.167,6,1.7,4.3,0.501,272,0.565,0.153,18.5
Deshawndre Washington,New Mexico State Aggies,2023,24,811,285,104,256,60,95,17,51,166,25,92,34,7,48,59,141,47.85090664875755,0.21129880206666762,14.918042485013023,2.2,0.11,-0.2,-0.3,0.1,0.473,311,0.371,0.199,21.2
KyKy Tandy,Florida Atlantic Owls,2025,34,720,290,97,237,23,27,73,184,58,4,31,22,1,14,33,54,58.26100932176149,0.06962433785365482,14.91364510289911,2,0.112,2,2.5,-0.5,0.58,241,0.114,0.776,18.3
Josh Davis,Tulane Green Wave,2012,31,1064,347,131,312,75,138,10,27,288,99,72,32,37,72,64,189,46.5496887744151,0.16617719984676252,14.91350731682316,3.1,0.117,1.3,0.4,0.9,0.46,377,0.442,0.087,22.5
Zamal Nixon,Houston Cougars,2011,30,1005,310,95,213,94,102,26,72,78,11,141,53,7,69,81,67,60.10547541492167,0.12710984192910835,14.91290944518656,3.3,0.133,2.3,1.3,0.9,0.593,345,0.479,0.338,17.2
Omer Yurtseven,Tulane Green Wave,2018,31,1117,467,171,419,64,91,61,173,196,36,68,24,18,47,77,160,50.86702683861972,0.1801834692262997,14.91271087738783,NA,NA,NA,NA,NA,NA,NA,NA,NA,NA
Chivarsky Corbett,Delaware Blue Hens,2015,30,725,265,87,212,45,55,46,118,125,27,24,21,17,30,49,98,56.09652836579171,0.18289455884074118,14.910098272741058,1.8,0.101,1.7,2,-0.2,0.556,236,0.259,0.557,19.4
Jamee Crockett,DePaul Blue Demons,2015,32,993,380,137,292,64,91,42,123,98,36,43,45,18,49,82,62,57.22202144319961,0.19543436153819935,14.9085317224146,2.3,0.092,3.8,3.1,0.7,0.567,352,0.312,0.421,20.1
Charlie Moore,DePaul Blue Demons,2020,32,1139,497,164,436,116,143,53,167,106,15,196,49,2,112,81,91,49.80758438226569,0.2216509340649006,14.90835302066552,3,0.104,2.8,2.1,0.7,0.493,536,0.328,0.383,26
Elijah Cain,DePaul Blue Demons,2017,32,1059,500,169,425,111,154,51,148,144,32,85,33,12,77,85,112,50.73463755174933,0.1730582172339743,14.905736403827644,2.1,0.081,2.4,2.5,-0.1,0.502,484,0.362,0.348,27.2
Caleb Homesley,Liberty Flames,2016,31,624,230,85,176,30,46,30,83,108,17,39,27,14,35,91,91,58.60171218915613,0.14609183589261815,14.904966726217188,1.9,0.117,0.4,-0.4,0.7,0.573,220,0.271,0.469,20.6
Rondale Watson,Marshall Thundering Herd,2019,37,807,270,97,225,62,86,14,56,150,41,75,27,9,38,74,109,51.36204535078374,0.09014466204589731,14.90000744151356,1.9,0.096,-1.1,-0.2,-0.9,0.508,300,0.382,0.249,17.8
Marcus Sasser,Houston Cougars,2021,32,925,398,134,353,52,61,78,233,76,12,65,40,1,34,57,64,52.3904802021904,0.13748658887791598,14.899444787496552,4.6,0.199,7.3,4.2,3.1,0.521,361,0.173,0.66,22.3
Omega Harris,UTEP Miners,2017,32,1127,526,183,403,111,141,49,130,111,11,66,40,5,86,67,100,56.55427490108378,0.1566043473287619,14.892718903606736,2.9,0.103,-0.2,0.2,-0.4,0.56,475,0.35,0.323,26.1
Ricky Tarrant Jr.,Tulane Green Wave,2013,35,1237,550,156,419,167,206,71,219,97,19,125,47,2,89,80,78,53.959657797661094,0.1311356508687216,14.88594349277475,4.3,0.138,2,2.7,-0.7,0.531,536,0.493,0.524,25
Damon Nicholas Jr.,Sam Houston Bearkats,2026,34,920,293,109,247,50,61,25,71,186,58,62,38,4,39,78,128,53.498393222319606,0.08601258747887583,14.884530600777262,2.8,0.121,0.2,-0.6,0.8,0.531,304,0.247,0.287,16
Dylan Osetkowski,Tulane Green Wave,2016,34,1100,383,141,322,89,131,12,45,282,90,53,41,18,76,76,192,50.44252449689179,0.1773450285661849,14.876011275490885,2.8,0.1,1.7,0.3,1.4,0.498,389,0.407,0.14,21
Neil Watson,Southern Miss Golden Eagles,2013,37,1168,353,109,234,78,98,57,129,99,20,177,64,1,90,102,79,63.69081986143187,0.13370403134897954,14.87182359744808,4.8,0.165,3.9,2.5,1.4,0.629,396,0.419,0.551,16.1
Deng Adel,Louisville Cardinals,2017,34,992,400,141,333,74,96,44,126,147,23,70,20,12,45,61,124,53.299221831361265,0.1588370610841852,14.870264932909723,3.7,0.15,6.4,3.6,2.8,0.527,377,0.287,0.38,21
Donovan Clay,Missouri State Bears,2024,33,1090,422,153,346,88,128,28,86,195,43,78,22,29,67,81,152,52.445814277192284,0.16816989218235875,14.866694638703933,2.8,0.104,1.4,0.2,1.3,0.519,421,0.37,0.249,22.2
Darion Rackley,Jacksonville State Gamecocks,2013,28,532,247,65,158,86,116,31,80,40,17,27,29,8,54,50,23,59.07960199004976,0.16032177650628848,14.866413486251618,1.5,0.112,-0.7,0,-0.7,0.58,226,0.734,0.506,27.1
Aaron Anderson,Kennesaw State Owls,2012,30,976,270,121,220,27,70,1,3,268,96,33,20,14,32,81,172,53.827751196172244,0.2924341568753075,14.863947745467387,1.8,0.073,-2.7,0.4,-3.1,0.525,286,0.335,0.013,15.9
Camryn Weston,Middle Tennessee Blue Raiders,2023,33,922,351,122,271,85,110,22,76,151,44,91,41,4,86,79,107,54.94677520350658,0.13642091629879954,14.861961981993936,2.7,0.118,-0.2,-0.3,0.1,0.543,373,0.406,0.28,22.9
Colin Porter,Liberty Flames,2025,35,1116,319,111,226,43,58,54,126,76,8,150,54,2,52,64,68,63.414440203562336,0.11400129677600733,14.86178381100417,4.7,0.168,2.5,0.5,2,0.629,359,0.257,0.558,14.9
Anthony Vanhook,Charlotte 49ers,2016,33,707,214,89,186,34,50,2,5,122,48,80,26,10,39,77,74,51.442307692307686,0.05667176005889998,14.860985851019457,1.6,0.09,0.1,-0.3,0.4,0.51,249,0.269,0.027,16.9
Renaldo Dixon,New Mexico State Aggies,2013,35,637,190,68,136,50,70,4,8,137,43,20,8,46,36,53,94,56.95443645083933,0.08776544558437217,14.860707142144422,2.2,0.141,2.7,0.3,2.4,0.561,187,0.515,0.059,16.6
Trey Lewis,Louisville Cardinals,2016,31,859,350,121,291,62,78,46,131,106,22,71,32,3,52,55,84,53.7931882454199,0.13358185991454133,14.853589576727227,3.5,0.165,6.6,3.2,3.4,0.533,336,0.268,0.45,22.1
Kyan Anderson,TCU Horned Frogs,2015,33,1055,441,132,332,120,138,57,168,48,9,141,41,5,84,68,39,56.14687309024241,0.038982870126931836,14.849177295715268,4,0.151,5.2,4,1.2,0.555,438,0.416,0.506,23.3
Jordan Goodwin,Saint Louis Billikens,2019,36,1197,377,140,347,72,141,25,95,270,127,123,66,11,88,96,143,46.083512614903185,0.19337455936272827,14.847267881787792,3.6,0.115,3.9,1.1,2.8,0.455,432,0.406,0.274,20.3
Taveion Hollingsworth,Western Kentucky Hilltoppers,2018,38,1312,506,170,354,121,153,45,119,129,31,71,39,5,67,75,98,60.04936865090668,0.13135518359550707,14.843742257483708,4.2,0.127,2.7,2,0.7,0.593,477,0.432,0.336,18.9
C.J. Jones,Middle Tennessee Blue Raiders,2020,31,1030,485,170,396,67,77,78,195,83,12,32,25,14,52,56,71,56.41109146738624,0.1698160534041915,14.84173611100319,2.5,0.098,0.8,2.9,-2.1,0.561,411,0.194,0.492,23
Quincy Ademokoya,Kennesaw State Owls,2024,31,762,312,95,237,68,94,54,154,122,31,30,16,14,38,59,91,56.04253484696077,0.10395653275257312,14.840332333415747,1.9,0.097,-2.7,-0.6,-2.2,0.554,288,0.397,0.65,19.2
Jamil Wilson,Marquette Golden Eagles,2014,32,927,375,136,318,71,106,32,98,189,45,82,19,16,60,94,144,51.420579201404124,0.3292300085234663,14.83363150867785,2.7,0.118,4.2,2.3,1.9,0.509,368,0.333,0.308,23.8
Darin Green Jr.,UCF Knights,2020,30,717,303,105,234,25,30,68,163,58,27,14,17,4,26,41,31,61.286407766990294,0.08295414223569739,14.833207605724409,2.4,0.134,4,4.2,-0.2,0.61,252,0.128,0.697,19.5
Jacobe Coleman,Sam Houston Bearkats,2026,34,720,288,108,233,27,39,45,119,82,26,52,16,0,31,49,56,57.56315957787016,0.06485608193267281,14.829074664709852,2.1,0.119,-0.1,0.7,-0.8,0.573,268,0.167,0.511,18.5
Jabari Peters,Sam Houston Bearkats,2015,35,1017,344,107,260,78,110,52,156,163,40,81,48,11,64,50,123,55.77172503242542,0.22563415955892213,14.828800992244064,4.4,0.173,3.4,1.2,2.2,0.551,338,0.423,0.6,18.3
Mikal Dawson,Marshall Thundering Herd,2025,33,996,415,142,359,46,55,85,237,136,41,47,35,7,51,48,95,54.14926931106472,0.18066475839035512,14.826466968348155,2.7,0.109,0.5,1.2,-0.7,0.539,374,0.153,0.66,21.4
Tre White,Louisville Cardinals,2024,32,905,357,129,283,76,101,23,77,170,40,39,24,12,53,66,130,54.51380405570486,0.20984024197895007,14.814677605889301,1.7,0.073,1.8,1.4,0.4,0.539,341,0.357,0.272,21.1
Yonel Brown,Kennesaw State Owls,2016,31,1203,578,198,478,103,130,79,217,105,22,76,35,0,79,61,83,53.99850523168909,0.2110321430892975,14.813141633097496,2.3,0.076,-1.5,1.2,-2.8,0.535,534,0.272,0.454,25.3
Paul Thomas,UTEP Miners,2017,32,795,276,114,207,48,83,0,3,195,46,52,22,13,52,117,149,56.6688567674113,0.10446635302275799,14.810017101856115,2.5,0.123,-0.3,-1.5,1.2,0.56,281,0.401,0.014,19.9
Jamelle Hagins,Delaware Blue Hens,2011,31,853,244,97,208,50,78,0,0,212,49,17,19,87,43,99,163,50.34664905909542,0.21760621324509608,14.803692170223306,2,0.096,1.4,-1.9,3.3,0.498,237,0.375,0,18.7
Enoch Kalambay,Western Kentucky Hilltoppers,2024,34,624,210,78,157,50,75,4,18,157,38,40,15,7,43,53,119,55.26315789473685,0.069473859766275,14.801582799661652,1.8,0.117,-0.2,-1,0.8,0.545,221,0.478,0.115,17.5
Derric Jean,Louisiana Tech Bulldogs,2020,30,844,288,105,228,38,55,40,104,98,23,78,44,11,55,63,75,57.09754163362412,0.11796227489282389,14.796813877500758,3.3,0.157,5,1.9,3.1,0.567,293,0.241,0.456,18.6
Danrad Knowles,Houston Cougars,2015,32,877,316,108,267,63,100,37,115,180,69,34,17,42,43,80,111,50.80385852090033,0.1272844832246189,14.789490992011507,2.7,0.121,2.3,1.7,0.5,0.502,305,0.375,0.431,21.3
Gibson Jimerson,Saint Louis Billikens,2024,33,1180,522,161,404,121,140,79,220,95,29,69,22,7,58,34,66,56.05670103092783,0.18684736007894515,14.770119800793019,2.1,0.071,-0.1,3,-3.1,0.555,494,0.347,0.545,22.8
Katin Reinhardt,Marquette Golden Eagles,2017,32,749,313,104,258,48,54,57,152,79,21,61,18,3,39,41,58,55.54372515616127,0.11333147591235596,14.762912700641449,1.9,0.103,3.3,4.3,-1,0.552,307,0.209,0.589,21.6
Hasahn French,Saint Louis Billikens,2018,33,965,298,129,241,40,110,0,1,228,94,48,24,59,63,105,134,51.48583275742917,0.1505461959647598,14.751770952941719,2.4,0.101,1.3,-1,2.3,0.508,307,0.456,0.004,19.3
Kayne Henry,Jacksonville State Gamecocks,2021,27,621,207,78,161,23,35,28,77,134,41,27,11,10,29,52,93,58.6734693877551,0.11821507557235447,14.74434768241402,2.2,0.142,1,1.3,-0.3,0.583,200,0.217,0.478,16.8
Dylan Ennis,Rice Owls,2012,35,929,298,97,223,75,113,29,82,151,25,144,37,21,90,61,126,54.63479026107362,0.11223009702614312,14.738259867484361,2.6,0.111,2.5,0.9,1.5,0.539,338,0.507,0.368,20.1
Drew Peterson,Rice Owls,2020,32,1031,355,118,287,75,91,44,134,209,53,112,33,12,85,69,156,54.27470645792564,0.13139568670857124,14.73729142144534,2.6,0.102,0.4,1.1,-0.6,0.538,395,0.317,0.467,20
Hasahn French,Saint Louis Billikens,2019,36,1074,335,149,303,37,106,0,0,302,101,54,35,66,75,120,201,47.90641802997369,0.1958406390314872,14.73638508790709,3,0.108,1.7,-1.6,3.2,0.474,339,0.35,0,19.3
D.J. Felder,Jacksonville State Gamecocks,2015,31,715,311,122,289,55,80,12,37,169,58,23,12,21,40,83,111,47.96421961752005,0.1891700422753549,14.721971904526532,1.4,0.08,-2.6,-0.4,-2.1,0.476,288,0.277,0.128,27
Melvin Frazier Jr.,Tulane Green Wave,2017,31,879,344,117,267,82,123,28,106,138,39,46,56,14,72,80,99,53.562531141006474,0.1355980076571608,14.718777687388313,1.5,0.066,0.9,-0.1,1,0.529,326,0.461,0.397,21.3
Zawdie Jackson,New Mexico State Aggies,2025,32,888,336,105,263,91,117,35,93,72,19,99,31,0,44,58,53,53.421521241414396,0.10924758796242096,14.717504719665444,3.1,0.138,1.3,0.8,0.5,0.527,345,0.445,0.354,20.7
Farad Cobb,Cincinnati Bearcats,2016,33,831,333,119,295,21,25,74,188,56,14,48,42,1,28,34,42,54.41176470588235,0.10462518823122223,14.717064297194547,3.1,0.15,5.5,2.9,2.6,0.543,286,0.085,0.637,20.6
Tamir Jackson,Rice Owls,2013,30,1056,536,192,493,107,154,45,166,181,44,77,41,2,85,79,137,47.79228190313147,0.19123456248385468,14.714611970308601,0.9,0.035,-0.6,2.2,-2.8,0.472,536,0.312,0.344,34.8
Markeith Cummings,Kennesaw State Owls,2012,30,1018,448,156,348,116,178,20,64,157,63,58,30,17,87,81,94,52.54269093638582,0.22458890099076997,14.707549137292297,1.3,0.05,-2.4,0.8,-3.3,0.52,448,0.508,0.184,27.5
Nick Jourdain,Memphis Tigers,2025,35,911,220,81,162,46,65,12,49,195,68,65,25,38,36,103,127,57.71248688352571,0.09982555120812402,14.692201630446847,3,0.132,4.4,1.1,3.3,0.57,255,0.401,0.302,12
Derric Jean,Louisiana Tech Bulldogs,2016,33,710,244,87,193,43,62,27,70,100,31,72,33,8,48,77,69,55.38405665516615,0.07989324916720011,14.688788117611054,2.2,0.124,0,-0.7,0.6,0.546,257,0.323,0.365,18.2
Theo John,Marquette Golden Eagles,2021,27,709,215,79,138,54,73,3,4,136,42,33,17,40,50,76,94,63.19068892546438,0.14666270416096783,14.687902809093758,2.1,0.121,4.5,1.1,3.4,0.623,217,0.529,0.029,16.1
Jayshayne Woodard,East Carolina Pirates,2025,33,707,193,68,156,48,74,9,31,134,49,63,39,30,47,75,85,51.17734408145949,0.07502310954940884,14.687581651804019,1.6,0.093,1.1,-1.3,2.4,0.505,220,0.474,0.199,16.7
Jarred Dixon,Missouri State Bears,2019,32,996,420,149,335,76,103,46,138,83,19,45,37,3,38,79,64,55.21665965502734,0.16843293127229836,14.681060459773157,3.1,0.126,0.7,0.8,0,0.547,386,0.307,0.412,22.7
Tanner Toolson,TCU Horned Frogs,2026,35,733,269,85,230,69,95,30,103,111,50,32,23,11,18,44,61,49.484915378955115,0.08004049845689572,14.679185786029493,2.2,0.117,4,2,2,0.489,266,0.413,0.448,19.5
Kory Holden,Delaware Blue Hens,2016,29,1053,522,177,447,100,125,68,173,89,16,118,12,2,82,58,73,51.992031872509955,0.27035719916486184,14.67799115087979,1.6,0.057,-0.8,2.7,-3.5,0.512,519,0.277,0.388,28.6
Cashmere Wright,Cincinnati Bearcats,2011,35,889,312,98,236,84,113,32,91,81,10,138,47,2,73,66,71,54.598908021839556,0.16663081056867138,14.675045568219293,3.5,0.157,5.5,2.2,3.4,0.539,335,0.479,0.386,21.3
Raymond Cintron,Middle Tennessee Blue Raiders,2013,34,709,282,90,205,31,38,71,162,66,8,47,16,4,35,54,58,63.59372181129353,0.090372966074883307,14.670040725215948,3.4,0.192,5.6,4.3,1.2,0.632,243,0.185,0.79,18.7
Chris Otule,Marquette Golden Eagles,2014,32,574,185,65,110,55,100,0,0,136,66,5,4,31,37,63,70,60.064935064935064,0.2623036040447914,14.663705344285816,1.6,0.115,0.9,0.1,0.8,0.587,183,0.909,0,17.4
Darien Jackson,Tulsa Golden Hurricane,2022,31,889,321,119,213,60,88,23,57,98,37,56,30,6,61,69,61,63.761322103924996,0.10926062225608751,14.663245811453862,2.5,0.111,2,1.8,0.2,0.63,311,0.413,0.268,18.6
Chris Braswell,Charlotte 49ers,2011,30,824,334,109,249,110,154,6,23,207,71,31,22,21,75,98,136,52.721303194847835,0.1681971469158034,14.651269058928714,1.9,0.092,-1.6,-1.1,-0.5,0.518,332,0.618,0.092,25.5
Trae Broadnax,Rice Owls,2025,32,978,386,126,314,113,152,21,71,164,35,134,20,6,78,70,129,50.672127704263815,0.16764919060787745,14.642947249018563,2.4,0.1,0.4,0.5,-0.1,0.5,419,0.484,0.226,24.4
Yonel Brown,Kennesaw State Owls,2015,32,1144,486,144,350,135,150,63,165,74,14,89,38,0,80,55,60,58.41346153846154,0.27913628543536945,14.641342471596062,2.6,0.089,-3.3,-0.4,-2.9,0.577,464,0.429,0.471,21.9
Ben Emelogu II,SMU Mustangs,2018,33,1051,352,123,266,43,60,63,134,180,49,56,43,5,51,86,131,60.191518467852255,0.1515346453987806,14.64131554676479,3.8,0.146,4.4,2.7,1.7,0.598,330,0.226,0.504,17.5
Alex Lomax,Memphis Tigers,2020,31,751,209,69,153,63,84,8,22,107,24,132,46,13,78,67,83,55.011581385554855,0.12280603979254491,14.639945169097905,2.7,0.142,4.4,0,4.4,0.542,262,0.549,0.144,17.3
Travis Evee,Rice Owls,2021,28,807,356,118,292,46,55,74,187,56,6,61,30,4,46,50,50,56.29348513598988,0.11285033320492771,14.639298122843183,2.4,0.117,-1,0.7,-1.8,0.56,324,0.188,0.64,22
Bandja Sy,New Mexico State Aggies,2012,35,756,299,112,254,36,55,39,120,138,48,34,22,21,53,67,90,53.73831775700935,0.09715339856209061,14.619179889537373,2.7,0.139,2.8,1.9,0.9,0.544,296,0.207,0.459,20.8
Quentin Snider,Louisville Cardinals,2017,34,877,347,116,301,59,82,56,150,75,22,115,17,0,42,43,53,51.47146078082354,0.1581453197254892,14.616328453003725,3.3,0.149,6.4,4.8,1.6,0.51,361,0.272,0.498,21.3
Maurice Bolden,Southern Miss Golden Eagles,2012,34,846,330,118,286,70,107,24,65,175,62,32,18,35,46,81,113,49.53764861294584,0.10056283792242532,14.615563404103325,2.8,0.131,2.2,1.5,0.7,0.49,318,0.374,0.227,23.2
Anthony Downing,Missouri State Bears,2013,33,1133,453,150,375,118,148,35,136,145,33,88,35,2,55,68,112,51.46323729891847,0.22683220257663983,14.614754164704246,3.2,0.113,2.8,2.7,0.1,0.509,447,0.395,0.363,25.2
Jacoby Hill,Jacksonville State Gamecocks,2026,32,975,321,113,220,73,103,22,62,124,61,54,32,1,45,70,63,60.49298959746721,0.08932347345947254,14.612510210803764,3.2,0.133,-0.3,-0.2,0,0.597,326,0.468,0.282,16.6
Omega Harris,UTEP Miners,2016,33,746,296,102,215,44,59,48,109,60,13,55,28,0,44,63,47,61.420982735723776,0.10219786227289941,14.607090341122793,2.1,0.111,-0.5,0.3,-0.7,0.608,270,0.27,0.507,18.8
Keaston Willis,Louisiana Tech Bulldogs,2022,34,1013,413,142,349,36,51,93,237,111,14,43,30,5,30,41,97,55.59444324790006,0.12125393074415396,14.606420835964784,3.4,0.135,2.9,2.6,0.3,0.553,362,0.146,0.679,20.1
Chad Lott,Rice Owls,2017,35,606,186,70,132,43,67,3,8,101,27,51,31,11,43,58,74,57.59227148872926,0.06864115692014183,14.605909571524787,1.8,0.113,0.6,-0.8,1.4,0.568,201,0.508,0.061,15.6
DeAntoni Gordon,Southern Miss Golden Eagles,2025,33,868,284,120,231,38,56,6,33,160,50,31,19,35,38,78,110,55.546862775778436,0.13624471821872966,14.602485783492593,2,0.09,-2.4,-2.3,-0.1,0.551,267,0.242,0.143,16.6
Rashad Ray,Tulsa Golden Hurricane,2014,34,716,231,77,160,67,91,10,35,73,8,85,34,1,40,68,65,57.73845230953809,0.10414677088413285,14.596399547279086,2.5,0.139,3.1,0.2,2.9,0.568,241,0.569,0.219,17.1
Shiloh Robinson,Liberty Flames,2022,33,922,314,111,197,69,103,23,62,144,42,37,18,17,49,64,102,64.79035985473753,0.13178385454124553,14.593652179560374,3.6,0.157,0.8,0.4,0.4,0.638,303,0.523,0.315,17.6
Nigel Spikes,Marshall Thundering Herd,2013,32,793,181,58,124,65,125,0,1,233,96,19,23,60,45,81,137,50.5586592178771,0.1409162936003495,14.590533519299408,1.6,0.083,-0.2,-1.1,0.9,0.494,200,1.008,0.008,13.9
James Woodard,Tulsa Golden Hurricane,2015,34,1174,493,158,388,89,126,88,238,167,18,38,30,8,46,55,149,55.58812917192856,0.19434497299759415,14.58950205348071,4.7,0.159,5.8,4,1.8,0.55,426,0.325,0.613,22.5
Skyelar Potter,Jacksonville State Gamecocks,2023,31,1011,439,142,334,79,106,76,203,152,18,53,28,8,70,73,134,57.66603614964271,0.18102145442738093,14.587848323722607,2.8,0.111,-0.7,0.2,-0.9,0.571,397,0.317,0.608,23.6
DeMario Mayfield,Charlotte 49ers,2012,30,887,324,112,278,74,133,26,88,204,55,74,29,8,53,71,149,48.13978366813265,0.18957655427319808,14.586915748938772,2.3,0.102,1.6,0.9,0.7,0.475,334,0.478,0.317,22.3
Neiko Hunter,Middle Tennessee Blue Raiders,2013,34,629,262,99,192,53,73,11,34,99,46,14,16,12,47,80,53,58.45082991254685,0.034135666873154745,14.58573269860895,2.6,0.164,1.4,0.5,0.9,0.578,235,0.38,0.177,22.4
Devonta Pollard,Houston Cougars,2015,32,976,364,132,289,100,138,0,1,205,84,39,39,14,75,87,121,52.04163330664531,0.12361653691849564,14.584235275107636,2.7,0.109,-0.3,-0.7,0.4,0.513,359,0.478,0.003,22.9
Rey Idowu,Tulsa Golden Hurricane,2022,31,668,244,95,180,54,84,0,1,145,49,22,15,6,35,84,96,56.23156342182891,0.10292494726450398,14.577124760944843,1.9,0.112,-0.6,-0.2,-0.4,0.555,240,0.467,0.006,19.9
Kyle Rode,Liberty Flames,2022,33,991,298,103,220,47,53,45,106,148,14,140,25,6,60,77,134,61.236232122308074,0.12910368933172467,14.576062461253372,4.2,0.169,1.7,0.6,1.1,0.608,345,0.241,0.482,16.9
T.J. Price,Western Kentucky Hilltoppers,2013,36,1089,502,170,430,81,116,81,226,147,30,79,38,13,87,78,117,52.1786130051555,0.21833014250333838,14.57428631968462,3.5,0.127,2.5,2.8,-0.3,0.517,469,0.27,0.526,26.6
Dwayne Evans,Saint Louis Billikens,2012,34,852,268,103,224,53,79,9,26,249,82,24,22,18,48,63,167,51.7854382439326,0.1624894231445309,14.567174887808225,3.4,0.157,3.9,1.8,2.2,0.512,277,0.353,0.116,19.8
Jalen Finch,Jacksonville State Gamecocks,2021,27,925,296,101,225,68,88,26,68,106,14,130,34,5,64,48,92,56.12012740785681,0.1705507684045405,14.563614122147493,3.2,0.137,-0.6,-0.5,0,0.555,331,0.391,0.302,18.1
Michael Zangari,East Carolina Pirates,2014,34,782,296,109,212,77,112,1,7,177,83,10,7,19,47,93,94,56.644213104715256,0.08709465097781284,14.562712052213453,2,0.103,-4.8,-1.9,-2.9,0.558,292,0.528,0.033,20.8
Eli Lawrence,Middle Tennessee Blue Raiders,2023,33,966,390,133,316,71,87,53,156,131,32,44,36,10,51,85,99,55.041210342102296,0.11589554294392156,14.553571303717623,3.2,0.133,2.3,1.6,0.8,0.546,366,0.275,0.494,21.7
Javonte Perkins,Saint Louis Billikens,2023,33,746,361,126,300,53,65,56,155,64,8,16,16,7,24,51,56,54.93000608642726,0.09801349801310191,14.552583147144318,2.1,0.112,1.7,2.1,-0.4,0.546,295,0.217,0.517,23.8
Tyler Harris,Memphis Tigers,2022,33,622,292,93,230,51,57,55,140,40,9,57,15,0,40,62,31,57.2369452720715,0.05711527623791993,14.551438580988057,2.3,0.145,3.2,3.2,0,0.568,268,0.248,0.609,22.8
Eric Nottage,Florida International Panthers,2017,31,948,363,127,282,64,80,45,125,138,34,103,36,2,88,85,104,57.219419924337956,0.14806474950203483,14.551026036172258,2.2,0.092,-0.4,1.1,-1.5,0.567,380,0.284,0.443,22.5
Chris Otule,Marquette Golden Eagles,2013,35,618,179,78,123,23,49,0,0,124,58,8,7,36,30,58,66,61.91200885445489,0.0942074726762465,14.54532631192919,1.9,0.12,4,2.1,1.9,0.612,166,0.398,0,15
Kaheem Ransom,Sam Houston Bearkats,2014,35,1078,406,115,305,120,164,56,149,144,32,126,51,5,84,90,112,53.82331106161842,0.1624554373698975,14.543642561268044,3.3,0.123,-0.3,-0.1,-0.2,0.53,423,0.538,0.489,22
Matt Willms,UTEP Miners,2014,34,577,182,68,124,46,70,0,0,118,39,33,19,28,46,78,79,58.78552971576227,0.07200286495970747,14.537811693769296,1.9,0.133,1.5,-1.5,2.9,0.579,185,0.565,0,18.7
Dashon Gittens,Florida International Panthers,2024,33,605,207,69,170,50,61,19,68,76,26,50,35,6,37,55,50,52.580776264986795,0.10173356248345056,14.53138884112847,1.3,0.088,-1.8,-1.2,-0.6,0.52,215,0.359,0.4,18.8
Keith Williams,Cincinnati Bearcats,2019,35,904,346,130,288,65,92,21,76,111,46,38,39,31,50,84,65,52.6668290306868,0.09687418737666179,14.528459858895442,3.1,0.137,4.8,1.4,3.4,0.522,322,0.319,0.264,21.7
Daniel Mullings,New Mexico State Aggies,2012,35,969,320,123,252,69,114,5,23,143,51,66,55,19,74,50,92,52.952078369075984,0.10566285624012856,14.522262173170654,3,0.12,3.4,0.6,2.7,0.525,335,0.45,0.088,18.6
Colin Porter,Liberty Flames,2026,34,1099,356,111,265,72,79,62,173,97,5,110,46,3,41,70,92,59.38083800373632,0.11133485757308254,14.521539075657914,3.3,0.119,0,0.2,-0.3,0.588,371,0.298,0.653,17.8
Niccolo Moretti,Florida Atlantic Owls,2025,34,753,216,74,173,44,58,24,69,90,15,115,31,4,44,51,75,54.402579085230705,0.07652374493387082,14.519861684435137,1.9,0.103,0.4,-0.2,0.6,0.539,253,0.335,0.399,16.1
Alex Robinson,TCU Horned Frogs,2019,37,1289,464,169,394,88,135,38,122,143,14,254,52,12,129,84,129,51.168945743273056,0.19960138761699373,14.51866677724054,3.4,0.107,3.4,1.5,1.9,0.506,543,0.343,0.31,22.8
Malik Martin,Charlotte 49ers,2020,29,862,261,88,187,51,70,34,90,103,21,21,48,20,28,47,82,59.917355371900825,0.12428091598860835,14.517628009376118,3.1,0.142,3.7,1.4,2.3,0.593,238,0.374,0.481,15.7
Kasey Wilson,UCF Knights,2013,29,717,251,83,172,48,75,37,72,132,36,13,20,18,34,72,96,61.21951219512195,0.09652842255614198,14.514949609691694,2.5,0.133,0.9,1.1,-0.2,0.603,244,0.41,0.431,18
Stephan Van Treese,Louisville Cardinals,2014,37,800,106,44,69,17,29,1,2,212,102,27,37,30,22,83,110,64.82387475538161,0.07076118084068486,14.512867949899837,3.7,0.183,7.4,2.7,4.7,0.64,156,0.42,0.029,6.3
Sterling Brown,SMU Mustangs,2015,34,796,177,64,122,29,37,20,45,155,51,70,29,8,31,63,104,64.00057853630315,0.11162675762869634,14.505023535251683,3.4,0.166,7.1,3.7,3.4,0.634,200,0.303,0.369,11.3
Justin Jenifer,Cincinnati Bearcats,2019,35,889,291,98,219,35,46,60,135,59,6,98,22,0,25,42,53,60.81758903193446,0.12499346680565823,14.497948713797188,3.7,0.169,6.1,3.8,2.3,0.604,283,0.21,0.616,15.4
Luke Frampton,Western Kentucky Hilltoppers,2023,33,586,189,57,123,26,33,49,106,52,4,34,17,3,15,35,48,68.71727748691099,0.1103840382289043,14.495284875635601,2,0.138,1,1,0,0.681,169,0.268,0.862,13.6
Nicholas Boyd,Florida Atlantic Owls,2024,34,644,250,80,200,48,57,42,123,72,6,48,23,1,29,44,66,55.53580948995912,0.09152464292676597,14.48908465815928,NA,NA,NA,NA,NA,NA,NA,NA,NA,NA
Leonard Harper-Baker,Southern Miss Golden Eagles,2020,31,1016,270,112,229,37,56,9,39,253,61,100,45,31,85,80,192,53.22504336855386,0.16618221514375725,14.487082544711424,2.1,0.084,0.9,-1,1.9,0.528,305,0.245,0.17,17.2
Jeremiah Martin,Memphis Tigers,2017,32,1114,328,114,253,76,113,24,85,98,26,142,58,23,63,80,72,54.17547568710359,0.13104690044092454,14.4862644108419,3.1,0.112,2.9,0.6,2.3,0.535,355,0.447,0.336,16.3
Anton Waters,Western Kentucky Hilltoppers,2017,32,573,214,88,167,35,59,3,12,133,57,10,10,8,36,67,76,55.4519071310116,0.17905219909999448,14.480729783006309,1.3,0.088,-3.7,-1.6,-2,0.549,209,0.353,0.072,20.9
Day Day Thomas,Cincinnati Bearcats,2026,33,1004,381,120,322,69,78,72,189,103,20,114,32,17,57,80,83,53.46317916479569,0.13418267822432262,14.462306352964367,3.2,0.129,5.3,1.6,3.6,0.531,381,0.242,0.587,20.6
Cameron Huefner,Sam Houston Bearkats,2025,32,932,401,110,286,125,155,56,154,160,48,29,27,4,61,80,112,56.60643704121965,0.1009128808518413,14.450369785393857,2.4,0.101,-2.1,0.2,-2.3,0.558,379,0.542,0.538,22.7
Galen Robinson Jr.,Houston Cougars,2019,37,1106,296,105,234,58,87,28,80,113,18,183,48,3,63,50,95,54.35581019538711,0.14190519161376852,14.449068011261383,4.5,0.164,6,2.4,3.6,0.538,359,0.372,0.342,15.4
Igor Milicic Jr.,Charlotte 49ers,2023,36,747,268,98,206,31,40,41,122,145,28,21,22,17,45,56,117,59.92844364937389,0.0946732412554753,14.444970692620313,2.3,0.125,1.4,1.1,0.4,0.596,244,0.194,0.592,21.4
Liutauras Lelevicius,TCU Horned Frogs,2026,35,805,273,90,197,47,53,46,121,115,25,23,16,4,17,34,90,61.95533769063181,0.1175857314018886,14.444173907601604,2.7,0.133,5.3,3,2.3,0.614,237,0.269,0.614,14.6
El Ellis,Louisville Cardinals,2023,32,1152,565,189,461,128,158,59,185,84,10,140,31,2,120,52,74,53.249641860815814,0.2526524664033239,14.443150355852579,1.6,0.056,0,2.4,-2.5,0.527,574,0.343,0.401,29.8
Will McNair Jr.,New Mexico State Aggies,2022,34,778,225,101,184,19,36,4,18,166,55,34,12,26,31,66,111,56.295036028823056,0.10902575164297786,14.436996526143528,2.8,0.144,1.9,0.2,1.7,0.559,225,0.196,0.098,15.1
Erik Durham,Jacksonville State Gamecocks,2016,29,543,214,75,183,20,29,44,115,76,23,18,14,5,14,46,53,54.658765835717205,0.15453062794036906,14.42927597034452,1.7,0.108,0.6,2.2,-1.6,0.55,215,0.159,0.62,20.2
Quentin Grimes,Houston Cougars,2020,31,837,364,127,287,68,103,42,129,111,20,77,24,6,70,68,91,54.766490129995184,0.1323202705325402,14.424845539417008,3.1,0.15,4.4,2.5,1.9,0.542,344,0.359,0.449,23.8
Louis Dabney,Tulane Green Wave,2014,34,1069,500,160,386,151,214,29,103,136,33,66,41,3,80,97,103,52.06597800733089,0.13490789935150127,14.41983908777583,2.4,0.09,-1.3,-0.1,-1.3,0.513,478,0.554,0.267,28.9
D.J. Carton,Marquette Golden Eagles,2021,27,841,350,121,271,75,101,33,117,110,15,96,31,11,86,60,95,55.47806238904388,0.23575413244646098,14.414127080741183,2.1,0.101,3.8,2.3,1.6,0.549,354,0.373,0.432,24.7
James Washington III,Middle Tennessee Blue Raiders,2011,31,1093,428,115,291,131,152,67,174,68,9,87,50,1,72,74,59,59.79657985917067,0.24117483590133473,14.413495476544888,4.5,0.159,2.1,2,0.2,0.598,427,0.51,0.603,20.1
Billy Garrett Jr.,DePaul Blue Demons,2016,30,810,367,114,288,111,137,28,99,86,8,102,20,8,72,77,78,52.687492821867465,-0.140982375177416,14.412972565726031,1.7,0.083,1.2,1.9,-0.6,0.522,386,0.49,0.344,26.5
Jalun Trent,Delaware Blue Hens,2024,33,874,267,107,208,51,84,2,17,122,29,97,36,28,70,62,93,54.49869366427171,0.12304425314030608,14.412412045754332,2.1,0.094,-0.3,-1.8,1.5,0.539,295,0.404,0.082,18.9
Elijah Cuffee,Liberty Flames,2021,29,809,276,97,199,28,34,54,126,94,13,51,20,10,31,60,81,64.49803701626472,0.12793783984277118,14.40945411232407,3.7,0.182,2.1,1.5,0.6,0.641,255,0.171,0.633,17
Dezayne Mingo,Marshall Thundering Herd,2025,33,1033,392,136,324,96,132,24,74,147,17,162,24,3,82,70,130,51.298157453936355,0.17310809822995107,14.408528534421066,2.6,0.099,-2.3,-1.2,-1.1,0.507,428,0.407,0.228,22.2
Cordarius Johnson,Louisiana Tech Bulldogs,2014,37,768,274,93,249,49,76,39,136,149,45,33,45,10,39,55,104,48.505877354482365,0.07038310664221939,14.407741047152408,2.6,0.136,1.7,-0.4,2.1,0.481,265,0.305,0.546,19.8
Chad Brown,UCF Knights,2018,32,597,165,56,110,53,93,0,0,147,57,5,16,34,26,72,90,54.664723032069965,0.08888590000910203,14.40642814433373,2.2,0.147,2.2,-1.3,3.4,0.535,170,0.845,0,16.2
Tramaine Isabell,Saint Louis Billikens,2019,36,1114,480,164,399,98,138,54,166,143,37,127,41,3,104,61,106,52.2056904202558,0.22668201517164444,14.397466455944489,3.4,0.118,2.7,1.6,1.2,0.517,474,0.346,0.416,24.8
Quentin Snider,Louisville Cardinals,2018,36,1155,423,135,340,84,97,69,166,97,15,144,18,0,55,38,82,55.26810912511759,0.16309370241399956,14.397198258683545,3.6,0.126,3.6,3.2,0.3,0.548,444,0.285,0.488,19.3
Joseph Venzant,Liberty Flames,2024,32,717,161,66,112,25,38,4,16,192,59,19,32,14,27,83,133,62.538844002486016,0.09181706437121111,14.395396085963657,2.8,0.158,0.8,-0.8,1.6,0.619,175,0.339,0.143,11.8
Asim Jones,Florida International Panthers,2025,33,829,306,95,219,99,128,17,48,78,10,73,38,12,61,49,68,55.571698387331104,0.09779110556683031,14.394693895410713,2,0.096,-1.8,-1.9,0.1,0.547,300,0.584,0.219,20.4
Alex Robinson,TCU Horned Frogs,2017,39,1283,438,164,391,71,112,39,117,122,18,228,59,20,107,73,104,49.74107386208777,0.175335663089026,14.390820269224685,3.3,0.102,4.1,1.9,2.1,0.493,501,0.286,0.299,21.5
Layden Blocker,DePaul Blue Demons,2025,34,838,312,108,268,65,83,31,92,96,29,101,37,8,58,82,67,51.22816235386839,0.14060335986239444,14.38653453533239,1.8,0.085,1.5,0.2,1.3,0.507,337,0.31,0.343,22.7
Jamar Abrams,East Carolina Pirates,2011,33,822,332,115,257,34,47,68,166,129,39,29,18,6,37,95,90,59.78104292711034,0.0846131233942891,14.386154729915573,2.8,0.133,2.8,3.1,-0.3,0.595,295,0.178,0.64,20.3
Austin Loop,Marshall Thundering Herd,2017,35,1092,381,119,265,31,36,112,254,68,13,41,25,10,18,54,55,67.83221763281584,0.10772878015927646,14.382031670248926,2.9,0.105,2.4,3.4,-0.9,0.675,319,0.136,0.958,12.7
Jairus Hamilton,Western Kentucky Hilltoppers,2022,32,876,369,137,310,59,89,36,114,158,31,48,20,6,59,50,127,52.84110436476114,0.09217378334017531,14.373654074256832,2.1,0.097,-2.7,-0.9,-1.8,0.524,352,0.287,0.368,23.6
Aaron Johnson,UAB Blazers,2011,31,1126,366,114,272,116,149,22,89,87,10,239,45,0,110,77,77,54.21258442943476,0.16788755064944147,14.367379550300095,NA,NA,NA,NA,NA,NA,NA,NA,NA,NA
Kaden Metheny,Liberty Flames,2025,35,1089,453,154,367,43,55,102,266,100,6,68,28,0,47,39,94,57.898773006134974,0.10390476438007357,14.366179099473936,3.6,0.132,1.3,1.3,0,0.576,403,0.15,0.725,22
Darion Rackley,Jacksonville State Gamecocks,2015,31,941,438,120,338,158,211,40,143,112,29,62,41,7,77,60,83,50.830934917834924,0.21591570335574944,14.36584562828288,2,0.084,-0.9,0.6,-1.5,0.5,413,0.624,0.423,28.8
Connor Cashaw,Rice Owls,2017,35,886,279,103,232,36,54,37,99,187,38,63,27,6,40,55,149,54.54332186424773,0.10905671943600727,14.357677014534008,2.7,0.117,1.1,1,0.1,0.541,288,0.233,0.427,15.5
Isiaih Mosley,Missouri State Bears,2020,33,701,267,103,218,32,37,29,72,114,21,35,19,8,40,57,93,56.98309714871095,0.1485389573590829,14.354678452193763,2.2,0.128,2.3,1.7,0.6,0.567,246,0.17,0.33,19.8
Lovell Cabbil Jr.,Liberty Flames,2018,37,1070,371,118,306,87,102,48,146,151,14,123,43,14,69,64,137,52.86707706338349,0.200586159630893,14.352948802351927,3.5,0.132,0.7,-0.2,0.9,0.523,397,0.333,0.48,22.1
Jahmal McMurray,SMU Mustangs,2018,33,690,324,116,271,30,36,62,152,59,17,34,15,1,38,37,42,56.47747873378888,0.09680693148117547,14.352773744615389,2.1,0.121,2.7,3.7,-1,0.562,276,0.133,0.561,25.1
Jherrod Stiggers,Houston Cougars,2014,33,782,370,123,317,44,64,80,222,84,28,35,11,5,33,57,56,53.5983312087148,0.0620301321883067,14.349527162989153,1.7,0.088,1.6,4,-2.4,0.533,322,0.202,0.7,24.9
Pablo Bertone,Florida Atlantic Owls,2012,29,565,211,78,185,32,47,23,64,99,31,32,21,11,31,59,68,51.29327110073901,0.15133334301634555,14.343643006787898,1.5,0.103,1.2,0.8,0.4,0.509,210,0.254,0.363,22.3
Mike Thorne Jr.,Charlotte 49ers,2014,31,759,281,120,236,41,80,0,1,208,78,12,9,23,51,78,130,51.80678466076697,0.09771548605372839,14.333648004823178,1.7,0.09,-2.4,-1.6,-0.8,0.513,268,0.339,0.004,20.9
Jay Hook,Tulane Green Wave,2015,31,928,346,111,270,53,66,71,182,157,32,27,26,4,35,57,125,57.8517924023542,0.1782371765678584,14.332277612445232,3.6,0.155,4.2,3.6,0.6,0.574,304,0.244,0.674,19.3
Shawn Lester,Charlotte 49ers,2014,31,757,369,126,300,68,90,49,158,130,19,48,24,2,76,65,111,54.328621908127204,0.11946514304411399,14.328998766993454,1.8,0.094,0.6,0.6,-0.1,0.538,332,0.3,0.527,27
Wayne Blackshear,Louisville Cardinals,2013,40,782,298,105,248,43,62,45,139,122,22,25,34,10,24,98,100,54.12670735251381,0.07760335165803003,14.324504268152362,3.7,0.189,6.8,2.7,4.1,0.537,257,0.25,0.56,19.4
Isaac Fleming,East Carolina Pirates,2019,31,845,306,123,253,53,91,7,51,119,34,125,47,2,86,91,85,52.21130221130221,0.14556865987682427,14.324381044502665,1.5,0.07,-0.9,-0.9,0,0.516,336,0.36,0.202,22.6
Justyn Fernandez,Delaware Blue Hens,2026,31,1046,465,161,365,79,90,64,159,128,10,60,25,14,85,64,118,57.46416213544241,0.12337353004297183,14.321073882195137,1.3,0.049,-3.5,-0.9,-2.6,0.57,428,0.247,0.436,26.7
Isaac McKneely,Louisville Cardinals,2026,35,1014,383,122,293,43,50,96,243,105,19,50,19,2,30,49,86,60.79365079365079,0.1191212548003762,14.318239214255245,3.3,0.132,5.9,4.1,1.8,0.605,336,0.171,0.829,16.6
Tamir Jackson,Rice Owls,2011,31,1033,439,141,329,134,183,23,63,86,25,113,41,0,85,79,61,53.59933580777496,0.12711922169058537,14.31644197492102,2.7,0.1,1.3,1.7,-0.4,0.522,445,0.541,0.201,25.6
DeAndre Kane,Marshall Thundering Herd,2013,32,1039,423,153,380,86,165,31,125,124,46,195,50,6,118,75,78,46.73000441891295,0.006513446378874496,14.307896355499238,1.8,0.069,-0.5,1.1,-1.5,0.461,479,0.434,0.329,26.7
Tramon Mark,Houston Cougars,2021,32,642,251,85,224,62,81,19,73,95,24,55,30,5,37,55,71,48.33615775689417,0.06821844362777844,14.307885726044113,2.8,0.177,2.8,0.1,2.7,0.478,251,0.362,0.326,23.1
Nafis Ricks,Missouri State Bears,2011,35,1054,326,104,257,109,158,9,20,154,69,138,33,11,65,92,85,49.9203724121034,0.13882837960552566,14.306505998994488,3.5,0.134,2.9,2.1,0.7,0.491,397,0.615,0.078,20.6
Kobi Williams,Missouri State Bears,2026,34,1169,476,136,338,117,139,87,234,85,25,52,32,7,50,86,60,59.62521294718909,0.09132059904823858,14.30600305441013,3.2,0.11,-0.8,0.6,-1.4,0.589,424,0.411,0.692,19.8
Michael Ertel,UAB Blazers,2021,29,832,383,145,357,59,72,34,126,75,14,37,26,2,26,39,61,49.26932180714212,0.1210387483430073,14.296377520969362,NA,NA,NA,NA,NA,NA,NA,NA,NA,NA
Eral Penn,DePaul Blue Demons,2023,33,950,275,99,217,68,103,9,44,223,79,23,22,32,30,89,144,52.41689539493748,0.18639176745593666,14.296366545992138,2.1,0.087,0.9,0.6,0.3,0.517,286,0.475,0.203,15.7
Robert Brown,UAB Blazers,2015,36,1165,492,176,438,79,107,61,187,132,29,109,37,9,75,62,103,50.713284406695806,0.14491178516138137,14.29521249525414,NA,NA,NA,NA,NA,NA,NA,NA,NA,NA
Tyrone Watson,New Mexico State Aggies,2011,32,885,240,86,156,56,99,12,37,155,71,64,39,5,54,77,84,60.132291040288635,0.1739933735997819,14.293999251022099,2.9,0.128,2.9,1.8,1.1,0.596,279,0.656,0.231,14.6
R.L. Horton,Southern Miss Golden Eagles,2011,31,972,391,137,310,84,115,33,88,90,11,64,31,1,38,62,79,54.21519689406544,0.11456085384884448,14.293160753438729,3.8,0.151,3.2,2.1,1.2,0.531,367,0.368,0.286,20.8
Jeremiah Kelly,DePaul Blue Demons,2012,31,818,250,88,217,24,34,50,149,75,24,114,33,1,39,50,51,53.88860148301431,0.1561885977225543,14.288370637890063,1.9,0.093,2.5,2.9,-0.4,0.536,274,0.157,0.687,15.8
Josh Anderson,Western Kentucky Hilltoppers,2021,29,761,249,81,179,68,81,19,57,106,19,31,49,13,49,59,87,58.00409988818487,0.10992032434402188,14.286989901717606,2.5,0.13,3.5,0.2,3.3,0.574,233,0.45,0.317,17.7
Remi Barry,New Mexico State Aggies,2015,34,1095,449,154,337,98,128,43,98,161,46,35,19,6,61,62,115,57.07820604088274,0.205271061083229,14.286935010272428,4.5,0.164,1.6,2.1,-0.5,0.564,404,0.38,0.291,22.2
Amidou Bamba,Charlotte 49ers,2020,29,565,179,76,125,27,53,0,0,116,37,28,6,26,39,59,79,60.342502696871634,0.07867589689347865,14.283901216387354,1.7,0.123,-0.7,-1.5,0.8,0.596,183,0.424,0,18.3
D'Andre Wright,Tulsa Golden Hurricane,2014,34,583,253,86,188,75,108,6,16,134,52,15,10,18,48,103,82,53.7109375,0.05621323010050024,14.28117512091377,1.7,0.116,-1.6,-2.1,0.5,0.529,246,0.574,0.085,24.8
Chris  Smith,Louisville Cardinals,2012,40,1099,386,122,302,75,102,67,168,143,40,76,34,0,44,57,103,55.63883763837638,0.1385670137336163,14.280253569192734,4.5,0.165,7,3.8,3.3,0.551,367,0.338,0.556,18
Brandon Suggs,East Carolina Pirates,2020,31,703,258,81,178,82,104,14,51,105,28,52,28,10,51,85,77,57.65105470146585,0.09873339140226196,14.27745563963392,1.9,0.111,1.1,0.5,0.5,0.567,256,0.584,0.287,19.9
Amric Fields,TCU Horned Frogs,2014,31,568,236,85,196,46,72,20,59,109,26,22,8,16,32,36,83,51.827125790583274,0.3226028135993416,14.272791332618176,0.9,0.062,2.4,2.5,0,0.513,217,0.367,0.301,24.8
Quinton Campbell,Southern Miss Golden Eagles,2017,31,1033,437,145,372,91,117,56,179,191,37,37,21,10,50,50,154,51.59629734580145,-0.08689063106084725,14.26683687198579,2.1,0.082,-1.5,0.5,-2,0.511,400,0.315,0.481,24.4
Aaron Brown,Southern Miss Golden Eagles,2014,35,952,349,100,236,108,145,41,108,151,54,46,25,1,50,80,97,58.205470313542364,0.112639975658756,14.26670813702478,3.8,0.157,3.4,3,0.4,0.576,343,0.621,0.458,19.2
Ithiel Horton,Delaware Blue Hens,2019,33,1074,436,151,349,55,70,79,193,103,14,52,33,4,47,71,89,57.3986308583465,0.11565078220197189,14.26666140055559,2.6,0.098,-1.5,0.7,-2.2,0.57,392,0.201,0.553,22.1
D.J. Newbill,Southern Miss Golden Eagles,2011,31,948,284,97,180,84,123,6,13,193,95,52,22,3,59,86,98,60.652656757218516,0.10405374013423348,14.26032420749575,3.5,0.143,3.4,3,0.5,0.593,317,0.674,0.075,15.8
RJ Felton,East Carolina Pirates,2023,33,1060,457,166,426,61,79,64,196,147,55,52,31,14,48,67,92,49.59197847035333,0.12520783030335014,14.259904691091467,2.6,0.1,2,2.2,-0.1,0.493,421,0.185,0.46,23.9
Jestin Porter,Middle Tennessee Blue Raiders,2025,34,1151,510,176,428,74,90,84,231,97,25,42,38,6,57,55,72,54.533789563729684,0.10037251986397665,14.259460425874808,3.1,0.108,0.5,1,-0.4,0.542,453,0.21,0.54,22.9
Mekhi Mason,Rice Owls,2024,32,975,447,152,387,94,138,49,143,128,17,91,30,15,74,66,111,49.91959260251943,0.13634202586633642,14.251092634175086,1.4,0.056,-1.7,-0.2,-1.5,0.494,431,0.357,0.37,27.7
Ronnie Boggs,Jacksonville State Gamecocks,2012,31,862,234,92,167,44,57,6,24,136,59,49,42,7,45,77,77,60.912119950020816,0.1943952612932494,14.242544690428439,3,0.131,1,0,1,0.595,250,0.333,0.141,14.6
Tomasz Gielo,Liberty Flames,2014,32,997,349,127,274,55,71,40,99,190,49,46,21,19,55,65,141,57.168129996068664,0.182154633129152,14.23821058138046,2.8,0.111,-0.7,0.1,-0.8,0.567,327,0.259,0.361,18.6
D.J. Jeffries,Memphis Tigers,2021,28,717,276,105,237,41,73,25,71,142,37,54,26,24,60,73,105,51.278240190249704,0.10859388228384233,14.229855839544186,2.5,0.139,3.9,0.4,3.5,0.508,268,0.308,0.3,22
Stevie Mitchell,Marquette Golden Eagles,2023,36,838,254,94,204,45,60,21,70,105,29,37,60,4,25,86,76,55.12152777777778,0.09294463012409973,14.227754416692528,2.7,0.13,4.3,0.7,3.6,0.546,246,0.294,0.343,15.7
Stefan Moody,Florida Atlantic Owls,2013,31,883,437,146,351,96,119,49,143,117,19,59,20,9,89,58,98,54.16997223324077,0.19777691226097172,14.219185471192919,2.6,0.114,-0.6,1.4,-2,0.544,425,0.345,0.409,29
Kaseem Watson,UTEP Miners,2026,31,972,388,127,327,76,93,58,152,155,43,45,28,10,53,49,112,52.728854098717115,0.1747545160136878,14.212349152519895,2,0.084,-0.9,0.7,-1.6,0.523,371,0.284,0.465,22.8
Nigel Snipes,Western Kentucky Hilltoppers,2016,34,728,299,100,222,37,51,62,137,85,21,37,21,11,47,90,64,61.160202912780235,0.06915878191212807,14.205857142688979,2,0.109,0.5,1.1,-0.6,0.609,268,0.229,0.614,20.1
Brandon Suggs,East Carolina Pirates,2022,30,712,243,74,180,83,107,12,45,98,22,62,36,14,52,51,76,53.50537255592743,0.11878404234354993,14.202476186919561,1.7,0.096,0.9,-0.5,1.4,0.526,248,0.594,0.25,20.1
B.J. Tyson,East Carolina Pirates,2016,31,1042,460,171,402,74,100,44,150,139,24,82,31,5,72,54,115,51.569506726457405,0.16112858318437986,14.201962123138731,2,0.075,0.2,0.8,-0.6,0.506,434,0.257,0.364,26
AJ Harris,New Mexico State Aggies,2019,35,841,315,117,275,34,50,47,140,61,16,110,31,1,53,53,45,53.03030303030303,0.12437186874782244,14.191672801934017,3.2,0.152,2.4,1.6,0.8,0.526,327,0.182,0.511,20.6
Milos Supica,Charlotte 49ers,2021,25,427,125,49,84,27,36,0,0,110,39,16,10,6,31,45,71,62.600160256410255,0.08581851556288095,14.186466537895438,1.3,0.123,-1.9,-1.1,-0.8,0.618,134,0.429,0,17.3
Greg Gantt,Florida Atlantic Owls,2011,30,912,400,148,336,53,77,51,169,112,24,25,21,0,37,50,88,54.07159078620093,0.1613230207940832,14.185128054035083,3.2,0.134,0.6,2.2,-1.6,0.558,382,0.229,0.503,23.9
Paris Roberts-Campbell,East Carolina Pirates,2014,34,1155,406,122,315,103,139,59,179,142,26,98,53,22,63,101,116,53.96639727775414,0.11584988871001159,14.180434852526057,3.2,0.11,0,-0.2,0.1,0.533,408,0.441,0.568,20
Boogie Ellis,Memphis Tigers,2021,28,655,285,95,237,44,67,51,132,59,8,43,30,6,38,49,51,53.47493245271689,0.09353019385543197,14.178615900264816,2.6,0.158,4.6,1.6,2.9,0.53,252,0.283,0.557,22.3
Josh Delaney,Sam Houston Bearkats,2018,36,800,285,85,214,47,62,68,168,68,8,76,25,3,32,54,60,59.06001326259946,0.12681886770791323,14.165456687931966,2.9,0.145,1.1,1.3,-0.2,0.585,268,0.29,0.785,17
Jon Davis,Charlotte 49ers,2016,33,1064,386,135,313,86,117,30,84,94,21,154,40,8,86,72,73,52.95215100965759,0.11415479785369805,14.163463706031266,2,0.075,-1,-0.3,-0.7,0.524,422,0.374,0.268,20.5
Julian Washburn,UTEP Miners,2014,34,1170,446,162,380,74,94,48,132,120,20,85,33,13,49,51,100,52.92386557812796,0.1582094950692281,14.162532857764665,3.9,0.135,3.2,1.9,1.3,0.525,417,0.247,0.347,21.5
Titus Rubles,Cincinnati Bearcats,2014,34,985,249,83,205,83,108,0,3,231,86,67,44,28,50,103,145,49.30302550293046,0.149890864982937,14.162324961099099,3.9,0.157,4.8,0.4,4.4,0.486,285,0.527,0.015,16.2
Khari Price,Southern Miss Golden Eagles,2016,29,859,278,89,219,60,72,40,115,91,17,131,33,5,61,75,74,55.44917823520026,0.19416430945246183,14.159453568224723,2.3,0.106,-0.8,0,-0.8,0.549,320,0.329,0.525,20.2
Elijah Elliott,New Mexico State Aggies,2026,32,578,256,78,231,64,83,36,114,60,9,71,23,5,41,46,51,47.84688995215311,0.046415185579645836,14.15516948450907,1.2,0.086,0,0.4,-0.4,0.473,259,0.359,0.494,26.8
Anthony Duruji,Louisiana Tech Bulldogs,2018,33,682,229,82,182,37,62,28,71,131,36,26,12,45,38,77,95,54.71139143730886,0.10369285336309603,14.152532895510255,1.8,0.104,0.4,-1.1,1.5,0.541,220,0.341,0.39,18.5
Simas Lukosius,Cincinnati Bearcats,2025,35,879,340,113,289,47,58,67,192,98,20,73,27,1,45,29,78,54.050616812921284,0.14631471320330774,14.152404574013813,2.7,0.122,4.5,2.7,1.8,0.537,326,0.201,0.664,21.2
Cobie Montgomery,Southern Miss Golden Eagles,2025,33,730,271,89,197,29,45,64,153,61,16,33,9,12,23,34,45,62.5,0.10363817465749528,14.151589580341914,1.9,0.102,-0.5,1.2,-1.8,0.62,232,0.228,0.777,16.2
Tre'Darius McCallum,DePaul Blue Demons,2017,32,993,311,124,280,41,55,22,78,217,49,43,49,26,52,92,168,51.11768573307035,0.23044396393223435,14.14713827838123,2.1,0.084,2.8,0.6,2.2,0.508,304,0.196,0.279,18.1
Adonis Thomas,Memphis Tigers,2013,36,1056,421,155,383,85,113,26,89,161,55,69,24,25,58,50,106,48.645775559253096,0.116583393702053,14.144848478010676,3.2,0.123,2,1.4,0.6,0.482,409,0.295,0.232,22.9
Donovan Sims,Middle Tennessee Blue Raiders,2019,32,948,346,125,292,41,55,55,152,123,13,88,45,2,67,51,110,54.71220746363061,0.08752848567283165,14.137157873710315,2.5,0.104,1.2,0.6,0.6,0.544,337,0.188,0.521,19.8
Aaron Anderson,Kennesaw State Owls,2013,30,1006,287,114,221,58,108,1,1,270,103,30,25,11,48,85,167,53.44108446298228,-0.08294247702885635,14.135408953134275,2,0.081,-3.2,-0.4,-2.8,0.527,297,0.489,0.005,16.9
Ron Mvouika,Missouri State Bears,2014,33,563,212,71,168,45,76,25,63,113,37,54,13,3,46,50,76,52.62112787926926,0.10436680748526231,14.135328987794063,1.3,0.094,0.3,1.4,-1.1,0.519,227,0.452,0.375,24
Greg Elliott,Marquette Golden Eagles,2021,27,492,168,54,112,30,36,30,66,44,10,20,23,5,26,28,34,65.70713391739675,0.08418776622567133,14.132813515506694,1.6,0.128,6.3,3.3,3.1,0.651,150,0.321,0.589,16.2
Jimario Rivers,Memphis Tigers,2017,32,686,198,82,144,34,61,0,4,107,45,29,21,27,24,89,62,57.9489580894404,0.06650656754297796,14.132546760445436,2,0.119,1.7,-0.2,1.9,0.572,193,0.424,0.028,14.1
Juwan Perdue,Jacksonville State Gamecocks,2024,32,817,279,94,215,66,90,25,76,182,41,34,31,12,47,88,141,54.79183032207384,0.10733075913020648,14.121992990268616,2.7,0.133,-0.3,-1.2,0.9,0.541,271,0.419,0.353,18.9
Cheikh Mbodj,Cincinnati Bearcats,2013,34,715,172,59,127,54,79,0,2,159,70,8,6,90,29,117,89,53.16518298714145,0.052487236541126976,14.117338756889373,2.6,0.147,3.6,-1.8,5.4,0.523,175,0.622,0.016,13.7
Ryan Allen,Delaware Blue Hens,2019,33,791,351,114,279,62,92,61,165,52,4,51,14,2,33,41,48,54.93301615124577,0.15911685609384735,14.115839053167843,1.8,0.09,-1.5,1.4,-2.8,0.544,321,0.33,0.591,24.9
Avery Woodson,Memphis Tigers,2016,34,836,307,101,238,28,40,77,179,82,10,46,26,9,22,80,72,60.054773082942106,0.09640807055302614,14.114990448820853,3,0.143,4.7,2.6,2.1,0.597,260,0.168,0.752,15.4
Sean Newman Jr.,Louisiana Tech Bulldogs,2025,32,1034,308,95,246,83,99,35,114,70,7,245,26,9,92,57,63,53.18414145600221,0.12260408508808197,14.107331294789265,3,0.115,-0.8,1,-1.8,0.526,414,0.402,0.463,19.6
Theo Johnson,Liberty Flames,2015,32,814,320,95,220,120,163,10,38,146,41,53,18,9,66,53,105,54.847113670643076,0.2108597899004093,14.097563233464745,2.1,0.103,-2,-0.3,-1.7,0.538,320,0.741,0.173,23.1
Craig Williams,TCU Horned Frogs,2012,33,558,255,90,200,53,75,22,63,122,38,15,3,6,32,91,84,54.72103004291845,0.04012851083155773,14.09549577604155,1.6,0.115,-1.9,-0.1,-1.8,0.541,233,0.375,0.315,24
Enoch Kalambay,Western Kentucky Hilltoppers,2025,32,598,229,76,187,55,70,22,72,115,17,42,20,4,41,47,98,52.57116620752984,0.08945247695880636,14.094248903123834,1.3,0.087,0.6,-0.2,0.8,0.52,227,0.374,0.385,21.3
Gibson Jimerson,Saint Louis Billikens,2023,33,1117,462,168,368,41,49,85,212,116,15,38,18,4,40,46,101,59.29766916521203,0.14540254908286634,14.092167974217038,3.2,0.113,2.3,2.8,-0.5,0.59,382,0.133,0.576,19.3
Kareem Brewton Jr.,Memphis Tigers,2019,36,801,292,114,246,40,56,24,75,118,32,83,44,3,66,97,86,53.94620159621638,0.07918691006872254,14.088805069995677,2.2,0.109,2.4,-0.1,2.5,0.536,299,0.228,0.305,19.3
Malik Morgan,Tulane Green Wave,2017,31,955,313,103,263,75,100,32,104,181,55,136,32,15,87,93,126,50.9771986970684,0.16534664982920227,14.088691207012982,1.6,0.063,0.6,0.9,-0.3,0.504,363,0.38,0.395,19.5
Jamal Hunter,Jacksonville State Gamecocks,2014,31,636,140,56,90,28,46,0,0,136,62,21,14,45,27,104,74,63.497822931785194,0.09037182556677188,14.077452367316365,1.6,0.101,-3.3,-3.4,0.2,0.626,153,0.511,0,11.7
Ze'Rik Onyema,UTEP Miners,2023,32,646,226,92,166,39,70,3,12,141,45,17,19,16,45,75,96,57.41869918699186,0.09412866728966955,14.075896692443147,1.9,0.116,-0.6,-1.4,0.9,0.567,211,0.422,0.072,19.1
Darin Green Jr.,UCF Knights,2022,30,895,386,135,337,29,40,87,226,74,22,47,21,6,34,53,52,54.427523970671174,0.10157123945790754,14.074630242390885,2.6,0.116,3,3.5,-0.5,0.542,336,0.119,0.671,22.1
Raynere Thornton,Memphis Tigers,2019,36,938,254,95,191,47,70,17,50,220,78,37,37,21,54,82,142,57.25879170423806,0.11245028938643983,14.072773582973406,2.7,0.116,3.5,1.1,2.3,0.566,266,0.366,0.262,13.6
Anthony Mosley,Delaware Blue Hens,2018,33,1035,330,112,232,106,151,0,6,136,29,93,40,11,63,74,107,55.28749497386409,0.17205809510418493,14.06874276718293,2.3,0.087,-1.3,-1.3,0,0.543,350,0.651,0.026,18.5
Wayne Blackshear,Louisville Cardinals,2015,36,1129,416,132,334,92,118,60,181,154,34,42,37,21,37,93,120,53.8971807628524,0.14685697525840433,14.068114471180548,4.8,0.17,6.6,3,3.6,0.533,379,0.353,0.542,19.4
Niels Lane,Delaware Blue Hens,2024,33,860,319,127,247,53,69,12,42,100,24,53,22,8,46,80,76,57.50648976059994,0.12314321389876416,14.067278960201977,2.3,0.109,-1.4,-1.6,0.2,0.57,303,0.279,0.17,19.7
Terrance Arceneaux,Houston Cougars,2025,40,812,259,98,221,35,48,28,83,109,39,29,37,12,26,47,70,53.485874772839914,0.08259021668885523,14.059024542658314,3.3,0.162,8.6,3.2,5.3,0.531,246,0.217,0.376,17.7
Deric Hill,Florida International Panthers,2013,32,737,199,57,153,69,91,16,54,77,24,105,75,2,70,75,53,51.54372150849566,0.11275601830673836,14.058745596586347,1.9,0.105,1.6,-1.4,3,0.507,241,0.595,0.353,17.9
Devon Saddler,Delaware Blue Hens,2012,32,1138,603,193,493,158,197,59,190,130,22,56,24,11,102,82,108,52.01145459563897,0.1875526142550336,14.035944463668269,2.7,0.095,-0.1,1.6,-1.7,0.514,557,0.4,0.385,31.5
Tramon Mark,Houston Cougars,2023,37,1089,375,128,328,80,102,39,119,180,46,67,39,15,45,71,134,50.28427376099549,0.10894036686119431,14.025568672864944,4.6,0.17,5.3,1.8,3.5,0.498,369,0.311,0.363,19.9
JT Sulton,Middle Tennessee Blue Raiders,2011,31,745,290,107,227,68,93,8,17,156,59,14,29,16,62,91,97,54.120633024783515,0.1799918450609678,14.019123605997038,2.3,0.12,-1.1,-1,-0.1,0.536,283,0.406,0.073,22.6
Christen Cunningham,Louisville Cardinals,2019,34,1035,334,109,234,87,111,29,86,72,7,160,17,2,65,45,65,59.043982463583646,0.19856814401200523,14.017138289457847,3.5,0.136,5.5,3.5,2,0.582,375,0.474,0.368,17.3
Dez White,Missouri State Bears,2025,32,1062,433,138,360,79,96,78,210,88,10,79,31,8,48,63,78,53.823587907716785,0.19898146235928915,14.016237829446714,2.9,0.108,1,1.5,-0.6,0.534,408,0.267,0.583,22.8
LeRon Barnes,Houston Cougars,2016,32,718,176,67,133,10,19,32,76,152,46,29,19,15,18,64,106,62.252405206564795,0.10125216931432725,14.01470578501334,2.6,0.144,5.4,3.7,1.7,0.62,179,0.143,0.571,11.3
Otis Frazier III,UTEP Miners,2023,32,663,218,81,161,40,63,16,58,118,45,19,27,8,39,52,73,57.757524374735056,0.08584854639823385,14.009695365545358,2,0.123,0.8,-0.3,1.1,0.571,207,0.391,0.36,17.4
Darius McGhee,Liberty Flames,2019,36,767,279,99,258,20,22,61,191,98,11,38,33,8,19,41,87,52.11446503287507,0.10390127075039268,14.008043872938728,2.9,0.149,2.5,1.4,1.1,0.52,254,0.085,0.74,20.6
John Dawson,Liberty Flames,2016,31,671,282,102,224,36,47,42,114,111,6,71,22,1,69,55,105,57.62628739578225,0.25444763202677745,14.004050660763374,1.4,0.083,-0.6,0.3,-0.9,0.572,276,0.21,0.509,26.2
Shaquille Harrison,Tulsa Golden Hurricane,2014,34,1026,325,104,233,109,160,8,30,131,25,110,61,8,78,76,106,53.55965721819381,0.1304343170345333,14.00169378290382,2.9,0.114,2.6,-0.6,3.2,0.526,348,0.687,0.129,19
Curtis Williams Jr.,Tulane Green Wave,2026,33,1060,408,144,360,52,63,68,203,159,27,39,42,17,51,51,132,52.61528938409161,0.1596590252172492,13.998816122321301,1.5,0.058,-0.4,0.5,-0.9,0.523,368,0.175,0.564,21.9
Phil Gary,Florida International Panthers,2011,30,867,278,80,180,95,141,23,66,65,20,95,45,5,56,74,45,57.42852421087423,0.12546018762124475,13.997856894922819,2.1,0.095,-1.9,-0.3,-1.6,0.563,297,0.783,0.367,17.3
Donovan Clay,Missouri State Bears,2022,34,1098,285,116,216,38,51,15,48,209,44,59,21,36,38,77,165,59.763462506290885,0.1596377728860368,13.995011295471132,3.7,0.133,3.3,1.6,1.7,0.593,303,0.236,0.222,13.3
Jamal Hunter,Jacksonville State Gamecocks,2015,31,681,163,68,133,27,40,0,0,161,61,18,17,63,37,100,100,54.116865869853925,0.065490162569474,13.994122674421053,1.5,0.091,-3.4,-4.5,1.1,0.536,167,0.301,0,14.6
Speedy Smith,Louisiana Tech Bulldogs,2015,36,1190,232,75,198,47,61,35,96,143,28,267,69,4,89,84,115,51.592243373065294,0.16241566673681035,13.988078813642394,3.8,0.129,2.4,0.7,1.7,0.511,358,0.308,0.485,13.6
Chandler Lawson,Memphis Tigers,2023,35,683,175,68,120,32,52,7,14,157,47,27,25,19,34,77,110,61.24020156774917,0.07209152299526923,13.982692685269313,2.2,0.126,3.5,0.7,2.7,0.605,182,0.433,0.117,12.7
JaQuon Parker,Cincinnati Bearcats,2012,37,798,281,99,238,57,84,26,70,168,55,38,17,2,31,55,113,51.09834157695665,0.12968421376080225,13.969262258782923,2.9,0.146,3.4,2.7,0.8,0.506,274,0.353,0.294,20
Anthony Mosley,Delaware Blue Hens,2017,33,979,329,112,234,101,130,4,18,109,21,83,55,15,80,84,88,56.49038461538461,0.19259169877133203,13.964538982725552,1.8,0.075,-1.1,-2.2,1.1,0.556,332,0.556,0.077,20.2
Darnell Harris,Middle Tennessee Blue Raiders,2015,36,641,240,86,196,36,47,32,86,119,39,22,10,10,30,66,80,55.38120731031936,0.10810513011846692,13.96429452800725,2.2,0.14,2.4,2.4,0,0.55,222,0.24,0.439,21.4
Jeremiah Davenport,Cincinnati Bearcats,2023,36,920,326,105,299,44,53,72,218,151,38,53,27,11,24,60,113,50.57086125589476,0.09339621658634867,13.96333301863278,3,0.132,4.4,2.6,1.8,0.503,315,0.177,0.729,18.6
JaColby Pemberton,Louisiana Tech Bulldogs,2019,33,889,316,103,227,79,115,31,97,181,51,41,18,9,54,75,130,56.9164265129683,0.08963307594892009,13.96028353058547,2.8,0.127,-0.2,-0.2,0,0.561,308,0.507,0.427,19.1
Prince Williams,East Carolina Pirates,2014,34,901,313,99,213,108,151,7,28,121,21,121,33,9,83,81,100,56.00486687661036,0.14664171685109184,13.957644107122334,2.2,0.096,-1.6,-1,-0.6,0.55,348,0.709,0.131,21.3
Kyle Kuric,Louisville Cardinals,2012,40,1369,478,165,391,72,91,76,231,159,45,45,47,19,38,81,114,55.44729027468448,0.18927237682685652,13.95643687396545,5.5,0.161,7.7,3.7,3.9,0.55,421,0.233,0.591,17.3
Michael Forrest,Florida Atlantic Owls,2020,32,818,299,93,226,54,70,59,153,66,21,52,34,2,41,52,45,58.21651090342679,0.10045086099237979,13.949886994103968,2.8,0.135,1,0.9,0.1,0.577,284,0.31,0.677,18.3
Terry Whisnant,East Carolina Pirates,2015,33,1018,407,131,327,68,89,77,208,87,25,60,31,3,40,61,62,55.576797028621364,0.1854342341244636,13.949484672184656,3,0.114,2.2,3.2,-1,0.551,368,0.272,0.636,21.5
Jordan Jones,Kennesaw State Owls,2018,30,661,193,82,150,29,45,0,1,143,31,33,21,9,28,76,112,56.83156654888103,0.16640088140857578,13.941010974716024,1.5,0.088,-3,-2.5,-0.5,0.563,188,0.3,0.007,14.8
Curran Scott,Charlotte 49ers,2016,33,815,347,100,221,122,147,25,57,76,11,44,17,1,55,72,65,60.732287874544944,0.09163110386075025,13.939935859320054,1.9,0.092,-2.2,-0.9,-1.3,0.597,319,0.665,0.258,20.4
Abdul Ado,Cincinnati Bearcats,2022,33,557,76,30,55,16,40,0,0,144,54,19,32,48,25,70,90,52.341597796143255,0.07302628582928962,13.93893037503613,1.8,0.126,3.8,-1.6,5.5,0.514,99,0.727,0,8.9
Kalob Ledoux,Louisiana Tech Bulldogs,2021,32,733,325,110,261,48,65,57,134,112,8,21,16,0,38,43,104,56.11187845303866,0.20707344536891106,13.93603078706715,2.6,0.14,1.7,1.4,0.3,0.557,276,0.249,0.513,22.3
Wes VanBeck,Houston Cougars,2017,32,708,241,70,157,55,63,46,95,83,20,51,17,2,29,93,63,65.23386747509744,0.07566831560549518,13.933359693868256,3,0.172,4.5,2.5,2,0.645,235,0.401,0.605,15.8
James Thomas,Sam Houston Bearkats,2013,34,916,317,125,262,67,115,0,0,192,96,27,24,8,44,74,96,50.70377479206654,0.17942005418535623,13.93331161521097,3,0.13,-1.4,-0.5,-0.9,0.501,304,0.439,0,20.1
Calvin Solomon,UTEP Miners,2024,34,640,190,61,128,68,93,0,3,133,42,43,50,17,68,92,91,56.23964006630358,0.055762172819613764,13.92480205459368,1.7,0.108,-1.6,-4.5,3,0.552,207,0.727,0.023,18.2
Malcolm Drumwright,Jacksonville State Gamecocks,2018,36,1231,472,162,405,75,89,73,202,90,16,130,25,2,47,72,74,53.13400576368876,0.189144021979708,13.921573792603722,4.3,0.139,0.4,0.9,-0.5,0.528,462,0.22,0.499,20.3
Jao Ituka,Jacksonville State Gamecocks,2025,36,671,312,95,245,69,86,53,151,54,5,29,11,3,30,38,49,55.15485787017395,0.054472189863876634,13.915491605509935,2,0.117,-1.1,0.1,-1.2,0.546,276,0.351,0.616,24.4
Trevor Gaskins,Louisiana Tech Bulldogs,2012,34,996,392,133,309,69,91,57,148,124,32,71,36,0,66,84,92,56.154022461608974,0.30548369082379395,13.91354883339264,2.9,0.116,1,1.2,-0.2,0.556,371,0.294,0.479,21.1
Jalen Finch,Jacksonville State Gamecocks,2022,32,905,281,103,223,50,61,25,65,97,3,132,35,1,59,67,94,56.23599103426192,0.15304513530982236,13.910648093857992,3,0.133,-0.5,-1,0.5,0.558,316,0.274,0.291,17.8
Elmo Stephen,Florida International Panthers,2017,31,721,290,101,228,35,46,53,136,81,19,26,9,2,27,41,62,58.41121495327103,0.08116441435226054,13.908167036720693,1.9,0.106,-1.4,2,-3.4,0.58,260,0.202,0.596,20
Rashad Bishop,Cincinnati Bearcats,2011,35,931,294,103,249,46,56,42,113,121,38,60,34,20,38,50,83,53.72021634263997,0.14781256276864244,13.905468189229927,3.6,0.154,7.3,3.7,3.5,0.533,283,0.225,0.454,17.6
Jamal Cain,Marquette Golden Eagles,2020,30,552,156,56,116,23,32,21,55,125,31,24,19,11,29,48,94,59.96309963099631,0.09356025295195171,13.900984213229409,1.8,0.127,5,2.4,2.6,0.595,156,0.276,0.474,14.1
Jordair Jett,Saint Louis Billikens,2013,35,922,314,113,221,76,122,12,36,101,15,112,40,6,75,70,86,57.15741954274064,0.1467729835152459,13.898183188362509,3.4,0.148,4.4,1.2,3.2,0.563,329,0.552,0.163,20.9
Jarrid Rhodes,Missouri State Bears,2018,33,1008,352,122,284,43,48,65,165,135,40,47,19,6,33,61,95,57.68222338751966,0.1591707552802173,13.89098661298995,3.5,0.139,3.3,3.3,0,0.578,329,0.168,0.58,17.4
A.J. Davis,UCF Knights,2016,30,943,361,107,280,122,155,25,85,180,36,88,28,15,85,73,144,51.83802412406663,-0.05503618071379235,13.88904175704911,2.1,0.089,1.2,0.2,1,0.509,375,0.552,0.306,23.5
Michael Forrest,Florida Atlantic Owls,2023,39,768,305,107,264,37,49,54,159,83,12,59,22,3,38,43,71,53.40383807255918,0.07482918278041506,13.880360454958806,2.7,0.14,2.9,1.5,1.5,0.531,288,0.186,0.602,21.3
AJ Bates,Louisiana Tech Bulldogs,2026,34,1135,410,140,378,94,120,36,130,95,19,202,41,2,82,67,76,47.585886722376976,0.1042149842707952,13.862812505656699,3.2,0.112,-1.8,-1,-0.8,0.471,467,0.317,0.344,23.2
Nate Darling,UAB Blazers,2018,33,924,330,113,238,44,53,60,148,99,14,91,14,10,67,47,85,63.14097658043778,0.08020356560048923,13.849825368818273,NA,NA,NA,NA,NA,NA,NA,NA,NA,NA
Tosin Mehinti,UAB Blazers,2016,33,649,184,72,129,40,76,0,0,151,58,38,15,31,48,90,93,56.63629647869983,0.0494550869942737,13.848465156414228,NA,NA,NA,NA,NA,NA,NA,NA,NA,NA
LaDavius Draine,Southern Miss Golden Eagles,2020,31,997,393,135,346,53,64,70,199,147,35,64,31,5,51,75,112,52.51763951250802,0.10518115711748918,13.838760279208758,2.3,0.094,0.2,0.8,-0.7,0.522,369,0.185,0.575,22
Obediah Church,Missouri State Bears,2016,31,825,188,83,140,22,62,0,3,186,57,46,22,48,49,62,129,56.19320899091343,0.14341267139628883,13.830900191852985,1.9,0.087,2,0.3,1.7,0.564,217,0.528,0.021,13.4
Javan Johnson,DePaul Blue Demons,2023,33,1187,470,171,401,46,60,82,199,142,27,80,25,29,72,76,115,54.983621899859614,0.1723445735144764,13.830835739827428,1.9,0.065,2.7,2.9,-0.2,0.547,437,0.15,0.496,21.4
Milik Yarbrough,Saint Louis Billikens,2015,32,759,321,129,274,58,102,5,25,154,52,47,20,12,68,64,102,50.33241344706473,0.20608705863307664,13.813323486378845,1.3,0.066,-0.5,0.3,-0.8,0.498,308,0.372,0.091,28.3
L.J. Bernard Rose,Houston Cougars,2014,33,795,248,76,190,70,90,26,63,71,10,154,19,2,65,37,61,54.00696864111498,0.13196079560495824,13.806416323366657,NA,NA,NA,NA,NA,NA,NA,NA,NA,NA
Layden Blocker,DePaul Blue Demons,2026,32,930,354,109,303,101,122,35,110,79,21,112,52,9,69,88,58,49.624313109790286,0.12255636608465223,13.805110418366212,2.1,0.089,1.9,-0.9,2.8,0.49,371,0.403,0.363,23.7
Brandon Suggs,UCF Knights,2023,34,614,211,66,141,65,85,14,34,103,30,30,24,4,43,58,73,59.13677130044843,0.08975947323636768,13.804910741398311,2.1,0.134,2.7,0.4,2.3,0.582,205,0.603,0.241,18.7
K.J. Lawson,Memphis Tigers,2017,32,1078,394,145,363,82,118,22,67,259,73,88,16,13,66,72,186,47.47903210257399,0.12833339907306412,13.802706296722139,2.5,0.093,-0.3,0.1,-0.4,0.47,410,0.325,0.185,22.1
David Joplin,Marquette Golden Eagles,2024,37,1024,401,141,341,47,69,72,203,145,27,22,31,34,44,68,118,53.990736751400256,0.09842036777140317,13.796953380218927,2.5,0.099,3.7,1.9,1.8,0.536,350,0.202,0.595,20.9
Fahro Alihodzic,UAB Blazers,2014,31,767,272,115,252,42,71,0,0,194,69,16,18,30,45,81,125,48.01581697500353,0.11032065262348724,13.7907665566009,NA,NA,NA,NA,NA,NA,NA,NA,NA,NA
Taveion Hollingsworth,Western Kentucky Hilltoppers,2019,34,1251,490,175,419,91,118,49,154,150,35,76,41,8,72,49,115,52.02582179563407,0.15574997321514084,13.787932415574593,3.2,0.101,0.9,0.8,0.1,0.516,470,0.282,0.368,22.2
Oliver Powell,Louisiana Tech Bulldogs,2018,33,750,234,94,170,46,70,0,2,147,44,17,11,20,33,56,103,58.26693227091633,0.08789649530514795,13.787705683023287,2,0.108,-0.9,-0.9,0,0.576,223,0.412,0.012,16
Mike McCall Jr.,Saint Louis Billikens,2014,34,1022,334,115,286,62,82,42,131,130,35,80,47,3,43,53,95,51.85047193243915,0.15742113283621767,13.785072874034489,3.8,0.148,5.3,1.5,3.8,0.514,334,0.287,0.458,18.6
Jeremy Williams,UTEP Miners,2011,35,1040,367,124,268,88,129,31,74,194,56,33,29,27,65,94,138,56.50326394876216,0.1068166844219403,13.784881510759524,3.4,0.132,2.5,0.8,1.7,0.557,348,0.481,0.276,20
Haanif Cheatham,Marquette Golden Eagles,2017,32,814,278,93,203,79,103,13,40,123,22,71,23,4,51,49,101,55.97615979381444,0.1134894974126658,13.782105659277166,1.9,0.096,1.7,1.5,0.2,0.552,294,0.507,0.197,18.7
Jordan Callahan,Tulane Green Wave,2011,30,1028,412,141,344,68,92,62,166,77,19,124,41,2,79,80,58,53.57885975863503,0.10709372498995462,13.779315791199993,3,0.116,0.4,1.1,-0.6,0.531,416,0.267,0.483,23.8
Jaylen Forbes,Tulane Green Wave,2024,31,1016,421,131,343,82,107,77,219,114,21,54,43,8,58,81,93,53.96328958162429,0.086630981329601,13.779176644429542,1.7,0.067,-0.8,0.1,-0.9,0.535,399,0.312,0.638,22.1
Speedy Smith,Louisiana Tech Bulldogs,2013,34,949,232,73,182,60,87,26,70,137,21,171,57,2,83,57,116,52.66025059015797,0.1798114803161089,13.777482417997174,3.2,0.135,1.3,-1.3,2.7,0.519,292,0.478,0.385,15.4
Galen Robinson Jr.,Houston Cougars,2016,32,777,253,97,212,41,59,18,59,77,9,110,32,3,50,65,68,53.160194990754746,0.10643506920736828,13.774713919762839,2.3,0.118,1.3,0.4,0.9,0.527,275,0.278,0.278,18.9
Davon Barnes,Sam Houston Bearkats,2024,33,1019,444,149,354,87,104,59,151,116,15,54,22,7,58,64,101,55.5333199919952,0.12680944998181828,13.771887379804072,3.1,0.124,1.1,1.2,-0.1,0.55,398,0.294,0.427,22.4
Javion May,Sam Houston Bearkats,2021,28,556,108,39,84,29,54,1,14,123,51,61,39,2,34,63,72,50.11135857461024,0.13059115826168347,13.771043055948448,1.9,0.139,-1.4,-2.8,1.4,0.492,155,0.643,0.167,12
Duane Wilson,Marquette Golden Eagles,2016,33,939,384,131,307,68,104,54,156,85,10,84,43,6,67,76,75,54.4279396757002,0.12444942570492797,13.770547349670201,2.1,0.089,2.5,1.2,1.3,0.539,361,0.339,0.508,22.1
Jordan McCoy,Florida Atlantic Owls,2011,30,566,159,60,99,39,62,0,1,101,48,2,15,15,20,67,53,62.955337345581256,0.20374379953470834,13.767555705575022,2,0.131,-0.8,-0.6,-0.1,0.615,164,0.598,0.009,13.7
Malik Morgan,Tulane Green Wave,2016,34,1075,415,154,365,44,69,63,180,174,37,80,47,14,84,82,137,52.48381222177257,0.1565869311126353,13.765614050399538,2.5,0.094,2.8,1.1,1.8,0.522,396,0.189,0.493,22.5
Day Day Thomas,Cincinnati Bearcats,2024,37,934,363,134,345,60,74,35,125,84,13,116,61,6,74,67,71,48.071829642970656,0.10567339941761471,13.765477561438415,2.5,0.107,3.6,-0.2,3.9,0.477,371,0.214,0.362,23.9
Jacob Meyer,UAB Blazers,2026,32,797,347,131,320,53,66,32,102,106,20,30,24,3,32,47,86,49.70776988310795,0.08919962780578312,13.762912483620795,NA,NA,NA,NA,NA,NA,NA,NA,NA,NA
Nick Rutherford,Florida Atlantic Owls,2017,30,803,270,83,237,95,137,9,34,118,24,129,39,12,72,52,94,45.411733046286336,0.1338826677255003,13.753371628568958,1.3,0.063,-1.6,-1.3,-0.4,0.447,316,0.578,0.143,23.1
Sam Griffin,Tulsa Golden Hurricane,2022,31,938,454,162,418,63,74,67,201,54,4,59,35,1,56,29,50,50.38174715909091,0.14024662423741882,13.753117864598448,1.7,0.075,1.3,2.3,-1,0.501,411,0.177,0.481,28.4
Seth Pinkney,Florida International Panthers,2022,32,555,127,57,90,13,30,0,2,134,39,7,9,38,22,63,95,61.531007751937985,0.055970187919701035,13.751036889687043,1.5,0.11,-2.6,-3.3,0.8,0.609,123,0.333,0.022,11.6
Alandise Harris,Houston Cougars,2011,30,627,254,85,183,75,120,9,23,145,52,23,10,26,67,63,93,53.859202714164546,0.06667273477911288,13.748637029978262,1.2,0.077,-2.1,-1.2,-0.8,0.529,249,0.656,0.126,25.6
Javarris Barnett,Charlotte 49ers,2012,30,956,362,131,302,41,56,59,148,168,45,40,15,5,45,65,123,55.41268674993878,0.17767356907161966,13.746622810531736,2.6,0.108,1.6,2.2,-0.6,0.551,327,0.185,0.49,19.6
Kam Jones,Marquette Golden Eagles,2022,32,575,229,81,195,11,18,56,143,44,8,36,23,3,24,46,36,56.426177804060714,0.06121305045464105,13.740976007810765,1.4,0.1,4,2.8,1.2,0.563,202,0.092,0.733,20
Braeden Carrington,Tulsa Golden Hurricane,2025,33,776,216,60,171,52,71,44,131,138,32,50,32,14,30,44,106,53.40189873417721,0.13736345676443062,13.740591351102772,2,0.101,0.8,-0.1,0.9,0.528,225,0.415,0.766,15.6
Keandre Cook,Missouri State Bears,2019,32,931,411,135,309,93,126,48,129,136,32,23,30,12,79,68,104,56.38788277905829,0.1388138135449646,13.738991333037358,2.2,0.093,-0.8,0.2,-1,0.557,374,0.408,0.417,25.8
Ronnie Moss,TCU Horned Frogs,2011,33,633,313,108,261,61,80,36,105,70,13,72,18,2,73,44,57,52.83592167454423,0.5376554669563063,13.729602076623422,1,0.065,0.5,1.5,-1,0.523,301,0.307,0.402,30.5
Terrion Murdix,Western Kentucky Hilltoppers,2026,32,574,134,42,126,47,58,3,11,86,26,99,45,1,41,63,60,44.21858500527983,0.06510565184525441,13.71529608247259,1.2,0.086,0.3,-3,3.2,0.436,183,0.46,0.087,16.2
Chad Bowie,Sam Houston Bearkats,2019,33,596,210,75,181,33,43,27,77,78,12,70,48,4,60,61,66,52.521008403361336,0.1075718954215345,13.714584993362315,1.5,0.098,-0.4,-2.1,1.7,0.521,215,0.238,0.425,22.1
Jacob Conner,Marshall Thundering Herd,2023,32,670,161,54,135,25,29,28,90,118,25,40,41,10,20,59,93,54.48023822414727,0.08100852048921353,13.70648342928702,2.3,0.137,2.2,-0.5,2.7,0.541,165,0.215,0.667,11.9
Greg Elliott,Marquette Golden Eagles,2018,35,639,157,54,107,38,48,11,30,81,23,48,30,24,30,67,58,61.27068373399938,0.06966226700224709,13.688191884397588,1.6,0.098,4.7,1.7,3.1,0.605,175,0.449,0.28,12.7
Norbertas Giga,Jacksonville State Gamecocks,2018,36,910,311,116,278,61,82,18,65,228,71,56,15,26,66,72,157,49.509679062659195,0.1265404112933077,13.68526855115657,2.5,0.108,-1.4,-1.5,0.1,0.491,323,0.295,0.234,21.2
Jae'Coby Osborne,New Mexico State Aggies,2026,32,746,193,79,144,32,54,3,19,157,68,18,19,13,24,69,89,57.52265140677159,0.06903514213391776,13.684050100820945,2.1,0.113,-0.2,-0.4,0.3,0.569,200,0.375,0.132,12.8
Zach Nutall,SMU Mustangs,2023,32,1017,422,142,364,75,98,63,193,94,14,87,35,12,60,61,80,51.82747101591668,0.1412457688874869,13.682999048906035,2,0.078,2,1.8,0.2,0.514,399,0.269,0.53,22.9
Willy Nunez Jr.,Florida International Panthers,2019,34,684,307,95,270,38,48,79,234,76,10,27,17,2,26,41,66,52.72739763671338,0.0642135198593981,13.660640420979908,1.6,0.093,-2,0.8,-2.7,0.524,269,0.178,0.867,20.3
Vander Blue,Marquette Golden Eagles,2013,35,1123,502,183,403,96,127,40,132,110,20,62,35,0,79,60,90,54.69839609483961,0.18760781526742193,13.660476387538909,3.5,0.124,4.5,3.4,1,0.542,443,0.315,0.328,25.7
Haanif Cheatham,Marquette Golden Eagles,2016,33,974,391,131,268,100,122,29,75,111,13,73,34,1,89,67,98,60.774682914697834,0.14378898366756993,13.652009282456786,2.2,0.091,1.1,0.5,0.6,0.6,364,0.455,0.28,20.9
Neftali Alvarez,Southern Miss Golden Eagles,2025,33,890,328,117,274,74,108,20,85,84,16,111,42,7,74,50,68,51.00771336153272,0.15397250189102146,13.650900591246772,1.4,0.062,-2.8,-2.2,-0.6,0.504,341,0.394,0.31,21.9
B.J. Edwards,SMU Mustangs,2024,33,610,122,49,114,14,19,10,26,103,36,97,32,4,40,35,67,49.85289310232102,0.07582175985346076,13.646297358081732,1.7,0.11,2.8,0.1,2.6,0.496,169,0.167,0.228,12.9
Kassim Nicholson,UAB Blazers,2021,29,769,195,84,173,22,43,5,22,193,66,21,23,16,23,59,127,50.80241767403084,0.10489549098817597,13.646034733960876,NA,NA,NA,NA,NA,NA,NA,NA,NA,NA
Adam Brown,Houston Cougars,2011,30,891,340,123,283,47,64,47,111,112,27,80,28,6,64,69,85,54.63427175729528,0.17967776575354608,13.64537377629049,2.3,0.103,1.8,2.2,-0.4,0.542,333,0.226,0.392,22.1
Worrel Clahar,DePaul Blue Demons,2012,31,521,186,64,129,42,52,16,34,48,15,61,41,1,64,75,33,61.232552014748485,0.08707753924565205,13.644335500463614,0.9,0.07,1,-0.7,1.7,0.605,190,0.403,0.264,19.9
Cameron Huefner,Sam Houston Bearkats,2023,34,694,324,107,254,62,77,48,115,99,31,24,24,9,61,84,68,56.27344726969571,0.06918879689496439,13.641342515570553,2.7,0.158,1.6,0.5,1.1,0.558,290,0.303,0.453,25.9
Kasey Wilson,UCF Knights,2014,31,827,297,101,237,56,85,39,106,177,49,18,26,16,45,87,128,54.11807580174928,0.11667870464135519,13.634602954559146,2.1,0.101,0.5,0.2,0.3,0.535,272,0.359,0.447,19
Hernst Laroche,New Mexico State Aggies,2011,32,1109,371,129,298,82,116,31,91,101,22,144,57,3,86,80,79,53.14577125830851,0.1994534170106772,13.622162824624176,3.2,0.113,1.5,0.8,0.7,0.526,414,0.386,0.297,19.7
Justin Raffington,Florida Atlantic Owls,2014,31,920,308,118,237,72,139,0,3,260,92,33,10,28,72,86,168,51.65012074054198,0.15222807409819752,13.616788086673665,2,0.086,-2.7,-1.5,-1.2,0.514,329,0.585,0.012,21.2
Vance Jackson,East Carolina Pirates,2022,30,934,394,133,337,49,73,79,194,179,39,37,16,4,53,52,140,53.37017771998266,0.12720256135659225,13.611575904506127,2,0.085,1.1,2.3,-1.2,0.53,347,0.217,0.576,23
Ryan McMahon,Louisville Cardinals,2020,31,765,271,81,192,41,44,68,156,34,4,57,20,2,30,45,30,64.10862982588948,0.09767396277735663,13.610130272478083,3.2,0.165,7.6,4.7,2.9,0.636,248,0.229,0.813,16.3
John Dewey III,Sam Houston Bearkats,2017,34,972,339,112,262,85,115,30,85,119,23,168,47,1,110,87,96,54.22264875239923,0.18048889751105512,13.605339442117607,2.4,0.101,-2.8,-2.1,-0.7,0.535,383,0.439,0.324,20.8
Jamil Wilson,Marquette Golden Eagles,2012,35,821,241,95,212,41,58,10,29,141,58,39,25,47,37,96,83,50.732569888851465,0.08289151689863564,13.605123362267028,2.5,0.121,4.1,0.5,3.6,0.503,243,0.274,0.137,16.3
Makhtar Gueye,UAB Blazers,2019,35,942,289,110,242,52,70,17,66,234,82,28,19,24,51,86,152,52.969208211143695,0.11818029583075186,13.600368591219011,NA,NA,NA,NA,NA,NA,NA,NA,NA,NA
Mike Miles Jr.,TCU Horned Frogs,2022,34,1033,476,163,427,107,141,43,146,109,8,118,38,7,87,63,101,48.66677572386717,0.1874223196699869,13.597746729184559,3.2,0.122,4.1,2,2,0.482,465,0.33,0.342,28
Colin Porter,Liberty Flames,2023,36,981,282,92,228,50,64,48,121,95,9,135,52,2,59,59,86,55.043722673329164,0.11547565900528746,13.596035379936412,3.9,0.157,1.3,-0.7,2.1,0.546,324,0.281,0.531,17.5
Josh Webster,Missouri State Bears,2019,32,1026,249,86,207,65,84,12,47,104,21,164,35,23,54,60,83,51.03295622233153,0.1872635212978623,13.594189939461682,3,0.116,0.7,0.6,0.1,0.504,325,0.406,0.227,15.7
Donte Powers,Sam Houston Bearkats,2021,28,745,210,75,153,31,43,29,79,69,13,88,43,9,51,71,56,61.07491856677524,0.08328406808549071,13.592934979564617,2.6,0.138,-0.4,-1.8,1.4,0.605,226,0.281,0.516,13.9
JD Miller,TCU Horned Frogs,2017,39,697,268,101,239,34,56,32,101,120,30,37,19,15,39,47,90,50.82688514641177,0.08255516335548982,13.592674269782405,1.7,0.095,3.3,1.6,1.6,0.505,246,0.234,0.423,21.9
Jannson Williams,Marshall Thundering Herd,2020,32,657,213,72,205,26,44,43,152,136,23,17,25,50,27,65,113,47.46835443037975,0.07741974651819589,13.587870919974872,1.7,0.102,2,-0.4,2.4,0.471,196,0.215,0.741,17.8
Que Johnson,Western Kentucky Hilltoppers,2017,32,1031,422,139,355,79,107,65,188,152,20,55,27,11,58,65,132,52.47711898129725,0.18120742489647648,13.58247495842177,2.1,0.082,-0.5,0.5,-1,0.52,388,0.301,0.53,23.3
Wyatt Fricks,Marshall Thundering Herd,2024,33,564,186,68,155,37,55,13,60,110,32,13,14,26,27,46,78,51.89732142857143,0.08645521206013472,13.581978010197835,1.1,0.075,-2,-2.3,0.3,0.513,172,0.355,0.387,17.4
Tshilidzi Nephawe,New Mexico State Aggies,2011,32,590,176,54,115,68,89,0,1,138,49,7,18,32,36,104,89,57.08354955889985,0.06196035955287259,13.56998571536374,2,0.13,-0.4,-1.9,1.5,0.563,185,0.736,0.008,16.5
Darion Rackley,Jacksonville State Gamecocks,2012,31,616,226,62,169,81,114,21,91,51,20,48,30,9,35,53,31,51.560503741558684,0.10020144212862743,13.56615869708142,2.2,0.138,0.3,-0.2,0.5,0.527,242,0.684,0.537,22.3
Kelvin Penn,Florida Atlantic Owls,2014,31,788,124,55,87,14,34,0,0,173,86,20,24,70,35,95,87,60.80816006276971,0.1262083631285047,13.562215658823414,2,0.099,1.2,-1.3,2.6,0.593,154,0.402,0,9.2
Dion Dixon,Cincinnati Bearcats,2012,37,1265,481,159,429,116,166,47,180,126,67,76,60,17,67,45,59,47.90454943829177,0.15616069688269998,13.559347219103689,3.7,0.117,4.6,2.7,1.9,0.474,472,0.387,0.42,23.5
Tommy Hamilton IV,DePaul Blue Demons,2016,30,697,254,90,187,48,63,26,56,159,33,25,9,9,50,59,126,59.1467958271237,0.2752966211806965,13.556940030582979,1.3,0.074,1.2,1.5,-0.3,0.572,240,0.347,0.301,19.6
Amaree Abram,Louisiana Tech Bulldogs,2025,32,1027,395,145,344,39,46,66,177,141,15,53,47,4,60,68,126,54.22249066549527,0.10333462492246029,13.545831013308609,2.6,0.102,0.3,-0.5,0.8,0.54,351,0.134,0.515,21.8
Garlon Green,TCU Horned Frogs,2011,33,969,369,135,279,50,67,49,103,153,33,33,19,13,52,95,120,59.80938796680497,0.777002641823889,13.53959387030483,2.5,0.104,1.7,1.4,0.2,0.594,322,0.24,0.369,19.4
Tre'Darius McCallum,DePaul Blue Demons,2018,31,909,310,130,285,24,38,26,92,178,44,29,41,13,45,81,134,51.372133103539696,0.17480596300977866,13.537540634659932,2,0.089,2.2,-0.5,2.7,0.511,279,0.133,0.323,18.3
TyQuane Goard,Marshall Thundering Herd,2014,33,787,194,71,133,52,80,0,3,147,62,24,27,22,28,74,85,57.669441141498226,0.12422315208113976,13.536920612667103,2.3,0.117,0.6,-0.6,1.2,0.567,203,0.602,0.023,12.2
Kevin Anderson,Delaware Blue Hens,2020,33,1149,378,141,291,58,82,38,108,127,17,122,45,15,87,96,110,57.78402837226368,0.1620172492975687,13.534815760809535,2.9,0.102,-0.5,-0.5,0,0.575,400,0.283,0.372,18.9
Dakarai Henderson,Sam Houston Bearkats,2016,34,953,453,150,396,78,113,75,219,91,26,47,19,2,42,48,65,50.81665619671543,0.11485496760791788,13.515413687301775,2.2,0.094,-2,0.6,-2.6,0.505,396,0.285,0.552,25.5
Troy Caupain,Cincinnati Bearcats,2015,34,1065,327,107,241,82,104,31,76,122,17,121,41,6,72,49,105,57.016320267819786,0.1930163424391658,13.514605235041788,4.2,0.16,5.4,2.5,2.9,0.563,344,0.432,0.315,19.3
Souley Boum,UTEP Miners,2020,32,1006,412,120,329,122,139,50,175,114,22,65,25,2,54,53,92,52.79885175312692,0.13014897145345908,13.514504409206845,3.1,0.124,1,0.9,0.1,0.521,397,0.422,0.532,23
Ryan Smith,Tulane Green Wave,2017,31,721,245,99,202,47,67,0,0,135,66,22,12,43,47,107,69,52.920338690167625,0.07670358860122387,13.508517862803584,1.1,0.059,-2.3,-1.9,-0.3,0.524,244,0.332,0,18.3
Ian Smikle,Tulsa Golden Hurricane,2025,33,676,181,74,136,33,67,0,0,183,65,20,14,15,30,83,118,54.68938844573362,0.09897757579452215,13.499691773838935,1.6,0.095,-3.8,-3.3,-0.5,0.539,194,0.493,0,15.1
DeAndre Pinckney,Southern Miss Golden Eagles,2022,33,820,295,104,236,57,72,30,95,173,46,14,16,12,36,83,127,55.103108188882246,0.06715130833476933,13.499129924948043,1.7,0.082,-2.1,-0.1,-2,0.546,275,0.305,0.403,19.5
Justin Jackson,Cincinnati Bearcats,2012,37,780,188,77,148,34,65,0,7,156,72,39,33,61,55,116,84,53.22763306908267,0.04839268629185081,13.498132957676193,2.2,0.111,2.9,-1.9,4.8,0.526,205,0.439,0.047,15.5
Eric Carter,Delaware Blue Hens,2017,33,695,219,79,156,61,92,0,1,178,61,44,11,14,56,96,117,55.73086319218241,0.09474128336691447,13.493597970713372,1.3,0.075,-4.6,-3.4,-1.2,0.548,238,0.59,0.006,19.4
Pat Birt,Tulsa Golden Hurricane,2016,31,842,372,117,314,62,84,76,209,104,18,25,20,4,31,66,86,52.997492591748355,0.08482600441142434,13.49198273286334,2.4,0.112,2.7,2.7,0.1,0.528,332,0.274,0.664,23.6
RJ Nembhard Jr.,TCU Horned Frogs,2021,26,837,377,128,320,84,108,37,109,104,12,96,26,5,87,40,92,51.28972572921202,0.22160677001804752,13.491702408421602,1.5,0.07,1,1.6,-0.5,0.508,377,0.338,0.341,28.4
Ty-Laur Johnson,Louisville Cardinals,2024,32,696,261,80,214,89,108,12,62,53,15,109,41,8,70,86,38,49.90058121749771,0.08659651273431619,13.484533964802567,0.9,0.05,-0.7,-1.1,0.4,0.492,294,0.505,0.29,24.1
Ako Adams,Rice Owls,2020,32,827,342,100,266,61,67,81,215,48,6,73,15,0,42,53,42,57.87193718695004,0.09550322563762563,13.482693949507388,2.2,0.108,0.2,2.4,-2.2,0.574,323,0.252,0.808,20.4
JaQuail Townser,Jacksonville State Gamecocks,2016,29,824,268,88,226,48,65,44,108,108,18,102,32,2,50,66,90,52.63157894736842,0.2354420284954881,13.48112592648674,1.9,0.087,-1.4,-1.1,-0.3,0.52,302,0.269,0.471,19.4
Ian Baker,New Mexico State Aggies,2015,34,989,316,98,213,62,81,58,127,83,9,93,50,1,74,53,74,63.54568854568855,0.16021058769045132,13.47886723450806,3.9,0.156,3.5,1.6,1.9,0.628,307,0.38,0.596,17.4
Darius Johnson,UCF Knights,2023,34,773,249,89,231,43,50,28,104,76,17,106,55,2,61,65,59,49.209486166007906,0.13226863218218726,13.477414688663066,2.3,0.12,3.3,-0.2,3.5,0.489,276,0.216,0.45,21.1
Jonathan Aybar,Florida International Panthers,2025,33,769,295,95,243,78,115,27,100,150,53,29,32,16,58,82,97,50.23841961852861,0.06826920580461428,13.472972416650919,1.5,0.078,-2.7,-2.4,-0.3,0.496,288,0.473,0.412,22.9
Caleb White,East Carolina Pirates,2016,31,922,359,124,291,42,54,69,179,91,12,74,22,3,51,53,79,57.02757656627272,0.1013224895164774,13.47108746220783,2.2,0.092,1.7,2.3,-0.5,0.566,338,0.199,0.609,20.7
Rongie Gordon,Kennesaw State Owls,2025,33,783,153,58,135,26,32,11,46,204,77,64,23,30,38,102,127,51.314730346122886,0.08088417805639607,13.46980909901796,2.3,0.116,1.4,-0.8,2.2,0.509,202,0.237,0.341,11.4
Lance Pevehouse,Sam Houston Bearkats,2011,28,833,236,79,219,24,28,54,178,105,25,64,37,12,17,50,80,51.01158568217189,0.06124344040930663,13.448567102982398,3.1,0.136,3.2,2.2,1.1,0.503,253,0.131,0.816,15
Karlis Silins,Florida Atlantic Owls,2020,32,645,249,89,181,54,76,17,40,112,47,13,6,15,39,90,65,58.058198097369896,0.06772495280310896,13.448220139814136,2,0.124,-1.5,-0.7,-0.8,0.573,235,0.42,0.221,19.8
Georgie Pacheco-Ortiz,Liberty Flames,2020,34,1084,363,120,261,76,83,47,128,96,14,70,26,4,42,49,82,61.00430223178274,0.14918953594329964,13.446700219087134,5.1,0.189,2,1,0.9,0.604,349,0.318,0.49,18.4
Mo Jeffers,Delaware Blue Hens,2015,30,707,205,85,149,35,59,0,0,144,62,28,10,28,49,70,82,58.58481938728852,0.12311064341308495,13.446578734441067,NA,NA,NA,NA,NA,NA,NA,NA,NA,NA
Shamar Givance,UTEP Miners,2023,32,1070,351,109,260,92,126,41,116,121,14,141,62,6,99,94,107,55.63657113872685,0.14012951034399224,13.445190501123864,3.1,0.117,1.6,-0.5,2,0.549,377,0.485,0.446,19.7
Cannen Cunningham,SMU Mustangs,2013,32,1032,298,116,229,61,88,5,15,199,61,50,35,59,76,105,138,55.65516210966681,0.1062814661466237,13.443359670859223,2.8,0.108,1.3,-0.8,2,0.55,298,0.384,0.066,18
Brandon Morris,Houston Cougars,2014,33,664,209,68,155,31,38,42,97,70,18,41,21,6,23,57,52,60.85488003726998,0.056885431977176555,13.434077917426098,1.7,0.105,3.4,2.8,0.7,0.604,194,0.245,0.626,15.1
Dago Pena,Marshall Thundering Herd,2011,34,684,229,75,180,25,42,54,130,94,24,36,21,3,28,37,70,57.68843208383716,0.08476015161460966,13.432827738381388,2.4,0.139,4.7,3.2,1.5,0.573,210,0.233,0.722,16.5
Ody Oguama,Cincinnati Bearcats,2023,36,744,197,83,144,31,56,0,0,195,81,17,13,12,31,99,114,58.408444022770404,0.061539969028777265,13.427940934904463,2.4,0.129,0.3,-0.7,1.1,0.577,211,0.389,0,13.4
Ben Gold,Marquette Golden Eagles,2026,32,846,249,90,220,32,49,37,140,179,50,29,23,14,20,58,129,51.53999006458023,0.1374790203279767,13.422911161338895,2,0.093,1.8,0.6,1.2,0.512,242,0.223,0.636,15.4
Matt Taylor,New Mexico State Aggies,2017,34,747,222,81,170,37,54,23,74,102,28,56,24,21,40,73,74,57.28736581337738,0.06673425395065494,13.417371239079904,2.6,0.139,1.2,-0.5,1.7,0.567,223,0.318,0.435,15.3
DJ Dudley,Louisiana Tech Bulldogs,2026,34,1034,468,173,401,63,92,59,163,96,22,67,28,7,80,46,74,53.003533568904594,0.0994265346738877,13.416601483671425,2.5,0.097,-0.5,0.2,-0.7,0.526,423,0.229,0.406,25.8
Ryan Manuel,SMU Mustangs,2013,32,1090,388,108,237,167,209,5,20,135,25,73,39,5,77,86,110,58.973735408560316,0.15169769070840813,13.413514971192443,3.6,0.134,0.5,0,0.5,0.577,381,0.882,0.084,20.3
Chris Otule,Marquette Golden Eagles,2011,37,651,188,73,132,42,72,0,0,134,58,5,11,55,39,100,76,57.429130009775164,0.046535330624233685,13.399412634529117,1.7,0.102,1.4,-1.4,2.7,0.566,181,0.545,0,15.7
B.J. Tyson,East Carolina Pirates,2018,30,1093,448,162,394,82,99,42,144,130,25,81,24,7,58,60,105,51.1929792485602,0.19503841394286583,13.39759001436109,2.1,0.076,-0.9,0.5,-1.3,0.508,430,0.251,0.365,23.2
Keith Pickens,Missouri State Bears,2012,32,627,140,45,93,48,71,2,10,127,40,42,18,19,24,66,87,56.342562781712815,0.12096259434321956,13.394190688954444,2.3,0.144,4.7,0.9,3.8,0.552,162,0.763,0.108,13.3
Christian Kirk,Missouri State Bears,2014,33,606,198,79,140,40,61,0,0,107,38,17,11,19,33,83,69,59.338288180292494,0.044300479263382875,13.393155487094559,1.6,0.107,-0.8,-1.5,0.7,0.586,190,0.436,0,18
Quentin Snider,Louisville Cardinals,2016,31,861,291,103,256,45,60,40,99,70,23,109,25,0,40,60,47,51.52266288951842,0.10050396107252334,13.385573497257393,3.4,0.157,5.5,2.9,2.6,0.511,311,0.234,0.387,18.8
Dontaie Allen,Western Kentucky Hilltoppers,2024,34,687,271,89,220,37,52,56,140,98,12,21,22,12,37,54,86,55.788866930171274,0.05396991625347251,13.38474986096181,1.9,0.112,0.9,0.3,0.6,0.554,239,0.236,0.636,19
Jared Hamilton,Jacksonville State Gamecocks,2016,29,830,257,104,232,44,70,5,22,144,57,40,22,8,26,45,87,48.89649923896499,0.24296879650225436,13.378981304661298,1.7,0.075,-1.9,-0.7,-1.2,0.481,277,0.297,0.089,18.2
Alex Lomax,Memphis Tigers,2023,35,662,164,62,138,30,38,10,33,75,13,76,55,2,44,48,62,52.99896587383661,0.11361811040390274,13.364448326208706,1.8,0.106,5.1,-0.1,5.2,0.525,186,0.275,0.239,14.6
Joe Young,Houston Cougars,2012,30,904,340,122,293,41,49,55,144,108,22,71,26,6,54,56,86,54.04374364191251,0.0932270069808705,13.362129074928447,2.3,0.101,0.9,1.7,-0.8,0.538,325,0.167,0.491,20.6
K.J. Lawson,Tulane Green Wave,2020,30,1051,380,135,334,62,88,48,132,160,31,63,36,6,51,47,129,50.97660442154969,0.14154607534926475,13.359026143275367,2.3,0.088,0.9,1.5,-0.6,0.506,372,0.263,0.395,21
David Punch,TCU Horned Frogs,2025,32,652,209,82,172,37,70,8,29,140,57,18,17,28,38,70,83,51.528599605522686,0.06762977092807569,13.354591786920498,1.4,0.088,2.2,-0.4,2.6,0.509,206,0.407,0.169,18.8
Nick Norton,UAB Blazers,2015,36,946,253,69,178,56,66,59,151,73,8,132,48,1,62,50,65,61.099304482225655,0.12494573623855076,13.354335727864772,NA,NA,NA,NA,NA,NA,NA,NA,NA,NA
Jalen Gibbs,Jacksonville State Gamecocks,2022,32,960,352,107,275,61,78,77,191,125,16,53,28,1,44,54,109,56.899004267425326,0.11722095647602232,13.3525028372498,3.1,0.128,0.3,0.7,-0.4,0.564,325,0.284,0.695,19.2
Ithiel Horton,UCF Knights,2023,34,1047,418,150,399,40,48,78,224,127,39,54,47,2,54,49,88,49.74769113586594,0.12116329427490044,13.351858709077797,3.1,0.116,3.4,1.9,1.5,0.495,385,0.12,0.561,23.3
Sir'Jabari Rice,New Mexico State Aggies,2022,34,1034,381,118,302,88,113,57,170,162,35,100,20,10,81,62,127,54.16240191061071,0.15499082161812902,13.350606575402214,3.4,0.133,1.9,1.3,0.5,0.536,393,0.374,0.553,21.3
Reggie Upshaw Jr.,Middle Tennessee Blue Raiders,2014,33,676,210,83,181,32,62,12,42,116,38,39,25,15,29,73,78,50.41290570386019,0.05556366229311525,13.34281387192291,2.3,0.136,1.4,-1,2.4,0.499,209,0.343,0.232,18.2
Tyreek Scott-Grayson,UAB Blazers,2020,32,862,320,112,261,55,77,41,117,151,25,65,34,16,79,67,126,54.259359739555066,0.14572058849167843,13.341561159299701,NA,NA,NA,NA,NA,NA,NA,NA,NA,NA
Mari Jordan,Tulane Green Wave,2025,34,627,224,77,195,40,49,30,86,116,24,23,23,11,28,64,92,51.717768747691174,0.07035856206456584,13.32908073868941,1.5,0.096,-1.6,-1.3,-0.3,0.513,209,0.251,0.441,20.4
John-Caleb Sanders,Liberty Flames,2012,32,839,370,130,296,49,73,61,168,87,12,44,23,1,51,73,75,56.381811532366214,0.13153944945903198,13.325543980445971,1.8,0.088,-2.2,0.5,-2.7,0.559,319,0.247,0.568,23.6
Adrien Stevens,Marquette Golden Eagles,2026,32,834,254,89,205,22,31,54,144,82,24,51,45,6,32,69,58,58.08635199414564,0.11401009790813875,13.32279304981438,1.9,0.093,3.6,0.6,3,0.578,237,0.151,0.702,14.9
Kasen Jennings,Kennesaw State Owls,2022,31,562,196,67,152,29,39,33,87,37,7,57,25,1,33,59,30,57.93331756916529,0.05587535865869412,13.32022004912393,1.6,0.116,-2.6,-1.4,-1.2,0.575,195,0.257,0.572,18.3
Robert Sampson,East Carolina Pirates,2012,31,585,163,61,136,17,29,24,54,151,46,17,26,16,36,66,105,54.78623285829525,0.06973659977223519,13.317220525784538,1.7,0.118,1.5,0.3,1.2,0.544,159,0.213,0.397,16.4
Shaq Thomas,Cincinnati Bearcats,2016,33,573,172,66,150,29,49,11,35,105,40,39,20,15,34,42,65,50.128235019818135,0.07144547891236885,13.315420605188217,1.7,0.119,2.6,0.4,2.2,0.496,178,0.327,0.233,18.5
Geron Johnson,Memphis Tigers,2014,34,948,302,112,274,54,89,24,93,166,53,120,45,15,81,91,113,48.21816323923873,0.0938007835141661,13.313045622239919,2.2,0.093,2.7,0.3,2.4,0.477,340,0.325,0.339,20.2
Jayvon Maughmer,Liberty Flames,2025,35,1002,305,119,253,23,41,44,136,152,26,52,33,16,39,48,126,56.264757969303425,0.10238958326635156,13.312314946941262,3.3,0.131,1.6,-0.1,1.8,0.56,292,0.162,0.538,16.9
Marcus Marshall,Missouri State Bears,2013,33,990,368,106,259,112,140,44,140,97,8,66,18,2,44,59,89,57.39238927011853,0.33255610630643984,13.306723397692156,2.9,0.118,1.9,2.5,-0.6,0.565,347,0.541,0.541,21.3
Jermaine Bishop,Saint Louis Billikens,2016,32,561,240,80,197,51,59,29,89,53,7,62,10,2,45,33,46,53.821313240043054,0.147098962407101,13.294968955318385,1,0.071,0,1,-1,0.533,236,0.299,0.452,25.1
Austin Loop,Marshall Thundering Herd,2015,32,1033,363,108,257,63,71,84,214,74,24,26,33,4,32,57,50,62.968359700249785,0.20911061647579762,13.2909957095788,3.2,0.124,1.2,1.5,-0.3,0.624,309,0.276,0.833,15.2
A.J. Rompza,UCF Knights,2012,33,654,149,51,134,20,34,27,81,53,9,93,50,2,29,47,44,50.013426423200855,0.10467402270923298,13.28536446727685,2.1,0.128,5.3,1.2,4.1,0.496,175,0.254,0.604,14.3
Donte Powers,Sam Houston Bearkats,2023,34,937,371,120,291,61,79,70,173,100,6,56,29,3,50,57,94,56.9437622789784,0.14196321559229913,13.285299480944103,4,0.171,2.5,1.1,1.4,0.565,334,0.271,0.595,20.7
Isaiah Banks,Florida International Panthers,2020,32,679,182,71,142,20,39,20,67,88,46,29,28,15,31,41,42,57.17516964061322,0.07749566411924583,13.28509492842661,1.7,0.102,0.7,0.6,0.2,0.567,186,0.275,0.472,13.3
Trey Zeigler,TCU Horned Frogs,2015,33,901,334,126,271,82,132,0,10,137,63,70,26,11,65,88,74,50.74753859243953,0.22840726018342036,13.280576971948557,2.6,0.117,3.3,1.5,1.8,0.5,338,0.487,0.037,22.6
Simas Lukosius,Cincinnati Bearcats,2024,37,1055,412,135,344,52,63,90,234,109,17,102,19,6,70,37,92,55.418056601743245,0.14296163731777364,13.278761072019842,3.1,0.119,5,3.5,1.6,0.551,393,0.183,0.68,20.6
Tyrone Watson,New Mexico State Aggies,2013,35,779,248,85,175,72,109,6,19,119,38,68,22,7,61,40,81,55.61535701471115,0.17879884607788787,13.274274830521737,2.4,0.121,2.4,1.6,0.9,0.547,260,0.623,0.109,19
Curtis Givens III,Memphis Tigers,2026,32,641,236,81,188,39,59,35,96,53,15,57,21,5,40,34,38,55.15049541970461,0.12088856494672276,13.274038226603963,1.3,0.078,1.4,1,0.4,0.546,229,0.314,0.511,18.9
Duane Wilson,Marquette Golden Eagles,2015,32,899,380,121,307,89,125,49,138,77,13,68,38,8,59,79,64,52.48618784530387,0.12567509985283315,13.273525790821639,2,0.088,2.4,1.2,1.2,0.519,351,0.407,0.45,25.5
Brit Harris,Florida International Panthers,2026,32,599,179,61,158,22,34,35,111,81,7,50,33,5,26,40,74,51.74606845513413,0.05290584096750982,13.273265866989487,1.4,0.095,-0.7,-1.9,1.2,0.514,175,0.215,0.703,15.6
Jayce Johnson,Middle Tennessee Blue Raiders,2020,31,755,256,99,219,56,102,2,13,160,57,67,30,8,61,94,103,48.50689707442777,0.04691914225337733,13.261540130846136,1.3,0.068,-3,-2.3,-0.8,0.479,281,0.466,0.059,21.3
Tosin Mehinti,UAB Blazers,2015,36,763,231,95,186,41,72,0,0,160,54,25,12,68,61,87,106,53.05953693495038,0.058206316503367564,13.26088424372875,NA,NA,NA,NA,NA,NA,NA,NA,NA,NA
Vander Blue,Marquette Golden Eagles,2012,35,901,293,100,242,85,120,8,31,157,58,91,40,7,78,58,99,49.694708276797826,0.09981092473694474,13.248429451698945,2.4,0.107,3.5,1,2.5,0.49,323,0.496,0.128,20.3
Corey Camper Jr.,UTEP Miners,2025,33,981,326,124,310,49,63,29,87,112,28,61,61,7,44,50,84,48.2648347743693,0.12399704755665018,13.24756032419052,2,0.082,-0.3,-1.1,0.8,0.48,322,0.203,0.281,19.9
Nigel Spikes,Marshall Thundering Herd,2011,34,649,163,56,101,51,101,0,0,190,60,9,12,32,30,98,130,56.036853685368534,0.06545822642023785,13.247256617501229,2.1,0.131,1.5,-0.9,2.4,0.547,168,1,0,13.6
Jordair Jett,Saint Louis Billikens,2012,34,754,220,78,167,60,96,4,12,95,24,71,39,8,46,47,71,52.571210093672335,0.13089810683817593,13.246821080159398,2.7,0.144,5.6,1.2,4.4,0.517,236,0.575,0.072,18.7
Elijah Cain,DePaul Blue Demons,2019,36,1190,458,158,373,81,118,61,168,109,12,119,42,10,82,97,97,53.89249741127742,0.1400623439591996,13.244505808234766,2.5,0.085,1.2,1.1,0.1,0.534,452,0.316,0.45,20.8
Denzell Watts,UAB Blazers,2017,33,655,207,67,149,26,33,47,106,60,4,58,17,1,31,31,56,63.29500978473581,0.07692235701826979,13.242472307877412,NA,NA,NA,NA,NA,NA,NA,NA,NA,NA
Marquan Botley,Florida Atlantic Owls,2014,31,930,345,105,286,72,97,63,171,81,11,80,26,2,36,56,70,52.482657904344656,0.10407465306094028,13.23720633072008,3,0.125,0.6,1.4,-0.8,0.531,347,0.345,0.601,20.4
Jerrold Brooks,Southern Miss Golden Eagles,2013,37,1126,402,147,356,34,46,74,205,91,11,85,50,0,48,53,80,53.42334679991495,0.12578556604493896,13.236615023579672,4.1,0.144,4.1,2.9,1.2,0.532,372,0.129,0.576,19.2
Tony Toney,UAB Blazers,2025,37,965,266,94,224,32,35,46,132,127,36,68,28,8,24,56,91,55.55555555555556,0.07642329837613336,13.231746436210212,NA,NA,NA,NA,NA,NA,NA,NA,NA,NA
Jonathan Stark,Tulane Green Wave,2014,34,1264,494,160,385,129,173,45,119,90,12,143,29,1,84,64,78,53.56523247744621,0.22801669524169707,13.223991653529607,2.8,0.089,-1.4,1.2,-2.6,0.53,506,0.451,0.307,23.7
Derric Jean,Louisiana Tech Bulldogs,2018,33,847,305,97,234,61,82,50,114,99,20,61,35,5,54,76,79,56.46475118483413,0.08597747444597488,13.221850728907876,2.2,0.105,0.6,-0.4,1,0.559,295,0.35,0.487,19.6
Cobe Williams,Louisiana Tech Bulldogs,2022,34,1026,386,127,320,86,115,46,145,120,17,103,42,3,76,69,103,52.07771181867243,0.09151378888309733,13.219690707392957,2.8,0.11,0.8,-0.1,1,0.515,395,0.359,0.453,22.2
Jarred Dixon,Missouri State Bears,2017,33,758,285,105,260,60,71,15,53,83,23,67,26,7,42,62,60,48.92871858261228,0.10919421649849177,13.216839699527506,2,0.104,0.4,0.2,0.2,0.485,291,0.273,0.204,22.8
DeJon Jarreau,Houston Cougars,2020,31,694,270,83,222,97,122,7,40,128,23,110,19,13,85,74,105,48.96982008125363,0.10109890046931205,13.209576819365111,2.1,0.123,2.9,0.5,2.3,0.482,300,0.55,0.18,25.9
Jamil Miller,Kennesaw State Owls,2025,33,775,223,79,167,47,89,18,60,158,36,20,21,15,24,50,122,54.08420644159876,0.09782846765239771,13.204209869436543,2.1,0.108,0.2,-0.7,0.9,0.533,210,0.533,0.359,14.3
Caleb White,East Carolina Pirates,2014,34,1080,422,147,301,81,114,47,125,111,30,48,14,7,49,102,81,60.086570224399125,0.09401245435934295,13.19809586109978,2.8,0.105,-2.4,0.1,-2.5,0.594,378,0.379,0.415,19.5
JaColby Pemberton,Louisiana Tech Bulldogs,2021,32,868,274,93,214,63,90,25,88,180,43,43,22,7,44,60,137,54.02208201892744,0.1286959489510376,13.197556672439326,3,0.139,1.8,0.3,1.5,0.534,276,0.421,0.411,17.2
Mike McCall Jr.,Saint Louis Billikens,2013,35,1017,324,105,259,67,82,47,117,88,23,94,46,2,49,64,65,54.900366002440016,0.1485562154052603,13.196964308876666,4,0.157,6,2.6,3.5,0.544,331,0.317,0.452,18.6
Jamal Cain,Marquette Golden Eagles,2021,27,804,258,99,224,26,36,34,99,169,39,26,24,7,30,65,130,53.785857238158776,0.17277154443927586,13.196146559781951,2.3,0.114,4.2,2.3,1.9,0.535,244,0.161,0.442,17.2
Phil Taylor,Florida International Panthers,2012,29,903,392,119,307,92,116,62,156,58,13,88,28,0,77,63,45,54.742486872975086,0.14983647232790304,13.194032224217432,2.2,0.098,-0.6,2,-2.6,0.541,384,0.378,0.508,25.8
Cazmon Hayes,Delaware Blue Hens,2015,30,838,343,111,281,71,103,50,153,97,17,29,27,3,37,56,80,52.55577347389067,0.14793893734556904,13.191602884750036,1.6,0.077,-0.3,0.5,-0.8,0.52,300,0.367,0.544,23
Raymond Taylor,Florida Atlantic Owls,2011,30,931,351,118,315,54,79,61,180,97,19,98,44,1,62,69,78,50.17726440988106,-0.005379863765689949,13.188361755745662,2.4,0.096,0.5,0.5,-0.1,0.488,372,0.248,0.561,23.3
Jerome Frink,Florida International Panthers,2013,32,980,326,122,263,67,111,15,50,201,81,20,36,23,65,97,120,52.27039507439712,0.1328668302324182,13.18713774041697,2.3,0.093,-1.8,-1.2,-0.7,0.516,320,0.422,0.19,19.3
Ledarrius Brewer,UAB Blazers,2023,39,695,229,87,218,19,26,36,110,105,21,45,31,11,30,54,84,49.90411436541144,0.05279090193290834,13.1869052790839,NA,NA,NA,NA,NA,NA,NA,NA,NA,NA
Brice Williams,Charlotte 49ers,2021,25,738,243,86,182,40,57,31,72,99,20,25,19,11,27,54,79,58.67297662739037,0.10003025488875923,13.185661680626007,2.2,0.122,0.7,0.9,-0.2,0.581,222,0.313,0.396,18.4
Jy'lan Washington,Louisiana Tech Bulldogs,2018,33,619,196,66,158,42,57,22,80,115,42,19,16,10,25,52,73,53.52851212584662,0.03815415053942709,13.183298071194455,1.7,0.109,-0.8,-0.3,-0.5,0.53,197,0.361,0.506,17.2
Cobe Williams,Louisiana Tech Bulldogs,2021,32,820,267,89,201,59,79,30,90,95,9,84,34,7,58,62,86,56.625381744146594,0.1428867318249194,13.18309797467104,2.8,0.136,2.1,-0.3,2.5,0.56,273,0.393,0.448,17.9
Joe Jackson,Memphis Tigers,2011,35,765,345,110,255,106,146,19,61,74,27,109,35,5,115,77,47,54.034582132564836,0.07270655038556229,13.17136702073937,1.5,0.079,-0.1,0.1,-0.3,0.532,362,0.573,0.239,28.2
B.J. Taylor,UCF Knights,2015,30,855,334,107,286,75,106,45,129,77,10,65,24,2,32,38,67,50.204425204425206,0.12592497618793494,13.168740459299277,1.8,0.085,0,1.4,-1.4,0.497,319,0.371,0.451,23.2
Isaac Fleming,East Carolina Pirates,2018,30,962,375,144,324,64,97,23,87,113,39,144,37,3,107,81,74,51.13450419984728,0.12144250365693032,13.167005963929881,1.2,0.05,-2.2,-0.7,-1.5,0.507,414,0.299,0.269,25.2
Desmond Bane,TCU Horned Frogs,2017,39,807,277,102,198,43,56,30,79,113,27,38,12,9,39,74,86,62.20804886812792,0.0880809486778765,13.155466134228663,2.3,0.115,3,1.7,1.4,0.617,246,0.283,0.399,16.3
Nick Cook,Jacksonville State Gamecocks,2013,28,712,152,57,114,38,79,0,0,133,59,47,31,48,47,74,74,51.08900242000538,0.14164620247608709,13.152527748077421,1.5,0.084,-1.1,-2.3,1.1,0.502,181,0.693,0,15
Chris Parker,Liberty Flames,2021,29,822,299,107,235,57,69,28,75,62,10,98,20,0,61,33,52,56.33855893880012,0.12614437144512253,13.151904878599423,3.1,0.149,-0.3,0.4,-0.7,0.558,320,0.294,0.319,22.4
Raymond Cintron,Middle Tennessee Blue Raiders,2012,34,764,286,85,189,49,54,67,155,52,8,37,17,3,44,52,44,67.21188193269411,0.09841292957162827,13.151874042832263,2.8,0.148,3.7,3.4,0.4,0.666,242,0.286,0.82,17.5
Quante Berry,Memphis Tigers,2026,32,541,184,61,158,37,53,25,84,74,18,37,32,10,29,69,56,50.73902492830356,0.051983674698741246,13.1474587398796,1.2,0.088,1.3,-1.5,2.8,0.502,180,0.335,0.532,18.5
Nick Norton,UAB Blazers,2018,33,940,243,81,214,29,36,52,151,91,9,154,39,1,52,44,82,52.86286112077967,0.09457580486586706,13.147188965519021,NA,NA,NA,NA,NA,NA,NA,NA,NA,NA
Jordan Shepherd,Charlotte 49ers,2020,29,908,377,135,299,85,119,22,75,86,10,112,22,7,93,54,76,53.64867941712204,0.14890152650429983,13.128887658805306,2.1,0.092,-1.8,-0.3,-1.5,0.53,395,0.398,0.251,27
Louis Dabney,Tulane Green Wave,2015,31,993,423,135,356,92,118,61,164,101,20,46,35,1,50,64,81,51.848401647381834,0.17132683404566718,13.12742992174119,3.2,0.13,2.6,2.2,0.4,0.513,382,0.331,0.461,24.8
Cody Ellis,Saint Louis Billikens,2013,35,913,353,97,292,97,117,62,186,124,10,32,37,11,33,63,114,51.38581576802142,0.1234104855328051,13.124671817559248,3.6,0.157,5.6,2.6,3,0.508,316,0.401,0.637,22.7
JD Miller,TCU Horned Frogs,2016,33,640,223,72,189,73,103,6,20,141,63,21,26,18,50,52,78,47.58449982929328,-0.02610715678556557,13.123912613940469,1.1,0.069,1.5,0.2,1.3,0.469,232,0.545,0.106,22.2
Avery Anderson III,TCU Horned Frogs,2024,34,758,266,94,235,59,74,19,70,78,7,111,48,10,70,86,71,49.708476603378685,0.08530759222552073,13.123783025021694,1.8,0.092,1.8,-1.5,3.3,0.492,284,0.315,0.298,21.4
Matt Williams Jr.,UCF Knights,2017,36,1315,542,178,455,60,74,126,328,154,16,69,25,1,65,64,138,55.582902617113795,0.16558221119517674,13.12308124972522,5.1,0.154,5.3,3.3,2,0.553,486,0.163,0.721,21.9
Billy Garrett Jr.,DePaul Blue Demons,2014,33,911,383,107,292,132,160,37,116,74,12,93,29,3,68,93,62,52.84216335540839,0.22376740057270925,13.12080059375943,1.8,0.08,0.3,1.1,-0.8,0.52,382,0.548,0.397,24.1
Shake Milton,SMU Mustangs,2016,30,980,315,113,237,37,51,52,122,89,9,82,24,8,46,43,80,60.70767807585569,0.11036735105866227,13.11916362406342,3.5,0.144,5,3,1.9,0.603,291,0.215,0.515,15.8
Kevin Aronis,New Mexico State Aggies,2014,36,702,274,89,205,16,22,80,183,54,3,13,11,4,17,51,51,63.81591205515185,0.06334507468794474,13.11539713141232,2.6,0.148,2.8,3,-0.2,0.636,215,0.107,0.893,16.8
Daviyon Draper,Florida International Panthers,2015,33,836,272,101,226,61,85,9,25,157,33,35,48,22,63,85,124,51.63249810174639,0.11703485827785631,13.115135348684216,2,0.097,-0.8,-2.3,1.5,0.509,260,0.378,0.111,21
Malik Osborne,Rice Owls,2018,31,840,280,92,222,74,116,22,83,202,71,26,19,24,57,69,131,51.27453852915323,0.11113119668706918,13.111427641384328,1.5,0.069,-2.3,-1.4,-1,0.506,283,0.518,0.374,19.7
Chris Loofe,Middle Tennessee Blue Raiders,2026,32,796,234,84,162,56,90,10,38,202,66,24,8,37,54,110,136,58.03571428571429,0.03731295360953869,13.108588900088506,1.9,0.093,-3.7,-3.7,0,0.571,240,0.556,0.235,16.7
Omega Harris,UTEP Miners,2018,31,1013,366,127,285,66,87,46,123,116,5,63,30,5,48,68,111,56.60727542687454,0.08494191231085854,13.106709430406111,2.7,0.105,0.5,-0.3,0.8,0.561,348,0.305,0.432,19.3
Jairus Hamilton,Western Kentucky Hilltoppers,2023,33,917,307,107,231,54,72,39,111,166,45,44,24,3,56,85,121,58.43611999390894,0.06708342748056009,13.097577786411643,2.3,0.102,-1.6,-1.1,-0.6,0.579,301,0.312,0.481,18
Mike Miles Jr.,TCU Horned Frogs,2021,26,823,339,118,286,62,75,41,114,87,7,78,24,5,64,45,80,53.13479623824452,0.2006734586177557,13.092706592931016,1.7,0.082,1.2,1.4,-0.1,0.527,327,0.262,0.399,24.3
Caleb White,East Carolina Pirates,2015,33,1021,404,138,313,61,77,67,164,116,24,46,15,5,50,65,92,58.23339483394834,0.12997885420526095,13.091508533420615,2.7,0.105,0,2.2,-2.2,0.578,352,0.246,0.524,21.4
Cameron Sheffield,Rice Owls,2021,28,493,135,39,100,35,52,22,60,86,32,28,12,9,16,43,54,54.931640625,0.038170753205036885,13.085506036685816,1.5,0.123,1.2,1.4,-0.2,0.541,146,0.52,0.6,13.9
Brandon Young,DePaul Blue Demons,2011,31,941,392,140,325,78,110,34,104,73,11,115,33,3,92,52,62,52.49062667380825,0.1857951776139523,13.081335602025002,1,0.041,0,1.6,-1.7,0.52,385,0.338,0.32,25
Elliott Welmer,Saint Louis Billikens,2017,33,810,262,90,201,49,78,33,89,158,42,25,15,32,38,89,116,55.6688764235934,0.16907275235829927,13.07975770062292,1.9,0.092,0.8,0,0.8,0.55,243,0.388,0.443,18.4
Staphon Blair,UCF Knights,2014,31,557,153,62,112,29,50,0,0,106,53,3,4,47,29,76,53,57.08955223880597,0.032405731039520186,13.076033776539797,1.1,0.082,-0.8,-1.8,1,0.564,148,0.446,0,14.4
Cane Broome,Cincinnati Bearcats,2019,35,742,290,99,250,63,84,29,101,58,11,77,22,1,42,36,47,50.52969054920546,0.08260566545925667,13.074629197531813,2.4,0.128,3,1.5,1.6,0.5,285,0.336,0.404,23
Detrick Mostella,Jacksonville State Gamecocks,2019,33,580,241,78,214,43,50,42,135,63,9,45,21,3,36,44,54,51.059322033898304,0.07334316911995045,13.069305492185872,1.8,0.123,-0.5,-0.4,-0.1,0.507,229,0.234,0.631,22.7
Elijah McCadden,Memphis Tigers,2023,35,863,267,102,190,53,83,10,34,144,52,52,17,11,52,74,92,58.93519336040968,0.06990852266173762,13.069261505281046,2.3,0.107,2.1,1.1,1,0.582,275,0.437,0.179,15.8
Adonis Filer,Florida Atlantic Owls,2016,32,882,329,106,266,91,120,26,89,152,26,66,31,2,63,77,126,51.59974905897114,0.11278604091934545,13.06688526125743,1.3,0.059,-2.3,-1.8,-0.5,0.508,331,0.446,0.335,22.6
Brian Williams,Jacksonville State Gamecocks,2013,28,1002,367,136,338,44,76,51,141,67,15,119,44,6,66,38,52,49.40232608227439,0.06974595164721732,13.062040301829278,2.2,0.088,-1.2,0.8,-2,0.491,374,0.225,0.417,23.7
Milos Uzan,Houston Cougars,2026,37,1222,411,148,389,43,58,72,210,99,13,148,36,5,48,52,86,49.575412525330506,0.13853449310940322,13.05259499173053,4.1,0.135,6.4,2.6,3.8,0.493,425,0.149,0.54,19.6
Trevor Ottley,Middle Tennessee Blue Raiders,2011,31,609,170,48,121,74,112,0,0,158,60,24,34,36,59,101,98,49.91778247592201,0.04369232115238216,13.052156457725207,1.7,0.11,-1.1,-3.5,2.4,0.492,202,0.892,0,19.7
Tyshawn Archie,Tulsa Golden Hurricane,2025,33,729,306,117,303,36,62,36,135,66,15,64,36,6,45,42,51,46.324330870776315,0.018679690327369186,13.033566646598013,0.8,0.044,-2.3,-2,-0.3,0.46,295,0.205,0.446,26.8
Carson Williams,Western Kentucky Hilltoppers,2021,29,726,203,73,154,42,70,15,38,144,56,26,15,11,33,41,88,54.92424242424242,0.08128495348615675,13.033413389792507,2.1,0.115,1.4,1,0.3,0.542,209,0.455,0.247,15.3
Noah Reynolds,TCU Horned Frogs,2025,32,976,386,134,314,76,102,42,123,68,7,93,23,2,56,48,61,53.77842175657601,0.178995354945057,13.03104936376797,2.4,0.097,3.7,2,1.7,0.532,369,0.325,0.392,21.7
Karl Gamble,Middle Tennessee Blue Raiders,2019,32,784,243,93,220,40,69,17,46,201,83,18,23,14,42,79,118,48.53011663204985,0.19791721106776455,13.02463742797819,1.7,0.085,-1.2,-0.7,-0.5,0.481,249,0.314,0.209,18.3
Damier Pitts,Marshall Thundering Herd,2012,35,1191,513,180,433,81,114,72,212,84,18,149,36,2,111,87,66,53.088003973838894,0.1243995101200415,13.022077140712032,3.2,0.108,2.1,2.6,-0.5,0.527,506,0.263,0.49,24.8
Tre Green,Middle Tennessee Blue Raiders,2026,32,580,219,68,186,28,31,55,157,65,16,18,19,0,18,40,49,54.848727709877785,0.04737784343017525,13.018758628616302,1.5,0.105,0.8,1,-0.2,0.546,193,0.167,0.844,19.4
Sacar Anim,Marquette Golden Eagles,2020,30,1005,393,141,332,62,92,49,125,122,36,43,31,8,52,56,86,52.754510309278345,0.1459468691001825,13.015599556631193,2.6,0.105,3.4,2.3,1.1,0.523,365,0.277,0.377,20.7
Dravon Mangum,Louisiana Tech Bulldogs,2023,33,724,230,76,178,35,43,43,116,121,39,19,20,3,27,57,82,58.399349989843586,0.0284121592858501,13.011911487720655,2.2,0.124,-0.3,0.1,-0.4,0.58,217,0.242,0.652,16
Terrence Hargrove Jr.,Saint Louis Billikens,2023,33,648,194,74,153,29,39,17,58,121,34,18,9,20,27,40,87,57.00517160319699,0.09886774405607138,13.009279739496346,1.7,0.101,1.5,0.9,0.6,0.566,182,0.255,0.379,15.2
Juan Anderson,Marquette Golden Eagles,2015,32,883,257,97,198,47,85,16,46,178,68,54,35,12,64,77,110,54.58793542905692,0.13862387367546353,12.999626986991666,1.9,0.084,1.8,0.1,1.6,0.539,268,0.429,0.232,18.5
Mike Crawford,Saint Louis Billikens,2016,32,860,330,110,257,67,84,43,127,113,17,31,23,1,38,59,96,56.13008572594911,0.16740922470385053,12.995395680208214,2,0.091,1.3,0.9,0.4,0.556,293,0.327,0.494,20.3
Olivier-Maxence Prosper,Marquette Golden Eagles,2022,32,663,212,76,165,41,50,19,60,106,19,29,28,4,29,68,87,56.68449197860963,0.09441829340634299,12.993277632692351,1.8,0.109,2.1,0.1,2,0.562,200,0.303,0.364,16.6
Bruce Massey,Middle Tennessee Blue Raiders,2012,34,927,208,74,162,54,91,6,27,131,26,134,54,9,64,76,105,51.47495545436548,0.12484960690635628,12.992957719946247,3,0.131,3.7,0.1,3.6,0.507,262,0.562,0.167,15
Ben Gold,Marquette Golden Eagles,2025,34,859,250,86,198,25,33,53,143,145,42,31,13,28,27,72,103,58.81799360060229,0.0974786353710159,12.992294502990203,2.7,0.126,4.1,2.1,2,0.585,240,0.167,0.722,14.2
Abrian Edwards,Sam Houston Bearkats,2018,36,685,196,70,139,49,72,7,23,117,38,74,22,2,53,62,79,57.41738926646356,0.153862151085152,12.98920187366749,1.9,0.112,0.2,-0.3,0.5,0.566,217,0.518,0.165,16.3
Christian Polk,UTEP Miners,2011,35,1152,409,146,329,51,56,66,147,90,9,105,33,6,66,79,81,57.82716887229952,0.11750164806244205,12.97967351246557,3.7,0.127,3,1.7,1.3,0.577,387,0.171,0.448,19.2
Stephen Hall,Jacksonville State Gamecocks,2011,30,854,333,137,281,58,86,1,10,149,63,34,19,23,71,95,86,52.220549491908166,0.21452436478348455,12.976050164887162,1.6,0.075,-3.8,-2.3,-1.5,0.517,315,0.306,0.036,25.1
Jimmy Oladokun Jr.,Rice Owls,2026,31,540,132,58,121,16,64,0,0,153,76,20,12,22,21,72,77,44.24778761061947,0.03810901268249705,12.947075335658784,1,0.071,-3.7,-2.7,-1,0.436,156,0.529,0,15.8
Iaroslav Niagu,Jacksonville State Gamecocks,2026,32,603,123,44,90,35,47,0,0,149,41,33,10,36,31,59,108,55.56559450668593,0.08726740905395751,12.943559703716403,1.7,0.115,-0.1,-2.4,2.3,0.548,145,0.522,0,12.2
Ovie Soko,UAB Blazers,2011,31,832,274,103,204,65,110,3,15,175,67,20,16,26,53,95,108,54.27892234548336,0.07787432706420955,12.933035761824097,NA,NA,NA,NA,NA,NA,NA,NA,NA,NA
Brock Young,East Carolina Pirates,2011,32,764,278,76,218,95,125,31,97,71,4,130,32,1,75,51,67,50.91575091575091,0.12202113516525788,12.92687186619919,2,0.103,0.5,0.9,-0.4,0.509,323,0.563,0.451,24.2
Christian Cook,New Mexico State Aggies,2024,32,959,362,123,305,57,68,59,168,83,8,34,23,10,23,57,75,54.0427564791592,0.11058645923202816,12.9049931812156,2.3,0.094,0.6,1.7,-1.1,0.537,321,0.223,0.551,19.2
Shawn Williams,SMU Mustangs,2014,37,680,189,82,157,22,45,3,14,119,55,24,20,10,18,78,64,53.45022624434389,0.05219224580602584,12.904637113119714,2.4,0.141,3,0.9,2.1,0.53,190,0.287,0.089,15.1
Braxton Bayless,Western Kentucky Hilltoppers,2025,32,721,252,99,212,31,51,23,53,102,21,68,30,0,58,62,81,53.745094693738274,0.06957066056515078,12.904606337394856,1.3,0.072,-2.1,-2.3,0.2,0.533,259,0.241,0.25,19.9
Jherrod Stiggers,Houston Cougars,2013,33,682,268,89,227,23,34,67,177,90,20,28,28,4,45,46,70,55.381054719788395,0.06339047237499182,12.904330149904048,1.6,0.093,0,1.4,-1.5,0.551,234,0.15,0.78,20.6
Garlon Green,TCU Horned Frogs,2012,33,806,328,109,258,71,89,39,118,113,20,25,15,13,40,81,93,55.189123704401666,0.08970339657779924,12.893587934136754,2.1,0.104,-0.1,0.7,-0.8,0.546,289,0.345,0.457,21.1
Jalen Smith,Rice Owls,2026,31,1011,388,135,329,38,59,80,209,91,28,72,29,10,64,43,63,54.65404552625648,0.13380697784220205,12.887520755984905,2,0.078,-0.9,0.6,-1.5,0.543,364,0.179,0.635,20.6
Georgie Pacheco-Ortiz,Liberty Flames,2018,37,1131,368,113,267,98,109,44,111,90,12,93,34,5,57,50,78,58.42011684023368,0.13267836742920555,12.8852905249572,3.8,0.133,-0.3,-0.2,-0.1,0.577,371,0.408,0.419,18.6
K.C. Ross-Miller,New Mexico State Aggies,2014,36,818,248,62,142,100,122,24,61,65,10,104,23,0,58,72,55,63.3687653311529,0.10738255906691563,12.873833602479309,2.8,0.137,0.3,0.3,0.1,0.62,273,0.859,0.43,16
Jordan Shepherd,Charlotte 49ers,2021,25,873,298,100,220,83,112,15,51,87,5,72,34,12,63,45,82,55.33273915626857,0.13706640818121582,12.870439729971183,2.1,0.098,-1.1,-1.1,0,0.545,297,0.509,0.232,22
Jacquez Rozier,Middle Tennessee Blue Raiders,2015,36,903,254,90,179,72,120,2,6,179,89,26,26,23,55,89,90,54.78861087144089,0.13405381486040976,12.863180009505978,2.6,0.116,0,-0.5,0.4,0.538,267,0.67,0.034,17.8
Mike Crawford,Saint Louis Billikens,2015,32,609,234,77,166,55,69,25,66,52,15,33,10,1,31,48,37,59.58443674882867,0.17879673822247114,12.862491283735606,1.7,0.109,0.6,1.7,-1.1,0.589,210,0.416,0.398,20.7
Robert Williams,UAB Blazers,2013,32,863,263,95,220,43,60,30,84,193,84,46,30,9,70,76,109,53.368506493506494,0.09064067579827956,12.859960789517645,NA,NA,NA,NA,NA,NA,NA,NA,NA,NA
Tim Dalger,Tulsa Golden Hurricane,2023,30,710,297,96,255,63,93,42,120,153,49,25,15,4,50,67,104,50.18248175182482,0.10511247626568591,12.8469079037056,0.8,0.045,-2.4,0,-2.4,0.496,288,0.365,0.471,25.3
Payton Henson,Tulane Green Wave,2015,31,576,192,64,163,53,79,11,56,120,50,20,12,12,30,42,70,48.54368932038835,0.08600313508753833,12.844362364907813,1.6,0.111,0.2,0.5,-0.4,0.479,194,0.485,0.344,21.3
Georgie Pacheco-Ortiz,Liberty Flames,2019,36,921,258,83,179,46,53,46,97,58,7,82,26,4,33,35,51,63.76037959667853,0.10048573352645727,12.84062752050097,3.7,0.159,2.8,1.7,1.1,0.634,265,0.294,0.539,14.2
Landers Nolley II,Memphis Tigers,2022,33,772,285,95,250,58,73,37,110,112,19,80,25,8,59,51,93,50.510421097405356,0.10654023451903745,12.84033623861902,2.1,0.111,3.1,1.6,1.5,0.501,288,0.292,0.44,21.3
Kevin Anderson,Delaware Blue Hens,2022,35,1213,376,133,318,61,75,49,150,113,16,125,50,12,71,76,97,53.561253561253565,0.1577518219624456,12.83822769509675,2.9,0.096,0,0,0,0.532,401,0.236,0.472,18.3
Dashon Gittens,Florida International Panthers,2025,33,904,272,93,250,58,72,28,109,129,52,53,50,16,46,80,77,48.28173814257313,0.07536271274876725,12.838176290316142,1.9,0.086,-1.5,-2.3,0.8,0.479,281,0.288,0.436,18.1
Jestin Porter,Middle Tennessee Blue Raiders,2024,33,1050,458,164,411,69,89,61,181,110,26,60,32,6,71,64,84,50.870801492802556,0.09915266255330576,12.836724185583,2,0.077,-2,-0.8,-1.2,0.505,428,0.217,0.44,25.8
Demarcus Sharp,Missouri State Bears,2021,24,656,172,70,139,22,31,10,31,88,15,77,15,11,36,49,73,56.34171907756814,0.1712289676855612,12.830217284496143,2.1,0.13,2.8,1,1.8,0.559,198,0.223,0.223,15.1
C.J. Burks,Marshall Thundering Herd,2017,35,641,246,88,195,42,54,28,73,65,13,57,19,7,54,50,52,56.226001097092706,0.06318205012331472,12.824644375240139,0.9,0.058,-1.4,-0.5,-0.9,0.557,242,0.277,0.374,19.8
Gordo Castillo,New Mexico State Aggies,2011,32,826,280,88,204,41,47,63,158,84,20,29,21,1,31,51,64,62.31084208652305,0.12842550990889573,12.823132226189404,2.7,0.129,3.3,3.2,0.1,0.619,254,0.232,0.782,15.5
Shawn Williams,East Carolina Pirates,2018,30,847,371,117,289,65,74,72,196,49,3,51,14,0,49,44,46,57.6875233237965,0.09008317065882664,12.82098904761738,1.7,0.082,-0.8,1.6,-2.4,0.572,329,0.256,0.678,22.4
Antonio Barton,Memphis Tigers,2011,35,861,287,94,203,57,84,42,95,88,13,60,25,6,45,58,75,59.801633605600934,0.09619108417709356,12.805488542820942,2.6,0.119,2.9,1.7,1.2,0.591,265,0.414,0.468,16.4
Brendan Bailey,Marquette Golden Eagles,2020,30,762,214,78,192,12,20,46,120,157,39,34,18,22,23,75,118,53.286852589641434,0.12273112714069234,12.800152737694393,2.3,0.122,5.4,3,2.3,0.531,212,0.104,0.625,14.4
Mike McCall Jr.,Saint Louis Billikens,2012,34,756,231,80,189,40,53,31,89,61,15,72,41,2,39,59,46,54.39902034664657,0.09514862031508073,12.798053578305915,2.9,0.152,6.2,1.7,4.5,0.539,235,0.28,0.471,18.2
Khristian Lander,Western Kentucky Hilltoppers,2024,34,601,235,82,202,36,48,35,100,69,14,53,26,2,46,67,55,52.662244532090355,0.05127057597398337,12.797799970371583,1.5,0.099,-2.4,-2.7,0.4,0.523,233,0.238,0.495,20.9
Terrence Williams,Charlotte 49ers,2015,32,826,311,104,246,78,109,25,63,138,33,70,28,3,72,85,105,52.898353517485376,0.09213813853908802,12.79718919115412,1.8,0.088,-1,-0.3,-0.7,0.522,315,0.443,0.256,22.6
Hank Thorns,TCU Horned Frogs,2012,33,1121,444,140,370,90,120,74,189,93,18,152,44,1,104,83,75,52.50709555345316,0.2116664640498923,12.790098757711657,2.5,0.088,0.9,1.9,-1,0.52,464,0.324,0.511,23.7
Brandon Mahan,UCF Knights,2020,30,672,224,81,191,31,42,31,104,110,27,29,25,5,34,50,83,53.465724651518045,0.09066505510694077,12.789977877523238,1.8,0.109,2.7,1.3,1.4,0.531,210,0.22,0.545,18.5
Tyler Hooker,Kennesaw State Owls,2018,30,782,323,113,275,81,114,16,72,80,10,79,38,4,72,65,70,49.6678558248247,0.09567016542914619,12.777451862408794,0.8,0.041,-4.9,-3.2,-1.7,0.491,318,0.415,0.262,25.1
Brock Gardner,Liberty Flames,2017,34,616,204,75,144,33,51,21,58,104,16,25,12,15,34,68,88,61.28334534967556,0.07944467234181678,12.776237827933452,1.8,0.117,-3.2,-2.7,-0.5,0.598,192,0.345,0.399,19
Chris Mullins,Rice Owls,2019,32,921,383,123,316,108,150,29,96,91,25,85,38,3,76,68,66,50.13089005235602,0.10133344230776575,12.774265585763574,1.4,0.062,-3.9,-1.9,-1.9,0.495,388,0.475,0.304,24.8
Bryan Greenlee,Florida Atlantic Owls,2022,34,982,322,107,253,57,86,51,140,79,10,108,39,1,63,58,69,55.35689726309998,0.15489445578651945,12.75930580782561,2.9,0.118,-0.1,-0.1,0,0.548,336,0.34,0.553,18.3
Austin Loop,Marshall Thundering Herd,2016,33,955,311,97,238,31,36,86,216,56,19,34,24,8,14,55,37,61.25906082571698,0.08899435689768301,12.756398392119102,2.1,0.088,1.2,2,-0.8,0.61,274,0.151,0.908,12.8
John-Caleb Sanders,Liberty Flames,2014,32,982,371,118,292,95,120,40,112,95,29,140,10,0,79,76,66,53.79930394431555,0.14272673927968507,12.7562719709516,2.4,0.097,-4,-0.5,-3.5,0.532,401,0.411,0.384,22.3
Willie Clayton,Charlotte 49ers,2015,32,725,233,96,170,41,108,0,1,200,99,16,20,9,66,94,101,53.558293490253774,0.056382413864459385,12.749884269036047,1.2,0.068,-3.6,-1.6,-2,0.529,246,0.639,0,19.9
Kerry Hammonds II,Middle Tennessee Blue Raiders,2013,34,738,213,71,154,36,50,35,86,108,15,56,20,9,40,52,93,60.51136363636363,0.08266725596736799,12.743153708837271,3,0.165,5.1,2.5,2.6,0.599,205,0.325,0.558,15.2
Dequon Miller,Missouri State Bears,2017,33,1174,419,138,351,88,119,55,160,98,21,124,36,0,73,50,77,51.93871479571598,0.17543386150055407,12.742397182288816,3.1,0.104,0.7,1.3,-0.6,0.514,435,0.339,0.456,21.1
Tristan Ikpe,Sam Houston Bearkats,2023,34,587,131,45,100,32,52,9,21,116,51,33,21,15,27,48,65,53.304036458333336,0.07084868105170149,12.741076230159841,2.4,0.161,2.2,-0.1,2.3,0.525,154,0.52,0.21,13.2
Aaron Cosby,Western Kentucky Hilltoppers,2016,34,1073,465,136,389,112,131,81,221,124,16,67,15,5,67,47,108,52.055346587855986,0.11011661155983887,12.730030108128236,2.2,0.084,-1.4,0.9,-2.3,0.516,435,0.336,0.567,24.1
Josh Delaney,Sam Houston Bearkats,2019,33,1008,344,108,295,67,79,61,175,78,15,159,26,2,72,56,63,52.15914604560893,0.15523047535950524,12.723289560212118,2.7,0.108,-1.2,0.8,-2,0.517,382,0.268,0.593,20.3
Cordarius Johnson,Louisiana Tech Bulldogs,2012,34,774,327,117,289,35,57,58,168,129,28,33,18,6,53,54,101,52.056800815078965,0.09006734829861832,12.720157916679346,1.7,0.089,-0.2,1.3,-1.4,0.517,291,0.197,0.581,23.9
Brock Harding,TCU Horned Frogs,2026,35,1112,281,103,277,42,65,33,116,100,17,195,61,4,66,52,83,45.97513089005235,0.1688276670846148,12.719695089143437,2.5,0.089,3.5,0,3.5,0.456,349,0.235,0.419,16.5
Lovell Cabbil Jr.,Liberty Flames,2017,34,891,286,97,227,55,68,37,111,102,8,59,42,6,40,81,94,55.65934921376303,0.18123283468669357,12.716515368743748,3,0.128,0.7,-0.6,1.3,0.567,299,0.3,0.496,19.8
Ryan McMahon,Louisville Cardinals,2019,34,653,246,68,181,57,60,53,150,36,3,60,15,4,41,49,33,59.30568948891032,0.08140932613254602,12.714653108838633,2.1,0.128,6,3.5,2.5,0.587,237,0.331,0.829,19.5
Jalen Perry,UAB Blazers,2019,35,1042,389,135,331,54,90,65,178,140,20,52,29,1,45,49,120,52.48246087425795,0.11511969137382129,12.711939975355476,NA,NA,NA,NA,NA,NA,NA,NA,NA,NA
Darius Gatson,Sam Houston Bearkats,2013,34,933,304,93,246,69,95,49,140,112,10,111,43,2,63,74,102,52.81445448227936,0.20941105020913117,12.711115266656217,3,0.132,0.3,-1,1.3,0.511,290,0.391,0.562,19.2
Tyren Moore,UAB Blazers,2025,37,626,238,77,222,27,33,57,146,45,3,69,22,1,31,38,42,50.31286994757315,0.04641677166985629,12.709872659181055,NA,NA,NA,NA,NA,NA,NA,NA,NA,NA
Sandi Marcius,DePaul Blue Demons,2014,33,615,160,60,100,40,66,0,0,153,71,5,9,32,43,95,82,61.996280223186616,0.10290987593051867,12.704056990737481,1.1,0.07,-1.5,-1.5,0,0.609,167,0.66,0,14.3
Mike James,Louisville Cardinals,2024,32,1064,402,120,303,126,154,36,106,159,32,47,19,6,57,79,127,54.21296795770849,0.16555543347771612,12.697475399782958,1.8,0.067,-0.1,0.5,-0.6,0.534,386,0.508,0.35,20.3
Chinanu Onuaku,Louisville Cardinals,2015,36,623,104,45,73,14,30,0,0,160,69,19,26,42,44,83,91,60.32482598607889,0.06746602538888061,12.696080860186143,2,0.129,4.9,-0.8,5.7,0.596,126,0.411,0,10.8
Hank Thorns,TCU Horned Frogs,2011,33,1080,342,126,354,52,69,38,127,112,23,225,37,2,83,69,89,44.48954105526069,0.1840298135373841,12.68196883767507,2,0.074,1.1,1.6,-0.5,0.442,429,0.195,0.359,22.6
Kore White,Florida Atlantic Owls,2011,30,686,233,98,209,30,64,7,17,148,51,26,21,24,47,87,97,49.12295496711081,0.15720816708002977,12.68031713315885,1.7,0.095,-1.8,-2.1,0.3,0.501,257,0.286,0.078,22.6
Luke Frampton,Western Kentucky Hilltoppers,2021,29,530,194,59,142,25,29,51,124,47,6,31,12,1,28,43,41,62.67769449470148,0.062235976512897244,12.678337209648557,1.7,0.128,1.8,1.9,-0.1,0.62,170,0.206,0.879,17.4
Shawn Smith,Marshall Thundering Herd,2014,33,715,250,87,203,56,87,20,71,136,47,21,18,12,36,77,89,51.80702917771883,0.1598029412497644,12.67337379958992,1.8,0.1,-1.7,-1.6,-0.1,0.512,240,0.429,0.35,18.9
Trency Jackson,Western Kentucky Hilltoppers,2015,32,971,333,107,263,67,96,52,129,101,23,85,32,1,55,77,78,54.54724151487355,0.10060619108615593,12.67301534044934,2.9,0.121,0.3,-0.1,0.4,0.54,328,0.365,0.49,18.9
Brian Williams,Jacksonville State Gamecocks,2012,31,1112,415,157,392,47,73,54,161,91,13,97,43,8,55,54,78,48.92483259454871,0.22787838078268824,12.666928982423022,3,0.103,1,1,0.1,0.49,412,0.189,0.409,22.5
Johnathon Wilkins,New Mexico State Aggies,2017,34,597,186,76,138,23,38,11,31,101,46,33,9,29,47,100,55,60.108583247156155,0.03303092904714272,12.66087371837032,1.8,0.122,-0.4,-1.8,1.4,0.596,187,0.275,0.225,16.4
Chris Mullins,Rice Owls,2021,28,625,219,82,190,33,46,22,63,74,19,56,20,1,37,44,55,52.08333333333333,0.08947225214810267,12.655281788083414,1.5,0.095,-2.4,-1.4,-1.1,0.517,223,0.242,0.332,19.5
Marquel Curtis,Tulsa Golden Hurricane,2016,31,748,196,70,161,42,62,14,50,128,44,67,25,6,42,51,84,52.0501380922031,0.10749519053641707,12.653906696251555,1.9,0.102,2.6,1.1,1.6,0.514,235,0.419,0.311,16.2
Matt Veretto,Delaware Blue Hens,2019,33,658,212,78,161,20,30,36,92,92,31,12,8,6,16,65,61,60.849598163031004,0.07667984633310046,12.653789394296236,1.7,0.102,-2.2,0.7,-2.8,0.605,194,0.186,0.571,16.2
Lester Quinones,Memphis Tigers,2020,31,765,278,78,194,86,107,36,115,99,22,57,20,3,56,63,77,57.65720922515348,0.10383157301050634,12.652931015788182,2.7,0.142,3,0.8,2.2,0.568,273,0.552,0.593,18.8
John Bohannon,UTEP Miners,2011,35,606,172,69,133,34,69,0,2,151,45,25,14,32,45,76,106,52.64446620959843,0.05901667981348543,12.652881002050021,1.7,0.111,0.2,-2.4,2.6,0.519,180,0.519,0.015,18.3
Alex Tucker,Florida Atlantic Owls,2011,30,807,227,66,178,91,115,4,18,69,22,128,35,2,58,61,47,49.650043744531935,-0.006293307505459085,12.649977480525928,2,0.093,-0.9,-0.7,-0.3,0.487,291,0.647,0.096,18.9
Ben Lawson,Western Kentucky Hilltoppers,2015,32,602,123,49,84,25,51,0,0,103,35,21,14,53,27,71,68,57.779030439684334,0.052762005964943424,12.640464379216528,1.7,0.114,2.3,-1.5,3.9,0.568,127,0.607,0,11.4
Jaire Grayer,TCU Horned Frogs,2020,32,769,239,85,200,23,39,46,127,145,56,16,21,10,30,66,89,55.02855037760177,-0.06923236324063284,12.632889516760255,2.3,0.118,2.8,2.1,0.8,0.547,217,0.195,0.635,16.9
Evan Gordon,Liberty Flames,2011,30,998,423,143,365,76,99,61,185,88,21,67,50,4,82,62,67,51.76718229880556,0.1773603530126429,12.631643869913594,3.2,0.12,0.4,0.2,0.2,0.511,421,0.263,0.52,25.3
Keegan McDowell,Liberty Flames,2021,29,600,197,75,159,3,3,44,110,84,5,38,6,2,19,48,79,61.43962075848304,0.08876757650598727,12.619222200528096,2.4,0.16,0.9,0.9,0,0.614,177,0.019,0.692,16.7
Andrew Drone,Rice Owls,2015,32,726,213,82,144,49,73,0,0,172,56,14,10,21,52,67,116,60.47013399954576,0.12147862241474869,12.61813022048426,1.8,0.1,-2.8,-2.3,-0.4,0.596,207,0.507,0,17.8
Quel'Ron House,Jacksonville State Gamecocks,2025,36,766,243,82,207,63,77,16,45,78,17,87,33,1,46,57,61,50.44005313849219,0.06786444861627684,12.617103018879304,1.9,0.1,-1.2,-2.3,1.1,0.499,266,0.372,0.217,19.7
Chauncey Collins,TCU Horned Frogs,2016,33,991,392,105,271,116,148,66,167,96,17,63,25,3,65,85,79,58.312507437819825,0.40631393322242093,12.614437861173307,2.6,0.103,3.3,2.3,1,0.574,365,0.546,0.616,20.2
Karviar Shepherd,TCU Horned Frogs,2014,31,923,274,91,222,91,128,1,2,204,54,24,20,49,41,103,150,49.223914918079906,0.17780326544847833,12.612539779681168,1.6,0.067,-0.4,-1.6,1.2,0.484,276,0.577,0.009,18.7
Marcellus Brigham Jr.,Jacksonville State Gamecocks,2023,31,569,160,63,120,25,38,9,19,129,34,25,14,3,30,63,95,58.51375073142189,0.08413585414451573,12.60506092337274,1.4,0.101,-2.2,-2.1,-0.1,0.58,161,0.317,0.158,15.4
Bobby Pettiford Jr.,East Carolina Pirates,2024,33,875,257,107,236,29,44,14,53,76,17,112,26,2,35,54,59,50.321115288220554,0.1298381176332925,12.603629213805506,1.9,0.086,-0.9,-0.7,-0.2,0.5,278,0.186,0.225,17.1
Alec Oglesby,Middle Tennessee Blue Raiders,2026,32,720,248,79,194,29,41,61,149,57,14,26,23,2,21,46,43,58.47953216374269,0.05716259481218127,12.59949597621299,1.9,0.105,-0.2,0.2,-0.4,0.581,216,0.211,0.768,16.6
Elijah Fisher,DePaul Blue Demons,2024,32,1018,326,119,229,78,108,10,38,122,17,46,26,10,50,54,105,58.946911615796324,0.2332237250652287,12.590798827579833,0.8,0.032,-1,-0.2,-0.9,0.582,303,0.472,0.166,17.2
Troy Caupain,Cincinnati Bearcats,2014,34,649,185,54,141,58,74,19,58,79,13,76,31,2,42,50,66,53.29569025120996,0.08798782546788853,12.587382926033083,2.4,0.146,3.3,-0.4,3.7,0.522,199,0.521,0.408,17.5
Javion May,Sam Houston Bearkats,2023,34,729,138,58,119,15,38,7,28,166,40,56,43,8,31,72,126,50.83996463306808,0.12706263531222695,12.585600278711023,3,0.163,4,-0.8,4.8,0.503,165,0.319,0.235,11.8
J.T. Miller,Missouri State Bears,2018,33,658,257,107,225,32,49,11,37,110,23,40,16,7,52,60,87,52.11713173264114,0.08207955840949616,12.580948987447668,1.4,0.083,-1.6,-1.5,-0.1,0.516,239,0.219,0.165,23.3
Josh Brinkley,Delaware Blue Hens,2012,32,830,279,102,193,75,107,0,0,150,56,18,5,18,48,95,94,58.10563145618127,0.1392539259227283,12.573553886404497,2.2,0.106,-2,-0.8,-1.1,0.572,274,0.554,0,18.2
Antonio Daye,Florida International Panthers,2020,32,895,330,110,266,90,124,20,60,96,13,152,55,3,125,88,83,51.47242325929623,0.08993814431341678,12.572952382904676,1.6,0.073,-3.7,-3.2,-0.5,0.508,379,0.466,0.226,23.7
Bernard Morena,Kennesaw State Owls,2016,31,666,213,83,177,46,71,1,7,128,38,50,20,27,54,98,90,51.14291202458702,0.06313149018009619,12.571065987139264,0.9,0.053,-3.7,-3.6,-0.1,0.508,226,0.403,0.034,19.5
Danrad Knowles,Houston Cougars,2017,32,713,233,87,194,58,87,1,11,116,57,15,8,30,26,81,59,50.15498536249354,0.0414059254198568,12.570295551546254,2.1,0.119,0.2,-0.7,0.9,0.495,235,0.448,0.057,19
Amorie Archibald,Louisiana Tech Bulldogs,2019,33,1045,356,123,310,54,79,56,157,132,26,102,25,9,60,62,106,51.63011950342267,0.1322080882860399,12.569050446192948,2.8,0.108,0.2,0.2,0,0.512,362,0.255,0.506,19.7
Chase Ross,Marquette Golden Eagles,2024,37,698,196,65,153,41,57,25,69,99,15,21,41,14,26,60,84,55.0314465408805,0.07162511639822902,12.567024803752641,1.9,0.109,4.5,0.3,4.1,0.544,182,0.373,0.451,15.1
Marcus Boykin,Sam Houston Bearkats,2024,33,589,232,68,159,79,119,17,45,60,5,80,20,6,63,65,55,54.88266464799394,0.05673856655643271,12.559580603355787,NA,NA,NA,NA,NA,0.538,NA,0.748,0.283,NA
Jeremy Watson,Jacksonville State Gamecocks,2015,31,646,180,50,128,77,107,3,9,158,62,9,10,7,27,37,96,51.40507196710076,0.16399851071591826,12.558340988593416,1.5,0.09,-5.1,-1.9,-3.2,0.503,187,0.836,0.07,16.8
Jermaine Sanders,Cincinnati Bearcats,2014,34,725,195,67,161,26,38,35,93,105,42,34,16,9,16,41,63,54.86158001350439,0.07844096330799483,12.554708483707758,2.9,0.158,5.5,3,2.5,0.548,191,0.238,0.581,13.9
Erin Straughn,East Carolina Pirates,2012,31,700,171,65,145,15,25,26,77,138,43,39,23,17,31,60,95,54.807692307692314,0.07738218402179459,12.547535430342936,2.1,0.118,1.2,0.3,1,0.545,176,0.172,0.531,13.9
David Terrell Jr.,UTEP Miners,2025,33,981,266,96,200,64,102,10,30,120,18,126,51,7,72,99,102,54.31231623652402,0.07161830473082088,12.540123133374296,2.2,0.09,-1.2,-2.3,1.1,0.535,305,0.51,0.15,16.6
Chris Crawford,Memphis Tigers,2014,34,1012,297,101,274,19,29,76,204,135,13,101,51,10,53,69,122,51.7854651973776,0.13430803048773593,12.540083679667669,2.7,0.108,4.6,1.6,3,0.516,291,0.106,0.745,16.3
Jarred Dixon,Missouri State Bears,2016,31,713,236,89,216,47,64,11,40,68,22,44,40,4,30,60,46,48.328964613368285,0.07672012602142197,12.526996625874538,1.3,0.072,0.5,-0.9,1.4,0.475,233,0.288,0.185,19.6
Louis Dabney,Tulane Green Wave,2016,34,1088,474,153,413,114,144,54,173,100,26,73,35,4,68,86,74,49.752288185405995,0.11486510155639161,12.526352544074117,2.5,0.09,0.8,0.5,0.3,0.492,448,0.349,0.419,25.4
Devon Saddler,Delaware Blue Hens,2011,31,1036,411,149,318,83,135,30,85,133,28,88,21,4,98,59,105,54.451510333863276,0.26081694370074443,12.522748956170561,1.7,0.065,-0.3,0.8,-1.1,0.536,404,0.423,0.266,25.7
Scottie Haralson,Tulsa Golden Hurricane,2011,32,1000,348,114,292,38,45,82,219,108,36,54,13,11,42,41,72,55.805003207184086,0.13905139557100338,12.522223802212174,3.1,0.122,4.3,4.1,0.2,0.555,328,0.154,0.75,18.3
JaQuon Parker,Cincinnati Bearcats,2013,34,1019,372,127,310,78,144,40,100,162,71,55,25,1,54,68,91,49.81787015213199,0.17187206362515514,12.520099126968653,3.4,0.134,4.3,2.8,1.5,0.492,361,0.465,0.323,21.4
Trazarien White,TCU Horned Frogs,2025,32,814,294,103,264,49,78,39,122,92,18,29,41,4,24,56,74,49.275945293644405,0.14899387757101543,12.518419187480983,2,0.099,4.7,1,3.7,0.488,263,0.295,0.462,20.2
Zach Davis,Memphis Tigers,2026,32,609,209,76,183,37,49,20,72,122,34,33,31,10,53,61,88,51.085256159561986,0.08567090719014622,12.502909152565044,0.9,0.061,0.3,-1.5,1.8,0.507,205,0.268,0.393,20.3
Farad Cobb,Cincinnati Bearcats,2015,34,821,289,99,259,38,48,53,159,85,18,49,33,4,37,36,67,51.58503498500643,0.10657725422540568,12.500791311341048,3.1,0.151,5.5,3,2.5,0.513,268,0.185,0.614,22
Matt Heldt,Marquette Golden Eagles,2018,35,768,138,55,85,28,32,0,0,164,57,26,9,35,18,102,107,69.64069438837303,0.06795710115189249,12.489249849171678,2,0.105,2.6,0.8,1.7,0.689,164,0.376,0,7.8
Jalen Jones,SMU Mustangs,2012,32,693,256,80,180,85,142,11,40,104,41,19,22,12,43,63,63,52.787858792477735,0.0739295571379607,12.479395532100659,1.8,0.104,-0.6,-0.4,-0.2,0.517,246,0.789,0.222,24.7
Tevin Brewer,Florida International Panthers,2021,26,751,234,81,206,23,30,49,128,58,13,110,26,0,50,57,45,53.37591240875913,0.01853682128171994,12.479208035435857,1.6,0.087,-2.5,-0.2,-2.3,0.531,264,0.146,0.621,17.5
Dravon Mangum,Louisiana Tech Bulldogs,2024,32,610,176,55,149,42,55,24,77,120,32,17,20,9,18,48,88,50.80831408775982,0.057785423557166885,12.47725925930809,2.1,0.14,-0.9,-1.7,0.8,0.502,173,0.369,0.517,16
Dwight Buycks,Marquette Golden Eagles,2011,37,1013,318,117,254,45,66,39,95,111,25,121,38,2,84,55,86,56.175805539853016,0.12714603699157254,12.47506180801941,2.3,0.091,3.8,2.3,1.5,0.557,329,0.26,0.374,18.1
Trey Williams Jr.,Missouri State Bears,2026,34,1042,321,104,268,50,70,63,171,69,19,109,32,7,45,57,50,53.714859437751,0.07795597045159738,12.47121661852332,2.3,0.087,-1.1,-0.1,-1,0.533,330,0.261,0.638,17
Jordan McCoy,Florida Atlantic Owls,2012,29,535,131,53,92,25,43,0,0,124,50,4,5,12,14,67,74,59.051568698160835,0.07985352971277558,12.46489442016865,1.5,0.109,-2.1,-1.2,-0.9,0.572,135,0.469,0,12.7
Antonio Green,Middle Tennessee Blue Raiders,2019,32,1130,573,196,521,76,87,105,304,129,11,51,33,3,101,64,118,51.22657702760692,0.28127573063777933,12.464700356989042,2.1,0.073,-0.4,0.9,-1.3,0.509,506,0.167,0.583,28.5
Ako Adams,Rice Owls,2019,32,873,357,109,274,67,74,72,190,83,4,84,19,1,73,76,79,58.2267745302714,0.09255583969919388,12.451198522476886,1.7,0.078,-2.2,0.3,-2.5,0.577,341,0.27,0.693,21.5
Mika Adams-Woods,Cincinnati Bearcats,2023,36,1078,328,120,279,36,43,52,142,86,7,115,39,7,53,67,79,55.048335123523096,0.10845514034205654,12.448333418582044,3.1,0.113,2.8,0.5,2.3,0.548,332,0.154,0.509,16.1
Daiquan Walker,UCF Knights,2016,30,846,247,81,213,52,64,33,89,102,17,115,33,4,62,45,85,51.210814397080775,0.19554120889189083,12.44621097203658,1.8,0.084,1.1,0.1,1,0.505,277,0.302,0.42,18.4
Kwamain Mitchell,Saint Louis Billikens,2013,35,725,254,84,209,57,82,29,92,55,7,75,40,1,48,62,48,51.819813938305856,0.14367636136576017,12.4428084241633,2.5,0.136,4.4,0.8,3.6,0.512,255,0.392,0.44,22.2
Tavares Speaks,Liberty Flames,2013,36,1122,475,165,378,132,163,13,34,123,14,43,42,3,75,91,109,52.81063773014319,0.07170084142309008,12.442479162902512,2.2,0.08,-4,-2.5,-1.6,0.521,427,0.431,0.09,24.6
Tony Freeland,DePaul Blue Demons,2011,31,764,298,105,236,88,149,0,1,155,69,26,19,14,59,104,86,49.409736039262505,0.07785266238524619,12.430532657196487,0.8,0.041,-3.4,-1.6,-1.8,0.486,294,0.631,0.004,24
Braxton Ogbueze,Charlotte 49ers,2015,32,899,306,97,244,63,76,49,120,73,19,54,30,1,37,55,54,55.14705882352941,0.10515945179389745,12.421915527648094,2.3,0.104,1.4,1.7,-0.3,0.544,290,0.31,0.494,17.9
R.J. Smith,Sam Houston Bearkats,2020,31,751,238,85,184,49,69,19,55,141,56,26,22,3,39,85,85,55.514088449337564,0.07261316700793707,12.421741063809732,2.2,0.116,-3.9,-2,-1.8,0.549,239,0.375,0.299,16.2
Keaston Willis,Louisiana Tech Bulldogs,2023,33,1025,397,123,324,71,91,80,213,111,14,48,24,5,50,52,97,54.526975057685966,0.09709768239715967,12.412770209733015,2.7,0.107,0,1,-0.9,0.541,361,0.281,0.657,20.8
Darion Clark,Charlotte 49ers,2013,33,562,198,78,144,42,92,0,0,148,51,14,8,19,56,61,97,53.66435385949697,0.11462531953782336,12.411784952517142,1,0.07,-2,-2,0,0.527,189,0.639,0,21.4
Anthony Downing,Missouri State Bears,2012,32,971,369,132,302,64,78,41,125,101,10,74,15,1,55,68,91,54.85846812559467,0.16254480357981738,12.40404660940174,2.7,0.112,2.1,1.3,0.8,0.544,343,0.258,0.414,22.4
Eric Lovett,Florida International Panthers,2021,26,502,210,72,204,15,24,51,154,54,11,19,17,5,18,38,43,48.93736017897092,0.042033507513043813,12.401069183045603,0.9,0.069,-2.2,0.2,-2.4,0.487,184,0.118,0.755,22.6
Julian Washburn,UTEP Miners,2015,33,1117,340,127,306,46,64,40,105,136,29,86,29,19,42,63,107,50.87383289442183,0.13131999190557525,12.39877546820259,3.3,0.118,2.6,1.2,1.4,0.505,341,0.209,0.343,18.1
Tae Hardy,UTEP Miners,2023,32,1036,411,144,335,76,120,47,145,86,19,61,38,9,66,75,67,52.991232594120675,0.10730516336093289,12.393688493990087,2.7,0.105,1.4,0.5,0.9,0.524,379,0.358,0.433,22.2
Angelo Johnson,Southern Miss Golden Eagles,2011,31,982,236,73,167,61,81,29,73,103,3,128,30,6,42,72,100,58.23134622976708,0.11472995124317358,12.391245807758395,3.5,0.139,3.4,1.6,1.9,0.567,271,0.48,0.428,12.7
Jalen Perry,UAB Blazers,2018,33,759,246,80,196,55,76,31,92,115,25,60,21,1,45,50,90,53.60878661087867,0.07778712737825787,12.3880558805742,NA,NA,NA,NA,NA,NA,NA,NA,NA,NA
Corey Henderson,Tulsa Golden Hurricane,2018,31,874,326,99,268,55,70,73,196,67,10,38,18,0,21,40,57,54.55153949129853,0.10240678798215967,12.384050162265241,2.6,0.117,2.5,1.8,0.7,0.541,290,0.261,0.731,18.7
Micah Peavy,TCU Horned Frogs,2023,35,633,210,78,207,38,59,16,60,94,40,37,30,22,32,71,54,45.07211538461539,0.05885381564376901,12.381527640920444,1.5,0.096,2.7,-0.4,3.1,0.447,213,0.285,0.29,20.6
Antonio Green,Middle Tennessee Blue Raiders,2020,31,994,392,127,348,62,75,76,230,100,10,82,36,3,64,73,90,51.44356955380578,0.11064351267814433,12.376891004873071,1.9,0.075,-3.4,-1.5,-2,0.511,373,0.216,0.661,22
Cedrick Lang,UTEP Miners,2012,32,711,200,77,126,46,82,0,0,154,56,20,11,16,42,96,98,61.6979269496545,0.07722420305945157,12.364923791229808,2.1,0.118,0.3,-0.7,1.1,0.606,197,0.651,0,16.5
Kellen Amos,Rice Owls,2025,32,754,277,87,193,88,133,15,59,109,24,77,18,11,78,61,85,55.06520356234097,0.09434665466118641,12.34288763587813,1.3,0.069,-0.9,-1,0.1,0.541,285,0.689,0.306,22.7
Arden Conyers,Charlotte 49ers,2026,34,625,239,78,189,30,36,53,148,50,12,15,8,7,21,39,38,58.338215192345245,0.07022762338505366,12.340644885565247,1.3,0.082,-0.3,1.8,-2,0.58,202,0.19,0.783,19.4
Dre Davis,Louisville Cardinals,2022,32,600,222,85,199,41,55,11,53,91,41,25,17,15,41,62,50,49.73118279569893,0.0819443642752218,12.333662569756896,1.1,0.07,0.7,-0.3,1,0.493,220,0.276,0.266,22.9
Jalen Benjamin,UAB Blazers,2021,29,610,268,87,246,40,51,54,164,36,5,45,22,0,35,33,31,49.918045000745046,0.05641501455576779,12.330333315939663,NA,NA,NA,NA,NA,NA,NA,NA,NA,NA
Malique Trent-Street,TCU Horned Frogs,2016,33,852,347,117,301,80,128,33,131,89,10,82,63,8,84,91,79,48.555916265532296,-0.13277579882491097,12.329361769844493,NA,NA,NA,NA,NA,NA,NA,NA,NA,NA
Joseph Venzant,Liberty Flames,2023,36,761,150,60,96,24,41,6,24,181,64,16,18,5,16,87,117,65.76639775517363,0.08265493597470933,12.328603306643966,3.3,0.171,0.2,-1.1,1.3,0.649,169,0.427,0.25,9.4
Wilson Dubinsky,Marshall Thundering Herd,2026,32,600,159,48,136,24,31,39,105,101,35,39,16,0,14,50,66,53.127506014434644,0.07178710223024033,12.32457027594493,1.5,0.099,-0.4,0.8,-1.2,0.527,172,0.228,0.772,13.4
JT Sulton,Middle Tennessee Blue Raiders,2013,34,677,211,74,159,63,88,0,2,134,47,14,19,21,41,85,87,53.358284442646166,0.07387860830269107,12.32217031586405,2.5,0.15,0.9,-1.1,2,0.525,204,0.553,0.013,18.4
Pierria Henry,Charlotte 49ers,2012,30,845,201,68,165,51,93,14,43,102,34,96,72,11,67,83,68,48.8053613053613,0.12547877135949623,12.317880964428836,1.7,0.079,2.2,-1.8,4.1,0.48,234,0.564,0.261,16.4
Skyy Clark,Louisville Cardinals,2024,32,925,384,127,308,83,107,47,133,89,8,87,30,4,88,71,81,54.0723217303143,0.15549955574393434,12.313350353810455,0.9,0.04,-0.7,-0.2,-0.5,0.535,374,0.347,0.432,24.1
Rondale Watson,Marshall Thundering Herd,2018,36,642,194,74,164,23,35,23,64,89,28,33,26,7,30,59,61,54.06911928651059,0.056802341989033764,12.312070117674958,1.3,0.083,-0.1,-0.9,0.8,0.537,195,0.213,0.39,15.6
Kelvin Penn,Florida Atlantic Owls,2015,28,754,142,61,110,20,37,0,0,175,78,24,19,37,35,93,97,56.22426354133672,0.15277582551484079,12.311995291292233,2,0.103,-1.1,-1.8,0.8,0.553,176,0.333,0,11.6
Jamee Crockett,DePaul Blue Demons,2013,32,641,243,85,228,48,68,25,94,101,31,35,29,10,40,70,70,47.107630272952846,0.20813857821350726,12.311637023981675,1,0.062,0.3,0.5,-0.2,0.467,234,0.298,0.412,22.5
Damion Baugh,TCU Horned Frogs,2022,34,975,330,121,289,61,93,27,100,138,16,139,41,6,103,39,122,50.0121241513094,0.18883558119747412,12.309902714255331,2.3,0.095,3.9,1.3,2.6,0.495,354,0.322,0.346,22.5
Jordan Clarkson,Tulsa Golden Hurricane,2011,32,672,310,97,224,96,121,20,66,56,11,52,20,3,78,62,45,55.90823834944453,0.06794869340532368,12.308421678627019,1.6,0.093,0.1,-0.1,0.1,0.551,294,0.54,0.295,27.6
Trency Jackson,Western Kentucky Hilltoppers,2014,32,598,245,80,199,65,104,20,62,57,19,43,23,2,44,51,38,50.04902761889197,0.08232020010193948,12.304938704862156,1.4,0.094,-1.1,-1.6,0.5,0.493,237,0.523,0.312,24.8
David Booker,Tulane Green Wave,2011,30,667,210,77,147,54,80,2,12,113,60,12,10,7,30,86,53,57.628979143798034,0.05968571227476182,12.298855915456821,1.9,0.116,-3.4,-1.7,-1.7,0.568,207,0.544,0.082,16.9
Ebby Asamoah,Delaware Blue Hens,2022,35,794,231,66,163,47,54,52,133,116,14,23,25,14,27,80,102,61.844077961019494,0.08809894285647545,12.291825033200071,2.3,0.117,1,0.8,0.2,0.612,211,0.331,0.816,14.2
Jamel King,Kennesaw State Owls,2024,31,650,238,79,193,38,52,42,123,82,19,14,16,16,28,68,63,55.12321660181583,0.06032754127356406,12.290351749173585,1.3,0.078,-4.1,-2.3,-1.8,0.547,209,0.269,0.637,17.3
Dylan Osetkowski,Tulane Green Wave,2015,31,687,194,77,152,34,71,6,12,149,68,26,18,10,40,76,81,52.93604016590264,0.09779412600221313,12.287231531382599,1.9,0.108,-0.5,-0.8,0.3,0.522,201,0.467,0.079,17.5
Adrick McKinney,TCU Horned Frogs,2013,32,765,240,84,188,72,139,0,0,205,77,27,18,14,52,75,128,48.16182372772516,0.18731862174223887,12.280612446794304,1.5,0.08,-1,-0.9,-0.1,0.472,246,0.739,0,22.2
Spencer Rodgers,Kennesaw State Owls,2022,31,910,324,114,302,37,51,59,170,127,7,75,35,7,56,53,120,49.932190851929484,0.114256855598419,12.276182957141817,1.9,0.085,-2.8,-1.5,-1.4,0.497,312,0.169,0.563,21.4
Ryan Kreklow,Missouri State Bears,2017,33,584,209,70,157,27,31,42,102,60,15,22,19,2,34,57,45,61.2400375058603,0.07284693247187639,12.274838592919693,1.7,0.114,1.1,0.7,0.4,0.612,186,0.199,0.647,18.1
Dashon Gittens,Florida International Panthers,2023,32,658,208,79,162,31,49,19,53,72,21,42,29,8,43,68,51,56.657223796033996,0.05678923892674852,12.265339120609752,1.3,0.076,-1.9,-1.8,-0.1,0.561,208,0.302,0.327,17.4
Christian Cook,New Mexico State Aggies,2025,32,999,408,149,388,41,54,69,188,79,8,42,22,8,24,54,71,49.54342335340976,0.09945653456319714,12.263966440550478,2.8,0.112,0.9,0.6,0.3,0.493,358,0.139,0.485,22.1
Jailan Haslem,Charlotte 49ers,2018,29,505,141,57,98,27,50,0,0,128,60,8,4,13,31,80,68,58.75,-0.014707859830638336,12.260938497776843,0.9,0.07,-4.6,-2.7,-2,0.579,154,0.51,0,14.9
Joey Hauser,Marquette Golden Eagles,2019,34,992,329,106,237,72,91,45,106,180,30,82,12,3,70,94,150,59.37770719029742,0.1405677173256656,12.260122450900605,3.1,0.125,3.3,1.6,1.8,0.587,339,0.384,0.447,17.6
Tosin Mehinti,UAB Blazers,2017,33,618,185,69,141,47,63,0,0,138,53,30,10,33,58,82,85,54.824561403508774,0.060711586267586284,12.257280742178148,NA,NA,NA,NA,NA,NA,NA,NA,NA,NA
Jamari Sibley,UTEP Miners,2022,34,677,175,68,148,23,34,16,46,131,31,25,11,34,28,55,100,53.69415807560137,0.06424283189153582,12.250879774491418,1.8,0.108,-0.1,-1,0.9,0.533,176,0.23,0.311,14.9
Josh Parrish,Rice Owls,2019,32,554,176,64,127,41,69,7,34,79,22,31,19,15,40,53,57,55.92272496187086,0.060148384393807756,12.249234910384859,0.9,0.068,-1.7,-1.5,-0.2,0.551,174,0.543,0.268,17.7
D.J. Foreman,Saint Louis Billikens,2018,33,619,220,87,139,46,91,0,1,108,37,27,11,10,55,80,71,61.43878462913316,0.25705572526556897,12.242912840848618,1.3,0.086,-1.4,-2.3,0.9,0.604,202,0.655,0.007,20
Jordan Callahan,Tulane Green Wave,2013,35,1058,372,128,331,35,52,81,216,90,14,68,46,1,41,79,76,52.56018989487961,0.10124492969922108,12.241267949683495,3.1,0.117,2.3,1.7,0.6,0.523,338,0.157,0.653,19.2
Mikel Beyers,Marshall Thundering Herd,2022,33,640,220,72,189,49,56,27,98,104,16,42,25,14,49,48,88,51.48848530237784,0.060168333709602284,12.234973709897327,1,0.064,-1.2,-1.3,0.1,0.51,214,0.296,0.519,19.6
Elias King,Middle Tennessee Blue Raiders,2024,33,1068,409,144,359,55,79,66,202,148,30,29,23,21,56,55,118,51.93518894758229,0.19055689407569948,12.232416217745719,2.1,0.08,-1,-0.2,-0.9,0.516,367,0.22,0.563,21.9
Andrew Taylor,Marshall Thundering Herd,2020,32,736,233,84,213,27,38,38,111,106,12,73,42,4,55,59,94,50.71391258923907,0.10414079119468482,12.230922323148993,1.7,0.091,0.1,-1.6,1.7,0.504,238,0.178,0.521,18
Caleb Blackwell,UTEP Miners,2026,31,851,296,108,264,32,46,48,132,74,6,81,36,2,47,68,68,52.06867435969603,0.1413135079847071,12.229677869668247,1.5,0.073,-1.1,-1,-0.1,0.518,291,0.174,0.5,20.5
Kamdyn Curfman,Marshall Thundering Herd,2023,32,1132,367,118,296,28,36,103,255,76,16,96,34,0,55,51,60,58.84427911749616,0.11354824841889123,12.22254392733861,3.2,0.112,0.8,1.1,-0.3,0.586,346,0.122,0.861,15.3
Kendall Timmons,Tulane Green Wave,2013,35,1041,300,86,218,119,174,9,30,158,49,76,45,9,65,69,109,50.923411189570885,0.1133640743729556,12.219466719177928,2.6,0.101,0.6,-0.1,0.8,0.501,321,0.795,0.137,18
Montre' Gipson,Charlotte 49ers,2023,36,1077,262,96,206,28,34,42,87,129,33,71,38,1,34,52,96,59.286748732802316,0.0969024129759678,12.218751602585627,3.5,0.13,2.4,1.3,1.2,0.59,278,0.165,0.422,14.1
Jarrey Foster,SMU Mustangs,2016,30,522,147,55,127,24,48,13,40,101,42,40,10,11,28,48,59,49.6219281663516,0.039947654488496374,12.201894259341705,1.6,0.125,2.5,1.1,1.4,0.491,162,0.378,0.315,17.2
Christian Kirk,Missouri State Bears,2013,33,798,279,122,234,35,67,0,0,134,61,22,14,2,40,91,73,52.94519508122059,0.12916349787982653,12.199217919572874,1.6,0.082,-2.3,-0.7,-1.6,0.525,268,0.286,0,21.8
Jaden Henley,DePaul Blue Demons,2024,32,781,275,89,204,83,110,14,52,85,26,43,28,6,56,49,59,54.477020602218694,0.07400893128085771,12.195514090854552,0.2,0.012,-1.7,-0.6,-1.1,0.537,271,0.539,0.255,21.2
Bandja Sy,New Mexico State Aggies,2013,35,1237,415,150,363,87,128,28,98,256,76,49,25,21,82,55,180,49.48488028236192,0.16730301103245285,12.193669949302338,3.4,0.11,1,0.8,0.2,0.49,407,0.353,0.27,21.1
Jayden Pierre,TCU Horned Frogs,2026,35,1065,355,129,309,45,55,52,148,75,12,98,35,10,45,93,63,53.27130852340937,0.09775045574596779,12.192172378428964,2.7,0.1,3.1,0.2,2.9,0.53,342,0.178,0.479,17.5
Worrel Clahar,DePaul Blue Demons,2013,32,792,234,80,196,54,75,20,75,111,15,106,42,4,68,81,96,51.09170305676856,0.10426130231318997,12.191877892052062,1.3,0.065,0.1,-0.6,0.7,0.505,256,0.383,0.383,18.1
Cedrick Lang,UTEP Miners,2014,34,762,215,74,145,67,114,0,0,179,65,26,12,8,38,93,114,55.08300881328141,0.0742504528633602,12.191647760872778,2.5,0.132,-0.5,-1.1,0.6,0.54,226,0.786,0,16.5
Collin Smith,UCF Knights,2019,33,728,264,95,212,65,103,9,33,172,45,48,18,9,65,103,127,51.29799471475206,0.072041324226167,12.19055466739798,2,0.107,0.6,-1.6,2.2,0.506,274,0.486,0.156,23.4
Bobby Parker,Kennesaw State Owls,2019,32,617,238,90,230,20,29,38,110,84,14,34,16,4,32,24,70,49.01960784313726,0.16461214092832413,12.189978632183585,0.7,0.045,-1.1,0.4,-1.4,0.488,214,0.126,0.478,21.4
Najja Hunter,Rice Owls,2018,31,529,191,71,164,36,60,13,42,92,36,33,18,9,48,40,56,50.15756302521008,0.06200258558492599,12.159811407533233,0.6,0.042,-2.2,-1.3,-0.9,0.495,193,0.372,0.256,22.6
Josh Brinkley,Delaware Blue Hens,2013,33,723,225,81,159,63,92,0,1,121,59,8,4,14,30,74,62,56.39663124122719,0.10645610942313923,12.157340655854883,1.8,0.099,-1.9,-0.3,-1.6,0.555,222,0.579,0.006,16.5
Davell Roby,Saint Louis Billikens,2017,33,1068,386,120,298,90,123,56,146,105,17,114,25,6,75,92,88,54.81085993411337,0.1682514906037554,12.155965998316017,2.1,0.079,-0.2,0.3,-0.5,0.541,388,0.413,0.49,21.9
Macon Emory,Delaware Blue Hens,2026,31,1150,350,129,302,49,65,43,151,205,43,38,35,19,53,85,162,52.93405928614639,0.1294712442336853,12.153824208128903,1.5,0.053,-3.5,-2.1,-1.4,0.526,342,0.215,0.5,19.1
Tae Hardy,Southern Miss Golden Eagles,2021,25,689,252,89,212,52,68,22,62,62,5,60,32,4,51,53,57,52.08333333333333,0.11004306003847239,12.152211787496352,1.6,0.096,-0.7,-1.6,0.9,0.516,246,0.321,0.292,22.3
Austin Ramljak,Rice Owls,2014,30,878,335,101,256,44,64,89,225,71,9,36,19,1,34,62,62,58.94566441441441,0.1129028254071025,12.142486054290394,1.9,0.087,0.4,1.5,-1.1,0.585,280,0.25,0.879,20.1
Chris Youngblood,Kennesaw State Owls,2021,24,776,297,105,265,37,44,50,151,78,9,42,19,13,40,52,69,52.2225348150232,0.17168743474678955,12.132994048237418,1.8,0.094,-2.6,-1.5,-1,0.519,275,0.166,0.57,21.3
Albert Almanza,Sam Houston Bearkats,2016,34,740,224,75,185,23,28,51,131,138,30,34,13,5,20,87,108,56.76059193188729,0.1044098187867687,12.127279843780164,2.2,0.119,-0.8,-0.2,-0.7,0.572,207,0.151,0.715,14.6
Connor Crabtree,Tulane Green Wave,2019,31,626,212,65,150,53,66,29,79,59,13,34,19,6,36,53,46,59.204647006255584,0.09027456520691603,12.119075024518281,1.1,0.071,-0.7,-1,0.3,0.585,195,0.44,0.527,17
Jalen Terry,DePaul Blue Demons,2024,32,644,196,65,156,24,28,42,93,92,14,58,22,3,48,41,78,58.22243346007605,0.25415916777188174,12.118289467687262,0.3,0.021,0.5,1.2,-0.7,0.579,198,0.179,0.596,17.9
Trevian Tennyson,TCU Horned Frogs,2024,34,823,287,98,235,29,34,62,148,76,8,63,30,5,51,65,68,57.40918546967515,0.08274733534545652,12.107274550759387,2.1,0.101,3,1.1,2,0.571,259,0.145,0.63,17.6
Connor Frizzelle,Rice Owls,2011,31,855,332,109,281,80,87,34,109,55,9,45,42,0,52,43,46,51.991981959408676,0.09969084590053598,12.10443495986683,1.9,0.084,0.6,0.4,0.2,0.51,307,0.313,0.399,23.4
Rod Rucker,UAB Blazers,2014,31,918,328,114,303,99,142,1,8,212,62,63,13,12,61,67,150,44.87249644303382,0.1096562078775019,12.09747195628962,NA,NA,NA,NA,NA,NA,NA,NA,NA,NA
Kendric Davis,TCU Horned Frogs,2019,37,633,233,79,193,60,85,15,47,62,12,75,33,1,59,58,50,50.56423611111111,0.0639646910239956,12.083882767242482,1.3,0.083,1.6,-0.9,2.5,0.499,242,0.44,0.244,23.1
Jalen Speer,Marshall Thundering Herd,2025,33,895,336,116,302,33,41,71,202,69,14,79,28,1,44,85,55,52.493438320209975,0.12357136430935363,12.074362940169284,2.1,0.096,-1.4,-0.9,-0.5,0.523,318,0.136,0.669,20
Georgie Pacheco-Ortiz,Liberty Flames,2017,34,1050,294,92,221,71,86,39,97,108,13,88,27,1,38,45,95,56.79184051923968,0.15485624132635062,12.073293912294499,3.3,0.121,-0.5,-0.1,-0.3,0.559,319,0.382,0.439,16.5
Jordan McCoy,Florida Atlantic Owls,2013,31,799,166,60,116,46,83,0,0,188,74,11,17,22,27,61,114,54.41909257802256,0.09508323793758547,12.0729043720697,2.1,0.1,-0.8,-0.5,-0.3,0.535,184,0.7,0,11.8
Kaden Rickard,Kennesaw State Owls,2026,35,695,204,67,166,50,91,20,61,90,31,79,36,15,55,87,59,49.504950495049506,0.04294858096186333,12.06827369168984,1.3,0.075,-2.2,-3.4,1.2,0.488,232,0.548,0.367,17.7
Tweety Knight,Middle Tennessee Blue Raiders,2014,33,923,227,76,173,71,122,4,25,108,20,152,66,3,92,86,88,50.07058408328922,0.11144639448199979,12.063586102491895,NA,NA,NA,NA,NA,NA,NA,NA,NA,NA
Alex Robinson,TCU Horned Frogs,2018,33,992,300,112,254,53,92,23,70,92,13,190,36,8,101,70,79,50.937245313773424,0.12982625458739633,12.063000055642148,1.7,0.068,1.5,0.6,0.9,0.504,371,0.362,0.276,19.9
Kyle Anderson,Delaware Blue Hens,2015,30,788,332,116,313,46,56,54,170,92,12,46,17,8,45,51,80,49.16479090155195,0.1601615217639545,12.053641331311816,1,0.051,-2.3,-0.3,-2.1,0.489,298,0.179,0.543,25.7
Efrem Johnson,UAB Blazers,2024,35,1050,380,130,303,64,78,56,156,78,21,58,13,7,45,56,57,56.326337009367954,0.09128223873734355,12.051223260501203,NA,NA,NA,NA,NA,NA,NA,NA,NA,NA
Cedrick Lang,UTEP Miners,2013,32,681,182,68,118,46,85,0,0,171,53,13,12,12,33,96,118,58.55855855855856,0.06550363998933802,12.041028981346757,2.2,0.127,-0.5,-1.4,0.8,0.575,181,0.72,0,16
Jamar Briscoe,Charlotte 49ers,2011,30,968,362,119,301,79,99,45,127,112,11,87,44,0,86,67,101,52.53076387276526,0.20386178261882723,12.0360329547066,1.8,0.074,-0.2,-0.4,0.1,0.52,354,0.329,0.422,23.7
Tydus Verhoeven,UTEP Miners,2021,24,591,117,52,83,13,21,0,0,105,47,26,17,21,28,68,58,63.42150910667823,0.07912668026141358,12.03197974472649,1.8,0.12,0.1,-1.3,1.4,0.629,136,0.253,0,10.4
Jaden Ray,Sam Houston Bearkats,2022,33,918,273,104,250,36,44,29,89,86,10,130,42,3,68,55,76,50.67567567567567,0.1647448380497382,12.029229962498102,2.7,0.119,0.2,-1,1.2,0.504,304,0.176,0.356,18.6
Donnavan Kirk,DePaul Blue Demons,2013,32,791,192,78,159,24,34,12,31,121,40,14,11,50,23,65,81,55.185100022993794,0.1792100207099146,12.029015506914126,1.4,0.071,1.2,0.8,0.4,0.548,179,0.214,0.195,12
Ray Ona Embo,Tulane Green Wave,2018,31,960,294,101,234,46,64,46,126,93,14,95,23,5,47,73,79,56.0726274031126,0.11931882744062138,12.023787144492355,2.1,0.086,0.4,0.3,0.1,0.556,297,0.274,0.538,16.4
Brandon Parrish,TCU Horned Frogs,2017,39,728,232,83,193,17,27,49,133,101,23,22,16,8,18,65,78,56.61850839515814,0.057875409061908925,12.012542733406281,2,0.112,3.9,2.4,1.6,0.564,199,0.14,0.689,15.4
Marquan Botley,Florida Atlantic Owls,2015,28,924,374,126,340,71,91,51,150,61,11,107,12,1,57,46,50,49.20534680559941,0.23211374015579397,12.004338308207876,2,0.083,-1.4,1.7,-3.2,0.484,397,0.276,0.445,25.9
Jalen Smith,SMU Mustangs,2024,33,702,196,64,152,27,38,41,108,69,19,56,26,7,37,37,50,58.08440018966334,0.07239439089012031,12.000825477017061,1.9,0.107,2.5,0.8,1.7,0.576,193,0.25,0.711,14.1
Alex Lomax,Memphis Tigers,2022,33,751,172,57,134,48,66,10,31,86,14,114,48,9,69,54,72,52.74779195289499,0.11363839946725962,11.984667630729856,1.8,0.097,3.9,0.2,3.8,0.52,214,0.493,0.231,14.9
Shavar Richardson,Florida Atlantic Owls,2012,29,566,217,75,185,41,48,26,93,55,7,23,19,4,29,44,48,52.639239278090436,0.07632258820629474,11.981320519489232,1.3,0.09,-0.1,-0.3,0.3,0.523,194,0.259,0.503,22
Antwan Burrus,Liberty Flames,2011,30,669,192,73,153,46,68,0,0,124,65,11,9,36,40,68,59,52.48195932648152,0.056896562594909404,11.976485443211583,1.9,0.108,-2.8,-2.6,-0.2,0.52,204,0.436,0,17
Jaehshon Thomas,Charlotte 49ers,2025,33,870,315,107,255,62,77,39,106,109,18,42,19,2,42,71,91,54.520908335641096,0.1050996739111923,11.966140465554348,1.3,0.06,-2.8,-1.1,-1.7,0.54,291,0.302,0.416,20.6
Alex Peterson,Kennesaw State Owls,2021,24,623,175,73,134,29,61,0,3,139,47,12,16,10,41,38,92,54.40189007709525,0.16732634869057275,11.965401857037293,1.2,0.079,-3.5,-2.5,-1,0.537,175,0.455,0.022,16.6
Jarvis Ray,TCU Horned Frogs,2014,31,841,289,116,261,52,77,5,33,134,43,40,40,13,55,94,91,49.002984264785674,0.1304248061549416,11.961508972725584,0.9,0.042,-0.6,-1.8,1.2,0.486,282,0.295,0.126,22.4
Gabriel McCulley,UTEP Miners,2011,35,726,214,71,160,59,85,13,41,147,44,35,23,12,41,110,103,54.20466058763931,0.06160939049779251,11.960405993313318,2.4,0.133,0.6,-1.5,2.2,0.534,223,0.531,0.256,17.5
Shaquille Johnson,Marshall Thundering Herd,2012,35,975,321,101,253,87,112,32,112,122,28,65,33,8,53,92,94,53.09646685192537,0.08643725137273489,11.958927989899957,2.8,0.114,2.8,1.1,1.7,0.524,311,0.443,0.443,18.2
Brian Williams,Jacksonville State Gamecocks,2014,31,951,325,113,301,76,125,23,95,96,16,101,28,9,47,36,80,45.646067415730336,0.14962441231566193,11.95671163340961,1.1,0.048,-3.3,-1.2,-2.1,0.451,334,0.415,0.316,22.9
Caleb Daniels,Tulane Green Wave,2018,31,550,193,60,140,52,65,21,53,66,20,44,7,10,35,82,46,57.23606168446026,0.03176738777950338,11.955461694210756,1.2,0.09,-0.7,-0.3,-0.3,0.565,194,0.464,0.379,18.9
Kore White,Florida Atlantic Owls,2012,29,656,218,88,205,35,53,7,24,126,46,13,18,38,46,71,80,47.74001401541696,0.15198499444130661,11.955231234838639,1,0.057,-2.1,-2.7,0.6,0.47,210,0.262,0.119,22
Kareem Canty,Marshall Thundering Herd,2014,33,1211,538,187,502,99,136,65,214,74,25,180,24,3,121,54,49,47.87839954435426,0.14329219631462004,11.954277803998062,1.8,0.061,-2.6,0.7,-3.3,0.475,566,0.271,0.426,27.4
Eric Lovett,Florida International Panthers,2020,32,643,273,92,239,25,40,64,176,93,16,25,8,6,41,45,77,53.19563522992985,0.06740261343682094,11.951744890702809,1.4,0.086,-1.7,0.7,-2.3,0.529,240,0.167,0.736,21.9
Cameron Sheffield,Rice Owls,2023,35,1082,267,80,186,63,82,44,118,214,52,44,29,11,50,66,162,60.11347262247839,0.10172545962439526,11.947739656899799,2.4,0.089,-0.2,0.4,-0.7,0.593,278,0.441,0.634,12.9
Kasey Wilson,UCF Knights,2015,30,680,225,78,188,42,62,27,82,142,38,30,11,16,42,73,104,52.257525083612045,0.12602825194795378,11.947420880798546,1.2,0.069,-1.9,-0.6,-1.4,0.517,219,0.33,0.436,20.5
Greg Hill,TCU Horned Frogs,2011,33,592,217,61,169,51,62,44,114,57,10,32,20,2,30,49,47,55.27817403708987,-0.1716058219609002,11.941687141036509,1.4,0.095,1.7,1.3,0.4,0.547,199,0.367,0.675,20
Milos Supica,Charlotte 49ers,2019,29,652,218,84,160,50,73,0,0,136,33,28,18,15,61,82,103,56.735373724755355,0.37152592642583754,11.938169036158353,1.1,0.066,-4,-3.6,-0.4,0.56,217,0.456,0,21.6
Ryan Allen,Delaware Blue Hens,2022,35,983,380,130,326,58,84,62,186,68,13,61,28,10,58,52,55,52.34736610094777,0.10048474609025485,11.93330447857792,1.8,0.074,-1.9,0,-1.8,0.519,359,0.258,0.571,22.6
JR  Coronado,Liberty Flames,2013,36,879,178,66,137,46,84,0,0,295,88,21,15,26,44,91,207,51.16118647965049,0.18729438003657192,11.928390494199762,2,0.089,-3.2,-2.3,-0.9,0.503,207,0.613,0,13.1
Max Guercy,Rice Owls,2013,30,947,283,91,223,60,75,41,111,79,19,75,45,1,53,53,60,55.2734375,0.1345778911630521,11.927855715215088,1.4,0.056,-1.6,0,-1.6,0.547,301,0.33,0.502,18.8
D.D. Scarver,Marshall Thundering Herd,2013,32,844,382,121,334,75,95,65,199,65,15,51,22,7,59,58,50,50.82490686535392,0.17462098990086106,11.9266351258982,1.6,0.076,-0.6,1.1,-1.7,0.504,340,0.284,0.596,25
Terrell Burden,Kennesaw State Owls,2021,24,532,183,68,152,44,71,3,21,58,15,55,24,4,49,35,43,49.93451211525867,0.09128822791398618,11.911040890955219,0.9,0.068,-4,-3.5,-0.5,0.493,195,0.467,0.138,22.4
Dylan Brumfield,Southern Miss Golden Eagles,2026,35,1091,295,96,221,99,135,4,24,144,34,108,45,12,67,112,110,52.603423680456494,0.13236434949496134,11.907650713454263,2.3,0.086,-2.8,-3.1,0.3,0.517,329,0.611,0.109,15.9
Malcolm Drumwright,Jacksonville State Gamecocks,2017,35,1158,439,155,372,66,83,63,176,83,9,135,21,8,86,95,74,53.7305395084696,0.10680693545317732,11.907385486100633,2.6,0.09,-1.9,0,-1.9,0.534,442,0.223,0.473,22.8
Jalen Johnson,Saint Louis Billikens,2018,33,896,301,91,217,67,86,52,132,127,30,22,12,21,42,76,97,59.056663004237954,0.17023517707118166,11.903990850470835,2.6,0.115,1.5,0.7,0.7,0.584,266,0.396,0.608,17.5
Jordan Nesbitt,Saint Louis Billikens,2022,35,906,288,95,243,63,91,35,104,149,50,42,28,12,41,90,99,50.87620124364047,0.06709127807678429,11.90071488542548,2.7,0.12,1.6,0,1.7,0.503,286,0.374,0.428,17.9
Adonys Henriquez,UCF Knights,2015,30,1050,323,107,250,44,56,65,165,99,21,64,19,6,46,29,78,58.80425284008156,0.05481920257982658,11.900326038366508,2,0.078,0.4,2.2,-1.8,0.584,303,0.224,0.66,16.5
Charles Carmouche,Memphis Tigers,2011,35,791,237,73,182,57,84,34,87,104,18,54,40,9,42,94,86,54.119473876507115,0.08334797026587487,11.894582592478562,2.3,0.115,2.7,-0.1,2.8,0.534,231,0.462,0.478,16.4
Sterling Taplin,Tulsa Golden Hurricane,2019,32,855,306,94,246,86,131,32,94,85,6,131,23,1,75,66,79,50.38861810038203,0.10280210170923224,11.891512602540834,1.6,0.073,-0.6,-0.4,-0.2,0.496,342,0.533,0.382,23.2
Milos Supica,Charlotte 49ers,2018,29,568,172,71,143,30,61,0,1,136,61,10,8,11,37,47,75,50.635892604804525,-0.0151199549120343,11.883302383888328,0.6,0.041,-5.5,-2.8,-2.7,0.5,183,0.427,0.007,18.1
Jaylen Johnson,Louisville Cardinals,2016,31,541,156,70,151,14,26,2,10,109,50,14,10,10,17,61,59,48.01772962324551,0.047057589258799215,11.876124593951516,1.8,0.134,2.5,0.2,2.3,0.478,159,0.172,0.066,16.7
Justin Edmonds,Marshall Thundering Herd,2015,32,713,303,98,253,53,87,54,153,81,18,40,24,3,56,50,63,52.01180994232354,0.09442488610798598,11.875670711294699,1.3,0.074,-0.4,0.6,-1,0.515,275,0.344,0.605,23.9
Eternity Eguagie,Rice Owls,2026,31,538,186,60,141,50,80,16,41,88,29,16,11,10,27,56,59,52.78093076049943,0.04287917368599906,11.866725791175357,1,0.077,-4.1,-2.9,-1.2,0.52,176,0.567,0.291,18.9
Petar Krivokapic,Florida International Panthers,2023,32,715,220,68,159,33,44,51,126,96,15,17,15,4,27,36,81,61.673020856694315,0.09284892732606473,11.86392047586874,1.6,0.092,-0.4,1,-1.4,0.611,197,0.277,0.792,14.6
Ovie Soko,UAB Blazers,2012,31,847,249,94,201,60,101,1,6,205,73,51,28,13,73,104,132,50.725228161668845,0.12262473782241029,11.85394703640555,NA,NA,NA,NA,NA,NA,NA,NA,NA,NA
Jared Savage,Western Kentucky Hilltoppers,2019,34,1213,415,127,349,81,99,80,222,163,16,42,33,14,43,86,147,52.85816180965966,0.12769447407338308,11.852297639573498,3.2,0.107,1,0.5,0.5,0.524,375,0.284,0.636,18.4
Dirk Williams,UAB Blazers,2017,33,948,345,121,297,42,53,61,177,112,16,53,14,9,47,53,96,53.85239760239761,0.0954448940752936,11.843691813699794,NA,NA,NA,NA,NA,NA,NA,NA,NA,NA
Steve Taylor Jr.,Marquette Golden Eagles,2015,32,707,188,80,166,20,40,8,31,161,62,14,17,5,29,46,99,51.19825708061002,0.12811986119885702,11.834973319538891,1.4,0.079,0.3,0.3,0,0.508,186,0.241,0.187,16.3
Tydus Verhoeven,UTEP Miners,2022,34,780,206,86,168,34,50,0,2,144,47,35,23,32,49,95,97,54.21052631578947,0.0844052909261683,11.822451082354876,2,0.101,-1.4,-2.7,1.3,0.537,219,0.298,0.012,16.2
Tim Peete,Tulsa Golden Hurricane,2014,34,757,180,62,139,39,55,17,53,112,24,58,36,5,41,51,88,55.14705882352941,0.09515659323589082,11.819582858325461,2.1,0.109,3.4,0.1,3.3,0.545,192,0.396,0.381,13.7
Jimario Rivers,Memphis Tigers,2018,34,761,220,80,165,55,76,5,15,115,45,61,20,17,58,84,70,55.432372505543235,0.08785836826472883,11.807095539302978,1.5,0.077,-0.5,-0.9,0.4,0.547,238,0.461,0.091,17.5
Tyrik Dixon,Middle Tennessee Blue Raiders,2017,36,905,203,73,177,32,49,25,63,105,11,119,45,4,46,71,94,51.11804995970991,0.07207544080339409,11.806899391527509,2.8,0.124,2.6,-0.5,3.1,0.507,242,0.277,0.356,14.3
Reggie Agbeko,Saint Louis Billikens,2017,33,822,285,112,208,60,111,1,1,223,65,26,11,16,80,103,158,55.482012147640546,0.16395902942090082,11.797236478617267,1.1,0.051,-4.2,-3.6,-0.6,0.547,274,0.534,0.005,22.4
Scotty Middleton,Tulane Green Wave,2026,33,847,229,80,201,17,23,52,141,133,35,40,17,26,25,82,98,54.234558544903365,0.08469888488991523,11.793272046379212,1.5,0.07,-1.7,-0.9,-0.8,0.54,227,0.114,0.701,14.7
Calvin Newell,UCF Knights,2014,31,839,304,104,275,65,101,31,114,70,21,86,51,2,72,52,49,47.58327072376659,0.09000025394110836,11.786679210370508,1.2,0.059,-0.7,-1.3,0.6,0.471,311,0.367,0.415,22.9
Caleb Hollenbeck,Marshall Thundering Herd,2026,32,554,181,61,151,5,12,54,136,50,18,33,9,0,14,49,32,57.908881494753004,0.030645664374546924,11.785971718146728,1.2,0.087,-3.5,-0.9,-2.6,0.578,168,0.079,0.901,15
Brandon Goodwin,UCF Knights,2015,30,1013,307,108,247,74,122,17,65,117,36,127,37,4,88,59,81,51.050951177331385,0.15211593605371368,11.763501718684129,1.3,0.051,-1.8,-0.3,-1.5,0.503,348,0.494,0.263,20.9
Reggie Agbeko,Saint Louis Billikens,2016,32,778,205,81,142,41,65,0,0,197,60,9,17,12,48,73,137,60.082063305978906,0.12894539599394264,11.76302577475967,1.6,0.083,-1.2,-1.5,0.3,0.587,202,0.458,0,14.8
Darius McGhee,Liberty Flames,2020,34,1121,323,108,247,39,47,68,176,135,7,57,30,3,38,52,128,60.3332337118948,0.15804210402365243,11.762988915675145,4.7,0.168,1.6,0.4,1.2,0.6,296,0.19,0.713,16
Romeo Weems,DePaul Blue Demons,2020,32,962,255,97,227,34,56,27,74,156,52,53,42,25,52,94,104,50.667620410109684,0.11121437048731414,11.759338007020757,2.1,0.089,3,0.3,2.8,0.503,261,0.247,0.326,15.3
Ashton Williamson,Florida International Panthers,2025,33,798,241,95,241,23,34,28,85,83,15,89,52,6,63,49,68,47.077668385685264,0.0797222906010334,11.759165515190475,1.1,0.056,-2.3,-3.3,1,0.469,252,0.141,0.353,19.9
Adonys Henriquez,UCF Knights,2016,30,824,262,86,219,41,60,49,137,80,20,51,15,3,28,24,60,53.38223308883455,-0.4065819167223476,11.756449285607435,1.8,0.089,1.2,1.4,-0.2,0.529,250,0.274,0.626,16.9
Justin Bufford,Middle Tennessee Blue Raiders,2023,33,649,147,49,117,23,33,26,65,66,19,16,29,28,17,39,47,55.88503649635036,0.05520037520752045,11.75069037493939,1.8,0.111,3.6,1,2.6,0.554,139,0.282,0.556,11.9
Kosta Jankovic,Kennesaw State Owls,2018,30,525,175,68,148,31,42,8,24,81,23,39,4,4,33,38,58,52.558865929841424,0.11703024558063368,11.74427680336192,0.7,0.05,-4.6,-2.1,-2.4,0.521,176,0.284,0.162,18.7
Ryan Kemrite,Liberty Flames,2018,37,1139,356,115,259,42,47,84,186,95,16,33,21,2,26,63,79,63.6441647597254,0.115372400955644,11.743482519681745,3.8,0.133,-0.1,0.9,-0.9,0.633,305,0.181,0.718,15.1
Lucas Kuipers,Rice Owls,2012,35,679,213,74,180,30,36,35,95,112,36,21,12,18,28,77,76,54.381127450980394,0.0520333852889462,11.740352331242141,1.8,0.108,-0.6,-0.6,0,0.54,199,0.2,0.528,16.9
Malik Smith,Florida International Panthers,2013,32,1060,451,135,371,85,111,96,265,87,14,41,31,1,66,70,73,53.7109375,0.10999001076345376,11.736582393172492,2.5,0.095,-0.6,1.1,-1.6,0.532,400,0.299,0.714,22.9
Ethan Chargois,SMU Mustangs,2020,30,607,196,68,183,39,59,21,83,106,40,45,17,19,41,58,66,46.8989280245023,0.06539061447399079,11.733330090653835,1.3,0.084,0.9,0.4,0.4,0.464,207,0.322,0.454,21.5
Mike McCall Jr.,Saint Louis Billikens,2011,31,909,323,113,264,56,68,41,112,64,10,93,31,3,66,80,54,54.94692433315187,0.14561942022882116,11.724851361422395,2.4,0.107,1.8,0.5,1.3,0.545,316,0.258,0.424,21.4
Max Guercy,Rice Owls,2015,32,1055,314,101,265,76,88,36,129,86,17,145,49,0,82,73,69,51.69234821546161,0.14785709152457305,11.71927362431484,2.6,0.099,0.1,-0.1,0.2,0.512,364,0.332,0.487,20.7
Ryan Allen,Delaware Blue Hens,2018,33,1072,459,163,401,47,65,86,221,75,8,45,15,6,49,86,67,53.4217877094972,0.11610790775288402,11.718052202052535,1.7,0.064,-2.4,0.2,-2.6,0.531,403,0.162,0.551,23.4
Trevion LaBeaux,East Carolina Pirates,2025,33,659,93,35,72,13,25,10,28,125,50,31,21,31,21,43,75,56.024096385542165,0.06309052766078224,11.71580665801907,1.4,0.086,0.4,-1.1,1.4,0.554,117,0.347,0.389,7.9
Jherrod Stiggers,Houston Cougars,2015,32,1105,439,139,384,65,85,96,280,113,17,79,37,10,89,53,96,52.08827717133365,0.12300656067828107,11.710378402876296,2.4,0.089,1,1.4,-0.4,0.517,405,0.221,0.729,24.2
Ty Hudson,Jacksonville State Gamecocks,2019,33,881,323,107,266,69,82,40,116,90,5,89,32,5,77,73,85,53.46265889830508,0.11172368516377447,11.706211373933316,2.3,0.102,-1.6,-2,0.5,0.531,320,0.309,0.438,20.7
Marcus Harris,Sam Houston Bearkats,2018,36,850,319,93,252,95,122,38,125,93,15,34,31,2,38,77,78,52.17874901858153,0.08526277529192412,11.704834565417238,2.4,0.114,-1.9,-1.8,-0.1,0.515,288,0.484,0.496,20.2
Jalen Gaffney,Florida Atlantic Owls,2024,34,844,191,67,154,32,44,25,64,113,26,83,20,3,33,38,87,55.08767881864328,0.08010950180626729,11.70222583406313,2.1,0.1,2.7,1.3,1.3,0.546,220,0.286,0.416,12.2
Cory Remekun,Saint Louis Billikens,2013,35,598,148,59,101,30,63,0,0,95,38,12,12,38,28,73,57,57.48912367930391,0.05582661761352038,11.691995477842509,2,0.132,3.1,-0.9,4,0.565,146,0.624,0,14.5
Rashad Ray,Tulsa Golden Hurricane,2015,34,913,256,71,212,74,92,40,112,96,9,98,34,1,40,59,87,50.69708491761724,0.11941176062697441,11.678641853476542,3.1,0.134,3.4,0.4,3,0.501,270,0.434,0.528,17.3
Ra'Shawn Langston,Louisiana Tech Bulldogs,2019,33,741,236,79,208,38,48,40,125,63,8,53,24,3,23,50,55,51.5013966480447,0.06464397647022269,11.65482119411283,2.1,0.114,-0.1,-1,0.8,0.511,225,0.231,0.601,17.3
DaJuan Gordon,New Mexico State Aggies,2023,24,615,214,71,185,48,63,24,88,118,34,18,30,6,46,68,84,50.300864986837155,0.09608088149204799,11.651114733570374,1.2,0.08,-1.6,-1.6,0,0.498,209,0.341,0.476,20.7
Kory Holden,Delaware Blue Hens,2015,30,990,360,117,296,102,135,24,64,90,16,144,16,4,95,58,74,50.647158131682616,0.17910962092052893,11.642446465944412,1.1,0.043,-3.6,-0.6,-3.1,0.5,391,0.456,0.216,24.2
Alston Mason,Missouri State Bears,2023,32,838,308,107,274,55,62,39,128,70,11,87,20,1,61,40,59,51.11524163568774,0.12236430590125974,11.639339586868132,2.1,0.099,-2.1,-0.7,-1.4,0.507,312,0.226,0.467,23.5
Koree Cotton,Jacksonville State Gamecocks,2025,36,920,261,84,222,54,68,39,129,115,20,58,42,13,41,79,95,51.80215941568752,0.056190566665878044,11.639040448994688,2.4,0.102,0.3,-1.9,2.2,0.513,262,0.306,0.581,16.7
Bryce Monroe,Sam Houston Bearkats,2021,28,589,282,92,239,69,82,29,86,38,4,78,12,1,65,61,34,51.25781590809947,0.046754228629942204,11.636593578432723,1.4,0.098,-5.5,-2.2,-3.4,0.507,284,0.343,0.36,26.9
Xavier Habersham,Middle Tennessee Blue Raiders,2017,36,701,184,65,129,15,21,39,86,63,21,61,13,3,32,65,42,66.55092592592592,0.046220916357858174,11.632159646250729,2.4,0.137,2.8,1.8,1,0.662,189,0.163,0.667,12.8
Brandon Gibson,Louisiana Tech Bulldogs,2012,34,720,262,88,253,56,92,30,122,156,43,39,27,15,43,103,113,44.636772522829496,-0.0329558962477533,11.63098274674744,1.5,0.084,-1.5,-1.8,0.3,0.442,261,0.364,0.482,23.7
Jordan Swing,UAB Blazers,2014,31,675,185,62,166,39,56,22,90,107,19,63,22,6,30,56,88,48.52077213596308,0.08976756002091936,11.62833353282583,NA,NA,NA,NA,NA,NA,NA,NA,NA,NA
Tre' Williams,Tulane Green Wave,2024,31,642,218,77,178,41,66,23,70,74,4,38,25,3,33,50,70,52.6468315301391,0.0718648830594801,11.621464337352526,0.8,0.05,-1.7,-1.4,-0.3,0.521,207,0.371,0.393,18.6
Krys Faber,DePaul Blue Demons,2012,31,595,121,45,81,31,38,0,0,141,52,11,14,14,24,82,89,61.91158411788784,0.09257000436030723,11.616493829807796,1.3,0.085,-1.2,-1,-0.2,0.611,130,0.469,0,9.8
Markel Crawford,Memphis Tigers,2016,34,661,174,67,143,37,58,3,23,107,19,46,28,7,30,70,88,51.62591977213387,0.08330257647406818,11.614754381682268,1.8,0.108,1.5,-1.6,3.1,0.51,173,0.406,0.161,14.2
Jordan Walker,Tulane Green Wave,2020,30,776,239,83,205,37,50,36,96,66,12,61,52,1,51,68,54,52.6431718061674,0.08481436459026719,11.612686686104299,1.5,0.076,0.1,-1.3,1.4,0.522,240,0.244,0.468,18.6
Jaykwon Walton,Memphis Tigers,2024,32,887,267,93,248,44,60,37,129,126,29,60,39,11,47,55,97,48.65160349854228,0.08061128823909385,11.612388644001694,1.6,0.074,1,-0.4,1.3,0.483,273,0.242,0.52,17.3
Keyshawn Woods,Charlotte 49ers,2015,32,813,270,103,211,23,34,41,88,75,14,39,17,3,39,58,61,59.74508762612851,0.08027411669792334,11.603069937618688,1.8,0.09,0.3,1.2,-1,0.594,239,0.161,0.417,16.5
Everett Winchester,Florida Atlantic Owls,2022,34,715,208,83,175,34,53,8,30,125,32,66,21,10,58,72,93,52.44050020169423,-0.08826564638641045,11.59739062705767,1.6,0.091,-1.2,-1.7,0.5,0.52,228,0.303,0.171,18.1
Jordan Jones,Kennesaw State Owls,2017,32,614,153,68,143,17,29,0,0,146,46,34,6,21,30,72,100,49.11402157164869,0.08278648362871932,11.586063659174139,1,0.066,-5.1,-3.9,-1.2,0.488,167,0.203,0,14.7
Dakarai Henderson,Sam Houston Bearkats,2015,35,734,314,101,292,50,67,62,178,79,23,21,18,3,29,41,56,48.83663058355107,0.09325721610652124,11.585997681783095,2.6,0.143,-0.5,-0.1,-0.5,0.486,270,0.23,0.612,23.7
Jacobi Boykins,Louisiana Tech Bulldogs,2016,33,889,289,101,244,37,55,50,140,101,20,28,25,16,30,73,81,53.877703206562266,0.08281510651053788,11.576022310471732,2.3,0.105,-0.5,-0.4,-0.1,0.535,259,0.225,0.574,16.2
Jacques Streeter,UTEP Miners,2013,32,1099,252,76,189,59,77,41,104,64,6,171,28,1,55,40,58,56.53266331658292,0.18052103489303853,11.574767695717243,3.1,0.114,2.7,2.3,0.4,0.559,305,0.407,0.55,14.5
Jarred Dixon,Missouri State Bears,2018,33,951,301,113,267,42,56,33,82,91,22,72,23,11,44,62,69,51.604718145659035,0.11788693853222204,11.571341491861872,2.4,0.099,0,-0.3,0.3,0.513,295,0.211,0.305,18.1
Keanu Dawes,Rice Owls,2024,32,754,211,71,173,48,68,21,73,132,25,29,26,14,34,52,107,51.99093238714764,0.0871622510321819,11.563022171285464,1.1,0.06,-1.6,-1.5,-0.2,0.514,203,0.393,0.422,16.3
Todd Mayo,Marquette Golden Eagles,2012,35,737,275,90,215,64,84,31,93,95,30,42,22,2,57,70,65,54.572154310207964,0.06471769102054294,11.549037170001233,1.9,0.104,2.2,0.6,1.5,0.539,257,0.391,0.433,20.5
Mike Saunders Jr.,Cincinnati Bearcats,2022,33,670,241,80,200,53,81,28,78,65,3,89,19,0,52,59,62,51.13732812765236,0.07117011626466853,11.52944163338836,1.6,0.098,0.2,-0.8,1,0.505,248,0.405,0.39,21.8
Dexter Fields,UAB Blazers,2011,31,696,219,75,186,12,17,57,154,68,28,20,21,3,22,47,40,56.594996898904284,0.06586644919345544,11.52834405440063,NA,NA,NA,NA,NA,NA,NA,NA,NA,NA
Kyle Anderson,Delaware Blue Hens,2014,35,1216,384,125,317,49,63,85,226,129,30,32,29,11,29,91,99,55.69737758180552,0.11357688918410544,11.523953335555833,2.8,0.092,0.6,1.1,-0.5,0.553,351,0.199,0.713,15.1
El Ellis,Louisville Cardinals,2022,32,655,278,96,242,45,65,41,114,61,6,51,12,0,45,47,55,51.36733185513673,0.10127664289670306,11.520927758234288,1.1,0.069,0.6,0.9,-0.3,0.509,261,0.269,0.471,25.1
Brandon Johnson,DePaul Blue Demons,2022,31,1039,326,107,262,88,136,24,82,212,59,26,20,7,48,67,153,50.646283867760374,0.1709390503823161,11.50949867447451,2.2,0.083,0,0.2,-0.1,0.499,320,0.519,0.313,17.5
Ash Yacoubou,Saint Louis Billikens,2016,32,962,347,139,322,35,69,36,116,183,36,56,23,10,63,86,147,49.239414235441025,0.21813944176320954,11.504331474272984,1.3,0.053,-0.7,-1.1,0.3,0.493,334,0.214,0.359,22.7
Luke Frampton,Western Kentucky Hilltoppers,2022,32,988,272,89,222,28,32,66,171,98,20,47,32,6,33,41,78,57.60759064723822,0.07886263131459115,11.504152473600303,2.5,0.101,0.3,0.5,-0.1,0.573,259,0.144,0.77,13.8
Isaiah Barnes,Tulsa Golden Hurricane,2024,31,915,255,92,207,32,48,39,121,114,31,30,36,10,38,57,83,55.89163598106259,0.09204169757912713,11.501157159435076,1.9,0.084,-0.6,-1,0.3,0.555,242,0.232,0.585,14.6
DeAndre Brown,Louisiana Tech Bulldogs,2011,32,921,426,153,395,70,96,50,148,82,15,67,31,1,87,37,67,48.71466471503065,0.21589222770637922,11.499509638032805,1.6,0.07,-0.9,0.1,-1,0.483,400,0.243,0.375,28.6
Jimmy Drew,DePaul Blue Demons,2011,31,745,199,65,178,28,34,41,124,102,28,66,29,6,31,90,74,51.5650912106136,0.09874715631525062,11.496083472330039,1.3,0.069,1.5,1.1,0.4,0.512,207,0.191,0.697,15.1
Emmanuel Akot,Western Kentucky Hilltoppers,2023,33,916,310,114,280,46,65,36,112,114,21,72,17,7,53,42,93,50.22683084899546,0.07377757029147956,11.492036572514857,1.5,0.066,-2.1,-1,-1.2,0.499,311,0.232,0.4,20.6
Brandon Stroud,Kennesaw State Owls,2022,31,702,189,69,179,29,51,22,78,172,52,40,29,8,43,82,120,46.91223193010326,0.060294082529799224,11.490145819951154,1.5,0.081,-2.9,-2.5,-0.4,0.465,209,0.285,0.436,17.3
Jovante' Spivey,Sam Houston Bearkats,2016,34,837,280,77,218,97,138,29,99,81,22,85,25,2,47,71,59,50.22962112514351,0.0743765033522237,11.489065387298467,2,0.094,-3.7,-2.5,-1.2,0.495,292,0.636,0.452,19.4
Keith Pickens,Missouri State Bears,2013,33,703,183,69,154,42,64,3,7,142,53,30,20,16,36,83,89,50.23056653491437,0.07407175933603906,11.488073115056363,1.4,0.082,-0.5,-1,0.5,0.496,197,0.416,0.045,17.9
Shaq Thomas,Cincinnati Bearcats,2014,34,779,232,89,196,49,74,5,19,94,37,32,29,12,36,55,57,50.75253762688134,0.09559697571572094,11.48706098743484,2.4,0.124,2.1,-0.6,2.7,0.502,222,0.378,0.097,17.8
Karviar Shepherd,TCU Horned Frogs,2016,33,594,207,77,196,48,71,5,16,152,46,24,14,21,46,73,106,45.54655870445344,-0.16011035767620346,11.484895863451312,0.8,0.054,-0.9,-2.3,1.4,0.451,208,0.362,0.082,22.9
Marcus Sasser,Houston Cougars,2020,31,712,244,81,223,25,33,57,162,72,9,52,19,3,29,46,63,51.36409565510272,0.07624568512006878,11.483948814316735,2.5,0.142,5.2,2.9,2.3,0.511,226,0.148,0.726,18.5
Jarrod West,Marshall Thundering Herd,2018,36,1165,280,93,216,31,47,63,153,94,13,107,57,2,52,75,81,59.15159709312151,0.09366377697211298,11.478692085977345,2.5,0.087,0.1,-1,1.1,0.587,295,0.218,0.708,11.8
Brandon Harris,Western Kentucky Hilltoppers,2014,32,550,168,47,154,34,47,40,126,97,34,32,16,2,26,35,63,48.08793221891459,0.11897981968001593,11.47046420938086,1.5,0.108,1.3,1.1,0.2,0.476,173,0.305,0.818,18.6
Amorie Archibald,Louisiana Tech Bulldogs,2021,32,972,319,108,301,60,75,43,138,104,14,107,33,5,63,41,90,47.75449101796407,0.1307114725358174,11.467861471486335,2.6,0.107,0.7,-0.4,1.1,0.474,338,0.249,0.458,20.4
Jalen Johnson,Saint Louis Billikens,2017,33,791,249,85,213,44,60,35,96,149,47,25,23,17,44,88,102,52.00501253132832,0.1477051820495922,11.449168009863767,1.4,0.07,-0.5,-0.9,0.4,0.516,238,0.282,0.451,19.5
Lu'Cye Patterson,Missouri State Bears,2022,34,894,252,97,203,52,75,6,39,92,19,75,20,8,37,76,73,53.38983050847458,0.10137517822168425,11.44733895536638,2.3,0.104,0.2,-0.4,0.6,0.528,274,0.369,0.192,16.2
Sean Newman Jr.,Louisiana Tech Bulldogs,2024,32,830,201,66,173,53,69,16,52,86,8,146,30,6,66,46,78,49.41974822974036,0.09764762381969085,11.441716204972503,2.2,0.108,-1.8,-2.1,0.3,0.488,259,0.399,0.301,16.6
RJ Nembhard Jr.,TCU Horned Frogs,2020,32,930,350,116,317,77,104,41,131,108,8,102,28,5,74,42,100,48.24126144007057,0.5303523983530759,11.441699629318297,2.1,0.088,1.6,0.8,0.8,0.478,351,0.328,0.413,24.7
Keegan McDowell,Liberty Flames,2022,33,944,298,98,232,25,30,77,187,111,10,25,12,3,22,46,101,60.76672104404568,0.12750396851689264,11.440640891684051,3.1,0.13,0.5,1.2,-0.7,0.605,253,0.129,0.806,15.6
Raynere Thornton,Memphis Tigers,2018,34,702,182,58,128,46,84,20,53,132,37,40,21,4,38,54,95,55.16488845780795,0.06309073153647272,11.423430724206797,1.5,0.085,0.3,0.1,0.2,0.542,189,0.656,0.414,15.1
Derric Jean,Louisiana Tech Bulldogs,2017,33,941,271,85,234,67,90,34,104,89,31,109,37,13,63,77,58,49.52485380116959,0.07864583038456457,11.423277959739211,2.5,0.107,-0.6,-1.5,0.9,0.489,308,0.389,0.444,17.9
Marcellus Brigham Jr.,Jacksonville State Gamecocks,2025,36,925,260,93,207,50,61,24,65,163,47,35,26,4,46,81,116,55.5935682517961,0.06276163237448194,11.422031703470415,2.3,0.1,-0.9,-1.6,0.7,0.551,261,0.295,0.314,15.9
Jordan Rawls,Western Kentucky Hilltoppers,2023,33,603,226,81,220,53,70,11,49,39,7,79,16,1,44,12,32,45.05582137161085,0.04902380731675284,11.406863833545419,0.6,0.04,-2.2,-0.7,-1.6,0.446,243,0.318,0.223,25.5
Amric Fields,TCU Horned Frogs,2011,33,645,225,92,198,27,45,14,42,94,30,14,18,19,34,77,64,51.652892561983464,0.018799654328737207,11.403664319026817,1.1,0.068,-1.5,-1.8,0.4,0.513,200,0.227,0.212,20.4
Sidy N'Dir,New Mexico State Aggies,2018,34,886,266,86,207,62,82,32,98,101,31,49,21,16,45,67,70,54.7144972848445,0.08805220554598239,11.4027714601899,3,0.138,2.1,-0.1,2.1,0.541,262,0.396,0.473,15.9
Marcus James,Sam Houston Bearkats,2012,28,792,256,92,203,66,108,6,19,187,57,19,27,21,67,88,130,51.09372505189206,0.11067380464916722,11.399147223760728,2.4,0.105,-2.2,-3.1,1,0.512,293,0.536,0.1,22.6
Jack Williams,Rice Owls,2019,32,892,303,115,300,46,74,27,93,249,65,29,10,16,52,72,184,45.55568919894154,0.11656235881003509,11.396286516132967,1,0.045,-5,-2.2,-2.7,0.452,304,0.247,0.31,21.4
Sterling Taplin,Tulsa Golden Hurricane,2017,32,935,295,92,233,82,97,29,72,101,13,122,35,2,84,90,88,53.5040626813697,0.08355589413195032,11.393214510829177,2,0.084,0.5,-0.6,1.1,0.529,327,0.416,0.309,20.1
Giddy Potts,Middle Tennessee Blue Raiders,2015,36,648,237,80,213,31,41,46,122,98,10,31,26,4,40,64,88,51.289819944598335,0.05438215124140201,11.378615081570512,1.7,0.107,0.4,-0.5,0.9,0.51,212,0.192,0.573,23.2
Eddie Davis III,Southern Miss Golden Eagles,2017,31,561,207,76,194,41,56,14,61,140,58,19,7,14,45,79,82,47.338090010976956,0.3538768571116244,11.374382084099846,0.6,0.041,-6.8,-4.4,-2.4,0.469,213,0.289,0.314,25
Rashad Smith,Tulsa Golden Hurricane,2015,34,962,285,115,253,45,86,10,39,203,57,25,17,16,42,67,146,48.996011552743774,0.14346569947668728,11.370508575132819,2.6,0.11,1.6,-0.2,1.8,0.485,273,0.34,0.154,18.7
Drew Edwards,Charlotte 49ers,2020,29,924,286,88,227,70,88,40,113,120,25,48,36,12,55,78,95,53.81604696673189,0.09699362470427514,11.368543035518876,2.4,0.102,0.2,-0.7,0.8,0.532,286,0.388,0.498,19.2
Kareem Brewton Jr.,Memphis Tigers,2018,34,832,309,115,272,60,92,19,83,91,32,80,30,2,71,70,59,49.4431643625192,0.07663261911019137,11.367985338713074,1.2,0.057,-1.8,-1,-0.8,0.489,316,0.338,0.305,24
Chris Kendrix,Missouri State Bears,2015,31,708,189,53,128,63,83,20,62,111,41,25,18,11,38,54,70,57.439824945295406,0.1284161657657369,11.36774142776928,1.7,0.094,1.1,1.1,0.1,0.564,189,0.648,0.484,16.3
Preston Purifoy,UAB Blazers,2012,31,802,267,86,203,40,49,55,147,66,25,29,13,4,26,79,41,59.44959030993944,0.08680326503996498,11.367119342080256,NA,NA,NA,NA,NA,NA,NA,NA,NA,NA
Tristan Spurlock,UCF Knights,2012,33,776,238,78,215,47,70,35,110,144,42,23,18,22,35,57,102,48.413344182261994,0.09273556498228226,11.362453929094412,2,0.101,2.5,1.6,0.9,0.479,227,0.326,0.512,19
Titus Rubles,Cincinnati Bearcats,2013,34,740,200,66,195,64,97,4,43,199,58,67,38,9,64,78,141,42.073375967687646,0.15663904453903577,11.351991685509306,2,0.109,2.9,-1.1,4,0.415,229,0.497,0.221,20.8
Calvin Newell,UCF Knights,2013,29,754,260,92,226,42,66,34,112,50,14,61,36,1,54,32,36,50.9723964868256,0.08081561671821944,11.34810740660018,1.5,0.076,-1,-0.4,-0.6,0.506,269,0.295,0.506,20.8
Julian Washburn,UTEP Miners,2013,32,1106,392,160,357,63,90,9,47,134,30,54,28,11,59,65,104,49.42007060010086,0.13578976056510852,11.34228817310969,2.3,0.082,0.2,-0.3,0.4,0.49,365,0.252,0.132,23.6
Brandon Betson,Tulsa Golden Hurricane,2023,30,782,292,103,248,23,28,63,154,48,5,77,15,0,58,44,43,56.08481868469576,0.11910261616565147,11.337292424871627,0.8,0.041,-1.8,0.8,-2.6,0.559,282,0.113,0.621,21
John Dewey III,Sam Houston Bearkats,2018,36,1063,364,106,302,106,126,46,129,114,26,158,36,0,107,87,88,50.91763652641003,0.13369572226254925,11.334745432457574,2.3,0.088,-2.4,-1.4,-1,0.503,404,0.417,0.427,21.8
Elijah Cain,DePaul Blue Demons,2016,30,860,315,109,246,66,100,31,72,87,14,54,23,12,61,81,73,54.310344827586206,0.24534726205636528,11.333282551523478,1.2,0.053,0.7,0.7,0,0.526,304,0.398,0.285,21.3
Jeremy Allen,Florida International Panthers,2011,30,622,200,69,161,42,46,20,63,53,23,26,37,3,41,77,30,55.17545795630103,0.06001689353913421,11.322344254288394,1.1,0.069,-3,-2.2,-0.7,0.547,192,0.286,0.391,17.8
Evan Gilyard II,UTEP Miners,2018,31,626,283,88,231,81,96,26,89,59,8,51,26,1,69,70,51,51.78597569901917,0.07151866510697567,11.320063448160433,0.8,0.052,-3.1,-2.6,-0.6,0.512,280,0.416,0.385,28.8
Emmanuel Bandoumel,SMU Mustangs,2022,33,1017,349,114,316,51,62,70,199,127,26,58,20,9,42,55,101,50.8331391284083,0.09056920813877488,11.315683276789166,2.7,0.104,1.7,1.1,0.5,0.505,334,0.196,0.63,19.4
Paul Baxter,Sam Houston Bearkats,2017,34,821,241,79,193,70,106,13,62,96,20,63,40,7,38,101,76,50.28375897179102,0.03700442365782899,11.31289840260423,2.2,0.108,-2,-3.6,1.7,0.495,244,0.549,0.321,16.2
Butta Johnson,UAB Blazers,2025,37,996,327,113,308,52,60,49,153,76,22,68,31,7,33,63,54,48.89354066985646,0.05561779593590917,11.309360914133187,NA,NA,NA,NA,NA,NA,NA,NA,NA,NA
Leland Walker,Florida Atlantic Owls,2025,34,941,302,107,287,56,73,32,108,88,14,149,35,3,80,76,74,47.31762346452745,0.08996019496379615,11.302568227228182,1.2,0.052,-2.3,-1.7,-0.6,0.469,349,0.254,0.376,21.2
Terrell Allen,UCF Knights,2019,33,1006,222,77,179,42,58,26,64,104,7,142,43,0,56,83,97,54.27342069235282,0.11333262655977604,11.30059462482644,3.1,0.123,3.1,-0.2,3.3,0.537,270,0.324,0.358,13.6
Jackson Trapp,Florida Atlantic Owls,2015,28,847,250,85,182,36,44,44,106,81,7,21,24,11,34,48,74,62.07787048073102,0.2115890594803221,11.296845567924265,2.3,0.105,0.4,0.1,0.3,0.624,228,0.255,0.596,15.3
John Newman III,Cincinnati Bearcats,2022,33,829,220,83,205,29,52,25,75,134,44,54,32,7,33,77,90,48.27101983500088,0.10197681293492468,11.294735614602327,2.2,0.105,2.2,-0.2,2.5,0.479,230,0.254,0.366,15.9
Derrick Gordon,Western Kentucky Hilltoppers,2012,35,1165,412,126,343,135,196,25,94,236,64,72,26,9,97,79,172,47.991799459509835,0.1862901354392,11.291947498871789,2.2,0.077,-0.6,-0.3,-0.3,0.472,414,0.571,0.274,22.6
Tyrone Watson,New Mexico State Aggies,2012,35,1015,238,87,178,62,106,2,24,134,54,110,34,12,75,69,80,52.97364672364673,0.10448850202848282,11.285029623914252,2.5,0.097,1.9,0.3,1.6,0.526,296,0.597,0.129,14.2
Dionte Bostick,New Mexico State Aggies,2025,32,717,209,74,188,45,81,16,61,103,26,54,36,4,41,52,77,46.726882489715614,0.07418159436528653,11.282064867194093,1.6,0.088,-0.6,-2.7,2.1,0.461,217,0.431,0.324,18.8
Jeremy Bynum,Jacksonville State Gamecocks,2011,30,848,310,105,267,38,52,62,157,88,13,44,16,7,41,60,75,53.4704015454671,0.17807140052130024,11.279699881240418,2,0.092,-1.9,0.2,-2.2,0.531,275,0.195,0.588,21.4
Forrest Robinson,DePaul Blue Demons,2015,32,635,204,68,167,22,25,46,126,103,25,11,11,18,27,83,78,57.30337078651685,0.06494533191154545,11.278382626166826,1.2,0.073,1,1.5,-0.4,0.57,182,0.15,0.754,16.9
Jae'Lyn Withers,Louisville Cardinals,2023,32,805,284,97,224,50,68,40,96,170,24,25,22,13,71,78,146,55.923125393824826,0.1500488967550294,11.270918011687876,0.8,0.039,-1.2,-0.8,-0.4,0.554,262,0.304,0.429,21.4
Peyton Siva,Louisville Cardinals,2012,40,1203,347,121,301,88,119,17,69,121,19,211,64,5,131,114,102,49.100067919402306,0.12740601802515855,11.270111114128529,3.1,0.102,2.6,-0.9,3.5,0.485,411,0.395,0.229,20.3
Elijah Cain,DePaul Blue Demons,2018,31,1040,364,126,362,76,115,36,115,115,19,146,29,8,73,61,96,44.1105186621425,0.14597952772612394,11.26719889695372,1.5,0.056,1.1,-0.2,1.3,0.437,393,0.318,0.318,22.8
Rob Loe,Saint Louis Billikens,2011,31,524,202,75,193,20,33,32,95,106,38,23,16,20,51,65,68,48.67000771010023,0.05138643988293242,11.266758330150651,0.9,0.067,-1.1,-2.1,1,0.484,192,0.171,0.492,26.7
Jonathan Stark,Tulane Green Wave,2015,31,984,329,119,320,61,84,30,107,77,17,137,39,7,76,60,60,46.08359480053788,0.11364416348270388,11.262528470982696,2.2,0.089,0.4,0.4,0,0.457,360,0.263,0.334,23.6
Denver Anglin,Rice Owls,2025,32,697,273,86,234,39,48,62,164,65,7,25,13,1,26,46,58,53.50423330197553,0.08097966032089633,11.25475965960857,1.6,0.092,-0.7,0.1,-0.8,0.532,234,0.205,0.701,20.7
Shawn Williams,SMU Mustangs,2013,32,1081,271,96,217,46,66,33,89,165,63,53,29,24,49,96,102,55.07234596000651,0.09675369237131881,11.249796817363324,2.9,0.107,0.9,0.6,0.3,0.546,277,0.304,0.41,14.7
Ashton Williamson,Florida International Panthers,2026,32,589,201,76,199,18,22,31,98,61,6,67,28,2,51,30,55,48.15986198964922,0.05857875762815406,11.24630234065444,0.7,0.046,-4.5,-3.8,-0.8,0.48,204,0.111,0.492,20.7
Walyn Napper,Southern Miss Golden Eagles,2022,33,861,256,100,243,30,59,26,78,94,21,134,32,1,70,64,73,47.59071980963712,0.08065415847292899,11.245534490100013,0.7,0.032,-4.1,-1.7,-2.5,0.472,298,0.243,0.321,20.7
David Simmons,Middle Tennessee Blue Raiders,2018,33,573,149,54,103,35,55,6,19,83,26,51,17,3,37,78,57,58.569182389937104,0.051654195417951465,11.244180653494483,1.7,0.12,1.7,-1.1,2.8,0.577,167,0.534,0.184,14.8
Isiah Osborne,UTEP Miners,2018,31,781,272,92,244,47,75,41,125,106,15,30,19,3,25,39,91,49.09747292418773,0.1570689563904127,11.244065221978214,1.5,0.076,-1.2,-0.7,-0.5,0.486,257,0.307,0.512,20.4
Tre Drye,Tulane Green Wave,2014,34,1023,233,81,168,65,114,6,24,260,80,29,29,11,55,87,180,53.40117345067841,0.1471252706123091,11.242036580984838,1.9,0.075,-2.2,-1.5,-0.7,0.524,252,0.679,0.143,14.7
Marvin Roberts,Florida International Panthers,2011,30,792,310,103,256,92,130,12,59,116,35,55,20,9,77,66,81,49.489144316730524,0.10593372592626904,11.238961380107893,0.8,0.039,-4.9,-1.5,-3.4,0.488,312,0.508,0.23,24.7
Kain Harris,Tulane Green Wave,2017,31,535,274,92,242,48,59,42,122,50,13,10,9,4,40,53,37,51.12703388565458,0.05480401340538223,11.237668706642342,0.4,0.03,-2.9,0.2,-3,0.507,231,0.244,0.504,27.4
Charles McKinney,DePaul Blue Demons,2013,32,599,159,62,125,29,46,6,17,74,26,44,34,6,45,67,48,54.73698705590746,0.051899904861821895,11.236390120582481,0.8,0.056,0.4,-0.8,1.2,0.541,164,0.368,0.136,15.4
Antonio Robinson,East Carolina Pirates,2014,34,738,166,61,153,39,55,5,22,127,19,91,37,8,50,62,108,46.83972911963883,0.08702168481696354,11.22936582215733,1.3,0.072,-1.7,-2.7,1,0.463,204,0.359,0.144,16.2
Vasean Allette,TCU Horned Frogs,2025,32,934,366,143,381,62,87,18,81,132,33,113,42,6,93,63,99,43.64625071551231,0.1274506537865167,11.210637885090748,0.8,0.036,1.4,-0.8,2.2,0.433,385,0.228,0.213,27.9
Brandon Harris,Western Kentucky Hilltoppers,2013,36,1065,294,89,265,51,70,65,199,202,46,67,29,1,51,49,156,49.69574036511156,0.2004111705766557,11.209211112353156,2.9,0.11,2,2,0.1,0.493,301,0.264,0.751,16.6
Malik Martin,Charlotte 49ers,2019,29,791,236,76,190,57,75,27,94,102,15,27,29,13,36,50,87,52.91479820627802,0.20367817431944604,11.20866548265438,1.5,0.075,-0.6,-0.9,0.3,0.523,224,0.395,0.495,18.2
Kaosi Ezeagu,Sam Houston Bearkats,2023,34,638,190,83,140,24,50,0,0,126,57,12,2,19,42,78,69,58.64197530864198,0.0718760954178819,11.196743142613272,2.1,0.132,-2.3,-2.9,0.6,0.58,185,0.357,0,16.5
James Thomas,Sam Houston Bearkats,2014,35,942,300,102,201,96,153,0,1,128,64,36,12,2,51,79,64,55.903398926654745,0.08686644849308303,11.196683298397556,2.2,0.093,-4.1,-1.6,-2.5,0.548,298,0.761,0.005,17.5
Shemarri Allen,UCF Knights,2024,33,909,225,80,209,56,91,9,43,122,32,82,56,18,54,85,90,45.17346610986187,0.09357209507909185,11.186124637179363,1.9,0.085,2.8,-1.7,4.5,0.446,251,0.435,0.206,16.5
JaMonta' Black,Missouri State Bears,2022,34,962,297,102,247,16,18,77,199,107,10,31,12,5,19,59,97,58.25356974737173,0.0947561236392095,11.185913757550434,2.7,0.112,1.6,1.9,-0.4,0.581,266,0.073,0.806,15
Devin Gage,DePaul Blue Demons,2019,36,987,299,113,279,60,78,13,51,99,18,130,44,4,78,77,81,47.7147963743138,0.11780450755064728,11.179724642816184,1.4,0.056,-0.6,-1.1,0.5,0.473,338,0.28,0.183,19.3
Mika Adams-Woods,Cincinnati Bearcats,2022,33,908,284,97,283,56,69,34,130,87,18,101,25,4,36,49,69,45.31529231554761,0.0832033987748213,11.175236022232166,2.2,0.098,1.8,0.5,1.3,0.45,301,0.244,0.459,19.4
Dallan Coleman,UCF Knights,2025,37,866,196,59,175,48,66,30,109,154,52,37,41,4,26,66,102,48.02979807880808,0.08811545608066718,11.171290292143853,1.5,0.072,2.6,0.6,2,0.475,213,0.377,0.623,12.8
Sandy Cohen III,Marquette Golden Eagles,2016,33,745,189,61,139,40,54,27,76,103,9,57,24,14,35,83,94,58.060948636028506,0.08088243989334032,11.162304599815595,1.8,0.095,2.7,0.3,2.4,0.574,188,0.388,0.547,13.1
Eric Lovett,Florida International Panthers,2022,32,681,279,94,270,28,41,63,185,117,29,16,27,6,52,49,88,48.430773503680044,0.04477082439383438,11.161207732675944,0.9,0.052,-4.1,-2.2,-1.9,0.482,249,0.152,0.685,25.5
Braxton Ogbueze,Charlotte 49ers,2017,30,893,306,103,265,33,41,67,169,68,14,32,16,3,25,34,54,54.055963821368,0.08728388271075974,11.157858560814901,1.3,0.057,-2.2,0.3,-2.4,0.536,279,0.147,0.638,16.3
Lucas Kuipers,Rice Owls,2011,31,672,236,90,207,17,24,39,104,101,31,24,15,11,39,84,70,54.23791138076852,0.04488061057351749,11.156570933296184,1.5,0.087,0.1,0.5,-0.4,0.542,219,0.142,0.498,20.4
Cam Hayes,East Carolina Pirates,2025,33,991,305,100,291,63,73,42,147,91,10,133,30,3,56,58,81,47.196088140628866,0.10414076671784485,11.142075208728883,1.7,0.068,-3.6,-2.4,-1.2,0.468,332,0.251,0.505,19
Sion James,Tulane Green Wave,2022,29,1020,215,72,176,52,74,19,57,124,13,104,46,14,46,70,111,51.54392021480629,0.10874513706406104,11.141315547014397,2.1,0.081,1.3,-0.4,1.7,0.509,253,0.42,0.324,13.3
Scottie Haralson,Tulsa Golden Hurricane,2012,31,969,344,117,293,20,26,90,221,70,23,33,10,6,33,45,47,56.49717514124294,0.0998834264885529,11.138497820575555,2.9,0.12,3.4,3.8,-0.5,0.563,301,0.089,0.754,18.7
Connell Crossland,TCU Horned Frogs,2013,32,744,201,78,161,45,88,0,1,173,68,19,15,14,43,67,105,50.320448628079305,0.218609349484987,11.137973260048522,1.4,0.076,-1.5,-1.4,-0.1,0.496,202,0.547,0.006,18.3
Dainan Swoope,Sam Houston Bearkats,2020,31,769,231,72,187,42,53,45,124,66,7,78,32,2,50,57,59,54.9163179916318,0.11887032443510918,11.137811634504306,1.9,0.1,-1.7,-1.2,-0.5,0.544,236,0.283,0.663,16.2
Austin McBroom,Saint Louis Billikens,2015,32,646,213,69,183,33,43,42,98,39,10,52,24,0,35,28,29,52.74366085578447,0.14286969850717213,11.136682769465043,1.3,0.078,1.3,1.5,-0.2,0.524,202,0.235,0.536,20.3
Isaac Mbuyamba,Kennesaw State Owls,2019,32,730,97,32,71,33,63,0,0,165,74,22,26,33,25,72,91,49.1288492706645,0.10558651465957572,11.136403193697346,1.1,0.057,-2.7,-3.3,0.5,0.481,125,0.887,0,8
Kyle Cassity,Saint Louis Billikens,2011,31,978,260,95,222,28,41,42,128,72,6,104,31,4,42,53,66,54.15764039326779,0.2281045075431657,11.136130548927813,2.7,0.111,2.2,0.6,1.7,0.538,265,0.185,0.577,15.6
Cobie Montgomery,Southern Miss Golden Eagles,2024,32,683,223,78,203,25,35,42,123,89,36,17,12,4,24,24,53,51.05311355311355,0.09387817340936676,11.135343850649587,1.3,0.077,-1.4,0.6,-2,0.508,209,0.172,0.606,17.8
Cavan Reilly,Delaware Blue Hens,2024,33,940,295,99,251,27,34,70,185,70,12,30,40,5,35,57,58,55.45946758911114,0.08360568227154992,11.120169389154455,2.1,0.089,-0.9,-1.6,0.7,0.552,259,0.135,0.737,16.7
Isaiah Folkes,Charlotte 49ers,2023,36,645,176,79,127,9,31,9,26,43,3,44,27,11,42,50,40,62.57110352673493,0.04630989556831342,11.119926456737582,1.5,0.092,0,-1.5,1.6,0.621,165,0.244,0.205,16.9
Junior Cadougan,Marquette Golden Eagles,2013,35,982,298,112,260,60,84,14,62,102,16,133,38,3,87,58,86,50.1751077586207,0.13289018614443318,11.117291139566893,2.1,0.086,2.3,0.9,1.4,0.497,324,0.323,0.238,20.9
A.J. Harris,New Mexico State Aggies,2018,34,914,311,121,300,32,58,37,127,64,14,97,30,10,53,69,50,47.769722290489064,0.08733677575433327,11.11600174703312,2.7,0.12,0.4,-1.3,1.7,0.475,317,0.193,0.423,20.2
Evan Gilyard II,UTEP Miners,2019,29,914,381,120,320,86,119,55,155,88,22,48,20,0,60,63,66,51.16016757976152,-0.06492954652978543,11.111686036565798,2,0.089,-2.3,-1.5,-0.8,0.506,356,0.372,0.484,24
Jailyn Ingram,Florida Atlantic Owls,2017,30,722,245,102,236,35,56,6,29,125,27,39,17,9,41,60,98,46.999693063228975,0.0768067826092957,11.109446431386822,0.9,0.051,-4.3,-3.2,-1.1,0.466,237,0.237,0.123,20.8
Brandon Gibson,Louisiana Tech Bulldogs,2013,34,675,240,79,219,43,75,39,123,126,35,24,28,13,44,81,91,47.61904761904761,0.04703359843452591,11.106456213567254,1.9,0.112,-0.1,-1.8,1.7,0.471,224,0.342,0.562,21.1
Krys Faber,DePaul Blue Demons,2011,31,745,217,80,166,56,87,1,1,164,61,15,18,17,49,104,103,53.113373800665755,0.1051324550637733,11.09522037534756,0.9,0.047,-2.9,-1.9,-1,0.523,214,0.524,0.006,17.2
Sterling Brown,SMU Mustangs,2014,37,719,161,60,128,24,42,17,47,139,45,40,27,11,43,60,94,54.95630802839978,0.06632734332183692,11.08904949291575,2.1,0.115,4.4,1,3.3,0.544,173,0.328,0.367,13.9
Jalen Benjamin,UAB Blazers,2020,32,861,369,113,289,90,109,53,165,86,14,48,22,4,89,48,72,54.75427350427351,0.09000992469326369,11.086401139684533,NA,NA,NA,NA,NA,NA,NA,NA,NA,NA
Isaiah Banks,Florida International Panthers,2022,32,704,175,69,139,22,38,15,52,108,45,21,21,4,27,63,63,56.190598510146415,0.0630757729738535,11.080452626103785,1.6,0.091,-2.1,-1.9,-0.2,0.557,176,0.273,0.374,13.3
Johnathon Wilkins,New Mexico State Aggies,2016,34,699,190,80,149,28,45,2,4,110,47,36,6,15,41,67,63,56.27962085308057,0.09058077173248748,11.076835541234628,2,0.117,-0.9,-1.9,1,0.556,193,0.295,0.027,15.3
Trent Lockett,Marquette Golden Eagles,2013,35,931,245,78,188,76,101,13,39,178,58,63,25,15,65,89,120,52.701772500430224,0.09744823038138618,11.074680452179793,2.4,0.103,3.5,1.3,2.2,0.519,265,0.537,0.207,17.2
Cazmon Hayes,Delaware Blue Hens,2016,29,1020,328,112,307,51,83,53,184,151,22,39,29,9,33,52,129,47.741034000931535,0.24876293051365725,11.073823206624823,1.2,0.047,-0.6,0,-0.6,0.473,301,0.27,0.599,19
P.J. Gaynor,UCF Knights,2011,33,558,159,59,115,28,37,13,41,104,29,31,12,14,47,74,75,60.55758683729433,0.041675064305286454,11.072143392404705,1.5,0.107,0.3,-1.3,1.6,0.6,159,0.322,0.357,16.9
Caleb White,East Carolina Pirates,2017,33,1020,378,126,328,54,66,72,203,74,11,47,17,10,36,66,63,52.935245350660985,0.0773966719040011,11.071260379480837,2.7,0.105,0.8,0.3,0.5,0.526,332,0.201,0.619,19.9
Mangok Mathiang,Louisville Cardinals,2015,36,636,88,31,80,26,54,0,0,159,80,16,19,46,26,82,79,42.405551272166534,0.03504225766567175,11.069935222949628,1.9,0.118,3.2,-1.2,4.5,0.416,123,0.675,0,10.6
Derrick Cook,Jacksonville State Gamecocks,2020,32,705,162,62,133,26,40,12,33,88,3,94,23,2,48,27,85,53.78486055776892,0.17764825795273806,11.065271062796649,1.6,0.09,-2.1,-2.5,0.4,0.533,186,0.301,0.248,14
B.J. Tyson,East Carolina Pirates,2017,33,627,241,91,237,43,63,16,59,72,7,59,26,4,49,29,65,45.51979449984889,0.2816297695436989,11.063490642597833,1,0.063,-1.4,-2.4,0.9,0.451,233,0.266,0.249,25.8
Jordan Swing,UAB Blazers,2012,31,874,313,97,249,71,84,48,124,108,23,51,15,6,62,60,85,54.72793397677997,0.11600456658002424,11.061569017291603,NA,NA,NA,NA,NA,NA,NA,NA,NA,NA
Colin Porter,Liberty Flames,2024,32,997,252,86,211,35,45,45,124,91,5,125,23,1,41,70,86,54.59272097053726,0.07563744120387543,11.052962660279787,3.1,0.124,-0.9,-1,0.1,0.542,286,0.213,0.588,14.7
Chico Carter Jr.,DePaul Blue Demons,2024,32,841,273,97,246,40,52,39,109,71,12,92,18,7,54,44,59,50.766141029455525,0.1737595847536738,11.05092881922767,0,-0.002,-2.3,0,-2.3,0.504,285,0.211,0.443,20.3
Demarkus Lampley,Sam Houston Bearkats,2022,33,926,343,120,318,25,42,78,219,81,15,27,27,0,24,48,66,50.96885401806942,0.08963796708350837,11.046652033994322,2.8,0.12,-0.7,-0.4,-0.3,0.507,293,0.132,0.689,19.7
Daryl Edwards,UTEP Miners,2020,32,1092,399,144,324,37,52,74,193,62,11,64,15,8,61,64,51,57.51268450184502,0.09825046048448836,11.033286851528532,2.7,0.098,-0.2,0.5,-0.8,0.572,358,0.16,0.596,19.4
Justin Jenifer,Cincinnati Bearcats,2018,36,704,174,50,137,44,57,30,84,37,8,91,17,0,24,43,29,53.6771964461994,0.04803099727214479,11.032619079517401,2.8,0.162,3.8,0.5,3.3,0.53,195,0.416,0.613,13.4
Dayvion McKnight,Western Kentucky Hilltoppers,2021,29,713,167,57,150,49,60,4,22,104,22,111,28,7,61,61,82,47.33560090702948,0.06197401833326635,11.032278294623945,1.5,0.086,-0.5,-2,1.4,0.468,217,0.4,0.147,16.9
Tyler Harris,Memphis Tigers,2019,36,923,389,129,350,52,62,79,251,65,13,68,23,0,62,72,52,51.553223070398644,0.07350290025790455,11.01898443350758,2,0.086,0.4,0.8,-0.3,0.513,358,0.177,0.717,22
Marcellus Brigham Jr.,Jacksonville State Gamecocks,2024,32,778,238,78,190,58,83,24,71,139,33,30,29,10,52,76,106,52.53399258343634,0.06063666270497162,11.016324184813417,1.9,0.097,-2.3,-2.7,0.4,0.519,232,0.437,0.374,18.4
Nick Cook,Jacksonville State Gamecocks,2014,31,736,167,61,133,45,91,0,0,162,64,23,18,25,32,83,98,48.25473878871938,0.12271754679804582,11.013782984578276,1,0.056,-4.6,-3.2,-1.5,0.474,183,0.684,0,15.2
Preston Purifoy,UAB Blazers,2013,32,699,242,71,186,67,76,33,93,92,28,23,24,9,47,89,64,55.14035727305869,0.04087741382884562,11.003817617149208,NA,NA,NA,NA,NA,NA,NA,NA,NA,NA
Aaron Anderson,Kennesaw State Owls,2011,30,818,183,79,156,24,60,1,12,187,59,21,14,20,31,62,128,50.16447368421052,0.12797087794780715,11.00277586153444,1.2,0.056,-4,-1.6,-2.3,0.512,201,0.369,0.071,14
Jaevin Cumberland,Cincinnati Bearcats,2020,30,661,263,83,230,33,48,64,182,42,5,40,13,2,31,39,37,52.365402994584265,0.048296027826605005,10.999392067246303,1.8,0.109,2.1,2.1,0,0.52,233,0.209,0.791,21.6
Jeremy Watson,Jacksonville State Gamecocks,2016,29,705,212,65,165,71,94,11,38,165,52,13,11,8,42,63,113,51.366543903857334,0.1283717020848405,10.993380424903869,1.2,0.066,-4.9,-2.7,-2.2,0.508,226,0.59,0.231,18.9
Jordan Rawls,Western Kentucky Hilltoppers,2021,29,643,231,81,214,34,38,35,101,59,12,58,14,0,43,30,47,50.060679611650485,0.07630804207159572,10.990264643076262,1.4,0.086,-0.8,0,-0.8,0.498,228,0.178,0.472,21.5
Jajuan Johnson,Marquette Golden Eagles,2015,32,673,225,84,225,41,55,16,73,81,15,55,34,11,49,34,66,45.14446227929374,0.0948825464073577,10.981581928610593,0.7,0.042,0.8,-1,1.8,0.448,222,0.244,0.324,24.1
Tremont Robinson-White,East Carolina Pirates,2022,30,776,210,74,195,32,40,30,91,71,13,83,48,10,57,58,58,49.38852304797742,0.09342678535749373,10.968184508532463,1.2,0.061,0.4,-1.6,2,0.491,221,0.205,0.467,17.7
Clyde Trapp,Charlotte 49ers,2022,31,898,271,103,245,33,51,32,104,166,16,75,20,7,61,57,150,50.66556984744241,0.12199247084716099,10.962589110059508,1.1,0.049,-3,-1.8,-1.2,0.503,278,0.208,0.424,20
Damien Mayo Jr.,Missouri State Bears,2024,33,694,148,60,113,22,29,6,18,99,38,28,19,13,27,57,61,58.842239185750635,0.08263699249167838,10.949909305438961,1.7,0.095,0.9,-1.4,2.4,0.584,157,0.257,0.159,11.3
Demarius Jacobs,Saint Louis Billikens,2020,31,663,191,64,153,34,47,29,76,76,11,30,26,9,28,59,65,54.986181483187465,0.07265156248837543,10.948288990972156,2,0.121,2.8,0.1,2.7,0.545,173,0.307,0.497,15.1
John Dawson,Liberty Flames,2017,34,970,299,99,254,51,69,50,143,145,11,85,35,11,66,102,134,52.574201716134475,0.16831037427154014,10.948244945212394,2.2,0.089,-1.9,-2.3,0.4,0.518,317,0.27,0.566,20.7
Kyle Rode,Liberty Flames,2020,34,610,137,48,107,18,25,23,63,75,18,37,17,7,19,38,57,58.05084745762712,0.06469222023758399,10.947849530341172,2.5,0.165,1.3,-0.3,1.6,0.576,145,0.234,0.589,13.2
Dorrian Williams,Missouri State Bears,2016,31,573,145,56,148,26,35,7,36,80,4,73,26,1,31,40,76,44.36964504283966,0.07023437932831388,10.947353502780382,0.8,0.052,-2.3,-3,0.7,0.433,163,0.232,0.238,16.6
Davell Roby,Saint Louis Billikens,2018,33,1067,378,107,286,108,150,56,158,94,11,62,28,6,55,82,83,53.69318181818182,0.09813439103108805,10.94417784612945,2.7,0.102,0.4,-0.4,0.8,0.529,349,0.524,0.552,20.2
Delbert Love,Kennesaw State Owls,2012,30,1102,369,128,310,51,75,62,183,91,23,87,51,2,88,84,68,53.790087463556844,0.12677525190184735,10.942368634979976,0.9,0.033,-3.3,-0.8,-2.5,0.542,373,0.245,0.591,21.1
Rashad Ray,Tulsa Golden Hurricane,2013,33,675,222,77,179,55,70,13,48,76,7,54,31,3,60,46,69,52.907530981887504,0.08049956640797393,10.941722625150344,1.2,0.071,-0.6,-1.7,1,0.523,218,0.391,0.268,20.6
Corey Camper Jr.,UTEP Miners,2024,34,936,286,101,249,52,73,32,103,87,23,43,43,9,47,51,64,50.86795674445077,0.07421256267237272,10.940107477450365,2.1,0.091,-1.5,-2.2,0.6,0.504,271,0.293,0.414,17.2
Derrio Green,Charlotte 49ers,2011,30,1063,391,120,359,95,118,56,207,105,11,114,42,3,89,57,94,47.576170544144844,0.17671163571005763,10.936504451384563,1.6,0.059,-0.8,0,-0.7,0.471,400,0.329,0.577,25.1
JJ Traynor,Louisville Cardinals,2023,32,815,221,91,192,16,22,23,73,121,40,20,13,16,32,47,81,54.78976596588655,0.1489587249498279,10.933039706928609,1,0.047,-0.3,0.7,-1,0.546,212,0.115,0.38,15
Kyan Anderson,TCU Horned Frogs,2013,32,1084,383,134,331,60,83,55,159,59,9,109,45,0,87,51,50,52.10600783630823,0.22276432432550877,10.927716153356712,2,0.073,1.1,1.1,0.1,0.517,371,0.251,0.48,23.4
Elijah Cuffee,Liberty Flames,2019,36,962,274,93,207,32,37,56,133,72,7,69,26,17,48,88,65,61.357936223575784,0.07663600506267607,10.922370201343547,3.2,0.133,0.9,-0.3,1.2,0.61,265,0.179,0.643,15.6
Shawn Williams,East Carolina Pirates,2019,31,900,333,110,292,43,49,70,195,48,7,43,17,2,26,56,41,53.09988518943742,0.1271193430312268,10.922330783624847,1.7,0.077,-0.6,1.2,-1.8,0.528,294,0.168,0.668,18.9
Marcus Tarrance,Middle Tennessee Blue Raiders,2015,36,733,218,65,154,55,77,33,88,81,34,29,19,1,34,69,47,58.01575473706622,0.05863141113934909,10.918827659168965,2.2,0.122,0.8,0.4,0.4,0.572,210,0.5,0.571,16.9
Jordan Callahan,Tulane Green Wave,2012,31,1022,365,123,323,64,86,55,158,93,15,68,41,5,69,60,78,50.5764327679858,0.09593107076437903,10.91196654515628,2.4,0.094,-0.3,-0.6,0.3,0.502,341,0.266,0.489,22.6
London Giles,SMU Mustangs,2012,32,922,311,102,239,57,70,50,132,76,7,34,35,0,51,52,69,57.635285396590064,0.12743982276628166,10.908479706101655,2.3,0.098,0.3,0.1,0.2,0.571,271,0.293,0.552,20.7
Curran Scott,Tulsa Golden Hurricane,2019,32,791,286,90,221,65,85,41,104,79,12,35,9,0,40,44,67,55.340557275541805,0.07808908947459951,10.9084721283473,1.6,0.079,0,0.5,-0.4,0.547,263,0.385,0.471,19.7
Tyler Kolek,Marquette Golden Eagles,2022,32,936,214,72,225,34,42,36,128,118,15,188,44,2,80,61,103,43.9461146706095,0.1334537284797507,10.907384247723087,1.6,0.067,1,-0.4,1.5,0.437,304,0.187,0.569,17.6
Avery Latrez Moore,Jacksonville State Gamecocks,2015,31,800,272,88,253,31,37,65,199,64,10,52,22,3,28,51,54,50.505050505050505,0.08807897220723783,10.905502879897503,NA,NA,NA,NA,NA,NA,NA,NA,NA,NA
Antonio Barton,Memphis Tigers,2012,35,743,225,82,170,31,45,30,75,79,6,53,16,4,43,53,73,59.27291886195996,0.07125287193672027,10.890287205748237,2.1,0.112,3.3,1.6,1.8,0.588,212,0.265,0.441,16.4
Marcus Jordan,UCF Knights,2012,33,1112,425,131,354,111,155,52,169,84,8,73,19,1,59,38,76,50.33159639981052,0.21778273374896231,10.889815389737379,2.7,0.097,0.1,0.9,-0.8,0.497,396,0.438,0.477,22.8
Max Guercy,Rice Owls,2014,30,930,279,82,236,78,97,37,122,99,25,97,22,0,54,46,74,50.05741352088416,0.11670739041537277,10.887530142000697,1.5,0.067,-1.5,-0.5,-1,0.495,303,0.411,0.517,19.9
Scottie Haralson,Tulsa Golden Hurricane,2013,33,1092,372,124,335,48,57,76,211,130,34,46,16,5,43,56,96,51.655187736058664,0.11291568604321316,10.880698213763118,2.5,0.09,0.7,1.6,-1,0.514,345,0.17,0.63,19
Antonio Robinson,East Carolina Pirates,2015,33,800,138,50,139,27,42,11,28,106,17,122,55,4,52,59,89,43.81508763017526,0.11054754850223796,10.88025990636559,1.5,0.074,-0.2,-2.5,2.4,0.434,191,0.302,0.201,14.4
Anthony Mosley,Delaware Blue Hens,2016,29,929,285,88,193,95,137,14,29,132,13,65,19,5,62,85,119,56.26184459886292,0.17675459697044948,10.873082745571391,1.3,0.055,-3,-2.2,-0.8,0.556,286,0.714,0.148,17.7
Jerome Frink,Florida International Panthers,2014,31,912,261,100,218,54,74,7,36,135,58,28,17,25,47,93,77,52.083333333333336,0.017892871449265785,10.872669669528516,1.8,0.077,-3.7,-2.6,-1.1,0.516,261,0.339,0.165,16.8
Terrence Williams,Charlotte 49ers,2014,31,937,326,108,288,94,130,16,57,153,29,72,31,6,73,76,124,47.21900347624566,0.0841846939598306,10.864871542304945,1.6,0.068,-1.4,-2,0.6,0.466,329,0.451,0.198,22
Jerrold Brooks,Southern Miss Golden Eagles,2014,35,943,327,104,290,57,76,62,187,68,12,87,37,0,59,71,56,50.55033391046253,0.0809545819115917,10.862869106010946,2.7,0.115,1.2,0.6,0.6,0.501,318,0.262,0.645,20.9
Derek St. Hilaire,Jacksonville State Gamecocks,2020,32,629,217,77,210,33,43,30,104,76,16,62,26,4,49,53,60,47.39647038266643,0.08006912398832362,10.859864596773917,1.3,0.08,-3.6,-3,-0.6,0.471,223,0.205,0.495,21.9
Salim London,UAB Blazers,2026,32,627,156,50,144,38,45,18,61,72,9,50,26,5,22,31,63,47.61904761904761,0.05357987375228469,10.856004004760544,NA,NA,NA,NA,NA,NA,NA,NA,NA,NA
Mike Marra,Louisville Cardinals,2011,35,635,197,63,199,26,33,45,161,66,16,61,28,10,38,43,50,46.131509928812285,0.04733148606773794,10.855723441196474,1.6,0.102,3.8,0.9,2.9,0.459,202,0.166,0.809,19.9
Shamarr Bowden,East Carolina Pirates,2012,31,605,232,79,196,15,22,59,146,35,9,20,14,2,28,39,26,56.39828860365617,0.06891989130689197,10.853953783056161,1.4,0.096,1.8,2.7,-0.9,0.562,190,0.112,0.745,20
Cooper Robb,Charlotte 49ers,2020,29,615,145,48,116,24,33,25,57,80,8,20,46,5,29,58,72,55.547042598835425,0.0673556073932393,10.848147094193552,1.6,0.105,1.8,-2,3.8,0.551,136,0.284,0.491,14.3
Kamdyn Curfman,Marshall Thundering Herd,2024,33,1101,433,142,407,59,68,90,274,76,14,87,29,1,72,35,62,49.55140529158656,0.13689169376186455,10.846000029856942,1.2,0.044,-3.1,-1.2,-1.9,0.493,402,0.167,0.673,21.9
Jacob Conner,Marshall Thundering Herd,2024,33,874,200,69,196,25,40,37,113,168,21,91,36,17,55,64,147,46.81647940074907,0.13013990880989118,10.82623037553538,1.2,0.055,-1.9,-3,1.1,0.465,220,0.204,0.577,14.5
Spencer Elliott,Charlotte 49ers,2026,34,586,140,55,117,23,48,7,27,90,31,34,11,21,24,60,59,50.680567622357366,0.01976889808236604,10.822944282138446,0.9,0.06,-1.8,-2,0.2,0.501,152,0.41,0.231,14.9
Gabe Watson,Southern Miss Golden Eagles,2020,31,1104,403,158,395,50,68,37,125,111,15,106,30,4,81,38,96,47.42069095359126,0.1242159785754204,10.821133046333143,1.1,0.039,-3.3,-1.8,-1.5,0.472,398,0.172,0.316,23.6
James Gallman,Middle Tennessee Blue Raiders,2011,31,648,234,76,194,39,49,43,119,41,11,32,16,0,28,59,30,54.277231397290784,0.08251426883028304,10.820492791271501,1.9,0.118,-0.7,0.4,-1.1,0.538,212,0.253,0.613,19
Dorian Finister,Sam Houston Bearkats,2025,32,615,184,65,188,39,56,15,53,130,39,31,16,12,30,40,91,43.26561324303988,0.10580779841679311,10.818130068600405,0.7,0.049,-4.1,-2.3,-1.8,0.429,196,0.298,0.282,20.1
Dennis Mavin,Florida International Panthers,2014,31,1017,367,111,290,118,198,27,88,122,28,58,51,1,82,70,94,48.65825201527365,0.025047088328586483,10.81031864078987,1.5,0.058,-3.8,-2.9,-0.8,0.478,358,0.683,0.303,23.4
LeRon Barnes,Houston Cougars,2015,32,1083,236,82,199,45,63,27,83,206,68,43,26,22,40,86,138,52.04657727593508,0.15652308364999318,10.81023884481177,2.7,0.101,0.4,-0.5,0.9,0.515,245,0.317,0.417,12.9
Ceasar DeJesus,UCF Knights,2020,30,789,285,113,224,43,57,16,43,42,4,71,23,1,75,48,38,57.210534767946044,0.08600079892596983,10.807768838355692,1.4,0.07,-1.7,-1.4,-0.3,0.568,270,0.254,0.192,21
Jaylen Fisher,TCU Horned Frogs,2017,39,1031,346,117,300,58,77,54,142,68,13,140,36,5,94,72,55,51.815023361686826,0.11374704026027666,10.80487553094978,1.8,0.072,1.7,0.9,0.8,0.514,366,0.257,0.473,20.9
Damian Dunn,Houston Cougars,2024,37,649,236,75,209,60,85,26,82,85,27,15,29,5,36,57,58,47.88961038961039,0.04146116629542266,10.8029919204047,2,0.124,2.4,-0.9,3.3,0.473,217,0.407,0.392,22.6
Kevin Anderson,Delaware Blue Hens,2019,33,1016,310,104,267,69,89,33,102,121,20,109,33,11,83,80,101,50.62712307290306,0.11633048906389516,10.799492610155815,1.3,0.051,-5.2,-3,-2.2,0.501,344,0.333,0.382,21.4
Francisco Farabello,TCU Horned Frogs,2022,34,645,159,47,122,27,30,38,99,84,8,43,19,1,28,25,76,58.801775147929,0.10359141554155601,10.781308110874575,2,0.123,5.3,1.9,3.4,0.583,152,0.246,0.811,12.7
Elijah Joiner,Tulsa Golden Hurricane,2020,31,792,218,72,181,52,76,22,64,115,13,86,25,7,54,71,102,50.83006901697444,0.10336614989898883,10.778495283088867,2.1,0.105,2,-0.5,2.5,0.502,238,0.42,0.354,18.1
Connor Cashaw,Rice Owls,2016,32,956,272,95,223,37,62,45,116,139,33,38,30,2,41,67,106,54.33914016301742,0.08946888940447328,10.768262197646438,1.2,0.049,-2.8,-0.7,-2.1,0.539,262,0.278,0.52,15.3
Ryan Allen,Delaware Blue Hens,2020,33,1112,401,129,340,78,95,65,199,70,7,69,29,9,61,82,63,52.51440544787847,0.10168172821180703,10.75429428980725,2,0.074,-3.4,-1.6,-1.8,0.521,384,0.279,0.585,21
Justin Haynes,SMU Mustangs,2011,34,632,163,60,97,37,78,6,17,70,13,47,25,6,42,65,57,62.06213828815108,0.05877255035489005,10.7525640001359,1.6,0.099,-0.6,-1.6,1,0.602,172,0.78,0.18,16.3
Sydney Curry,Louisville Cardinals,2023,32,562,157,64,120,29,55,0,0,137,47,11,8,8,37,69,90,54.43828016643552,0.0743370661120668,10.752434454268696,0.5,0.039,-3.6,-2.2,-1.3,0.537,161,0.458,0,17.1
Nick Russell,SMU Mustangs,2013,32,1159,447,178,436,65,89,26,82,115,13,138,48,8,121,60,102,47.036787608384536,0.1514795876598302,10.746721871281489,1.8,0.061,-2,-1,-0.9,0.467,455,0.204,0.188,27.7
Nick Guadarrama,Florida International Panthers,2023,32,613,176,65,166,14,22,32,92,100,24,45,23,10,44,55,76,50.09107468123861,0.08466888343833154,10.745788331561506,0.8,0.055,-1.1,-0.7,-0.4,0.499,187,0.133,0.554,18
Brandon Huntley-Hatfield,Louisville Cardinals,2023,32,615,161,60,127,36,48,5,18,129,38,15,15,18,46,45,91,54.347826086956516,0.1331199775077123,10.737288917657464,0.5,0.03,-1.5,-1.5,0,0.537,164,0.378,0.142,16.7
Jaylen Fenner,Louisiana Tech Bulldogs,2026,34,688,175,58,146,43,66,16,52,90,33,31,34,9,32,61,57,49.98857404021938,0.024878147943682576,10.736523885204093,1.7,0.101,-2.9,-4.5,1.6,0.493,177,0.452,0.356,15.5
Austin McBroom,Saint Louis Billikens,2014,34,730,248,74,210,56,62,44,126,65,16,56,23,1,45,54,49,52.25893459204316,0.08944033653989263,10.728147477798277,2.2,0.119,2,-0.1,2.1,0.518,242,0.295,0.6,20.2
Willy Kouassi,Kennesaw State Owls,2014,31,546,143,57,106,29,63,0,0,131,47,9,4,35,39,87,84,53.4699371821717,0.21312218319485474,10.725562377720392,0.6,0.044,-5.2,-4.9,-0.3,0.526,143,0.594,0,16.1
Galen Robinson Jr.,Houston Cougars,2018,35,859,164,63,141,34,48,4,22,85,11,130,46,3,58,68,74,50.57981741919566,0.0900583326102726,10.724054679874582,2.4,0.113,3.3,-1,4.3,0.501,219,0.34,0.156,12.9
Keaton Hervey,Missouri State Bears,2021,24,643,177,56,114,41,55,24,55,111,20,8,10,7,29,61,91,64.03762662807526,0.09210125801257431,10.72389481703993,2,0.122,0.5,-0.2,0.7,0.632,161,0.482,0.482,13.8
Greg Tucker,Jacksonville State Gamecocks,2017,35,1064,396,115,324,97,119,69,196,69,13,82,19,2,64,67,56,52.609203953661385,0.10049401596674735,10.718301709818789,2.3,0.085,-2.4,-0.4,-2,0.52,382,0.367,0.605,22.2
Bryan Greenlee,Florida Atlantic Owls,2023,39,961,285,99,238,32,49,55,136,100,12,83,29,3,62,58,88,54.90060101710586,0.06651885351517642,10.714715961182918,2.7,0.111,1.9,0.2,1.7,0.545,286,0.206,0.571,16.9
Dominique Ferguson,Florida International Panthers,2011,30,534,141,46,122,37,63,12,43,96,40,11,11,30,25,60,56,47.08789740849586,0.0571626452106268,10.710859839962012,0.7,0.052,-3.5,-1.8,-1.7,0.464,146,0.516,0.352,16.4
Paul Baxter,Sam Houston Bearkats,2013,34,741,248,87,238,45,59,29,82,91,24,78,25,7,52,73,67,46.976814668889226,0.07034459348962818,10.703079777349025,1.9,0.104,-1.3,-1.8,0.5,0.466,249,0.248,0.345,21.9
Dominique Williams,Florida International Panthers,2015,33,708,207,81,186,35,48,10,35,134,34,18,22,3,36,57,100,49.971031286210895,0.10001476311366661,10.6983416414076,1.5,0.085,-3.1,-2.2,-0.9,0.496,197,0.258,0.188,18.5
Terrence Hargrove Jr.,Saint Louis Billikens,2022,35,753,236,96,229,12,24,32,92,146,40,20,13,12,38,41,106,49.25697111370847,0.09190522442492563,10.691495762793771,1.7,0.089,1.4,0.6,0.8,0.491,218,0.105,0.402,18.3
Jaleel Wheeler,Tulsa Golden Hurricane,2017,32,876,279,91,204,79,109,18,61,128,10,60,16,9,68,55,118,55.36593110017463,0.13239129380303058,10.679199419258184,1.6,0.073,0.9,-0.2,1.1,0.545,272,0.534,0.299,19.1
David Minaya,Liberty Flames,2011,30,813,315,119,289,56,78,21,64,90,15,36,19,2,37,69,75,48.713349004082644,0.11579410321171113,10.671356469288787,2.6,0.122,-3.1,-2,-1,0.49,306,0.288,0.212,22.6
Marcus James,Sam Houston Bearkats,2011,28,472,127,56,117,15,38,0,3,117,44,14,18,16,36,66,73,47.48728686808256,0.06975881620401508,10.671053648861077,0.9,0.074,-5.2,-5,-0.2,0.47,125,0.325,0.026,18
Kenyon McNeail,Louisiana Tech Bulldogs,2012,34,740,232,77,204,37,60,41,120,72,12,74,33,3,55,54,60,50.34722222222222,0.0865272663154814,10.669873343887298,1.4,0.074,-1.3,-1.3,-0.1,0.499,236,0.294,0.588,19.5
Israel Hart,Southern Miss Golden Eagles,2026,35,735,261,81,239,56,67,43,138,65,7,46,36,8,45,62,58,48.6069725864124,0.07923336316667474,10.665520606382302,1.2,0.066,-2.7,-2.7,0,0.482,248,0.28,0.577,21.2
Greg Tucker,Jacksonville State Gamecocks,2016,29,743,300,78,233,98,118,46,146,68,14,41,19,0,54,70,54,52.64635687210445,0.08737256916489416,10.649206163864351,1.1,0.057,-3.2,-1.5,-1.8,0.515,287,0.51,0.628,24
Matt Williams Jr.,UCF Knights,2014,31,608,186,62,158,6,11,56,146,74,14,29,13,2,25,47,60,57.11127487103905,0.055297666454272525,10.645935244311776,1.4,0.09,1,1.4,-0.4,0.57,166,0.07,0.924,15.1
Yann Farell,East Carolina Pirates,2025,33,591,162,56,149,9,13,41,117,78,24,23,16,6,13,55,54,52.35263702171665,0.03859378861241879,10.630741913795221,1.3,0.088,-1.3,-0.7,-0.6,0.522,153,0.087,0.785,14.1
Pablo Bertone,Florida Atlantic Owls,2013,31,739,268,95,225,54,73,24,72,105,21,57,21,6,74,65,84,52.115743621655255,0.04511596553159317,10.624442406357858,1.4,0.072,-3.2,-1.8,-1.4,0.525,275,0.313,0.326,23.4
Moses Wood,Tulane Green Wave,2019,31,560,138,45,115,29,37,19,51,95,26,29,16,16,27,67,69,52.55941499085923,0.04558001065921052,10.614560276439015,0.8,0.06,-0.9,-2,1.1,0.52,141,0.322,0.443,14
Julian DeBose,Rice Owls,2013,30,971,309,115,262,48,65,31,82,127,23,38,33,7,51,91,104,53.165863730213346,0.04623927828325496,10.611125731607965,1.1,0.043,-3.2,-1.3,-2,0.527,301,0.27,0.311,20.1
Tamir Jackson,Rice Owls,2012,35,1016,357,119,304,87,138,32,110,84,22,100,26,0,65,71,62,48.94165387146304,0.08456951791756112,10.60840097094234,1.9,0.077,-2.2,-1.3,-1,0.483,363,0.454,0.362,21.8
Traci Carter,Marquette Golden Eagles,2016,33,790,178,54,157,48,65,22,70,82,14,153,48,5,77,99,68,47.952586206896555,0.06883651270217932,10.6071022275695,1.3,0.065,-0.2,-1.8,1.6,0.474,245,0.414,0.446,16.4
Connor Frizzelle,Rice Owls,2012,35,939,322,116,283,51,63,39,96,59,10,63,26,0,48,45,49,51.81513903192585,0.09389847789568086,10.595290689270692,1.9,0.081,0.2,0.1,0,0.515,298,0.223,0.343,19.6
A.J. Rompza,UCF Knights,2011,33,760,198,63,163,46,66,26,78,68,14,100,34,1,60,52,54,51.55176004998959,0.08374322932543747,10.593044555105793,1.9,0.098,0.4,-0.6,1,0.509,228,0.405,0.479,17.6
Damien Wilson,Kennesaw State Owls,2015,32,598,234,88,230,53,68,5,41,106,31,42,18,7,59,50,75,45.013850415512465,0.19110289940959832,10.586820501633307,0.1,0.004,-7.3,-3.9,-3.3,0.446,236,0.296,0.178,26.3
Durrell McDonald,DePaul Blue Demons,2014,33,647,179,65,159,22,33,27,65,60,18,39,37,4,31,74,42,51.579068695251266,0.0749523323998148,10.584321710754548,1,0.062,1.4,-0.5,1.9,0.512,175,0.208,0.409,16
Rashad Ray,Tulsa Golden Hurricane,2016,31,545,131,45,130,17,27,24,78,44,9,60,31,0,20,48,35,46.16577389343107,0.0466624288507167,10.584000484236551,1.2,0.085,1.9,-1.2,3.1,0.455,147,0.206,0.595,14.9
Shawn Williams,SMU Mustangs,2012,32,554,135,52,137,11,28,20,74,97,28,28,20,10,18,37,69,45.204929011518885,0.07485581977736946,10.583255883742131,1.2,0.089,0.7,-0.2,0.9,0.449,141,0.204,0.54,17.9
Zaxton King,Missouri State Bears,2025,32,983,284,97,240,33,44,57,149,90,12,47,27,5,35,49,78,54.75015422578655,0.1346587679398792,10.572848619284795,2,0.081,-1.2,-0.8,-0.4,0.544,261,0.183,0.621,16.1
Denzel Ingram,Charlotte 49ers,2014,31,756,226,79,183,27,39,41,93,60,11,52,19,2,36,54,49,56.45483613109512,0.09091391714505602,10.56977233230201,1.7,0.092,0.6,-0.1,0.7,0.561,212,0.213,0.508,15.3
Kylan Blackmon,Charlotte 49ers,2025,33,845,238,77,194,49,65,35,110,85,31,32,19,3,16,80,54,53.459119496855344,0.06752988397125523,10.563762337482528,1.5,0.071,-2,-1,-1,0.529,232,0.335,0.567,15.3
Shaquille Johnson,Marshall Thundering Herd,2011,34,861,287,89,223,87,124,22,78,96,23,67,26,8,65,81,73,51.70053321804294,0.06414847961621567,10.532987360711061,2.1,0.096,0.5,-0.8,1.3,0.507,287,0.565,0.35,20
Jeantal Cylla,Florida Atlantic Owls,2016,32,848,309,102,266,63,86,42,126,112,25,15,17,14,40,83,87,50.84913112164296,-0.012909077217009988,10.525373847101733,1,0.045,-4.8,-3.1,-1.7,0.508,286,0.327,0.471,21.4
Najee Garvin,Charlotte 49ers,2018,29,658,208,79,171,50,77,0,4,145,28,21,15,7,47,63,117,50.76142131979695,0.13031149488312016,10.52504121804582,0.5,0.033,-5.3,-4,-1.2,0.501,203,0.45,0.023,19.1
Nick Russell,SMU Mustangs,2014,37,1203,367,118,292,97,121,34,95,127,9,119,38,9,90,89,118,53.15143088865717,0.11697530980269567,10.514679122835759,3.2,0.106,1.8,-0.4,2.2,0.525,373,0.414,0.325,19.1
Zaxton King,Missouri State Bears,2026,34,918,246,81,195,47,62,37,118,67,7,56,25,3,25,59,60,55.335612740687424,0.07229110152866054,10.512550654635916,1.9,0.082,-1.8,-1.6,-0.2,0.548,232,0.318,0.605,13.9
Cheikh Sane,Marshall Thundering Herd,2015,32,574,153,52,122,48,80,1,6,141,58,24,17,16,45,93,83,48.66412213740459,0.039767953332046066,10.493034738813494,1,0.068,-4.3,-4.3,0,0.472,169,0.645,0.048,17.5
Alex Lomax,Memphis Tigers,2019,36,700,179,60,164,52,71,7,34,100,31,88,35,4,60,60,69,45.84101618520794,0.06328453059672218,10.481596946633344,1.2,0.071,1.2,-1.1,2.3,0.453,218,0.433,0.207,16.9
Jorell Saterfield,UTEP Miners,2022,34,692,189,66,164,8,8,49,113,60,10,21,21,4,12,45,50,56.41117478510028,0.06362760393702614,10.48110789484472,1.9,0.11,0.2,-0.2,0.4,0.563,168,0.049,0.689,13.7
Quincy Clark,Jacksonville State Gamecocks,2024,32,786,254,97,245,51,70,9,32,93,11,97,34,7,70,68,82,46.04786076867295,0.08713584693606308,10.480695769175934,1.4,0.069,-3.3,-3.8,0.5,0.456,275,0.286,0.131,22.5
Justin Massey,Florida Atlantic Owls,2015,28,709,205,65,159,40,57,35,90,82,9,37,17,2,28,56,73,55.68231203824424,0.05844522294649937,10.461065592352583,1.8,0.1,0.4,0.3,0.1,0.562,205,0.358,0.57,16.5
JaMonta' Black,Missouri State Bears,2021,24,747,230,76,190,24,32,54,151,79,5,40,13,3,34,35,74,56.35045080360642,0.10067179809178478,10.456717034678789,1.9,0.104,0.2,0.3,-0.1,0.56,213,0.168,0.795,16.8
Spencer Dixon,Kennesaw State Owls,2012,30,1130,406,140,404,54,76,72,213,85,27,118,48,2,89,64,58,46.40636430138991,0.17113768197761148,10.428060979323302,0.2,0.007,-3.8,-0.2,-3.6,0.466,425,0.196,0.527,25.3
Paris Roberts-Campbell,East Carolina Pirates,2013,31,805,170,54,134,26,37,36,96,73,4,59,42,10,30,62,69,56.56108597285068,0.06108347178390058,10.425564070718131,1.8,0.079,1.7,-0.2,2,0.54,191,0.252,0.712,12
Corvonn Gaines,East Carolina Pirates,2011,33,1015,220,66,169,68,112,20,74,94,21,101,54,5,48,79,73,50.39398937144951,0.09371572858147893,10.424799756265953,2.5,0.096,1.6,-0.7,2.4,0.504,261,0.69,0.439,13.9
Karviar Shepherd,TCU Horned Frogs,2015,33,784,202,80,187,42,74,0,3,187,60,28,17,27,41,101,127,46.00109309528147,0.1320163351082784,10.423759242523074,2,0.101,0.1,-2.1,2.2,0.455,207,0.396,0.016,17.1
Isaac Mbuyamba,Kennesaw State Owls,2018,30,524,92,35,73,22,63,0,1,131,62,8,7,26,19,58,69,45.671167593328036,-0.059748327658114886,10.423282105406487,0.6,0.048,-5.8,-3.8,-2,0.445,115,0.877,0.014,11.4
Jared Ridder,Missouri State Bears,2021,24,606,177,60,154,7,10,50,137,70,7,15,11,12,18,34,63,55.871212121212125,0.09892378978398342,10.416445475560902,1.6,0.107,0.9,0.6,0.3,0.557,153,0.065,0.89,15.3
Demaree King,Jacksonville State Gamecocks,2021,27,552,173,59,140,11,17,44,106,44,9,26,12,0,24,35,35,58.65202061296447,0.06969360072887439,10.414984210997252,1.4,0.103,-1.4,-0.5,-1,0.584,154,0.121,0.757,15.8
Jeremiah Eason,Southern Miss Golden Eagles,2014,35,685,192,68,141,56,101,0,0,140,70,20,22,4,46,107,70,51.76876617773944,0.02508392953767254,10.41363585636114,1.9,0.106,-2.3,-2.3,0,0.513,212,0.705,0,17.6
Mekhi Mason,Rice Owls,2023,35,1014,346,126,292,52,79,42,112,108,17,68,27,10,72,78,91,52.944056800097925,0.0725172937240219,10.411784397675563,1.2,0.047,-3.7,-1.9,-1.7,0.525,334,0.271,0.384,20
Robert Goff,Marshall Thundering Herd,2012,35,851,212,84,182,44,95,0,0,160,64,21,16,38,31,115,96,47.36371760500447,0.0532120402349937,10.411188903029164,1.8,0.083,0.8,-1.2,1.9,0.467,211,0.522,0,15
Tyler Harris,Memphis Tigers,2020,31,640,271,86,233,40,47,59,162,56,7,26,14,1,45,45,49,53.413749605802586,0.08125993818311805,10.400030036493359,1.7,0.108,2.1,0.9,1.2,0.531,233,0.202,0.695,22.5
Oliver Powell,Louisiana Tech Bulldogs,2019,33,813,212,71,155,68,103,2,9,169,61,30,14,15,56,76,108,52.915335463258785,0.06715404851912223,10.382781715928333,1.8,0.086,-3.3,-3.2,0,0.52,228,0.665,0.058,16.2
Conor Enright,DePaul Blue Demons,2025,34,693,173,58,147,31,49,26,80,75,12,143,16,1,72,55,63,51.31703844328429,0.120862064624301,10.375932578624516,0.8,0.048,-2.3,-1.4,-0.9,0.508,236,0.333,0.544,18.4
Drae Murray,Sam Houston Bearkats,2011,28,772,161,56,158,17,22,32,102,73,10,129,30,1,46,52,63,48.0081106870229,0.14706756260545703,10.374777841244406,2.2,0.104,-0.9,-0.8,-0.1,0.472,225,0.189,0.646,14.1
Jordair Jett,Saint Louis Billikens,2011,31,748,234,93,220,44,72,4,24,95,24,75,44,11,77,59,71,46.48760330578512,0.06712959470288501,10.372375024962533,1,0.055,0.8,-2.1,2.9,0.46,246,0.327,0.109,23.8
Jaden Harris,New Mexico State Aggies,2025,32,564,169,56,153,28,33,29,87,71,37,16,17,0,21,52,34,50.44173829990448,0.05012255810441631,10.371814686745257,1.5,0.103,-0.3,-1,0.7,0.501,166,0.216,0.569,16.9
Melvin Frazier Jr.,Tulane Green Wave,2016,34,662,176,63,157,32,62,18,63,107,41,24,31,9,38,49,66,47.7534187106577,0.06547965386060031,10.371557032836327,1.1,0.065,0.6,-1.3,1.9,0.472,176,0.395,0.401,17
Lawson Korita,Tulsa Golden Hurricane,2020,31,765,211,66,166,38,52,41,112,81,8,29,27,2,32,29,73,55.85556967386701,0.08520001416563741,10.369242350467987,2.1,0.109,3.1,0.8,2.3,0.553,191,0.313,0.675,15.4
Javaunte Hawkins,Florida International Panthers,2021,26,441,152,53,147,2,2,44,129,26,2,33,14,1,22,27,24,51.3930213686773,-0.042789394314163696,10.35108732086026,0.6,0.058,-4.7,-1.3,-3.4,0.514,140,0.014,0.878,18.7
Kyan Anderson,TCU Horned Frogs,2012,33,915,273,93,227,55,71,32,89,49,14,91,39,1,67,48,35,52.85780669144982,0.09016142367503185,10.349392245876636,1.5,0.066,0,0.2,-0.1,0.524,283,0.313,0.392,17.9
Quinton Campbell,Southern Miss Golden Eagles,2016,29,661,193,64,163,22,33,43,129,97,11,30,12,4,27,39,86,54.36007210455159,0.09186189886283257,10.344886287792573,1.1,0.065,-1.7,-0.3,-1.3,0.54,177,0.202,0.791,17.2
Brandon Cyrus,DePaul Blue Demons,2018,31,848,223,80,195,45,65,18,52,107,54,50,16,11,39,60,53,49.86583184257603,0.08347355225707692,10.340370288185499,1.4,0.067,1.6,0.1,1.5,0.494,234,0.333,0.267,15.3
"Pat Swilling, Jr.",Tulsa Golden Hurricane,2013,33,670,278,88,230,37,57,65,159,58,3,41,10,0,50,51,55,54.49270816998588,0.07793985108524824,10.337690736541463,1.3,0.077,0.1,1.3,-1.2,0.541,246,0.248,0.691,23.5
Lawson Korita,Tulsa Golden Hurricane,2019,32,729,176,59,158,30,46,28,93,87,17,47,20,1,19,23,70,49.371633752244165,0.08478016966639049,10.330108119898043,1.5,0.081,2.3,0.7,1.5,0.489,184,0.291,0.589,14.1
Hakeem Baxter,UAB Blazers,2017,33,800,239,68,180,81,111,22,64,97,21,60,19,1,48,58,76,52.21989162733788,0.07332705312574628,10.327696744391591,NA,NA,NA,NA,NA,NA,NA,NA,NA,NA
Michael Douglas,Florida International Panthers,2018,32,678,196,64,172,37,57,31,85,104,28,10,23,4,18,67,76,49.72599959407347,0.015700188344504765,10.326024490460892,1.5,0.091,-1.9,-1.9,0,0.492,184,0.331,0.494,16.1
Jarrod West,Louisville Cardinals,2022,32,899,196,66,176,30,38,34,104,81,9,93,44,0,39,59,72,50.850975508509755,0.13122378131918438,10.3252042519863,1.8,0.082,1.8,-1,2.8,0.505,219,0.216,0.591,13.4
Dago Pena,Marshall Thundering Herd,2012,35,726,211,71,189,15,27,54,151,51,28,33,23,7,28,34,23,52.5189167662286,0.04110029470146099,10.317661254412624,1.7,0.093,2.3,1.9,0.4,0.523,195,0.143,0.799,15.7
Petar Krivokapic,Florida International Panthers,2024,33,652,237,80,213,33,47,44,143,50,18,22,22,1,34,42,32,50.71037315987675,0.038925730513094864,10.317310322977571,0.7,0.044,-5.4,-2.1,-3.3,0.504,214,0.221,0.671,20.1
Tyson Jackson,Middle Tennessee Blue Raiders,2020,31,632,164,66,134,32,55,0,0,147,53,24,13,21,52,84,94,51.8331226295828,0.06274558842179352,10.315221721376053,0.7,0.046,-5.9,-4.5,-1.3,0.512,175,0.41,0,16.4
Sacar Anim,Marquette Golden Eagles,2018,35,944,267,104,216,51,82,8,34,103,44,57,28,2,47,96,59,52.95937797524596,0.06489577265602714,10.311597162475902,1.3,0.056,-0.7,-0.8,0.1,0.524,286,0.38,0.157,16.2
Jaron Pierre Jr.,Southern Miss Golden Eagles,2021,25,587,211,78,202,24,32,31,92,85,9,37,27,4,52,39,76,48.82450944094779,0.07413044059443398,10.305673099687763,0.9,0.059,-1.5,-2,0.5,0.486,199,0.158,0.455,23.8
Jeremiah Kelly,DePaul Blue Demons,2011,31,983,236,82,220,22,26,50,140,69,16,90,52,3,42,81,53,50.98513653646734,0.12586647340008877,10.297038895700302,1.2,0.05,0.7,-0.1,0.9,0.508,241,0.118,0.636,14
L.J. Owens,Delaware Blue Hens,2023,33,792,249,87,218,35,43,40,130,64,12,34,15,8,26,57,52,52.549383758230626,0.09252653478242187,10.288534343298556,1.4,0.069,-3.8,-1.8,-2,0.522,231,0.197,0.596,17.6
DK Eldridge,New Mexico State Aggies,2015,34,880,279,102,262,38,60,37,126,90,26,74,37,2,63,61,64,48.37031900138697,0.059735677849634454,10.267872849210015,2.4,0.109,-0.8,-1.2,0.4,0.48,281,0.229,0.481,21.3
Kasen Jennings,Kennesaw State Owls,2023,35,786,203,66,161,34,43,37,98,57,9,56,29,8,34,73,48,56.41396176078256,0.11104037565500052,10.259092573611523,2,0.104,-1.2,-2,0.8,0.559,202,0.267,0.609,13.9
Javaunte Hawkins,Florida International Panthers,2023,32,619,184,63,183,22,22,36,116,58,11,43,28,1,31,32,47,47.74756072244135,0.04847139905942247,10.25464786221928,0.8,0.053,-3.3,-2.2,-1.1,0.476,186,0.12,0.634,18.3
James Hawthorne,Middle Tennessee Blue Raiders,2019,32,748,225,83,192,43,57,16,50,170,57,33,11,26,71,98,113,51.82421227197346,0.009700043429580179,10.248147064120921,1,0.055,-3.5,-3.5,-0.1,0.514,231,0.297,0.26,18.9
Isaiah Barnes,Tulsa Golden Hurricane,2025,33,743,241,87,206,31,53,36,108,120,18,15,14,4,33,52,102,52.54665968951684,0.1012933211115334,10.241395750677816,1,0.054,-3.9,-2.6,-1.3,0.521,210,0.257,0.524,18.3
Larry Hughes II,Saint Louis Billikens,2024,33,722,229,73,206,34,44,49,138,83,11,45,36,3,42,75,72,50.8075967341143,0.06797200913437446,10.241005532111094,0.6,0.033,-1.6,-1.2,-0.4,0.505,222,0.214,0.67,19
Austin Ramljak,Rice Owls,2013,30,845,280,92,233,24,31,72,189,61,10,26,16,5,21,82,51,56.762893285760626,0.17033917323314926,10.240180869043677,1,0.049,-1.7,1.3,-3,0.556,242,0.131,0.814,18
Donovan Sims,Middle Tennessee Blue Raiders,2020,31,893,274,93,260,41,57,47,142,95,9,100,46,4,77,64,86,48.05668584257051,0.08165011273936772,10.232652745384629,0.9,0.042,-2.2,-1.7,-0.5,0.477,288,0.219,0.546,19.9
T.J. Price,Western Kentucky Hilltoppers,2012,35,836,270,83,229,52,72,52,146,129,34,54,27,7,68,85,95,51.787632346171556,0.12031112111657072,10.214232281620225,1.7,0.081,0,-0.4,0.4,0.513,263,0.314,0.638,19.5
Eric Weary Jr.,Houston Cougars,2015,32,558,173,59,182,23,32,32,130,110,34,17,16,12,28,39,76,44.11464708282333,0.069480864212216345,10.207261235142377,1,0.072,-1.4,-1,-0.4,0.439,165,0.176,0.714,21
Kassim Nicholson,UAB Blazers,2020,32,609,182,68,170,32,43,14,51,123,35,10,19,9,35,54,88,48.1685369468558,0.06588249065115427,10.203980482281056,NA,NA,NA,NA,NA,NA,NA,NA,NA,NA
Anthony Pritchard,Tulsa Golden Hurricane,2023,30,624,187,76,165,22,36,13,40,63,8,87,29,3,74,41,55,51.70316301703163,0.08402693377672854,10.198382487003967,0.1,0.004,-3.3,-2.6,-0.7,0.513,208,0.218,0.242,21.1
Ryan Manuel,SMU Mustangs,2015,34,963,222,77,152,64,108,4,11,113,25,72,19,13,39,78,88,55.63352044907779,0.08111199276376617,10.195655012130333,2.8,0.116,2.1,0,2.1,0.546,230,0.711,0.072,13.2
Shaquille Harrison,Tulsa Golden Hurricane,2013,33,889,226,72,193,78,122,4,27,124,24,94,56,14,80,82,100,45.80833468461164,0.047654835124001024,10.191446198979389,1.3,0.059,-0.7,-3,2.3,0.45,259,0.632,0.14,19.1
Tre Drye,Tulane Green Wave,2013,35,796,160,60,117,40,57,0,0,174,69,14,18,7,34,82,105,56.3063063063063,0.06852853432282616,10.190318085596708,1.8,0.092,-0.8,-0.6,-0.2,0.555,172,0.487,0,11.4
C.J. Turman,Florida Atlantic Owls,2015,28,508,161,66,114,29,50,0,0,89,23,6,6,17,37,84,66,59.19117647058824,0.0016715695523179352,10.18202212569958,0.9,0.068,-4.6,-4.4,-0.3,0.577,150,0.475,0,19.1
Ash Yacoubou,Saint Louis Billikens,2015,32,834,292,105,267,67,107,15,65,153,44,44,28,6,65,79,109,46.48497198166073,0.198464251490307,10.177514282876306,0.9,0.045,-2.5,-2,-0.5,0.459,287,0.401,0.243,25.3
C.J. Cooper,UTEP Miners,2015,33,1018,267,82,214,55,74,48,136,59,5,106,21,1,43,45,54,54.14503569110967,0.10539942847083289,10.175559373792243,2.7,0.106,0.7,0.6,0.1,0.536,280,0.346,0.636,15.3
Nick Rutherford,Florida Atlantic Owls,2016,32,831,230,70,194,79,112,11,36,90,16,114,47,9,88,71,74,47.27063465965143,0.13910328714477987,10.168388799411945,0.5,0.021,-3.4,-3.7,0.2,0.467,280,0.564,0.188,20.8
Cedrick Alley Jr.,Houston Cougars,2019,37,665,172,56,161,29,38,31,116,109,36,26,17,9,26,43,73,48.390726986270536,0.04683724882061474,10.166676551578119,2,0.123,3.5,1,2.5,0.48,174,0.236,0.72,15.5
Rob Loe,Saint Louis Billikens,2013,35,803,244,83,198,49,71,29,92,120,37,42,15,10,45,97,83,53.21933344965974,0.0672543939937448,10.159591096100336,2.5,0.127,2.2,0.1,2.1,0.526,244,0.359,0.465,18.8
Jordan Lathon,UTEP Miners,2019,29,889,294,102,255,48,80,42,120,136,13,74,20,23,74,91,123,50.65472088215024,0.013781861343583276,10.153795357619261,1.7,0.078,-0.4,-1.5,1.1,0.502,291,0.314,0.471,20.7
Markel Crawford,Memphis Tigers,2015,32,682,178,67,166,19,26,25,83,70,16,54,32,3,36,54,54,50.15779981965734,0.07217448033000055,10.1517080868785,1.7,0.099,1.3,-0.9,2.2,0.499,177,0.157,0.5,16
Jamar Briscoe,Charlotte 49ers,2012,30,614,219,73,208,39,57,34,105,63,13,34,26,0,34,46,50,46.97957782735541,0.06810925421172402,10.145242652007465,0.9,0.062,-0.7,-1.2,0.5,0.466,203,0.274,0.505,22
Derrick Wilson,Marquette Golden Eagles,2015,32,1053,179,68,165,34,72,9,39,126,29,150,38,10,51,65,97,45.505389465121006,0.1640384604255599,10.142388438575614,1.8,0.068,2.2,-0.4,2.6,0.449,246,0.436,0.236,12.8
Seth Gearhart,Rice Owls,2013,30,552,129,39,104,29,34,22,65,55,6,33,21,9,14,63,49,54.21990585070612,0.05476783201534339,10.137723059796109,1,0.066,-1.5,-1,-0.5,0.545,138,0.336,0.627,13.7
Mike James,Louisville Cardinals,2023,32,989,322,106,234,75,96,35,98,104,22,34,17,12,65,78,82,58.28265276571097,0.1609816693225254,10.137304899772618,1,0.042,-1.3,-0.2,-1.1,0.576,300,0.41,0.419,18.2
Mason Faulkner,Louisville Cardinals,2022,32,569,144,44,122,33,44,23,70,45,9,80,14,1,33,48,36,50.933786078098464,0.06054223549962366,10.136916880471585,1.1,0.078,-0.7,-0.7,0,0.504,170,0.361,0.574,16
Trey Touchet,UTEP Miners,2017,32,569,137,40,98,34,38,23,66,58,9,38,15,0,24,36,49,59.71059972105998,0.052910018489137754,10.135466207910687,1.4,0.1,0,-0.5,0.5,0.59,140,0.388,0.673,13
Kimar Williams,Florida International Panthers,2016,31,616,122,41,113,37,63,3,17,93,16,78,28,2,32,55,77,43.348493462194426,0.06664041731562016,10.130989351878565,1,0.064,-3.5,-3.9,0.4,0.424,158,0.553,0.149,14.8
Marcus Harris,Sam Houston Bearkats,2019,33,860,262,90,224,47,65,35,108,64,8,74,26,4,46,63,56,51.86064924782264,0.07753326699586845,10.118704701188808,1.8,0.085,-3.7,-2.6,-1,0.514,257,0.29,0.482,17.6
Quentin Diboundje,East Carolina Pirates,2023,33,592,213,64,178,52,70,33,101,49,14,29,8,4,27,38,35,51.00574712643677,0.049461978185984926,10.106256707543935,1.1,0.075,-1.1,-0.2,-0.9,0.504,196,0.393,0.567,19.9
David Minaya,Liberty Flames,2012,32,912,364,141,353,66,88,16,69,113,21,34,20,0,44,70,92,46.461758398856325,0.11751223927424449,10.099735518068524,1,0.044,-5.2,-2.3,-2.8,0.461,327,0.249,0.195,24.9
Kelvin McNeil,Delaware Blue Hens,2011,31,614,156,59,128,37,62,1,1,154,37,16,8,6,29,69,117,50.23183925811438,0.10166947285536428,10.095356643180425,1.1,0.073,-2.4,-2.2,-0.2,0.495,158,0.484,0.008,16.8
Lovell Cabbil Jr.,Liberty Flames,2016,31,953,297,95,257,60,70,47,139,101,11,76,42,10,73,83,90,51.598332175121605,0.1708765065600076,10.08906757170463,1.6,0.067,-2.5,-2.1,-0.4,0.527,321,0.275,0.551,21.3
Josh Hall,Missouri State Bears,2020,33,712,172,64,155,30,49,14,49,135,36,40,30,7,45,67,99,48.70865428183054,0.09487540875685961,10.087949735888134,1.4,0.08,0,-1.5,1.5,0.482,184,0.316,0.316,15.8
Ryan Kreklow,Missouri State Bears,2019,32,880,254,80,186,41,53,53,128,97,8,38,34,11,59,85,89,60.672654309191664,0.08466816898133869,10.082108385242028,1.9,0.085,-0.9,-1.4,0.6,0.601,233,0.285,0.688,16.5
David Andoh,Liberty Flames,2015,32,822,321,123,290,75,97,0,8,178,65,18,14,12,84,76,113,48.24455933629915,0.09839606951704481,10.081181897055838,0.7,0.034,-8.1,-5.4,-2.7,0.478,308,0.334,0.028,26.4
Davell Roby,Saint Louis Billikens,2016,32,633,194,56,141,53,72,29,74,73,7,50,18,3,43,69,66,56.173268473476945,0.05725476881512739,10.074181142358686,1.1,0.07,-0.4,-1.3,0.9,0.554,192,0.511,0.525,18
Jay Pal,Jacksonville State Gamecocks,2021,27,658,140,52,126,20,31,16,62,120,34,46,17,18,39,56,86,50.12890289315383,0.09655203563428197,10.071146333618586,1.5,0.088,-0.9,-1.9,0.9,0.497,160,0.246,0.492,13.8
Jamal Crook,Western Kentucky Hilltoppers,2012,35,877,296,121,291,47,76,7,29,95,22,94,37,4,81,66,73,45.61706324744175,0.1190447555644188,10.06513959448488,1.1,0.05,-1.9,-2.3,0.5,0.452,303,0.261,0.1,23
Kevin Holland,Southern Miss Golden Eagles,2019,33,763,153,51,117,11,13,40,89,58,6,39,32,4,17,44,52,62.337027379400254,0.051965887158338456,10.062679946384774,2.1,0.108,1.4,-0.6,1.9,0.611,148,0.105,0.766,10.1
Joseph Venzant,Liberty Flames,2022,33,701,124,40,88,39,49,5,31,144,41,20,30,8,27,86,103,56.58999634903249,0.07443876605647837,10.057324647626912,2.3,0.133,-1.4,-3.3,1.9,0.557,147,0.557,0.352,10.8
Max Guercy,Rice Owls,2016,32,1074,227,60,159,88,104,19,60,90,20,182,30,1,91,70,70,55.43074819300645,0.11016804261159953,10.055420390605125,1.1,0.039,-5.2,-1.7,-3.5,0.545,313,0.654,0.377,13.9
Micah Peavy,TCU Horned Frogs,2022,34,716,207,83,187,36,63,5,30,137,51,36,21,18,56,82,86,48.20230998509687,0.06806583081412101,10.049937542592271,1.4,0.08,1.7,-1.3,2.9,0.477,210,0.337,0.16,19
Kobe Johnson,Saint Louis Billikens,2025,34,950,191,75,137,17,21,24,64,103,14,55,22,12,34,52,89,65.30361050328227,0.11805858901078592,10.049181642267913,2.2,0.092,0.8,-0.4,1.2,0.65,192,0.153,0.467,10.1
Raheem Watts,Southern Miss Golden Eagles,2016,29,620,211,74,161,45,60,18,56,88,23,15,15,2,38,90,65,56.29669156883671,0.05595715600813043,10.044524749474622,1,0.062,-6.2,-4.3,-1.9,0.557,192,0.373,0.348,20.2
Albert Almanza,Sam Houston Bearkats,2019,33,721,201,67,179,27,31,40,118,88,28,28,20,10,20,90,60,52.169850498338874,0.045819612753600365,10.041758973243375,1.9,0.103,-2.6,-1.9,-0.8,0.519,190,0.173,0.659,14.9
Ryan Kemrite,Liberty Flames,2016,31,889,242,83,195,25,39,51,133,126,31,26,19,3,26,94,95,57.03242835595776,0.09644835793767668,10.039804643118474,2.2,0.098,-2.8,-1,-1.8,0.592,245,0.207,0.69,15.3
Chris Crawford,Memphis Tigers,2011,35,920,231,82,249,23,31,44,147,107,16,117,55,15,74,59,91,43.97654584221748,0.08630444290842845,10.036389205642747,1.6,0.067,2,-0.7,2.7,0.438,262,0.124,0.59,18
Ako Adams,Rice Owls,2018,31,921,324,98,271,74,92,54,160,81,9,100,24,1,82,66,72,52.00975985617053,0.09970141532894959,10.03632666800396,1.1,0.046,-2.8,-1.2,-1.6,0.515,331,0.339,0.59,21.4
Justin Raffington,Florida Atlantic Owls,2015,28,539,159,62,147,30,55,5,22,134,41,18,6,17,43,44,93,46.436915887850475,0.13417244032017103,10.031337860317548,0.7,0.05,-3.8,-2.6,-1.3,0.473,180,0.394,0.148,22.2
Corey Henderson,Tulsa Golden Hurricane,2017,32,718,277,89,243,48,58,51,151,34,4,38,17,2,41,41,30,51.57902577089231,0.05681851849721702,10.025713868725052,1.2,0.068,0.9,1,-0.1,0.512,251,0.239,0.621,22.4
Kendle Moore,Missouri State Bears,2023,32,753,224,76,206,25,32,47,138,75,23,39,32,1,41,51,52,50.89058524173028,0.0833603302530043,10.018285589227162,1.7,0.092,-0.9,-1.4,0.5,0.506,215,0.155,0.67,18.8
Tommy Hamilton IV,DePaul Blue Demons,2014,33,786,247,85,215,58,80,19,53,155,47,25,16,20,60,77,108,49.36051159072742,0.10377367657774149,10.018269619484643,0.6,0.032,-1.9,-1.3,-0.6,0.488,242,0.372,0.247,20.1
Delbert Love,Kennesaw State Owls,2015,32,871,227,80,231,36,49,31,114,128,38,83,35,2,62,34,90,44.93981628127969,0.16434313900214478,10.017086281674832,0.5,0.021,-4.8,-2.5,-2.2,0.446,254,0.212,0.494,17.9
Bryson Pope,Tulsa Golden Hurricane,2011,32,697,200,65,144,56,94,14,42,92,18,73,18,6,65,57,74,53.94907207596029,0.06819212137693616,10.014111604315312,1.3,0.074,0.3,-0.7,1,0.53,217,0.653,0.292,18.8
Payton Hulsey,Florida Atlantic Owls,2018,31,724,184,63,178,51,76,7,26,127,29,96,42,1,72,71,98,43.51116155883466,0.07721239077350625,10.010167656609074,0.9,0.048,-3,-4.8,1.8,0.425,219,0.427,0.152,19.2
Koby McEwen,Marquette Golden Eagles,2021,27,809,276,90,229,60,79,36,107,97,7,77,18,6,62,92,90,52.32029117379437,0.09301412493655795,10.006595426549433,1.6,0.079,0.5,-0.5,0.9,0.518,281,0.345,0.467,20.8
Jordan Rawls,New Mexico State Aggies,2024,32,932,265,100,260,47,60,18,64,75,10,110,32,0,63,25,65,46.26396648044693,0.08166652359156257,9.991413720027364,0.8,0.036,-4.7,-2.5,-2.3,0.459,292,0.231,0.246,19.6
Cornelius Taylor,Florida Atlantic Owls,2020,32,890,372,133,369,38,55,68,212,86,16,64,38,1,81,68,70,47.30417090539166,0.05066284316161937,9.99063125807936,1.3,0.058,-3.3,-2.2,-1.1,0.471,352,0.149,0.575,26.6
Cazmon Hayes,Delaware Blue Hens,2017,33,884,285,98,276,60,87,29,112,110,25,58,17,23,52,50,85,45.34173348606338,0.107141901995882,9.983948739697274,0.5,0.022,-3.6,-2,-1.6,0.448,284,0.314,0.404,22
Jamal Bieniemy,UTEP Miners,2021,24,752,198,71,191,30,46,26,83,80,8,92,27,12,48,65,72,46.866123840181785,0.08201258321115644,9.982155914131663,1.4,0.075,-0.6,-1.4,0.9,0.465,223,0.241,0.435,17.7
Chris Harrison-Docks,Western Kentucky Hilltoppers,2015,32,1076,355,111,296,59,78,74,209,86,4,80,23,0,67,53,82,53.73577137321386,0.11308595677464048,9.96919820538897,2.4,0.09,-0.6,-0.1,-0.5,0.533,331,0.264,0.706,18.8
Tavares Speaks,Liberty Flames,2012,32,979,326,134,296,53,68,5,23,107,24,24,37,3,51,74,83,50.012272950417284,0.1160875301325893,9.966482942658393,1.1,0.045,-5.2,-3.4,-1.8,0.496,288,0.23,0.078,20.1
Isaiah Folkes,Charlotte 49ers,2024,31,587,129,61,123,7,19,0,8,69,22,65,22,3,39,43,47,49.10170523751522,0.051588978375469274,9.966268588032666,0.9,0.059,-1.9,-2.8,0.9,0.489,155,0.154,0.065,16.3
Tyrik Dixon,Middle Tennessee Blue Raiders,2018,33,720,152,52,139,27,34,21,64,96,13,100,27,2,42,89,83,49.36347103143673,0.05768097149821033,9.95749114185699,2,0.11,1.3,-1.7,2.9,0.49,192,0.245,0.46,14
Dayon Griffin,UCF Knights,2018,32,877,277,95,271,31,53,56,174,130,22,38,26,9,42,44,108,47.057624354444144,0.09652878878756163,9.952292454771419,2,0.09,3.2,0.5,2.6,0.468,259,0.196,0.642,20.7
Jaqawn Raymond,Middle Tennessee Blue Raiders,2014,33,695,214,69,175,31,44,45,111,74,13,42,15,4,37,67,61,55.05247993414283,0.05845655724808686,9.943365290385978,2.1,0.118,0.8,-0.1,1,0.546,199,0.251,0.634,17.2
Tanksley Efianayi,UCF Knights,2017,36,836,278,91,230,68,93,28,86,118,27,44,16,4,61,51,91,51.30665879226339,0.07341011368886287,9.931230353566754,2.2,0.104,1,-0.9,2,0.507,271,0.404,0.374,20.7
Boogie Ellis,Memphis Tigers,2020,31,759,249,76,230,61,89,36,111,101,13,45,39,4,45,71,88,46.255015604101644,0.05922546036961911,9.918090620935693,2,0.107,1.7,-1.9,3.6,0.457,240,0.387,0.483,20
Delbert Love,Kennesaw State Owls,2013,30,1074,366,119,340,72,97,56,177,96,25,84,44,2,80,67,71,47.82063342740671,0.09788410502382552,9.916360129638559,0.7,0.028,-3.6,-1.2,-2.5,0.474,361,0.285,0.521,23
Alem Huseinovic,Rice Owls,2024,32,852,249,92,204,14,28,51,127,55,7,30,22,3,28,44,48,57.55362426035503,0.05060716025679431,9.916140927721887,1.1,0.051,-2.2,-1,-1.3,0.573,211,0.137,0.623,14.8
Jeantal Cylla,Florida Atlantic Owls,2017,30,659,214,75,196,41,56,23,87,98,28,13,13,10,29,58,70,48.49528643944888,0.056654424409722536,9.91391719180653,0.9,0.056,-4.1,-2.5,-1.6,0.481,199,0.286,0.444,18.9
David Terrell Jr.,UTEP Miners,2024,34,660,182,60,145,59,79,3,20,58,13,62,44,4,61,68,45,50.62305295950156,0.03307358170843474,9.902450379852969,1.2,0.072,-2.8,-4.7,1.9,0.499,195,0.545,0.138,18
Eric McClellan,Tulsa Golden Hurricane,2012,31,694,256,78,183,82,111,18,47,75,12,67,20,5,93,44,63,55.21048999309869,0.07058141194718769,9.901468917012155,1.1,0.064,-1,-0.8,-0.2,0.543,260,0.607,0.257,25.4
Ben Cherry,Charlotte 49ers,2014,31,673,196,59,135,29,34,49,107,31,5,22,10,0,18,54,26,65.35076020272072,0.048178586370499966,9.897254081421996,1.8,0.108,0,0.3,-0.2,0.648,165,0.252,0.793,12.3
Julian Washburn,UTEP Miners,2012,32,1055,348,143,317,40,71,22,65,107,22,49,28,12,63,60,85,49.96554100620262,0.10052074926535733,9.894848422793274,1.6,0.06,0.5,-0.2,0.7,0.496,315,0.224,0.205,22.2
Ryan Kreklow,Missouri State Bears,2016,31,596,187,57,164,34,45,39,113,62,12,35,21,7,33,62,50,50.87051142546246,0.07541142608263178,9.890334280497884,0.9,0.061,-0.1,-0.6,0.4,0.504,177,0.274,0.689,18.4
Michael Perez,UTEP Miners,2012,32,957,340,110,273,79,109,41,111,80,11,60,21,6,70,62,69,52.96610169491526,0.1006287150558301,9.889917475773819,1.7,0.071,0.3,0.3,0,0.523,315,0.399,0.407,23.4
Deion Lavender,UAB Blazers,2017,33,773,203,73,184,50,69,7,40,91,8,113,25,2,65,52,83,47.350251912670274,0.07468575095759931,9.885977625057537,NA,NA,NA,NA,NA,NA,NA,NA,NA,NA
Jeremy Sheppard,East Carolina Pirates,2017,33,797,276,93,255,40,61,50,148,64,12,104,32,1,79,59,52,48.96395117797333,0.04412236183705839,9.875029025134836,1.2,0.061,-0.3,-0.8,0.4,0.486,286,0.239,0.58,23.3
Jarrid Rhodes,Missouri State Bears,2017,33,731,231,85,201,24,33,37,95,114,28,21,9,8,42,59,86,53.5913140311804,0.07909417609862107,9.85322032323939,1.4,0.076,-1,-0.1,-0.9,0.533,212,0.164,0.473,18.2
D'Andre Wright,Tulsa Golden Hurricane,2015,34,730,238,81,208,63,89,13,46,150,68,30,7,12,51,115,82,48.14694934455414,0.053762870250389484,9.850423768334402,1.8,0.099,-2,-2.8,0.7,0.475,249,0.428,0.221,22.1
Troy D'Amico,DePaul Blue Demons,2025,34,848,196,58,140,41,47,39,103,86,18,53,11,12,31,64,68,60.990789146128954,0.08143238495055023,9.849796876613505,1.7,0.078,0.5,0.1,0.4,0.604,198,0.336,0.736,11.9
D.J. Foreman,Saint Louis Billikens,2019,36,740,218,80,161,58,107,0,1,156,59,24,11,18,61,92,97,52.383698577470206,0.05594132043307753,9.831271283781026,1.5,0.077,-2.5,-3.5,1.1,0.515,215,0.665,0.006,17.7
A.J. Davis,UCF Knights,2017,36,1012,257,77,213,86,125,17,64,218,43,74,27,10,73,84,175,47.94776119402985,0.10225867854743549,9.826119212190655,2.8,0.109,2.1,-1.4,3.5,0.472,285,0.587,0.3,17.7
V.J. King,Louisville Cardinals,2018,36,915,308,106,266,72,98,24,75,120,23,32,21,4,51,63,97,49.81884057971014,0.08355197564137198,9.818712104172622,1.6,0.068,-0.4,-1.2,0.9,0.493,289,0.368,0.282,20.1
Matt Milon,UCF Knights,2020,30,663,187,66,180,12,20,43,127,74,14,18,23,3,17,33,60,49.52330508474576,0.059182584549275635,9.818649760844625,1.4,0.086,1.2,0.4,0.8,0.493,166,0.111,0.706,15.8
C.J. Cooper,UTEP Miners,2014,34,1075,328,94,263,82,94,58,174,64,10,102,26,0,69,63,54,53.88355894335655,0.08630082018379008,9.817376203093463,2.6,0.098,-0.4,-0.3,-0.1,0.533,330,0.357,0.662,18.6
Justin Begg,Sam Houston Bearkats,2026,34,578,210,75,188,28,38,32,99,58,7,80,16,3,70,42,51,51.289566236811254,0.06809964975846365,9.790273275718867,0.6,0.039,-4,-2.5,-1.5,0.51,220,0.202,0.527,22.4
L.J. Bernard Rose,Houston Cougars,2015,32,657,186,64,172,34,56,24,81,48,11,101,17,3,51,44,37,47.29454841334418,0.10835322924882955,9.783489829893645,NA,NA,NA,NA,NA,NA,NA,NA,NA,NA
Jalen Coleman-Lands,DePaul Blue Demons,2020,32,969,356,117,322,59,72,63,196,87,15,37,22,3,45,80,72,50.32798009500114,0.08903640245011332,9.766467140388189,1.9,0.078,0.8,0.3,0.5,0.5,317,0.224,0.609,20
Jaden Walker,East Carolina Pirates,2023,33,948,243,89,226,42,72,23,71,148,26,101,40,4,73,74,122,47.1515057435579,0.08512795594836163,9.762124636719847,1.3,0.055,-1,-2.6,1.6,0.467,266,0.319,0.314,17.4
Jacques Streeter,UTEP Miners,2012,32,1063,230,67,172,70,94,26,58,99,15,140,23,1,63,62,84,53.899512560929885,0.13408471446322665,9.751446991035825,2.4,0.09,1.5,0.6,0.8,0.531,276,0.547,0.337,14.9
Hakeem Baxter,UAB Blazers,2015,36,940,273,81,215,96,121,15,65,109,14,55,29,10,56,72,95,50.887265135699366,0.06695319140128815,9.746016357107928,NA,NA,NA,NA,NA,NA,NA,NA,NA,NA
Javarris Barnett,Charlotte 49ers,2011,30,853,240,82,199,28,35,48,120,151,24,26,19,8,52,64,127,55.970149253731336,0.12385654420582483,9.735004264236307,1.4,0.066,-0.2,0,-0.2,0.557,216,0.176,0.603,16.6
Bryson Lockley,Kennesaw State Owls,2019,32,961,228,75,218,78,117,0,4,225,85,53,21,21,64,73,140,42.30369600712483,0.17536230101212916,9.733778807555085,0.4,0.016,-5.9,-4.3,-1.7,0.417,259,0.537,0.018,16.5
Collin Mangrum,SMU Mustangs,2011,34,798,197,73,175,19,27,32,106,84,10,58,27,5,32,65,74,52.7076198630137,0.05972809766026642,9.73148342832113,2,0.098,0.2,-0.4,0.6,0.524,202,0.154,0.606,16.3
Kevin Johnson,Cincinnati Bearcats,2017,36,1017,286,101,267,34,42,50,162,77,26,46,44,4,40,63,51,50.09107468123861,0.05748684381592601,9.714315535741388,2.7,0.107,2.7,-0.2,2.9,0.498,266,0.157,0.607,16.6
Alex Tucker,Florida Atlantic Owls,2012,29,709,130,44,112,36,53,6,15,77,15,117,32,5,57,66,62,48.03428909252143,0.06983181264165696,9.70641208897706,1,0.056,-2.3,-2.9,0.6,0.474,183,0.465,0.132,14.3
Isaac Sosa,UCF Knights,2011,33,835,264,88,219,28,36,60,153,59,8,23,17,2,33,34,51,56.208482370975986,0.06431886289926575,9.695971549720495,2.1,0.102,1.8,1.5,0.4,0.559,224,0.164,0.699,16.9
Koby McEwen,Marquette Golden Eagles,2020,30,829,276,72,217,97,114,35,120,145,8,94,17,2,82,96,137,51.65443928731845,0.12477768845308623,9.692717013466035,1.7,0.083,0.8,-0.6,1.4,0.509,298,0.525,0.553,20.8
Colby Rogers,Memphis Tigers,2025,35,1060,373,130,347,34,43,79,212,68,16,49,31,11,52,84,52,50.9674245736773,0.04942091259405476,9.689691527280663,2,0.075,0.6,-0.1,0.7,0.508,336,0.124,0.611,19
Vander Blue,Marquette Golden Eagles,2011,37,703,187,69,175,45,74,4,25,104,31,59,33,8,51,66,73,45.047215263056465,0.04015115330530177,9.673299352831046,1.1,0.061,0.1,-1.9,2,0.445,203,0.423,0.143,18.5
Keonte Kennedy,UTEP Miners,2021,24,755,207,84,215,21,40,18,75,141,38,36,31,2,44,47,103,44.496990541702495,0.10613755656399283,9.668676361651782,1.1,0.06,-0.8,-1.5,0.7,0.442,216,0.186,0.349,18.8
Eric Nottage,Florida International Panthers,2016,31,642,132,39,101,30,39,24,63,101,16,78,22,1,50,64,85,55.85646580907244,0.06592523197803511,9.662880933555476,1.2,0.074,-2.6,-2.5,-0.1,0.552,170,0.396,0.632,14.1
Kyle Cassity,Saint Louis Billikens,2012,34,609,111,41,103,8,10,21,64,48,1,65,23,3,18,33,47,51.67597765363128,0.0618247527871982,9.649241866012309,2,0.128,5.3,1,4.3,0.515,125,0.097,0.621,11.3
Clayton Henry,New Mexico State Aggies,2022,34,611,133,44,115,16,21,29,80,89,25,22,14,5,17,37,64,53.525434642627175,0.0914994932922517,9.646630340362568,1.8,0.116,2.9,0.7,2.1,0.532,133,0.183,0.696,11.7
Jordan Cornish,Tulane Green Wave,2018,31,937,307,103,275,60,86,41,125,100,12,101,11,10,74,46,88,49.06661552231172,0.07333374792957159,9.645802732257355,0.8,0.036,-2.4,-0.9,-1.5,0.486,318,0.313,0.455,21
Jaye Nash,Jacksonville State Gamecocks,2026,32,824,164,41,134,72,104,10,35,89,26,129,32,2,58,69,63,45.61637739207833,0.0478230729026765,9.638841956133943,1.6,0.077,-4.4,-4.1,-0.3,0.447,231,0.776,0.261,15.2
Dequon Miller,Missouri State Bears,2016,31,1073,395,131,356,77,112,56,168,95,16,91,18,0,78,60,79,48.73174101855508,0.057571081088861574,9.631906016757407,0.9,0.031,-2.9,-0.7,-2.2,0.475,397,0.333,0.474,23.1
Elijah Cuffee,Liberty Flames,2020,34,1060,238,85,210,25,31,43,126,87,17,77,31,21,43,59,70,53.210516902164194,0.096505652274897,9.61758668461771,3.7,0.138,0.1,-1.4,1.5,0.53,253,0.148,0.6,14.7
Spencer Dixon,Kennesaw State Owls,2011,30,1053,403,141,398,72,100,49,175,101,23,97,35,2,93,61,78,45.588235294117645,0.16649744875264083,9.61749389631067,0.5,0.017,-5.8,-2,-3.9,0.45,410,0.248,0.443,25.8
Joe Richard,Tulsa Golden Hurricane,2011,32,783,117,39,72,39,69,0,0,195,73,15,14,19,31,97,122,57.15123094958968,0.0580533373131646,9.611085549062295,1.9,0.097,1.4,-0.6,2,0.558,143,0.958,0,8.9
Paul Thomas,UTEP Miners,2018,31,774,252,105,228,34,67,8,29,166,34,42,11,10,58,103,132,48.935839676868106,0.018464220664551483,9.610494462696225,1,0.052,-4.2,-4.1,-0.1,0.485,259,0.294,0.127,21.4
Jackson Trapp,Florida Atlantic Owls,2014,31,884,271,92,266,37,51,50,157,96,32,50,21,11,42,57,64,46.976840937456664,0.06177660809390399,9.5904238474245,1.4,0.065,-1.7,-0.9,-0.8,0.467,264,0.192,0.59,19.4
Kevin Johnson,Cincinnati Bearcats,2016,33,700,200,68,196,24,32,40,130,58,24,55,30,2,38,51,34,47.600913937547595,0.04220860664638767,9.584336233329296,1.7,0.095,1.3,-0.7,2,0.473,201,0.163,0.663,18.2
Junior Cadougan,Marquette Golden Eagles,2012,35,972,214,73,190,59,86,9,38,73,13,183,39,6,90,71,60,46.9627808988764,0.0832130595529868,9.583894164539839,1.8,0.072,1.2,-0.6,1.8,0.464,284,0.453,0.2,16
Michael Zangari,East Carolina Pirates,2016,31,631,164,54,135,45,63,11,46,115,46,23,9,6,26,81,69,50.393313667649956,0.06439695590049102,9.572589424038961,1.3,0.076,-2.6,-2,-0.7,0.505,186,0.463,0.347,16.3
Jalyn Pennie,New Mexico State Aggies,2016,34,917,219,82,199,20,33,35,102,141,42,41,14,18,41,57,99,51.28325215436493,0.05551766849279032,9.561108940540828,2.5,0.109,0.3,-1.1,1.4,0.51,218,0.166,0.513,14.3
Justin Bufford,Middle Tennessee Blue Raiders,2022,37,693,143,47,114,35,52,14,45,95,34,12,21,21,17,78,61,52.235534774985396,0.02671605792286159,9.558633755018478,1.8,0.106,-0.3,-1.9,1.5,0.516,146,0.456,0.395,11.5
An'Juan Wilderness,Charlotte 49ers,2011,30,862,192,80,165,28,59,4,21,121,53,49,30,5,46,76,68,50.272308336824466,0.11178405037898928,9.555773275806478,1.2,0.055,-1.1,-1.4,0.3,0.497,209,0.358,0.127,14.6
Adam Leonard,Missouri State Bears,2011,35,1178,352,114,306,38,55,86,231,65,6,68,24,2,42,48,59,53.30102967898244,0.12438469805567082,9.550494234401393,2.7,0.091,1.8,2,-0.2,0.53,320,0.18,0.755,17.4
Austin Ruder,Missouri State Bears,2014,33,981,285,91,231,31,39,72,180,54,5,40,9,0,21,44,49,57.42263056092843,0.08225055197932296,9.54295711553743,2.1,0.086,0.3,1.5,-1.3,0.571,250,0.169,0.779,14.9
Jeremiah Samarrippas,SMU Mustangs,2011,34,1040,257,90,208,37,51,40,101,78,8,115,44,0,80,61,70,55.76288838743274,0.08980921297286369,9.540850165491351,2.2,0.081,-0.1,-0.4,0.4,0.541,295,0.248,0.486,17.7
Dominique Ferguson,Florida International Panthers,2012,29,845,253,96,223,60,120,1,21,179,53,20,21,29,64,89,126,45.8665699782451,-0.09648885262391281,9.536980652772074,0.8,0.036,-3.8,-2.9,-0.9,0.452,250,0.538,0.094,21.6
Camron Justice,Western Kentucky Hilltoppers,2020,30,748,272,87,233,50,64,48,146,68,4,37,19,1,53,45,64,52.07535610353805,0.06338871264880747,9.51396844030753,1.1,0.056,-2.7,-1.1,-1.6,0.516,253,0.275,0.627,21.7
Daiquan Walker,UCF Knights,2015,30,702,222,83,211,19,26,37,96,55,7,55,22,8,47,46,48,49.90109692501349,0.01195973336265743,9.510690053203405,0.6,0.033,-2.2,-0.7,-1.5,0.497,213,0.123,0.455,20.7
Damion Baugh,Memphis Tigers,2020,31,641,127,49,112,24,43,5,17,112,25,86,35,9,66,75,87,48.50290253589978,0.06866253483722491,9.50505000724426,1.5,0.092,1.9,-2.7,4.6,0.48,166,0.384,0.152,14.8
Davon Marshall,Liberty Flames,2014,32,939,313,99,300,49,62,66,194,55,9,72,28,0,47,32,46,47.818381813737474,0.12024800616638687,9.503517818141212,1.6,0.067,-3,-1,-2,0.475,301,0.207,0.647,20.5
Antonio Daye,Florida International Panthers,2019,34,872,283,101,255,68,112,13,63,100,18,89,53,1,92,90,82,46.503220717759966,0.03498078199107262,9.50111850100338,0.7,0.032,-5.6,-4.8,-0.8,0.459,301,0.439,0.247,20
Alem Huseinovic,Rice Owls,2025,32,799,246,84,219,19,29,59,156,58,6,30,22,1,25,48,52,53.072143596824304,0.07897650453399811,9.500177909857937,1.5,0.078,-0.8,-1,0.2,0.528,212,0.132,0.712,16.5
Chris Harrison-Docks,Western Kentucky Hilltoppers,2014,32,631,238,70,195,52,60,46,127,46,4,52,8,0,55,39,42,53.74887082204155,0.11198100090937,9.4875928741848,1.3,0.079,-1.5,-0.3,-1.2,0.532,226,0.308,0.651,22.3
Nikola Cerina,TCU Horned Frogs,2011,33,664,179,75,156,29,52,0,5,136,36,14,30,9,43,99,100,50.03354203935599,-0.33470019407133256,9.476566496509745,0.9,0.055,-1.8,-3.6,1.8,0.495,171,0.333,0.032,17.5
Noah Locke,Louisville Cardinals,2022,32,836,308,110,307,20,28,68,199,75,14,31,13,2,33,37,61,48.22748340222974,0.0855889873631053,9.470195447204905,1.1,0.053,0.4,1,-0.6,0.481,274,0.091,0.648,21.8
Darian Thibodeaux,Houston Cougars,2011,30,1052,250,89,195,13,19,59,134,87,24,62,21,6,43,74,63,61.46734854445318,0.059109926305583885,9.460101106866157,2.1,0.081,0.4,1,-0.6,0.613,239,0.097,0.687,12.3
Jeremiah Bell,UAB Blazers,2019,35,911,270,95,241,36,54,44,131,84,9,67,19,3,45,57,75,50.98957546457169,0.08476349054487207,9.448320354871635,NA,NA,NA,NA,NA,NA,NA,NA,NA,NA
Cameron Corcoran,Florida International Panthers,2020,32,623,184,66,182,8,12,44,123,28,6,62,9,1,28,14,22,49.12430585219991,0.04620550496341959,9.445915168637232,1.1,0.068,-2.2,0.2,-2.4,0.49,189,0.066,0.676,16.3
J.J. Thompson,Houston Cougars,2013,33,608,174,58,137,45,63,13,40,32,7,83,25,0,59,57,25,52.816901408450704,0.04724739548067996,9.444547417541385,0.8,0.053,-4.9,-2.7,-2.2,0.521,193,0.46,0.292,18.2
Anthony Wrzeszcz,New Mexico State Aggies,2026,32,787,237,74,205,34,40,55,167,68,7,32,14,5,23,62,61,53.23450134770889,0.03756298006482219,9.44204496070178,1.6,0.084,-2.3,-1.4,-0.9,0.529,211,0.195,0.815,15.7
Spencer Rodgers,Kennesaw State Owls,2023,35,907,225,79,220,19,27,48,142,113,9,72,32,6,44,55,104,48.51647403829567,0.1025074089782883,9.438444462291448,1.8,0.081,-0.7,-1.6,0.9,0.485,232,0.122,0.643,15.5
D.J. Magley,Tulsa Golden Hurricane,2012,31,676,126,46,108,34,56,0,0,164,53,25,16,15,29,94,111,47.49698431845598,0.06646788136543991,9.435941662675402,1.6,0.097,0.6,-1.8,2.4,0.464,145,0.523,0,12.9
Brendan Wenzel,TCU Horned Frogs,2025,32,628,185,61,177,24,34,39,122,71,8,22,19,3,16,36,63,48.1871223171494,0.0883032538935522,9.432775821436351,1.3,0.08,2.7,0.2,2.5,0.479,165,0.192,0.689,16.9
Paul Baxter,Sam Houston Bearkats,2015,35,952,295,98,248,66,97,33,95,92,14,92,32,5,71,101,78,50.74308517957892,0.04404379033441021,9.43227104200136,2.9,0.123,-1.2,-2.8,1.6,0.503,297,0.393,0.381,19
DeMarcus Gatlin,Sam Houston Bearkats,2012,28,867,290,93,254,84,143,20,89,117,44,75,28,11,79,72,73,45.75287138710084,-0.08144450464612188,9.431860103977794,2,0.081,-1.4,-1.6,0.2,0.459,344,0.594,0.346,24.4
Makhtar Gueye,UAB Blazers,2020,32,785,218,80,197,40,52,18,63,163,50,24,14,16,55,75,113,49.57249408768419,0.07251830805749308,9.42736501076889,NA,NA,NA,NA,NA,NA,NA,NA,NA,NA
Mika Adams-Woods,Cincinnati Bearcats,2020,30,623,146,47,110,30,39,22,59,64,8,45,17,8,31,57,56,57.407989933941494,0.06441702983959958,9.412628005300117,1.6,0.105,2.5,-0.1,2.7,0.568,146,0.355,0.536,12.9
Brandon Stroud,Kennesaw State Owls,2021,24,532,133,47,129,27,40,12,50,140,33,31,21,2,40,70,107,45.36152796725785,0.08233014348967826,9.387916468035144,0.8,0.06,-5.1,-5.2,0,0.449,148,0.31,0.388,17.9
Jaylin Jackson-Posey,New Mexico State Aggies,2024,32,597,168,60,152,23,27,25,66,80,8,63,22,1,50,65,72,51.25701732975349,0.10202137964954167,9.381830023704474,0.7,0.047,-5.3,-4,-1.3,0.51,179,0.178,0.434,18.8
RJ Smith,DePaul Blue Demons,2026,32,885,212,71,194,33,44,37,120,77,13,78,20,10,34,56,64,49.68128983877015,0.10243887313100734,9.373913420801955,1.6,0.074,1.2,-0.9,2.1,0.493,221,0.227,0.619,14.4
Jamal Johnson,Memphis Tigers,2018,34,901,233,70,200,46,66,47,141,111,25,35,22,16,32,65,86,50.864477820468046,0.061346146600977314,9.366735980661588,1.6,0.072,-0.2,-0.3,0,0.504,222,0.33,0.705,15.1
Ebby Asamoah,Delaware Blue Hens,2023,33,698,195,60,161,34,43,41,119,79,16,23,20,11,30,82,63,54.190751445086704,0.06178244783190363,9.359349856283098,1.2,0.07,-3.4,-2.3,-1.1,0.537,183,0.267,0.739,15.9
LaShay Page,Southern Miss Golden Eagles,2012,34,1213,384,127,334,55,67,75,213,111,20,25,18,2,36,63,91,52.82271376691977,0.10867769490613165,9.348570323467191,3.2,0.105,2.3,2.2,0.1,0.525,333,0.201,0.638,17
Jackson Threadgill,Charlotte 49ers,2022,31,743,176,67,137,19,24,23,65,50,6,25,13,6,18,30,44,59.63675792897804,0.05621069873095548,9.347686684943259,1.2,0.063,-2.3,-1.1,-1.3,0.593,157,0.175,0.474,12.2
Shaq Thomas,Cincinnati Bearcats,2015,34,766,219,86,188,41,70,6,18,105,39,19,20,17,49,53,66,50.04570383912248,0.06997010595816056,9.34757061145814,1.8,0.092,0.8,-0.8,1.6,0.495,206,0.372,0.096,20
Hudson Price,Charlotte 49ers,2017,30,585,146,49,116,18,24,30,83,64,12,16,16,8,20,57,52,57.68015170670038,0.013583432873059843,9.33743821648993,0.9,0.059,-2.1,-1.3,-0.8,0.573,137,0.207,0.716,12.1
Mike Crawford,Saint Louis Billikens,2017,33,1030,338,123,324,61,92,31,120,120,16,70,25,9,56,73,104,46.36742756804214,0.13199997544032602,9.326302507044273,0.9,0.035,-2,-1.8,-0.2,0.46,326,0.284,0.37,22.3
Cavit Ege Havsa,Rice Owls,2021,28,504,114,41,100,18,22,14,49,59,12,75,19,3,56,20,47,51.96936542669584,0.056642559065186615,9.321496725679847,0.6,0.05,-3.5,-2.4,-1.1,0.516,146,0.22,0.49,16.1
Hassan Hussein,Florida International Panthers,2018,32,559,172,71,162,29,38,1,6,100,30,11,9,13,35,62,70,48.11996418979409,0.03984872314954377,9.32066405770537,0.8,0.055,-5.4,-4.5,-0.9,0.478,166,0.235,0.037,19.3
Kahlil McDonald,Western Kentucky Hilltoppers,2012,35,838,292,82,254,73,88,55,181,77,11,51,17,4,49,70,66,49.87701557802678,0.08165858476971204,9.3133872789628,1.8,0.084,-0.6,-0.4,-0.2,0.494,274,0.346,0.713,20.3
Carl Baptiste,Delaware Blue Hens,2013,33,616,133,51,94,31,48,0,0,139,42,10,14,13,37,96,97,57.76580958999305,0.09906277136972264,9.309672894946848,1.2,0.076,-2.8,-3.2,0.4,0.569,137,0.511,0,12.8
Elijah Joiner,Tulsa Golden Hurricane,2019,32,733,165,48,131,46,67,23,70,97,4,65,23,2,33,67,93,51.40827517447657,0.06154701745516627,9.307166461931034,1.5,0.081,0.9,-1.4,2.3,0.507,179,0.511,0.534,13.8
Jayhlon Young,UCF Knights,2023,34,632,147,44,118,40,49,19,53,71,13,65,23,2,46,49,58,52.66552020636286,0.05135246903246843,9.28574789193397,1.4,0.091,1,-1.5,2.5,0.52,166,0.415,0.449,15.3
Hakeem Baxter,UAB Blazers,2016,33,803,195,62,156,61,84,10,33,94,20,68,18,9,48,55,74,50.52860696517413,0.05016904301736818,9.279536192389712,NA,NA,NA,NA,NA,NA,NA,NA,NA,NA
Raymond Taylor,Florida Atlantic Owls,2012,29,750,242,85,261,33,49,39,140,58,13,117,38,0,70,71,45,42.82276330690827,0.04283224140588369,9.276895671995327,0.9,0.047,-2.1,-1.5,-0.6,0.435,283,0.186,0.538,24.3
Bishop Mency,Rice Owls,2018,31,973,243,77,214,36,56,53,174,154,49,26,16,7,32,57,105,50.913509889373124,0.08460578878018549,9.273776260141666,1.4,0.058,-2.4,-1.2,-1.2,0.505,236,0.262,0.813,13.9
Jackson Trapp,Florida Atlantic Owls,2016,32,904,239,80,204,30,39,49,132,84,6,31,14,11,23,48,78,54.033279073973596,0.05628874319301389,9.273034660875863,1.2,0.054,-1.9,-1.2,-0.7,0.543,220,0.187,0.651,14.3
Kobe Magee,UTEP Miners,2018,31,581,135,50,113,4,9,31,73,60,12,52,9,0,33,22,48,57.71203830369357,0.06988623110668254,9.254191440172818,1,0.071,-1,-0.4,-0.7,0.576,148,0.08,0.646,13.5
Jaden Ray,Sam Houston Bearkats,2024,33,760,196,68,184,44,58,16,50,86,13,121,28,1,75,51,73,46.77357770141275,0.09765228385668337,9.248383059222144,1.2,0.061,-2.3,-2.7,0.4,0.463,238,0.315,0.272,18.6
Tomasz Gielo,Liberty Flames,2013,36,698,220,79,202,40,53,22,72,134,37,29,9,14,52,67,97,48.8194567725901,0.09089255810073094,9.241514763056706,0.7,0.043,-5.5,-2.9,-2.6,0.484,217,0.262,0.356,20.8
Ceasar DeJesus,UCF Knights,2018,32,877,274,94,226,69,93,17,45,73,14,58,24,0,61,50,59,51.326240071931664,0.11477211022817005,9.240604743352385,1.8,0.082,0.2,-1.9,2.1,0.507,269,0.412,0.199,20.3
Joe Retic,Liberty Flames,2014,32,590,148,45,108,52,71,6,17,70,9,82,29,3,66,69,61,53.14564780235565,0.061143539525248966,9.23329696980982,0.7,0.048,-6.9,-5.9,-1.1,0.522,174,0.657,0.157,18
Cam Carroll,Rice Owls,2026,31,728,210,67,205,43,51,33,117,78,19,72,30,8,54,65,59,46.16602180794935,0.05760031079761455,9.23169792686151,0.8,0.044,-4.6,-3.9,-0.7,0.458,226,0.249,0.571,19.2
Joe Hanel,DePaul Blue Demons,2017,32,823,148,61,94,26,50,0,0,154,67,24,14,13,40,110,87,63.793103448275865,0.08099859957188929,9.228860746653133,1.3,0.061,-1,-1.6,0.7,0.628,166,0.532,0,9.6
D'Andre Wright,Tulsa Golden Hurricane,2016,31,552,164,64,130,36,52,0,9,106,36,10,6,10,35,93,70,53.63683935112506,0.03731950278134291,9.22708813774128,1,0.074,-3.3,-3.7,0.4,0.531,163,0.402,0.068,17.2
Konner Tucker,UTEP Miners,2013,32,762,253,73,187,57,62,50,126,42,4,36,9,0,42,56,38,59.034907597535934,0.06676263587016361,9.22696737532594,1.7,0.091,0,0.5,-0.5,0.584,224,0.332,0.674,19.3
Derrick Wilson,Marquette Golden Eagles,2014,32,987,161,61,156,38,86,1,14,122,40,135,41,2,48,80,82,41.52909616178292,0.28404534604305887,9.217473659978495,1.8,0.074,1.9,-1.1,2.9,0.42,225,0.57,0.093,12.5
Orlando Coleman,Kennesaw State Owls,2015,32,760,201,93,219,5,7,10,44,163,46,30,24,13,60,48,117,45.25396253602305,0.06271301607168078,9.217392215669278,0,0.003,-5.9,-4,-1.9,0.452,202,0.032,0.201,18.6
Kyle Anderson,Delaware Blue Hens,2013,33,1095,300,97,263,44,58,62,184,102,30,36,24,15,42,67,72,51.98946346873701,0.11796142758861566,9.212018921622892,2,0.072,-0.1,0.5,-0.6,0.516,282,0.221,0.7,15.6
Ivan Reynolds,Jacksonville State Gamecocks,2024,32,794,135,51,107,29,48,4,17,86,18,65,26,8,37,27,68,52.684982828598194,0.08820122916001112,9.207290940648162,1.7,0.085,-1.2,-2.3,1.1,0.52,156,0.449,0.159,10.7
Denzell Watts,UAB Blazers,2015,36,658,157,51,138,37,50,18,50,61,5,68,30,1,42,48,56,49.0625,0.04668596964109672,9.193306320927583,NA,NA,NA,NA,NA,NA,NA,NA,NA,NA
Marquel McKinney,Sam Houston Bearkats,2013,34,685,193,61,170,33,53,38,116,92,45,25,23,0,33,75,47,49.91723567142562,0.049615575488981586,9.167067552255874,1.8,0.104,-2.8,-2.1,-0.7,0.494,183,0.312,0.682,17
Drew Peterson,Rice Owls,2019,32,632,161,51,150,34,45,25,84,108,20,49,13,3,35,43,88,47.40871613663133,0.05556805011549863,9.166372036043752,0.7,0.046,-3.6,-2,-1.7,0.47,174,0.3,0.56,16.1
Michael Forrest,Florida Atlantic Owls,2019,33,938,279,93,250,50,66,43,128,93,16,96,38,1,87,66,77,49.99283256880734,0.08426170806485699,9.16368249026879,1.7,0.073,-2.9,-3.3,0.4,0.496,294,0.264,0.512,19.3
Avery Woodson,Memphis Tigers,2015,32,872,254,85,227,23,28,61,162,76,8,36,32,8,34,95,68,53.06702323249206,0.027703813311652226,9.155399312165038,2.4,0.108,1.1,-0.7,1.8,0.529,220,0.123,0.714,16
Simeon Lepichev,Florida Atlantic Owls,2019,33,773,164,68,155,22,37,6,28,174,62,22,10,21,43,70,112,47.874824848201776,0.06928903418501793,9.155008802541309,1.6,0.081,-3.2,-3.8,0.7,0.475,178,0.239,0.181,13.7
Undra Mitchem,Jacksonville State Gamecocks,2014,31,642,190,61,173,28,40,40,99,55,15,41,29,5,41,60,40,49.84260230849948,0.043356765197813216,9.153393020257456,0.6,0.035,-4.3,-2.9,-1.3,0.495,182,0.231,0.572,19.4
Matt Williams Jr.,UCF Knights,2016,30,778,242,81,222,25,34,55,167,79,12,26,13,1,25,46,67,51.06347062795409,0.6459899594663314,9.147923495785376,1.3,0.068,0.1,0.3,-0.2,0.508,214,0.153,0.752,17.1
Rashard McGill,Southern Miss Golden Eagles,2013,37,745,186,64,152,39,59,19,52,117,36,29,24,6,43,77,81,52.25893459204315,0.020236666858037832,9.139883570679045,1.9,0.099,-0.1,-0.9,0.9,0.517,185,0.388,0.342,15.2
Jordan Lathon,UTEP Miners,2020,32,765,151,48,157,35,50,20,90,139,14,93,32,12,51,67,125,42.17877094972067,0.09135202884667575,9.134486408707351,1.4,0.074,-0.3,-3.1,2.8,0.418,188,0.318,0.573,15.6
Darius Johnson,UCF Knights,2022,30,710,193,64,195,39,53,26,87,100,16,89,30,1,59,62,84,44.201172590692565,0.06118060267761897,9.121504247258155,1,0.057,-1.2,-2.4,1.2,0.438,220,0.272,0.446,19.9
Joe Retic,Liberty Flames,2015,32,560,133,40,115,44,55,9,31,50,10,98,38,3,73,51,40,47.77298850574713,0.13684528038767682,9.118045883306706,0.4,0.03,-4.1,-4.2,0.1,0.471,171,0.478,0.27,19.7
Tony Toney,UAB Blazers,2024,35,606,160,59,144,26,44,16,57,67,14,24,20,3,23,40,53,48.97159647404505,0.0455114738729438,9.115868484361803,NA,NA,NA,NA,NA,NA,NA,NA,NA,NA
William Pfister,Florida Atlantic Owls,2018,31,794,96,41,82,14,22,0,0,215,76,31,22,12,38,106,139,52.35602094240838,0.055374977969488905,9.115568975935833,1.8,0.09,-2.6,-4.2,1.7,0.522,132,0.256,0,7.9
Robert Williams,UAB Blazers,2012,31,716,115,35,84,30,38,15,30,123,49,37,14,6,28,63,74,57.08895949166005,0.06938462398296572,9.11388521767246,NA,NA,NA,NA,NA,NA,NA,NA,NA,NA
Charles McKinney,DePaul Blue Demons,2012,31,542,131,52,111,21,44,6,25,67,31,42,28,3,44,68,36,50.24547407180117,0.026767189252110458,9.100153160729716,0.4,0.028,-1.4,-2,0.6,0.497,144,0.396,0.225,15.4
Kedren Johnson,Memphis Tigers,2015,32,634,181,58,144,41,50,24,68,58,8,74,11,5,54,57,50,54.51807228915663,0.03855893876003516,9.099867360167554,1.4,0.085,-0.8,-0.8,0,0.539,189,0.347,0.472,17.8
Dorrian Williams,Missouri State Bears,2014,33,889,184,53,159,53,74,25,78,102,11,112,21,1,47,54,91,48.02672791814575,0.17607747035855853,9.092784554425972,1.5,0.067,-1.2,-1.1,-0.1,0.474,225,0.465,0.491,14.7
Ryan Kreklow,Missouri State Bears,2018,33,656,172,50,161,38,42,34,115,66,9,50,24,6,30,64,57,47.91620236238021,0.05904304052351614,9.089064465607946,1.4,0.087,-0.7,-2.4,1.7,0.472,174,0.263,0.719,16.4
Kasen Jennings,Kennesaw State Owls,2021,24,412,105,40,103,12,21,13,48,50,10,31,18,1,24,32,40,46.77476835352816,0.07165507487251987,9.079137045869826,0.6,0.06,-6.2,-5.2,-0.9,0.465,110,0.204,0.466,16.9
Trey Stanton,Rice Owls,2011,31,588,163,65,164,22,33,11,42,121,40,22,8,14,34,63,81,45.65314810665471,0.03961470110377462,9.07844761230612,0.9,0.059,-3,-2.1,-0.9,0.471,179,0.246,0.257,19.8
Nafis Richardson,Sam Houston Bearkats,2011,28,591,201,71,173,40,71,19,59,56,17,49,22,3,53,56,39,49.206815511163335,-0.023886324581974594,9.063186950670998,1.1,0.064,-4.5,-3,-1.5,0.483,210,0.42,0.356,21.2
Bryson Lockley,Kennesaw State Owls,2020,29,882,250,89,229,55,77,17,75,153,44,41,23,16,69,68,109,47.55021302495435,0.3573472674818389,9.059478388314172,0.1,0.005,-6.1,-3.7,-2.4,0.471,251,0.336,0.328,19.5
Marquel Curtis,Tulsa Golden Hurricane,2015,34,931,247,92,204,44,63,19,66,113,32,52,20,3,61,53,81,53.297082686000344,0.12007034840494779,9.052867555790703,2,0.088,0.6,-1,1.6,0.528,244,0.309,0.324,16.9
Aaron Simpson,DePaul Blue Demons,2015,32,544,153,50,131,26,39,27,78,65,17,36,13,2,31,54,48,51.63336933045356,0.053763455808343866,9.05132726256252,0.6,0.042,-0.3,0.3,-0.6,0.512,155,0.282,0.595,17.2
Dimitrije Spasojevic,East Carolina Pirates,2018,30,717,183,82,145,19,46,0,0,121,41,20,10,13,47,66,80,55.37400145243282,0.11579175778217914,9.049707371916877,0.6,0.036,-4.6,-3.6,-1,0.548,176,0.317,0,15.2
Jermaine Sanders,Cincinnati Bearcats,2015,34,711,156,55,144,22,39,24,89,102,32,29,16,3,19,37,70,48.399106478034255,0.052007323440541514,9.046605227667383,2.1,0.119,2.4,0.9,1.5,0.48,157,0.271,0.618,14.5
Niccolo Moretti,Florida Atlantic Owls,2026,33,865,185,67,144,39,58,12,45,66,12,110,25,1,64,55,54,54.56583294006606,0.07004730172827446,9.0332876883191,1.3,0.061,-2.7,-2.9,0.2,0.539,223,0.403,0.313,13.3
Ken Evans Jr.,Florida Atlantic Owls,2025,34,901,211,70,209,30,40,41,129,92,19,65,37,3,35,64,73,46.55781112091792,0.053707098210854884,9.015972730623089,1.2,0.055,-2.5,-2.9,0.4,0.463,221,0.191,0.617,14.4
Zach Nutall,SMU Mustangs,2022,33,792,223,77,219,19,36,50,154,122,14,49,17,3,35,46,108,47.47913473002895,0.06823614306641398,9.012215939883424,1.6,0.08,0.2,-0.6,0.8,0.472,217,0.164,0.703,17.4
Johnny Mayhane,Tulane Green Wave,2011,30,629,193,65,168,17,21,46,112,57,7,28,10,4,30,42,50,54.44594899571202,0.03824288591750282,9.008422742296116,1.2,0.078,-1.6,-0.2,-1.5,0.542,169,0.125,0.667,17.3
Josiah Hammons,Sam Houston Bearkats,2025,32,694,215,71,186,20,26,53,138,52,3,26,17,1,21,69,49,54.4469205834684,0.04288322800004341,9.000158394782302,1.2,0.067,-1.4,-0.4,-1,0.542,188,0.14,0.742,15.9
Noah Waterman,Louisville Cardinals,2025,35,631,190,69,187,13,31,39,133,114,37,12,7,13,23,80,77,47.34848484848485,0.04675903328063069,8.99596455789012,1.3,0.081,0.7,-0.9,1.6,0.471,181,0.166,0.711,17.6
Dorrian Williams,Missouri State Bears,2015,31,918,205,78,210,34,47,15,57,121,15,128,44,0,80,64,106,44.43384775446506,0.18970430250477344,8.992110749399668,0.9,0.037,-2.8,-3.1,0.3,0.443,244,0.225,0.268,19.1
Christian Gore,TCU Horned Frogs,2014,31,551,128,33,96,49,65,13,41,77,16,39,16,2,29,51,61,51.36436597110755,0.056798541720765844,8.973622142018689,0.7,0.048,-1.4,-1.8,0.4,0.504,138,0.677,0.427,15.1
Dakarai Henderson,Sam Houston Bearkats,2017,34,915,363,133,364,37,63,60,205,83,23,45,14,1,53,34,60,46.33411620545287,0.08504626615430418,8.968715885266871,1.3,0.056,-3.9,-1.6,-2.2,0.462,327,0.174,0.565,23.1
Ty Hudson,Jacksonville State Gamecocks,2020,32,727,205,70,191,49,68,16,71,82,17,65,27,4,55,49,65,46.396885750497916,0.05560782359473597,8.965656660545251,1.1,0.063,-5.5,-4.7,-0.7,0.461,220,0.354,0.37,18.9
Jamal Crook,Western Kentucky Hilltoppers,2011,32,629,111,40,111,31,47,0,6,69,18,112,29,5,56,55,51,42.14763061968408,0.07600020391293898,8.958251984815501,0.7,0.047,-3.2,-3.3,0.2,0.416,162,0.423,0.054,14.6
Galen Robinson Jr.,Houston Cougars,2017,32,1031,208,77,210,41,69,13,49,105,12,155,31,4,62,55,93,43.26843068730238,0.1038038718575105,8.957400039520866,2,0.079,0.6,-0.9,1.5,0.428,274,0.329,0.233,15.3
Jacob Johnson,Middle Tennessee Blue Raiders,2024,33,941,186,63,134,59,95,1,3,137,44,34,20,11,38,59,93,52.901023890784984,0.0261844668989255,8.957273424420002,1.6,0.069,-2.9,-3,0.1,0.519,198,0.709,0.022,12
Jaleel Wheeler,Tulsa Golden Hurricane,2018,31,568,138,49,116,38,61,2,15,112,34,23,13,6,35,53,78,48.30579669560347,0.052773159181762015,8.956612959334812,0.9,0.065,-1,-2.4,1.5,0.476,147,0.526,0.129,16.1
Christian Kabongo,New Mexico State Aggies,2011,32,827,277,92,244,81,123,12,71,90,23,79,26,4,79,63,67,46.457802227291026,0.06819574223409633,8.946069974240226,1.1,0.051,-2.4,-1.8,-0.7,0.464,307,0.5,0.293,23.5
William Pfister,Florida Atlantic Owls,2017,30,515,82,36,76,10,21,0,0,118,60,23,18,7,27,96,58,48.099483810417645,0.017082457473399273,8.944204126710975,0.9,0.068,-4.9,-4.7,-0.2,0.477,112,0.276,0,10.9
Brandon Parrish,TCU Horned Frogs,2015,33,618,182,64,160,31,53,23,65,56,19,17,20,14,31,49,37,49.639973816277546,0.12742610297433868,8.9402466714991,1.3,0.086,1.3,-0.5,1.8,0.491,162,0.331,0.406,17.9
Kyle Clarke,Kennesaw State Owls,2018,30,517,121,46,118,29,46,0,6,72,14,56,35,3,48,55,58,43.76446759259259,0.019829834611387875,8.936151607446606,0.1,0.011,-5.5,-5.8,0.3,0.433,140,0.39,0.051,17.8
Ahmad Ibrahim,Rice Owls,2012,35,614,204,77,208,23,32,27,88,63,15,33,18,15,37,58,48,45.929394812680115,0.02588507369886701,8.908838998522059,0.8,0.052,-2.1,-2,-0.1,0.457,190,0.154,0.423,21.6
Paul Thomas,UTEP Miners,2019,29,787,224,84,206,21,39,35,103,151,42,39,12,10,53,94,109,50.188205771643666,0.2598450623448146,8.902466366602814,1.5,0.075,-1.7,-2.3,0.6,0.499,225,0.189,0.5,17.7
Jaden Walker,East Carolina Pirates,2024,33,760,174,62,162,39,60,11,46,119,22,67,27,14,54,63,97,46.17834394904459,0.0595678111149698,8.889448347649516,0.7,0.038,-2.2,-3.2,1,0.457,192,0.37,0.284,16.6
Bryan Greenlee,Florida Atlantic Owls,2024,34,854,209,74,190,22,37,39,115,74,7,87,25,1,46,68,67,50.65929804149699,0.03255637223308498,8.87317048713697,1.4,0.066,-0.4,-1.2,0.8,0.503,225,0.195,0.605,14.7
Terrell Brown,New Mexico State Aggies,2020,31,696,200,61,176,33,45,45,135,53,11,34,16,1,29,29,42,51.072522982635334,0.04719026644402033,8.866215250502059,2,0.117,-0.4,-0.4,0,0.507,187,0.256,0.767,17.1
Ray Ona Embo,Tulane Green Wave,2017,31,743,199,66,180,54,70,13,52,72,14,69,22,4,43,67,58,47.20113851992409,0.04985161212488199,8.86352951387009,0.6,0.03,-3.2,-2.5,-0.7,0.467,211,0.389,0.289,16
Durrell McDonald,DePaul Blue Demons,2015,32,764,138,51,134,15,21,21,69,89,13,72,44,7,43,78,76,48.170901982686395,0.08080933285331873,8.839528527604955,0.8,0.041,0.8,-1.3,2.1,0.479,162,0.157,0.515,12.7
Jarrod West,Marshall Thundering Herd,2019,37,1059,207,66,205,29,40,46,138,98,13,61,80,0,43,76,85,46.495956873315365,0.05979944814890326,8.839307572438903,1.2,0.046,-1.5,-3,1.5,0.462,218,0.195,0.673,11.9
Aaron Simpson,DePaul Blue Demons,2016,30,694,173,58,154,22,32,35,87,77,15,45,22,3,32,68,62,51.46358876725369,0.22189922486132962,8.830309025774683,0.9,0.051,0.6,-0.1,0.7,0.511,181,0.2,0.569,14.9
Nick Banyard,UCF Knights,2017,36,1021,224,82,188,28,48,32,68,216,47,59,17,9,73,74,169,53.557765876052024,0.0918058205476537,8.811042116508613,2.6,0.101,2.1,-0.9,3,0.531,239,0.255,0.362,14.4
A.C. Reid,Liberty Flames,2016,31,723,242,83,228,16,21,60,173,86,6,45,18,4,48,67,80,51.00320350699713,0.09283615583604236,8.79242715501647,0.7,0.04,-3.6,-1.6,-1.9,0.5,234,0.106,0.75,22.3
Nigel Hawkins,UTEP Miners,2019,29,914,340,104,306,97,122,35,127,122,26,47,25,7,85,58,96,47.264234875444835,0.05816366526436313,8.780153519553162,1.1,0.05,-2.9,-2.6,-0.3,0.467,331,0.399,0.415,24.6
Riley Abercrombie,Rice Owls,2021,28,668,209,70,186,20,29,49,144,105,13,19,9,4,39,37,92,52.57597102032603,0.05978982654314391,8.776921214219854,0.9,0.055,-2.9,-0.7,-2.2,0.523,184,0.156,0.774,17.4
Junior Cadougan,Marquette Golden Eagles,2011,37,712,145,46,109,51,80,2,13,66,11,115,20,2,58,63,55,50.27739251040222,0.06746678708882314,8.766710936688717,1.1,0.06,0.6,-0.7,1.3,0.493,189,0.734,0.119,14.3
Darian Thibodeaux,Houston Cougars,2012,30,853,174,58,165,23,26,35,106,87,23,75,20,7,35,52,64,49.30854681478123,0.06536679285649895,8.764786784566887,1.3,0.063,-1.1,-0.5,-0.6,0.491,196,0.158,0.642,12.5
Tyler Millin,Middle Tennessee Blue Raiders,2022,37,714,173,62,141,22,33,27,75,108,27,20,11,12,33,75,81,55.619855967078195,0.03816945962914429,8.74733983146384,1.6,0.091,-2.2,-2.2,0,0.552,167,0.234,0.532,13.6
Jaqawn Raymond,Middle Tennessee Blue Raiders,2016,35,829,186,59,146,36,56,32,91,72,13,64,34,4,46,83,59,54.500703234880454,0.05406889413861123,8.739867306212172,1.8,0.085,-0.6,-2.6,2,0.539,196,0.384,0.623,13.3
KJ Thomas,UTEP Miners,2026,31,884,181,54,138,57,78,16,63,73,11,93,36,2,54,76,62,52.51857010213556,0.2249091822118471,8.706582202973589,1.2,0.055,-4.9,-4.6,-0.3,0.517,211,0.565,0.457,13.5
Adrick McKinney,TCU Horned Frogs,2012,33,580,175,69,164,37,83,0,1,123,46,24,22,9,51,67,77,43.63654498304408,0.10828825150553506,8.702754550286476,0.3,0.023,-3.7,-3.3,-0.3,0.43,183,0.506,0.006,22
Tremont Robinson-White,East Carolina Pirates,2020,31,564,172,56,133,49,70,11,41,40,10,56,26,5,62,54,30,52.503052503052494,0.0603460001010038,8.693140613873814,0.4,0.031,-3.5,-2.9,-0.6,0.517,177,0.526,0.308,20.3
Edward Simpson,Middle Tennessee Blue Raiders,2016,35,651,150,51,137,19,39,29,85,79,12,54,15,2,26,53,67,48.65075246497146,0.051297882001337204,8.682174813275635,1.3,0.082,-1.1,-2,0.9,0.482,160,0.285,0.62,14.1
Marcus Jackson,Rice Owls,2014,30,697,182,56,174,44,59,26,99,59,8,87,26,2,53,35,51,45.50910182036407,0.10639699550057762,8.676487768460484,0.5,0.029,-3.4,-2.9,-0.6,0.45,206,0.339,0.569,20.1
Jhery Matos,Charlotte 49ers,2021,25,811,190,74,189,14,20,28,95,111,18,58,26,14,51,57,93,48.02831142568251,0.09153114394573754,8.66880273065334,1,0.05,-1.8,-2.1,0.4,0.479,200,0.106,0.503,16.9
Brandon Parrish,TCU Horned Frogs,2016,33,1022,287,100,237,43,73,44,106,114,25,44,17,12,54,77,89,53.32193816884661,-0.22337456029323652,8.652957337793323,1.5,0.058,1.2,0.2,1,0.528,266,0.308,0.447,15.7
Damion Baugh,Memphis Tigers,2021,28,509,88,34,82,15,22,5,19,68,13,50,25,7,36,39,55,47.99301919720767,0.0676419504521984,8.636813744411699,1.3,0.103,2.7,-2,4.8,0.476,106,0.268,0.232,12
Fred Thatch Jr.,Saint Louis Billikens,2019,36,699,153,51,142,33,54,18,67,96,42,30,28,12,29,85,54,46.15106177606178,0.020846485737249558,8.620694500002175,1.6,0.093,0,-2.7,2.6,0.456,159,0.38,0.472,14
Curt Lewis,Southern Miss Golden Eagles,2026,35,813,189,62,169,13,22,52,141,75,16,27,23,9,22,51,59,52.88784419073204,0.06459179187262037,8.617913786619855,1.5,0.074,-1.7,-1.5,-0.3,0.527,175,0.13,0.834,12.2
Chris McNeal,Western Kentucky Hilltoppers,2016,34,952,192,58,180,42,61,34,120,136,21,134,19,1,66,61,115,46.41268613421002,0.07981551138323101,8.611226474102464,1,0.043,-2.2,-1.2,-1,0.457,248,0.341,0.67,14.4
Kevin Zhang,Tulane Green Wave,2020,30,575,152,57,139,16,23,22,68,62,24,14,19,17,29,74,38,50.96566523605151,0.03176423567003855,8.602956743187214,0.8,0.053,-2.7,-2.7,-0.1,0.507,147,0.165,0.489,16.1
Kelvin Penn,Florida Atlantic Owls,2012,29,535,58,24,49,10,28,0,0,92,39,0,17,42,19,56,53,47.29288975864318,0.09728504680713668,8.602935925345218,0.7,0.049,-1.1,-3.4,2.4,0.483,70,0.528,0,8.3
JaQuail Townser,Jacksonville State Gamecocks,2015,31,737,206,72,200,41,55,21,70,66,10,87,33,5,64,69,56,45.94112399643176,0.11502233564471144,8.596071961047086,0.5,0.025,-4.1,-3.3,-0.8,0.456,218,0.275,0.35,20.7
Brennen Burns,Sam Houston Bearkats,2025,32,632,125,48,115,21,26,8,20,52,5,82,32,1,50,41,47,49.43055994938311,0.05418332739894848,8.591539703704186,0.6,0.036,-4.6,-3.8,-0.8,0.491,155,0.226,0.174,14.1
Francisco Farabello,TCU Horned Frogs,2020,32,617,112,38,93,11,13,25,61,43,5,65,24,4,36,36,38,56.72609400324149,0.06105697121175371,8.581082878368035,1.3,0.082,2.3,-0.3,2.6,0.565,126,0.14,0.656,11.4
Sacar Anim,Marquette Golden Eagles,2019,34,1025,283,109,249,38,65,27,69,104,20,42,18,5,40,67,84,50.972622478386164,0.08104299326301971,8.57070066049854,2.1,0.081,1.2,-0.5,1.8,0.506,269,0.261,0.277,15.5
Kevin Easley Jr.,TCU Horned Frogs,2021,26,508,116,41,106,21,28,13,51,96,27,22,6,4,25,33,69,49.01960784313726,0.07827321296522567,8.569100267773242,0.6,0.05,-0.8,-0.7,-0.1,0.486,122,0.264,0.481,14.7
LaDavius Draine,Southern Miss Golden Eagles,2021,25,700,212,75,205,20,29,42,121,105,11,48,23,0,53,55,94,48.677443056576045,0.09176519992399398,8.562623276883693,1,0.059,-3.6,-3.4,-0.2,0.485,206,0.141,0.59,20.2
Darius Perry,Louisville Cardinals,2020,31,604,162,61,156,12,16,28,72,47,2,79,16,0,42,63,45,49.681059862610404,0.03382652337685758,8.561857262618012,1.4,0.095,1.4,-0.6,2,0.495,179,0.103,0.462,17.5
Paris Roberts-Campbell,East Carolina Pirates,2012,31,606,161,53,161,22,31,33,116,39,10,27,26,7,19,38,29,46.09482363719653,0.027461531979748408,8.552232882206622,1.1,0.076,-0.4,-1.1,0.7,0.458,150,0.193,0.72,16.6
Damien Mayo Jr.,Missouri State Bears,2023,32,641,138,58,133,14,30,8,40,83,28,32,16,16,31,50,55,47.195622435020525,0.058721499956735645,8.545319406930172,1.1,0.069,-2.1,-2.9,0.8,0.469,145,0.226,0.301,15.1
Malcolm Drumwright,Jacksonville State Gamecocks,2015,31,653,181,61,167,39,47,20,66,43,6,47,22,3,31,58,37,48.22037510656436,0.0830211035530742,8.543416431758867,0.8,0.049,-4.7,-3.5,-1.2,0.478,174,0.281,0.395,17.8
Jaqawn Raymond,Middle Tennessee Blue Raiders,2015,36,1088,275,83,226,67,81,42,122,111,12,75,36,8,74,74,99,52.55312643326708,0.11438251230837401,8.538808174847093,2.2,0.08,-0.5,-1.5,1,0.52,275,0.358,0.54,17.2
Robert Martin,Rice Owls,2018,31,618,185,61,143,53,82,10,37,93,25,28,17,2,52,56,68,51.65289256198348,0.06937581330963324,8.536579514525167,0.4,0.029,-4.7,-3.7,-1,0.508,182,0.573,0.259,18.8
Tyler Hooker,Kennesaw State Owls,2020,29,820,337,115,320,89,113,18,81,95,12,50,26,0,85,48,83,45.57502975224494,0.293608918558075,8.524979323313525,-0.5,-0.023,-6.7,-3.4,-3.3,0.451,320,0.353,0.253,28.8
Jailyn Ingram,Florida Atlantic Owls,2018,31,787,267,105,259,49,71,8,31,129,37,46,17,9,74,76,92,45.99641675854465,0.036139101465034594,8.523039397705052,0.6,0.033,-5.5,-4.8,-0.7,0.456,265,0.274,0.12,22.5
Craig Randall II,Memphis Tigers,2017,32,579,167,58,166,15,29,36,125,45,14,33,20,5,28,32,31,46.71067352875364,0.030709469673110106,8.516955843586867,0.7,0.05,-1.6,-1.5,-0.1,0.464,157,0.175,0.753,17.6
Moses Morgan,DePaul Blue Demons,2013,32,548,172,59,182,22,30,32,105,66,17,29,18,10,35,35,49,44.05737704918033,-0.046958083359387955,8.489528818250989,0.3,0.02,-0.9,0.1,-0.9,0.438,165,0.165,0.577,20.2
Jake Thomas,Marquette Golden Eagles,2014,32,957,254,76,207,35,46,67,172,88,10,43,17,6,34,84,78,55.888047878894554,0.2585473257676078,8.481363099978703,2.1,0.089,2.2,0.9,1.3,0.555,224,0.222,0.831,14.1
K.J. Davis,East Carolina Pirates,2019,31,788,219,78,246,19,29,44,153,119,20,30,26,28,30,82,99,42.31720513216881,0.06512456272810516,8.47765654038833,0.7,0.035,-2,-2,0,0.422,206,0.118,0.622,18.4
Justin Bufford,Middle Tennessee Blue Raiders,2024,33,988,245,83,238,55,84,24,115,118,47,43,29,24,43,96,71,44.551934826883915,0.03905458345215253,8.473825990471624,1.3,0.052,-3.4,-3.5,0,0.441,256,0.353,0.483,16.8
Tre Drye,Tulane Green Wave,2015,31,750,149,51,114,45,80,2,11,152,61,23,20,6,43,81,91,49.93297587131368,0.06802153681514375,8.462022805787374,1.5,0.078,-2.6,-3,0.3,0.49,165,0.702,0.096,13.9
Jordan Brinson,UAB Blazers,2020,32,562,93,35,91,13,33,10,37,93,23,38,17,8,20,44,70,44.06747536012131,0.055374465051026237,8.445638013207613,NA,NA,NA,NA,NA,NA,NA,NA,NA,NA
Nic Thomas,Tulane Green Wave,2020,30,576,214,75,208,14,18,50,127,49,5,19,7,0,28,31,44,49.555390885513155,0.04641105949188432,8.445312083542653,0.5,0.035,-2.3,0.3,-2.6,0.494,187,0.087,0.611,21.9
Christian Watson,Southern Miss Golden Eagles,2025,33,940,267,92,276,56,81,27,118,126,32,75,25,7,55,70,94,42.837889872930305,0.08191568467510128,8.432701777775431,0.6,0.025,-5.9,-4.5,-1.5,0.425,282,0.293,0.428,19.3
Chris Mullins,Rice Owls,2022,33,888,260,89,235,65,104,17,66,77,16,72,23,6,53,64,61,46.3028921498789,-0.0031880183781458384,8.43262050234036,0.8,0.036,-5,-3.3,-1.7,0.457,272,0.443,0.281,19.7
Philmon Gebrewhit,DePaul Blue Demons,2023,33,665,179,58,154,28,37,35,94,65,11,26,16,1,26,53,54,52.56048860700023,0.0777686826290141,8.423420381464915,0.6,0.037,-0.9,-0.8,-0.1,0.522,166,0.24,0.61,15.1
Eric Lockett,Florida International Panthers,2017,31,795,159,62,138,27,48,8,29,91,16,75,22,10,47,70,75,49.96229260935144,0.04442241386092053,8.416029174374275,0.8,0.041,-3.8,-2.9,-0.8,0.494,184,0.348,0.21,13.7
Terrel de Rouen,New Mexico State Aggies,2013,35,627,180,61,153,33,52,25,70,68,8,58,14,2,46,68,60,51.17125312713213,0.05484920085099108,8.399534336424509,1.4,0.089,-1.4,-1.8,0.4,0.506,182,0.34,0.458,18.4
Jaden Harris,New Mexico State Aggies,2024,32,761,232,78,209,40,49,36,98,87,11,25,22,6,44,65,76,50.31228313671061,0.028884530353613755,8.396853809354516,0.8,0.041,-5.2,-3.4,-1.8,0.499,213,0.234,0.469,18.9
Kyle Anderson,Delaware Blue Hens,2012,32,949,276,97,259,14,21,68,200,90,19,24,15,8,33,70,71,51.44646585147628,0.06750239977959845,8.378369205954726,1.6,0.069,-0.9,0.2,-1,0.513,249,0.081,0.772,16.5
Brandon Cyrus,DePaul Blue Demons,2017,32,840,201,72,190,47,67,10,39,133,52,29,28,7,46,76,81,45.79004920721706,0.08275562604094268,8.363814261469456,0.6,0.031,-1.5,-1.8,0.3,0.453,213,0.353,0.205,16
Isiah Warfield,Liberty Flames,2023,36,625,101,34,75,25,33,8,31,81,18,32,22,6,22,63,63,56.41197497765863,0.025362543046830808,8.362015173096216,1.9,0.124,-0.4,-3,2.6,0.557,115,0.44,0.413,9.8
Mike Walker,SMU Mustangs,2011,34,947,227,66,166,51,63,44,120,44,5,49,25,2,34,66,39,58.58971711748916,0.04807155505275815,8.352466771731569,2.2,0.092,-0.7,-0.3,-0.3,0.579,219,0.38,0.723,14.4
Jordan Rawls,Western Kentucky Hilltoppers,2020,30,828,238,87,226,30,41,34,105,43,7,67,21,1,48,41,36,48.762497951155545,0.05078399368171138,8.350181022635903,1,0.046,-3.2,-1.7,-1.5,0.485,245,0.181,0.465,18.2
Myles Hamilton,Kennesaw State Owls,2014,29,489,148,52,133,33,44,11,44,58,12,56,21,1,54,66,46,48.56917826201102,-0.44544256746431127,8.332853233534232,0.2,0.016,-6.9,-5.3,-1.5,0.481,161,0.331,0.331,21.4
Jalen Jackson,Western Kentucky Hilltoppers,2025,32,658,106,37,107,28,42,4,24,63,17,67,37,8,28,83,46,42.23780682180427,0.02693374524336063,8.332625028019772,1,0.059,-2.5,-4.9,2.4,0.417,139,0.393,0.224,11.4
Mo Arnold,Southern Miss Golden Eagles,2023,33,789,150,57,173,20,34,16,61,96,15,97,45,1,44,79,81,39.90210683124069,0.04743599029598823,8.321291680284773,1.5,0.077,-2.7,-4.8,2.2,0.4,190,0.195,0.351,14.8
Nat Dixon,SMU Mustangs,2019,32,751,155,50,141,24,32,31,95,59,22,48,20,1,24,30,37,49.97420686097498,0.056378505345370755,8.317960421142784,1.1,0.058,-0.7,-0.4,-0.2,0.496,165,0.227,0.674,12.4
Jalen Terry,DePaul Blue Demons,2022,31,846,222,78,202,31,37,35,108,87,9,84,14,2,58,57,78,50.85211654755361,0.12030388747945513,8.293095492108206,1.1,0.051,-1.4,-1.1,-0.3,0.506,234,0.183,0.535,15.9
Tione Womack,Houston Cougars,2014,33,620,117,44,101,16,26,13,33,64,13,66,17,2,33,61,51,52.02774813233725,0.02954399321102356,8.287391572799988,0.7,0.047,-1.3,-1.7,0.4,0.516,137,0.257,0.327,12.1
Austin Ajukwa,Charlotte 49ers,2018,29,799,251,82,211,60,69,27,79,98,16,24,32,10,69,85,82,51.99701690420948,0.025445798645594014,8.276340158468537,0.3,0.017,-5.4,-4.4,-1,0.515,235,0.327,0.374,19.3
Speedy Smith,Louisiana Tech Bulldogs,2012,34,878,122,38,118,31,48,15,50,122,37,142,42,5,82,73,85,43.847038527889595,0.09016553931120785,8.276246080417975,1,0.046,-1.8,-2.6,0.8,0.433,198,0.407,0.424,12.7
Kevin Holland,Southern Miss Golden Eagles,2018,34,1126,230,80,192,11,14,59,142,63,10,48,26,4,17,70,53,58.03391199031086,0.0719728601981211,8.25394913161177,1.8,0.064,-2.2,-1.3,-0.9,0.579,211,0.073,0.74,10.2
Myles Hamilton,Kennesaw State Owls,2013,30,693,174,60,172,40,57,14,47,59,18,74,39,5,53,87,41,44.14450984371828,0.4047816813210545,8.249517626784177,0.2,0.013,-4.5,-4,-0.6,0.437,193,0.331,0.273,19.3
Darrick Wood,DePaul Blue Demons,2016,30,504,156,64,182,20,29,8,43,78,10,47,22,5,38,52,68,40.049291435613064,0.11655940609758329,8.23423632224095,0.1,0.008,-1.4,-2.5,1.1,0.407,174,0.171,0.244,23.8
Lonnie Smith,Louisiana Tech Bulldogs,2011,32,704,189,60,156,32,49,37,93,76,13,24,11,9,30,61,63,53.221446271682815,0.08083482810697065,8.214309341248804,1.5,0.083,0,-0.3,0.3,0.527,174,0.314,0.596,14.9
Zeke Moore,Saint Louis Billikens,2017,33,604,154,47,127,33,43,27,69,57,8,27,16,6,27,50,49,52.768640350877185,0.11152121650203298,8.214188310093515,0.8,0.053,-1.5,-1.9,0.4,0.522,144,0.339,0.543,15.6
Cory Pflieger,Rice Owls,2011,31,652,139,44,118,11,15,40,104,63,6,43,13,2,24,39,57,55.7784911717496,0.06339866419563212,8.198227973248308,1.1,0.062,0.9,0.8,0.2,0.522,136,0.119,0.865,12.3
Darian Bryant,Delaware Blue Hens,2017,33,880,243,93,212,36,54,21,61,90,15,57,13,7,59,62,75,51.53545978961657,0.06276491335864595,8.19747719644863,0.4,0.019,-6.1,-3.9,-2.3,0.511,237,0.255,0.288,17.7
Kosta Jankovic,Kennesaw State Owls,2019,32,666,217,81,220,32,44,23,64,117,26,44,10,3,58,43,91,45.32921122994652,0.124426510060929,8.192470672790293,-0.1,-0.005,-6.1,-3.6,-2.5,0.45,212,0.2,0.291,21.1
Davell Roby,Saint Louis Billikens,2015,32,768,202,62,168,53,85,25,77,87,16,55,29,1,51,70,71,49.17234664070107,0.11778426521999733,8.174214692584226,1,0.05,-2.1,-2.6,0.4,0.485,204,0.506,0.458,18.6
Cooper Robb,Charlotte 49ers,2019,29,645,149,53,138,17,31,26,77,85,12,43,23,10,39,65,73,49.12951727776313,0.16063664657122367,8.16005888612143,0.7,0.042,-2.7,-3.1,0.4,0.488,155,0.225,0.558,16.4
Angelo Johnson,Southern Miss Golden Eagles,2012,34,1174,324,117,321,57,83,33,95,101,11,100,33,5,60,90,90,45.312150369210116,0.09078683770716739,8.158241488043076,2.2,0.075,-0.5,-1.3,0.8,0.449,328,0.259,0.296,18.4
Maros Zeliznak,Jacksonville State Gamecocks,2023,31,592,130,57,121,16,35,0,0,89,47,16,10,18,32,64,42,47.65395894428152,0.017760194653069338,8.158173956950934,0.6,0.042,-5.1,-4.2,-0.9,0.472,141,0.289,0,15
Darian Bryant,Delaware Blue Hens,2019,33,1108,221,86,194,27,46,22,66,104,30,75,25,13,53,68,74,51.57766990291262,0.09024419599718549,8.157857353236258,1.1,0.041,-4.1,-2.6,-1.5,0.512,248,0.237,0.34,13.4
Nikola Gacesa,TCU Horned Frogs,2011,33,573,122,44,109,24,34,10,30,84,28,11,10,5,17,36,56,49.20942239432075,0.6285747752533839,8.130314795530964,0.8,0.056,-1,-0.9,-0.1,0.487,121,0.312,0.275,12.7
Michael Bizoukas,Missouri State Bears,2012,32,1005,127,47,132,19,39,14,46,100,17,174,27,5,60,59,83,42.571735049611156,0.1210220976441765,8.119457395083316,1.7,0.066,-0.1,-1.5,1.5,0.422,208,0.295,0.348,11.6
Mo Arnold,Southern Miss Golden Eagles,2024,32,921,198,75,209,28,42,20,75,111,28,78,28,2,39,71,83,43.520309477756285,0.09686214444259283,8.111267747042703,1.2,0.052,-4.8,-3.9,-0.9,0.432,223,0.201,0.359,14.5
Chase Martin,Missouri State Bears,2025,32,737,212,76,204,50,72,10,46,64,21,33,22,13,37,67,43,44.976238968092325,0.026596343972711545,8.107610426722422,0.6,0.035,-5,-4.5,-0.6,0.445,209,0.353,0.225,20
Jordan Jones,Kennesaw State Owls,2016,31,590,108,46,112,16,28,0,0,104,25,28,9,23,19,74,79,43.43629343629344,0.052335788008383434,8.102703024591367,0.5,0.032,-4.8,-4.1,-0.6,0.431,120,0.25,0,12
Corvonn Gaines,East Carolina Pirates,2012,31,688,109,43,101,8,32,15,43,79,20,64,38,8,44,57,59,47.358359402155024,0.040566263476990126,8.100994313487845,1.1,0.063,0.8,-2,2.8,0.469,132,0.317,0.426,12
Corey Caulker,East Carolina Pirates,2026,31,953,244,86,259,31,40,41,126,73,5,117,24,1,49,64,68,44.10701373825018,0.10640412986776573,8.098930478880371,0.7,0.028,-4.3,-3.2,-1.1,0.439,265,0.154,0.486,16.8
Lamarr Kimble,Louisville Cardinals,2020,31,676,156,56,156,28,41,16,58,47,9,84,25,3,47,43,38,44.81728338313032,0.06273347003689744,8.091021917106449,1.3,0.078,2.2,-0.4,2.6,0.445,185,0.263,0.372,16.9
Omer Yurtseven,Tulane Green Wave,2016,34,617,198,73,209,28,34,24,90,103,29,17,18,7,38,66,74,44.20432220039292,0.03541553413126134,8.090580312678059,NA,NA,NA,NA,NA,NA,NA,NA,NA,NA
Brian Williams,Jacksonville State Gamecocks,2011,30,524,139,52,135,18,27,17,58,35,4,45,21,4,36,34,31,47.317538126361654,0.05364223024406606,8.090017539530294,0.5,0.04,-4.6,-3.6,-1,0.47,139,0.2,0.43,19.1
Matthew Lee,Missouri State Bears,2024,33,796,247,69,214,78,97,31,107,73,10,110,11,1,86,41,63,48.11438366838086,0.08546917772151787,8.086773559890139,0.5,0.027,-5.1,-3.2,-2,0.475,279,0.453,0.5,22.3
Shaheed Davis,UCF Knights,2016,30,581,178,64,175,29,53,21,78,132,37,20,5,6,47,33,95,44.87696651875757,-0.1198885402516195,8.084378271927616,0.3,0.019,-3.9,-2.6,-1.3,0.445,176,0.303,0.446,21.5
Terrell Allen,UCF Knights,2018,32,960,176,63,156,40,58,10,30,96,21,88,43,0,55,77,75,48.47950639048039,0.09924211520779973,8.08235051807715,2.1,0.086,0.6,-3.4,4.1,0.479,206,0.372,0.192,13.4
Devonne Pinkard,Delaware Blue Hens,2017,33,662,208,72,199,26,37,38,131,82,15,20,14,7,28,92,67,48.309178743961354,0.029554255681714398,8.078076608752001,0.6,0.035,-4.8,-3.5,-1.3,0.48,188,0.186,0.658,19.4
Tola Akomolafe,Florida International Panthers,2013,32,752,141,51,131,26,39,13,53,131,37,25,32,8,36,88,94,47.58369330453564,0.05468636731415642,8.052272511832722,1.2,0.066,-2.1,-2.8,0.7,0.471,150,0.298,0.405,12.2
Darious Hall,DePaul Blue Demons,2020,32,586,143,48,126,46,81,1,14,137,36,22,19,5,43,64,101,44.23410047018066,0.05977341565233098,8.050133572548104,0.7,0.046,-1.7,-3.3,1.6,0.435,151,0.643,0.111,17.1
Elijah Cuffee,Liberty Flames,2018,37,892,193,70,175,19,23,34,98,83,9,68,33,12,52,80,74,52.12834917891097,0.04993793176285676,8.045176873728328,1.8,0.079,-2.5,-3.1,0.5,0.519,203,0.131,0.56,14.9
Quincy Taylor,UAB Blazers,2013,32,700,132,45,118,10,17,32,83,56,3,95,35,2,58,64,53,52.59802358941664,0.04402785197405254,8.043430288153221,NA,NA,NA,NA,NA,NA,NA,NA,NA,NA
Pat Birt,Tulsa Golden Hurricane,2017,32,960,281,87,281,55,74,52,167,84,14,50,36,6,44,71,70,44.808011225921675,0.08972003168416255,8.037533190993518,1.2,0.052,0.2,-1.3,1.5,0.444,272,0.263,0.594,19.4
Jay Malone,Southern Miss Golden Eagles,2020,31,540,107,38,111,17,22,14,47,39,5,79,21,2,38,34,34,44.33211799801127,0.06231594082038764,8.036439491471532,0.4,0.029,-4.3,-3.8,-0.5,0.441,134,0.198,0.423,15.1
Konner Tucker,Sam Houston Bearkats,2012,28,914,321,111,308,38,56,61,190,84,12,26,17,0,43,52,72,48.250360750360755,0.3564632853434428,8.02205829486925,2.3,0.092,-1.9,-0.9,-1.1,0.497,327,0.211,0.614,23.1
Terrance McBride,Rice Owls,2022,33,681,130,55,122,18,29,2,15,53,7,67,23,4,38,32,46,48.23389729890176,0.03592335143252559,8.01476029920743,0.7,0.039,-3.8,-3.4,-0.3,0.479,151,0.238,0.123,13.3
Cian Medley,Saint Louis Billikens,2024,33,748,143,45,131,38,48,15,42,85,9,129,31,2,69,93,76,47.00236655272153,0.06947011777238994,8.011682392836855,0.2,0.01,-4.7,-3.5,-1.2,0.465,204,0.366,0.321,15.1
Erin Straughn,East Carolina Pirates,2011,33,810,165,53,143,27,43,32,94,144,39,43,23,6,52,65,105,50.95108695652173,0.06733307955812304,7.993469185001309,1.3,0.061,-0.8,-1.1,0.3,0.499,182,0.289,0.638,14
C.J. Bobbitt,New Mexico State Aggies,2020,31,583,144,49,135,29,39,17,74,89,21,34,10,4,27,69,68,47.3186119873817,0.04080297827688228,7.95530472561033,1.6,0.111,-2.7,-3.1,0.4,0.469,150,0.289,0.548,16.3
Tamron Manning,Marshall Thundering Herd,2014,33,729,128,38,119,34,48,18,63,84,13,45,32,5,24,56,71,45.6751355980588,0.043473945600887465,7.9498408027726954,1.3,0.071,-2.8,-4.3,1.5,0.451,138,0.403,0.529,11
Kelvin Penn,Florida Atlantic Owls,2013,31,645,40,19,48,2,6,0,0,129,49,12,16,67,24,103,80,39.494470774091624,0.10322382636241335,7.936860501359145,0.9,0.056,-1.3,-4.6,3.3,0.397,66,0.12,0,6
Jalen Gaffney,Florida Atlantic Owls,2023,39,854,165,55,167,23,29,32,97,104,10,89,20,0,40,48,94,45.89452603471295,0.05014519269039965,7.9169112169447375,2,0.093,0.2,-1.7,1.9,0.456,197,0.174,0.581,13.1
Danny Lewis,Kennesaw State Owls,2019,32,554,252,94,262,29,45,35,99,36,5,40,15,1,50,57,31,44.712562100780694,0.03574517699412188,7.890133620573352,-0.2,-0.016,-7.9,-4.1,-3.8,0.445,228,0.172,0.378,29
Carlous Williams,Tulsa Golden Hurricane,2024,31,761,158,63,133,11,24,21,65,129,28,24,14,14,41,78,101,55.0292560601839,0.055095317813303436,7.887322712682963,1.1,0.056,-3.2,-3.2,0,0.547,157,0.18,0.489,12.2
Kelvin McConnell,Kennesaw State Owls,2011,30,951,252,79,205,38,47,56,141,41,10,57,20,1,51,60,31,55.83126550868486,0.09418590639130292,7.868869062909003,0.9,0.036,-5.1,-1.8,-3.3,0.551,246,0.242,0.692,15
Artur Konontsuk,Southern Miss Golden Eagles,2020,31,763,195,72,169,27,38,24,83,104,25,29,14,10,48,68,79,52.49838466508723,0.05282587263147198,7.86305427843641,0.7,0.035,-3.8,-3.3,-0.5,0.521,185,0.225,0.491,15.8
Gianmarco Arletti,Delaware Blue Hens,2023,33,710,173,63,173,29,42,18,64,98,13,42,22,27,54,55,85,45.17443074994778,0.0710379825566499,7.8516498131591215,0.3,0.015,-4.2,-4,-0.3,0.448,177,0.243,0.37,18.4
Jeremiah Samarrippas,SMU Mustangs,2012,32,990,213,73,203,34,40,33,102,69,10,130,32,0,73,54,59,48.277425203989125,0.08831881261105501,7.8478625850241714,1.5,0.059,-2.5,-1.7,-0.8,0.48,260,0.197,0.502,17.6
Anthony Pritchard,Tulsa Golden Hurricane,2022,31,562,118,46,129,22,30,4,21,69,9,80,24,6,50,47,60,41.49085794655416,0.0477793710393141,7.846122202924629,0.3,0.018,-2.6,-3.2,0.6,0.412,151,0.233,0.163,18
Terrence Williams,Charlotte 49ers,2013,33,770,252,87,251,66,93,12,56,121,27,55,25,7,67,90,94,43.162510276788154,0.15371105350561942,7.837595018604342,0.8,0.042,-2.5,-3.1,0.6,0.427,254,0.371,0.223,23.2
David Early,Marshall Thundering Herd,2022,33,602,161,53,148,18,25,37,109,74,10,49,14,0,38,66,64,50.62893081761006,0.032615929237813174,7.837000828651706,0.6,0.042,-3.8,-2.8,-1,0.504,163,0.169,0.736,15.6
Tim Peete,Tulsa Golden Hurricane,2012,31,833,163,59,146,22,43,23,64,98,13,67,31,6,54,46,85,49.41789958767887,0.09251891838221,7.834468869709454,1.4,0.066,0.8,-1.4,2.3,0.49,178,0.295,0.438,14.2
Kris Gulley,Florida International Panthers,2015,33,657,141,54,139,9,16,24,89,102,22,24,22,6,32,59,80,48.27444535743632,0.04908383673865132,7.818247969608825,1.1,0.064,-2.5,-2.6,0.1,0.481,138,0.115,0.64,14.6
Trent Rogers,Tulane Green Wave,2012,31,616,112,33,84,28,47,18,50,45,2,67,22,4,39,41,43,53.49636988918609,0.04099807245277663,7.8161219995353655,1.2,0.076,-1.7,-2.7,1.1,0.527,127,0.56,0.595,12.6
Seth Gearhart,Rice Owls,2014,30,847,205,64,181,38,55,39,121,103,16,41,22,17,42,89,87,49.95126705653022,0.05516288184570848,7.813510033329535,1,0.046,-2.6,-3.1,0.5,0.495,197,0.304,0.669,16.2
Loomis Gerring,Missouri State Bears,2015,31,593,147,53,149,38,55,3,18,112,47,18,17,6,36,64,65,42.43648960739031,0.15134590393962905,7.809634457478086,0.5,0.031,-4.7,-3.7,-1,0.42,156,0.369,0.121,20
D'Andre Johnson,Florida Atlantic Owls,2014,31,709,199,63,168,46,61,27,86,63,9,63,18,0,56,66,54,51.067542599055635,0.04986588144355376,7.80857047288992,0.9,0.05,-4.2,-3.1,-1.1,0.5,211,0.358,0.517,18.4
Emmanuel Bandoumel,SMU Mustangs,2020,30,683,190,58,166,51,66,23,103,79,19,33,17,2,38,62,60,48.70795734208368,0.034921928934451965,7.77424793587272,1.1,0.062,-1.9,-1.5,-0.4,0.481,186,0.398,0.62,17.9
Michael Ramey,Southern Miss Golden Eagles,2016,29,488,159,58,149,6,9,37,97,37,3,11,6,0,15,48,34,51.97437238493724,0.05048397517204889,7.771173136166692,0.4,0.036,-4.7,-2.4,-2.3,0.519,131,0.06,0.651,19
Bandja Sy,New Mexico State Aggies,2011,32,561,148,47,126,36,49,18,66,79,21,28,16,9,46,56,58,50.14909189482244,0.04686169635004582,7.765752214834594,0.8,0.055,-1.8,-1.9,0.2,0.493,157,0.381,0.522,17.5
Cam Hayes,East Carolina Pirates,2024,33,575,167,61,175,22,31,23,89,42,5,47,24,0,36,34,37,44.26420695504665,0.050516999996880974,7.75722746092581,0.3,0.023,-3.3,-3.3,0,0.44,165,0.177,0.509,20.2
Kamari Lands,Louisville Cardinals,2023,32,674,190,57,175,49,56,27,84,61,8,26,19,4,32,45,53,47.58565417751954,0.12294319096239459,7.730469870328953,0.3,0.017,-2.9,-2.1,-0.8,0.471,182,0.32,0.48,18.2
Jackson Threadgill,Charlotte 49ers,2024,31,765,163,57,153,26,33,23,83,66,15,31,16,5,18,44,51,48.65090735434575,0.050645706121875383,7.6706118505631835,1.2,0.062,-2.4,-2.3,-0.1,0.483,161,0.216,0.542,13.7
Yonel Brown,Kennesaw State Owls,2014,31,650,175,55,148,47,57,18,58,26,5,72,13,1,52,37,21,50.554656806101214,-0.11545417875454435,7.661327595935427,0.3,0.021,-6.7,-3.4,-3.3,0.5,189,0.385,0.392,17.6
Nobal Days,Tulane Green Wave,2020,30,647,86,34,73,14,24,4,18,108,47,10,17,27,27,77,61,51.4600287218765,0.03371341342672776,7.653262901072198,0.9,0.057,-2.5,-3.2,0.8,0.509,106,0.329,0.247,8.9
Nathan Scheer,Missouri State Bears,2011,35,717,145,45,107,28,32,27,75,62,6,40,10,5,26,65,56,59.877766765774695,0.0380351847697167,7.630115705680897,1.6,0.087,-0.2,-0.7,0.5,0.593,141,0.299,0.701,11.3
Deonte Houston,Southern Miss Golden Eagles,2014,35,628,132,37,109,51,79,7,24,47,15,61,24,0,36,51,32,45.90984974958264,0.0280322598491753,7.6221292379321826,1.4,0.088,-0.4,-2,1.6,0.453,161,0.698,0.241,15.1
Kenyon McNeail,Louisiana Tech Bulldogs,2011,32,942,277,86,242,60,82,45,131,90,11,76,38,1,89,78,79,49.80581127733027,0.13880684530839116,7.615442898368735,1.2,0.052,-2.8,-3.1,0.3,0.493,279,0.339,0.541,19.6
Edward Simpson,Middle Tennessee Blue Raiders,2017,36,865,125,42,111,10,22,31,84,75,4,78,23,2,22,58,71,51.78985747431223,0.0703541139089395,7.59028468861511,2.1,0.099,1.3,-0.8,2.1,0.515,146,0.198,0.757,8.7
Exavian Christon,Louisiana Tech Bulldogs,2021,32,627,107,34,104,18,23,21,67,55,11,32,21,5,14,33,44,46.88047669120225,0.05358678222097973,7.557435710893916,1.5,0.097,1,-1.7,2.7,0.466,113,0.221,0.644,10.2
Austin Ruder,Missouri State Bears,2015,31,967,263,85,256,37,43,56,170,66,4,40,22,1,32,44,62,47.832096609922885,0.12494511544907055,7.549507303056153,1.2,0.051,-1.7,-0.6,-1.1,0.474,237,0.167,0.665,18
Jackson Trapp,Florida Atlantic Owls,2013,31,614,141,49,138,18,27,25,73,61,7,61,19,18,52,47,54,47.03763010408327,0.1498920493681379,7.5388848310907175,0.5,0.031,-2.4,-2.3,-0.1,0.468,159,0.206,0.525,17.3
Kevin Johnson,Cincinnati Bearcats,2015,34,742,220,74,195,29,44,43,123,46,6,45,28,4,54,68,40,51.31554394476581,0.01980221558019385,7.536606810296805,1.7,0.09,0.3,-1.3,1.6,0.509,204,0.226,0.631,20.6
Kevin Kaspar,Western Kentucky Hilltoppers,2013,36,745,175,57,161,25,35,36,107,73,13,57,20,0,45,49,60,49.6031746031746,-0.4117142341142573,7.53211062642567,1.3,0.069,-1.7,-1.4,-0.4,0.493,181,0.217,0.665,15.1
Mo Jeffers,Delaware Blue Hens,2016,29,660,150,47,117,56,100,0,0,140,53,15,7,32,58,71,87,46.58385093167702,0.02975341764519324,7.5306951891808,NA,NA,NA,NA,NA,NA,NA,NA,NA,NA
Terence Jones,UAB Blazers,2013,32,838,261,87,258,51,72,36,139,58,10,115,36,2,97,64,48,45.04971002485501,0.05407620670996154,7.502068832098952,NA,NA,NA,NA,NA,NA,NA,NA,NA,NA
Jaron Pierre Jr.,Southern Miss Golden Eagles,2022,33,741,268,95,278,19,25,59,177,85,10,38,17,2,57,46,75,46.36678200692042,-0.03851509033671673,7.496162852732859,-0.2,-0.013,-6,-2.8,-3.3,0.462,245,0.09,0.637,24.4
Anthony Adger,Florida Atlantic Owls,2018,31,623,188,66,198,50,61,6,53,59,8,72,19,0,53,43,51,41.807507560932216,0.050513264386791754,7.470528082734235,0.4,0.025,-6.6,-5.6,-1,0.414,202,0.308,0.268,21.7
Kevin Zhang,Tulane Green Wave,2019,31,674,194,70,198,28,37,26,88,73,12,24,11,12,33,33,61,45.267873809968265,0.08619346907391431,7.465014216327889,0.1,0.005,-3.2,-2.6,-0.6,0.45,177,0.187,0.444,18.1
Tim Peete,Tulsa Golden Hurricane,2013,33,611,100,34,103,25,35,7,30,96,15,47,27,4,34,45,81,42.229729729729726,0.05852286811415668,7.443780754943159,0.8,0.05,-1.1,-3.2,2.1,0.418,118,0.34,0.291,12.9
Brian Johnson,Delaware Blue Hens,2011,31,524,106,35,88,17,31,19,49,32,6,60,11,1,28,54,26,52.144824872097594,0.016728043489680072,7.443384695115119,0.7,0.051,-3,-2.3,-0.7,0.516,122,0.352,0.557,13.8
Jackson Threadgill,Charlotte 49ers,2023,36,1068,237,87,218,29,36,34,97,65,3,56,18,8,37,32,62,50.67567567567568,0.07221168222459914,7.442593047989015,1.6,0.062,-2.3,-1.7,-0.6,0.504,232,0.165,0.445,15.1
Yuri Collins,Saint Louis Billikens,2020,31,969,167,56,150,44,78,11,30,88,12,171,46,0,99,79,76,45.30164930555556,0.09120447305765109,7.4230899074988885,1.3,0.055,-1.6,-3.1,1.5,0.446,237,0.52,0.2,14.6
Elias Harden,Jacksonville State Gamecocks,2020,32,821,234,84,244,29,40,37,121,83,18,51,14,2,41,46,65,44.72477064220183,0.04241263845523098,7.416449946942867,1.1,0.056,-6,-4,-2,0.447,233,0.163,0.494,18.3
Brandon Younger,Charlotte 49ers,2019,29,588,144,51,141,24,30,18,55,79,12,19,14,13,30,48,67,46.692607003891055,-0.08333448587283773,7.394267294792789,0.4,0.029,-3.5,-3.1,-0.3,0.464,139,0.213,0.39,17.3
Taryn Todd,TCU Horned Frogs,2021,26,457,117,43,104,13,23,18,47,39,7,34,14,5,34,42,32,51.26182965299685,0.03912684610190399,7.381157877543437,0.3,0.03,-1,-1.7,0.7,0.509,117,0.221,0.452,16.9
Richardson Maitre,Florida Atlantic Owls,2019,33,710,136,41,140,39,50,15,52,115,11,83,24,3,57,40,104,41.9753086419753,0.06262918175686155,7.346266484188956,1,0.058,-3.3,-4.5,1.3,0.415,169,0.357,0.371,15.3
Ben Emelogu II,SMU Mustangs,2017,35,725,150,55,165,14,26,26,89,94,23,64,26,3,38,66,71,42.50736794377692,0.019724751053332528,7.332061495529034,1.6,0.09,0.6,-2.1,2.8,0.423,172,0.158,0.539,15.7
J.J. Miles,East Carolina Pirates,2020,31,699,218,80,223,9,16,49,152,79,6,36,15,4,36,73,73,47.3830638149887,0.03993683932249016,7.327568718587168,0.6,0.036,-2.6,-1.5,-1.1,0.473,194,0.072,0.682,19.1
Marcus Bartley,Saint Louis Billikens,2015,32,612,158,52,126,17,29,37,86,53,6,55,12,3,44,82,47,56.93283366964543,0.03450228841390914,7.312228298716778,0.8,0.054,-2.2,-1.9,-0.3,0.565,155,0.23,0.683,16.5
Gabe Pickens,New Mexico State Aggies,2026,32,645,139,47,127,31,47,14,49,49,4,94,24,0,53,74,45,47.06121343445287,0.029313482180287915,7.30943041451235,0.6,0.039,-5.2,-5.2,-0.1,0.465,169,0.37,0.386,15.6
Justin Bufford,Middle Tennessee Blue Raiders,2025,34,833,173,54,157,41,67,24,91,104,30,30,26,17,39,76,74,46.38567138567139,0.030457946872850496,7.284661868169115,1.1,0.055,-2.2,-3,0.8,0.458,180,0.427,0.58,13.6
Ray Rodriguez,Florida International Panthers,2015,33,675,155,48,129,22,32,37,103,56,8,50,12,1,41,41,48,54.16550181716522,0.043958979214909696,7.2435431955352785,1,0.06,-4.2,-2.1,-2.1,0.537,157,0.248,0.798,14.7
Nathan Scheer,Missouri State Bears,2013,33,743,169,57,151,18,32,37,105,78,21,27,19,5,29,81,57,51.1873031257572,0.011075270409549195,7.230533471026348,1,0.052,-0.9,-1.1,0.2,0.508,162,0.212,0.695,15
Brandon Parrish,TCU Horned Frogs,2014,31,917,247,88,241,37,59,34,105,95,31,26,16,7,35,63,64,46.261612226550795,0.029966745803348488,7.203640127799314,0.3,0.012,-3,-1.8,-1.2,0.459,234,0.245,0.436,17.7
Peter Moller,Liberty Flames,2015,32,630,179,67,159,24,35,21,65,58,7,31,11,0,45,21,51,51.318807339449535,0.13727751839081942,7.192622872094063,0.5,0.03,-6.5,-4.4,-2.1,0.51,165,0.22,0.409,18.1
K.C. Ross-Miller,New Mexico State Aggies,2013,35,693,158,47,135,55,69,9,45,57,10,69,33,2,60,70,47,47.77455249153362,0.033050551440940705,7.190046223750076,1.1,0.065,-2.4,-3.8,1.4,0.471,176,0.511,0.333,16.9
Chris Mullins,Rice Owls,2020,32,766,234,74,209,68,96,18,84,84,23,42,16,5,59,56,61,46.56901767234516,0.0405546580929478,7.180867586373161,0.4,0.019,-6.6,-4.2,-2.4,0.46,238,0.459,0.402,20.4
Solomon Poole,Florida Atlantic Owls,2015,28,635,276,100,293,28,44,48,138,67,13,48,18,4,73,58,54,44.17979254706108,0.022001844651395056,7.166445754442916,-0.2,-0.015,-5.5,-2.7,-2.8,0.435,266,0.149,0.476,33.4
Nigel Pruitt,Kennesaw State Owls,2013,30,567,154,51,143,27,44,25,80,65,19,20,20,8,39,58,46,47.42547425474255,0.49481565974097425,7.134174404221634,0.1,0.005,-4.8,-3,-1.8,0.47,146,0.308,0.559,19
Donte Powers,Sam Houston Bearkats,2022,33,664,172,62,171,20,27,28,92,73,9,46,25,3,45,64,64,47.025371828521436,0.040076862207310465,7.117200023222143,1.2,0.074,-3.8,-4.4,0.5,0.468,171,0.158,0.538,17.4
Jalin Barnes,Sam Houston Bearkats,2016,34,642,146,55,148,16,25,20,60,87,7,61,27,5,49,77,80,45.911949685534594,0.04678360049422307,7.097789296431693,0.7,0.041,-4.3,-4.7,0.5,0.457,153,0.169,0.405,16
Keith Washington,Rice Owls,2014,30,600,201,71,186,38,59,21,67,63,7,67,13,1,70,45,56,47.41460652953387,0.08174068375024962,7.051437780816728,-0.2,-0.014,-6.1,-4.2,-1.9,0.47,207,0.317,0.36,26
Michael Ramey,Southern Miss Golden Eagles,2017,31,679,197,68,187,19,28,42,124,46,3,22,7,1,20,46,43,49.41802127232591,-0.23340338506749386,7.032190568562502,0.6,0.034,-5,-2.7,-2.3,0.492,171,0.15,0.663,17.2
Sterling Gaston-Chapman,Tulsa Golden Hurricane,2023,30,536,117,39,125,36,48,3,27,91,39,10,24,7,26,71,52,40.0355871886121,0.027391137704612368,7.031172456463967,0,0.002,-5.8,-5.4,-0.4,0.396,128,0.384,0.216,16.8
Alex Kazanecki,Delaware Blue Hens,2026,31,890,159,55,127,13,18,36,97,65,5,18,15,10,20,37,60,58.92380670026684,0.05461225958835675,7.008524596078096,0.7,0.032,-4,-2.4,-1.6,0.586,140,0.142,0.764,9.9
Johnathon Wilkins,New Mexico State Aggies,2015,34,589,103,40,84,23,43,0,1,84,44,22,9,11,33,61,40,50.038865137971236,0.038065836926137395,6.98961718764988,1.2,0.079,-1.6,-2.4,0.7,0.493,118,0.512,0.012,12.4
Omega Harris,UTEP Miners,2015,33,883,218,73,194,41,54,31,86,67,9,62,28,4,65,54,58,50.055106539309335,0.05530605342805947,6.984841692253594,1.2,0.054,-1.8,-2.4,0.6,0.499,220,0.277,0.441,17.3
Jordan Crawford,Louisiana Tech Bulldogs,2023,33,770,182,69,208,30,41,14,60,80,17,100,39,1,74,58,63,40.25836135197311,0.02361919867395021,6.979650390656541,0.4,0.021,-6.3,-5.6,-0.8,0.4,224,0.197,0.288,19.9
Dravon Mangum,Charlotte 49ers,2019,29,560,140,43,117,38,60,16,59,75,24,12,10,15,35,58,51,48.81450488145049,0.029380621522765334,6.962073692289512,0.4,0.027,-4.5,-3.4,-1.1,0.481,140,0.513,0.504,17.7
D'Angelo Richardson,Southern Miss Golden Eagles,2018,34,661,156,50,139,38,46,18,68,49,6,59,19,2,41,72,43,48.98266767143934,0.0205919991424817,6.955876069557327,0.5,0.029,-6.4,-4.6,-1.8,0.485,169,0.331,0.489,16.4
Jalen Smith,SMU Mustangs,2023,32,849,148,47,122,32,43,22,73,50,9,77,17,11,42,54,41,52.51206358217427,0.04490313148594511,6.95563396777273,0.8,0.035,-2.5,-2.5,0,0.52,166,0.352,0.598,10.7
C.J. Washington,Kennesaw State Owls,2020,29,538,138,44,133,37,47,13,56,60,12,10,25,4,31,44,48,44.898490369599166,-0.1276053480573922,6.823902489368596,0,-0.002,-6.1,-5.1,-0.9,0.444,129,0.353,0.421,17.8
James Johnson,Liberty Flames,2015,32,569,186,79,148,28,51,0,0,97,35,9,7,10,65,89,62,54.564656183994366,0.02596174529591127,6.813294276213766,0.2,0.012,-10.3,-8.3,-2,0.54,169,0.345,0,21.5
Jeremiah Oden,DePaul Blue Demons,2024,32,901,243,86,248,35,43,36,115,102,15,21,12,13,38,47,87,45.51925670612918,0.03257421953460919,6.792070316315831,-0.8,-0.038,-4.7,-2.5,-2.2,0.453,222,0.173,0.464,18
Bishop Mency,Rice Owls,2015,32,934,248,81,231,27,42,59,174,104,27,36,17,8,54,84,77,49.70338303671637,0.05297906330764934,6.706161672829258,1,0.045,-2.7,-1.6,-1.1,0.494,234,0.182,0.753,18.3
Garlon Green,TCU Horned Frogs,2013,32,965,309,112,308,58,75,27,80,111,29,34,16,11,66,79,82,45.30791788856305,0.0520214617000108,6.694652437806405,0.6,0.026,-3.5,-2.5,-1,0.45,285,0.244,0.26,23.6
Mason Leggett,Jacksonville State Gamecocks,2013,28,543,73,25,73,19,33,4,11,56,11,40,33,2,30,36,45,41.70475319926874,-0.2305470297377939,6.681388128723682,0.5,0.035,-3.2,-4.2,1,0.412,89,0.452,0.151,11.8
JaMonta' Black,Missouri State Bears,2020,33,624,102,37,96,1,5,27,69,55,7,39,14,3,20,43,48,51.93482688391039,0.05104469402164261,6.678831702761279,1.1,0.07,-0.6,-1.4,0.8,0.518,107,0.052,0.719,9.5
Caden Dickerson,Western Kentucky Hilltoppers,2011,32,905,191,56,152,39,46,40,103,54,19,38,14,1,38,52,35,55.44588945657222,0.06615938458177817,6.668775637108382,1.4,0.06,-2.4,-1.7,-0.7,0.549,184,0.303,0.678,11.4
Jayce Johnson,Middle Tennessee Blue Raiders,2019,32,864,203,66,183,67,116,4,32,152,39,63,26,8,78,89,113,43.36865493078106,0.0968819770987553,6.665540522473789,0.4,0.017,-4.5,-4.6,0.2,0.426,227,0.634,0.175,17.8
Jake Flaggert,UTEP Miners,2017,32,908,160,47,124,21,27,45,116,91,9,38,10,7,19,97,82,58.8754783632617,0.05998582855344995,6.663893215075719,1.9,0.084,-1,-1.4,0.4,0.585,154,0.218,0.935,9.1
E. Victor Nickerson,Charlotte 49ers,2013,33,674,173,54,151,54,80,11,47,79,22,34,20,4,50,60,57,46.45542427497315,0.062485003894809085,6.663150154081201,0.7,0.039,-2.1,-2.6,0.5,0.458,173,0.53,0.311,17.5
Raheem Watts,Southern Miss Golden Eagles,2017,31,671,211,74,173,54,73,9,40,119,23,16,11,7,67,89,96,51.43330733229329,0.015238338515792087,6.654358715457607,0.1,0.006,-8.3,-6.6,-1.7,0.508,196,0.422,0.231,21.6
Shunn Buchanan,New Mexico State Aggies,2020,31,635,85,28,83,18,25,11,42,81,12,83,32,3,57,61,69,45.21276595744681,0.05397795226527356,6.598417218759601,1.3,0.081,-1.8,-4.3,2.5,0.448,128,0.301,0.506,12.6
Anthony Fields,Liberty Flames,2016,31,746,156,59,136,27,37,11,33,35,8,89,13,0,54,54,27,51.2214342001576,0.06792938160879568,6.5873218187650515,0.7,0.038,-6.7,-3.6,-3.1,0.52,200,0.277,0.241,15.7
Caden Dickerson,Western Kentucky Hilltoppers,2014,32,748,140,57,125,4,8,22,67,64,13,37,10,0,33,28,51,54.46623093681917,0.05346884138906848,6.586975701448217,1.2,0.063,-1.5,-2.2,0.7,0.543,136,0.064,0.536,10.9
PJ Fuller II,TCU Horned Frogs,2020,32,627,183,69,186,27,33,18,71,58,11,49,19,15,59,65,47,45.63135846798324,-0.06590045322958667,6.577171335533687,0.5,0.03,-1.8,-2.9,1.1,0.454,182,0.177,0.382,21.7
Curtis Haywood II,Tulsa Golden Hurricane,2022,31,687,95,28,89,24,32,15,55,79,10,55,31,14,41,70,69,46.08071400853706,0.04722969718485713,6.551034921136807,0.6,0.037,-0.3,-2.6,2.4,0.456,117,0.36,0.618,11.1
Philmon Gebrewhit,DePaul Blue Demons,2022,31,716,149,50,145,25,32,24,87,68,18,38,18,3,32,54,50,46.8317827508172,0.033775772764716556,6.531196667164988,0.8,0.043,-1.8,-2.2,0.4,0.465,155,0.221,0.6,13
Edric Dennis,TCU Horned Frogs,2020,32,671,197,62,200,33,54,40,119,51,4,74,26,3,62,53,47,44.02037897747587,-0.005121806598040622,6.513337470606941,0.6,0.035,-1.5,-2.2,0.7,0.437,206,0.27,0.595,22.4
Darian Bryant,Delaware Blue Hens,2018,33,919,180,74,181,12,31,20,77,80,14,53,22,6,41,50,66,46.239210850801484,0.06833224410987859,6.483170321827874,0.3,0.014,-4.3,-3.5,-0.8,0.46,186,0.171,0.425,13.5
Denzel Ingram,Charlotte 49ers,2013,33,813,190,71,192,24,34,24,86,55,10,51,28,1,43,65,45,45.902589872439115,0.07873144500350929,6.448038325125887,0.9,0.045,-1.5,-2.6,1.1,0.456,186,0.177,0.448,15.3
Isaiah Mbeng,East Carolina Pirates,2026,31,715,140,49,146,17,26,25,98,68,12,82,26,1,56,49,56,44.46138211382114,0.06862300994450005,6.409508976236133,0.1,0.003,-4.6,-4.4,-0.2,0.442,163,0.178,0.671,14.6
A.C. Reid,Liberty Flames,2017,34,727,165,54,163,12,18,45,141,51,0,53,23,5,37,66,51,48.26819564708636,0.034889781400747326,6.405243441598325,0.9,0.051,-3.6,-3.3,-0.3,0.478,173,0.108,0.868,16.6
Bernard Morena,Kennesaw State Owls,2014,30,539,187,66,163,39,68,16,46,101,23,15,16,17,71,88,78,48.46568525813809,0.6087045058878424,6.400654467755683,-0.3,-0.022,-8.6,-7.6,-1,0.479,173,0.417,0.282,24.8
Nate Butler Lind,TCU Horned Frogs,2013,32,839,153,54,148,32,56,13,37,81,14,49,32,18,46,64,67,44.311862835959225,0.11563994583633075,6.397517784954046,NA,NA,NA,NA,NA,NA,NA,NA,NA,NA
Ountae Campbell,UTEP Miners,2019,29,542,72,27,72,9,17,9,40,73,24,23,18,4,22,39,49,45.29441368897836,0.0414531060436764,6.330670623577399,0.9,0.063,-1.7,-3.8,2.2,0.45,84,0.236,0.556,9.4
Matt Taylor,New Mexico State Aggies,2016,34,874,184,68,181,38,68,10,43,121,31,86,16,19,79,75,90,43.618433529300205,0.06991265825005029,6.327424740228515,1.2,0.054,-3.2,-4.5,1.3,0.431,215,0.376,0.238,17
Devonne Pinkard,Delaware Blue Hens,2015,30,568,120,39,116,18,34,24,67,83,13,22,5,6,20,48,70,45.815516188149054,0.06860786833477493,6.323154048183076,0.3,0.023,-3.9,-2.6,-1.3,0.454,116,0.293,0.578,14.1
Jake Barnett,Saint Louis Billikens,2014,34,823,160,50,152,21,36,39,125,96,10,38,28,8,35,85,86,47.66444232602478,0.036104573247873264,6.266673847788429,1.9,0.091,0.9,-2.8,3.8,0.473,154,0.237,0.822,12.8
Isaiah Hill,Tulsa Golden Hurricane,2020,31,634,131,45,133,28,40,13,55,53,4,69,31,4,58,42,49,43.49269588313413,0.031949425773576505,6.2631475339076985,0.6,0.037,-1.8,-3.9,2.2,0.431,151,0.301,0.414,17.5
Quincy Taylor,UAB Blazers,2011,31,559,74,27,83,5,8,15,56,56,20,26,21,0,15,33,36,42.76467868700878,0.024099920522460686,6.194772723065106,NA,NA,NA,NA,NA,NA,NA,NA,NA,NA
Sean Thurston,Jacksonville State Gamecocks,2011,30,554,55,22,49,11,22,0,1,94,47,9,17,34,36,78,47,46.864349011588274,-0.030252630714213066,6.189446286957948,0.4,0.026,-5.4,-6.4,0.9,0.463,72,0.449,0.02,9.4
Anthony Boswell,Florida International Panthers,2016,31,794,151,53,133,24,35,21,60,69,10,52,12,7,33,89,59,50.876010781671155,0.0331139895930804,6.1789985116388415,1.1,0.055,-5.1,-4.1,-1,0.514,169,0.25,0.457,11.9
Aaron Hines,Saint Louis Billikens,2017,33,940,211,70,222,39,59,32,103,83,9,84,30,1,54,70,74,42.54718502984352,0.08883217687729421,6.145334420360554,0.3,0.013,-4.2,-4.1,0,0.422,227,0.266,0.464,17.5
Lew Evans,Tulsa Golden Hurricane,2014,34,699,180,63,183,25,43,29,112,140,33,21,11,5,38,112,107,44.57210776545166,0.01275531466656398,6.130338855882883,1,0.059,-3.6,-4,0.5,0.442,178,0.235,0.612,17.4
Edward Simpson,Middle Tennessee Blue Raiders,2018,33,595,80,27,75,3,4,23,63,53,5,47,13,1,20,46,48,52.11047420531526,0.036648705020946866,6.127268524356742,1.2,0.084,1.7,-1,2.7,0.52,93,0.053,0.84,8.3
Darius Gatson,Sam Houston Bearkats,2012,28,967,184,55,184,44,70,30,81,82,6,126,28,2,71,59,76,42.83054003724395,0.24028486488989692,6.113088769170958,1.7,0.063,-3.3,-3.5,0.2,0.431,254,0.386,0.419,16.2
Gavin Thurman,Missouri State Bears,2013,33,657,214,82,237,26,37,24,77,88,18,23,7,2,44,30,70,42.245735944409354,0.10651838788916079,6.1046434046244995,-0.2,-0.015,-4.3,-1.7,-2.7,0.42,199,0.156,0.325,25.9
Khalid Lewis,Delaware Blue Hens,2012,32,946,166,57,151,42,65,10,41,59,15,83,34,5,63,67,44,46.213808463251674,0.05247991180376227,6.005494068807057,0.6,0.025,-3.9,-3.8,-0.1,0.456,194,0.43,0.272,13.4
Elijah Landrum,SMU Mustangs,2018,33,561,99,35,122,10,16,19,77,51,11,34,25,3,17,43,40,38.36019838809672,0.030988328415835664,5.978277032903171,0.8,0.055,-1.5,-3.6,2,0.382,107,0.131,0.631,13.8
PJ Fuller II,TCU Horned Frogs,2021,26,593,145,49,126,29,40,18,59,50,9,37,18,6,49,59,41,50.4874651810585,0.036314210189567236,5.964145045746041,0.2,0.015,-2.7,-3.2,0.5,0.5,145,0.317,0.468,17
Mason Leggett,Jacksonville State Gamecocks,2012,31,532,130,45,127,33,51,7,23,64,12,34,23,2,49,35,52,43.49571734475375,0.05478179391049632,5.959279608179978,0.7,0.045,-4.5,-4.8,0.4,0.476,165,0.468,0.177,20.1
Curtis Williams,Louisville Cardinals,2024,32,565,170,60,189,15,21,35,122,42,5,20,12,2,26,24,37,42.8773204196933,0.031161570122916246,5.933214201978423,-0.2,-0.014,-3.8,-2.4,-1.4,0.427,155,0.111,0.646,19.9
Nick Masterson,Kennesaw State Owls,2016,31,696,146,55,154,5,10,31,89,53,13,37,17,8,33,54,40,46.08585858585859,-0.027828574684196094,5.922346194210544,0.1,0.006,-6.5,-4.2,-2.3,0.46,146,0.065,0.578,13.6
Keljin Blevins,Southern Miss Golden Eagles,2016,29,648,169,53,156,52,81,11,49,100,31,21,12,7,49,55,69,44.09309121269047,-0.004356375077578037,5.901745685191515,-0.1,-0.007,-8.5,-6.1,-2.4,0.435,175,0.519,0.314,20.7
Kyle Clarke,Kennesaw State Owls,2017,32,681,154,64,156,26,37,0,3,57,17,80,20,5,69,67,40,44.69468307406547,0.0400426319995026,5.891503060819432,-0.1,-0.006,-8.3,-6.2,-2.1,0.444,182,0.237,0.019,17.2
Jermaine Haley,New Mexico State Aggies,2017,34,656,121,38,99,33,56,12,50,88,20,46,14,4,48,60,68,48.93238434163701,0.015349605821574255,5.857724369692404,1,0.063,-3.6,-4.1,0.5,0.482,137,0.566,0.505,12.8
Elijah Joiner,Tulsa Golden Hurricane,2018,31,522,118,32,108,30,49,24,67,65,9,63,9,0,45,53,56,45.53874652670577,0.030008750757350492,5.848762490226254,0.5,0.036,-3.3,-3.5,0.2,0.449,140,0.454,0.62,17.2
Ge'Lawn Guyn,Cincinnati Bearcats,2014,34,647,153,55,166,14,26,29,94,68,16,33,22,6,35,67,52,43.1131650135257,0.008435979752870715,5.848564108759166,1.2,0.075,-0.5,-3.2,2.6,0.429,148,0.157,0.566,17.1
Kyle Clarke,Kennesaw State Owls,2019,32,654,150,61,171,28,40,0,5,97,19,47,26,5,54,63,78,39.76670201484624,0.016957031779517448,5.840072076481831,-0.4,-0.023,-7.8,-7,-0.8,0.395,157,0.234,0.029,17.5
Junior Farquhar,Middle Tennessee Blue Raiders,2019,32,633,112,44,126,16,25,8,43,75,14,55,28,3,44,65,61,40.87591240875913,0.012783150579625186,5.782255420716141,0.4,0.023,-4,-5.3,1.3,0.406,130,0.198,0.341,14
Aliaksei Patsevich,SMU Mustangs,2012,32,547,90,32,98,13,17,13,56,46,22,31,17,6,24,42,24,42.66211604095563,0.009333543884509342,5.77812782095652,0.6,0.041,-2.1,-3,0.8,0.424,105,0.173,0.571,14
Jordan Cornish,Tulane Green Wave,2019,31,934,290,100,320,45,78,45,154,119,12,126,17,3,107,55,107,40.92345902009483,0.05649843985232177,5.718675860557667,-1,-0.042,-6,-4,-2,0.408,319,0.243,0.48,24.4
Brandon Dawson,Kennesaw State Owls,2012,30,524,105,36,93,31,50,2,17,62,20,6,12,11,19,74,42,45.65217391304348,-0.0033346618826238807,5.692233119510974,0,-0.003,-8,-5.6,-2.4,0.453,108,0.525,0.192,14.1
Rashad Bolden,Southern Miss Golden Eagles,2022,33,878,226,85,237,34,42,22,77,53,5,60,15,1,49,49,48,44.23046813840614,-0.020792790562285883,5.678679426855604,-0.3,-0.014,-8.1,-4.8,-3.3,0.44,225,0.177,0.325,18.1
Von Julien,Tulane Green Wave,2016,34,588,96,37,104,9,13,13,48,41,5,67,16,0,33,49,36,43.747721472839956,0.04926021827312991,5.662862771743058,0.5,0.035,-4,-4.6,0.5,0.436,115,0.125,0.462,12.2
Devonne Pinkard,Delaware Blue Hens,2016,29,520,99,33,106,13,20,20,71,75,16,16,7,3,13,53,59,43.11846689895471,0.045924949972770315,5.652095590609519,0.3,0.019,-4.3,-2.8,-1.5,0.448,112,0.226,0.643,13.1
Ugo Obineke,Kennesaw State Owls,2020,29,715,219,75,229,41,61,28,103,66,15,14,11,5,32,58,51,42.80018761726079,-0.3028223125796257,5.627484547118235,-0.3,-0.019,-7.8,-4.3,-3.6,0.422,198,0.268,0.452,20.8
Exavian Christon,Louisiana Tech Bulldogs,2022,34,789,117,38,113,21,26,20,67,68,6,41,17,4,23,49,62,47.0106075216972,0.04362692163374807,5.562711183339539,1.2,0.063,-1.5,-2.5,1.1,0.467,125,0.23,0.593,9.5
E. Victor Nickerson,Charlotte 49ers,2012,30,506,92,30,93,29,53,3,19,62,25,24,23,6,32,52,37,39.54607977991747,-0.010737289610114581,5.547185973827618,0.2,0.015,-3.2,-4.6,1.4,0.389,103,0.57,0.204,14.9
Anthony Boswell,Florida International Panthers,2014,31,553,98,31,73,31,37,5,22,36,7,56,13,3,48,55,29,54.88351254480287,-0.0028759877046973924,5.502541053082808,0.4,0.027,-6.3,-5.2,-1.1,0.541,116,0.507,0.301,12.8
Michael Williams,TCU Horned Frogs,2016,33,743,117,42,119,21,30,12,49,59,9,74,12,2,32,66,50,44.25113464447807,0.767490411300563,5.4867417460801,0.7,0.037,-1.5,-2.9,1.4,0.439,139,0.252,0.412,11
D.J. Boney,Delaware Blue Hens,2011,31,633,102,31,95,23,29,17,59,50,22,28,6,6,17,56,28,47.32739420935412,0.021497595367822895,5.467498774424885,0.6,0.039,-2.4,-2,-0.4,0.469,112,0.305,0.621,11
Aaron Hines,Saint Louis Billikens,2018,33,747,202,69,216,32,50,32,106,52,3,53,26,1,47,63,49,42.436974789915965,0.0850065038842738,5.4305628094305876,0.5,0.027,-3.5,-4.2,0.7,0.421,196,0.231,0.491,20.1
Kevin Holland,Southern Miss Golden Eagles,2017,31,857,147,52,157,15,23,28,79,90,10,59,11,2,31,57,80,43.98037338439445,-0.18017351513888177,5.4044755579573085,0.5,0.022,-6.1,-4.8,-1.3,0.438,157,0.146,0.503,12.3
J.J. Thompson,Houston Cougars,2012,30,738,173,66,183,24,29,17,56,52,10,75,21,3,64,64,42,44.18675929709849,0.030810779661440815,5.367787498252191,0.1,0.004,-5.3,-3.8,-1.5,0.44,191,0.158,0.306,17.8
Deng Riak,East Carolina Pirates,2017,33,702,107,45,113,14,23,3,15,171,44,13,9,15,46,76,127,43.4535412605588,0.03229424590271847,5.305329075229605,0.7,0.04,-4.1,-5.7,1.5,0.432,115,0.204,0.133,12.4
Kobe Magee,UTEP Miners,2019,29,604,97,34,96,9,15,20,63,42,5,56,11,0,34,28,37,47.27095516569201,0.07566264575160224,5.276587724519963,0.7,0.047,-3.6,-3.9,0.3,0.47,112,0.156,0.656,11.4
Khwan Fore,Louisville Cardinals,2019,34,657,111,43,121,13,22,12,38,45,8,42,19,1,26,46,37,42.47015610651974,0.032106516280956364,5.144313234620485,0.8,0.047,1.7,-2,3.8,0.422,121,0.182,0.314,12.3
Jaylan McGill,Charlotte 49ers,2019,29,729,131,46,114,13,20,26,72,47,6,19,9,3,22,49,41,53.33876221498372,0.17940889897310297,5.105332858025355,0.6,0.033,-4.3,-3.1,-1.2,0.53,121,0.175,0.632,11
Ronnie Rousseau III,Missouri State Bears,2018,33,582,139,51,146,16,30,21,70,36,6,42,10,1,32,47,30,43.65577889447236,0.021606592278850128,5.036972981470348,0.5,0.031,-4.2,-3.6,-0.6,0.434,140,0.205,0.479,16.9
Dimitrije Spasojevic,East Carolina Pirates,2019,31,541,114,52,130,10,19,0,1,60,18,22,8,17,28,63,42,41.1968777103209,0.014228937774452824,5.031215077919847,0,-0.002,-6,-5,-1,0.41,115,0.146,0.008,15.4
Devonne Pinkard,Delaware Blue Hens,2014,35,601,83,26,89,11,14,20,65,76,26,18,10,7,15,72,50,43.61076082387558,0.004451868096459428,4.890472259098421,0.6,0.039,-2.8,-2.7,-0.1,0.434,97,0.157,0.73,9
Daiquan Walker,UCF Knights,2013,29,617,115,41,112,6,11,27,69,57,9,48,11,1,46,37,48,49.212598425196845,0.024471360363589198,4.87483000466452,0.4,0.023,-4.3,-3,-1.3,0.491,132,0.107,0.62,13.7
Bitumba Baruti,East Carolina Pirates,2020,31,675,135,54,156,15,20,12,64,116,34,21,13,16,42,86,82,40.95873786407766,0.011105692472173434,4.864878991454715,0.1,0.008,-5.4,-4.7,-0.7,0.408,141,0.128,0.41,15.4
Junior Lomomba,Western Kentucky Hilltoppers,2017,32,921,196,62,182,55,79,17,54,74,4,109,20,1,91,70,70,45.21129359660454,-0.07346171722275403,4.761173760114935,-0.3,-0.012,-8,-5.7,-2.3,0.447,231,0.442,0.293,17.5
Quincy Taylor,UAB Blazers,2012,31,956,186,64,158,31,48,27,78,50,13,88,25,0,93,58,37,51.92050022331398,0.06774272235703178,4.631579170193602,NA,NA,NA,NA,NA,NA,NA,NA,NA,NA
Shakwon Barrett,Tulane Green Wave,2019,31,669,145,50,140,32,51,13,51,56,12,76,21,3,75,55,44,44.63186407288845,0.003554812161366402,4.62036452702612,-0.5,-0.033,-6.9,-5.9,-1,0.441,168,0.364,0.364,17.5
Ross Wilson,Rice Owls,2013,30,542,94,41,80,12,24,0,0,68,28,20,8,2,36,72,40,51.899293286219084,-0.030084986423777497,4.539846962546556,-0.2,-0.016,-8.8,-6,-2.8,0.52,108,0.321,0,13.4
Dorrian Williams,Missouri State Bears,2013,33,688,129,44,137,22,40,19,65,67,8,56,19,4,48,57,59,41.720569210866756,0.006298357213677233,4.5102529785767675,-0.1,-0.007,-4,-3.9,-0.1,0.413,141,0.292,0.474,16.9
Keith Washington,Rice Owls,2013,30,577,121,38,133,35,47,10,46,53,7,59,22,0,53,35,46,39.36751691827173,0.06725976694615979,4.458992216051382,-0.9,-0.061,-8.3,-5.3,-3,0.387,148,0.38,0.358,20.4
Kahlil McDonald,Western Kentucky Hilltoppers,2011,32,730,209,61,219,41,56,46,160,53,10,61,10,2,57,71,43,42.8911508783451,0.00797124151065058,4.449131262382157,0.4,0.019,-6.2,-3.9,-2.4,0.425,212,0.256,0.731,20.1
Bishop Mency,Rice Owls,2016,32,743,112,41,128,7,19,23,93,83,22,27,12,11,27,53,61,41.067761806981515,0.004696280146634117,4.40382525065086,-0.2,-0.011,-5.3,-2.9,-2.4,0.409,122,0.148,0.719,11
Aaron Harwell,Sam Houston Bearkats,2012,28,531,76,30,84,12,25,4,29,52,3,56,22,1,40,52,49,40,-0.024677205878380383,4.299518669590511,0.8,0.05,-5.1,-6.8,1.8,0.407,117,0.353,0.353,14.2
Adili Kuerban,Kennesaw State Owls,2020,29,512,97,30,101,17,23,20,68,54,4,21,12,0,25,38,50,43.64650827933765,0.07239566009148758,4.258578329811038,-0.2,-0.015,-7.8,-5.9,-1.9,0.433,94,0.228,0.673,13.8
Andrew Osemhen,Kennesaw State Owls,2014,31,526,96,32,83,32,53,0,0,80,32,7,5,9,31,77,48,45.146726862302486,-0.2665200415354082,4.098907102810211,0,0,-8.9,-7,-1.9,0.444,101,0.639,0,13.3
Aleksa Nikolic,Marshall Thundering Herd,2015,32,833,159,63,225,20,28,13,64,130,21,111,34,4,94,63,109,33.49907298162818,0.03229919595921115,3.904776947619579,-0.5,-0.026,-6.9,-6.5,-0.4,0.334,207,0.124,0.284,19.5
Omer Yurtseven,Tulane Green Wave,2014,34,603,130,40,153,25,46,25,96,70,11,16,10,6,25,51,59,37.520203186331095,-0.03723487382978182,3.136250275627708,NA,NA,NA,NA,NA,NA,NA,NA,NA,NA
Romain Henry,Kennesaw State Owls,2012,30,636,93,33,97,14,23,13,34,61,17,37,17,1,47,63,44,43.40926064227035,0.05702523048498001,2.9184186901530866,-0.7,-0.041,-9,-6,-3,0.462,119,0.26,0.346,13.5
Kevin Holland,Southern Miss Golden Eagles,2015,29,563,40,15,58,2,5,8,42,42,0,48,18,0,39,24,42,33.222591362126245,-0.03259136185201002,1.76579572297618,-0.5,-0.038,-7.7,-6.8,-0.9,0.331,60,0.086,0.724,9.9
Yonel Brown,Kennesaw State Owls,2013,30,712,105,36,131,18,29,15,62,27,4,40,28,0,45,53,23,36.51919866444074,0.08697364874901506,1.7189667986331973,-1,-0.054,-9.3,-7.3,-2,0.363,111,0.221,0.473,14.1
Shawn Roundtree,Missouri State Bears,2015,31,536,85,31,107,16,27,7,44,46,4,44,9,0,40,39,42,35.75033647375505,0.18710533609348037,1.6040656387656251,-0.5,-0.041,-6.8,-5.7,-1.1,0.355,96,0.252,0.411,16.8
