athlete_display_name,team_display_name,season,join_name,all_conference,team_tier,match_type,GP,MP,avg_PIE,PER,net_rating,ts_percent,ws
Vladislav Goldin,Florida Atlantic Owls,2024,vladislav goldin,0,NA,NA,34,851,0.1983998194008876,30.67103051653863,8.4,0.679,5.1
Yaxel Lendeborg,UAB Blazers,2025,yaxel lendeborg,0,NA,NA,37,1243,0.26638601190256556,30.538960684650615,NA,0.6001321391866099,NA
Charles Bassey,Western Kentucky Hilltoppers,2021,charles bassey,1,1,exact,29,851,0.25824761080538694,30.156752588379305,9.1,0.643,5.4
Chris Cokley,UAB Blazers,2018,chris cokley,1,1,exact,33,870,0.2122932068397356,29.604253213422883,NA,0.6274891173474113,NA
Osasumwen Osaghae,Florida International Panthers,2020,osasumwen osaghae,1,2,exact,32,872,0.2238920567371412,29.382222497998512,6.6,0.687,4.9
Gaige Prim,Missouri State Bears,2021,gaige prim,0,NA,NA,24,705,0.294665691777016,29.380621287359386,8.6,0.627,4.9
Daniel Batcho,Louisiana Tech Bulldogs,2025,daniel batcho,1,1,exact,32,883,0.17518307740129524,29.02436110436851,5.3,0.72,5.2
Ajdin Penava,Marshall Thundering Herd,2018,ajdin penava,1,3,exact,36,1001,0.22304366743602108,28.93755978760654,7.3,0.643,5.2
Chris Cokley,UAB Blazers,2016,chris cokley,1,2,exact,33,728,0.15463215598826113,28.77608501327704,NA,0.607668126192882,NA
Pascal Siakam,New Mexico State Aggies,2016,pascal siakam,0,NA,NA,34,1173,0.45644497613091345,28.688543337999448,8.2,0.569,7.8
Essam Mostafa,Middle Tennessee Blue Raiders,2025,essam mostafa,1,1,exact,34,899,0.17964039406366056,28.58350226387188,6.3,0.621,5.3
Kenneth Lofton Jr.,Louisiana Tech Bulldogs,2022,kenneth lofton,1,1,exact,34,890,0.23525342699833576,28.249072434849708,7,0.574,5.2
Teagan Moore,Western Kentucky Hilltoppers,2026,teagan moore,1,1,exact,32,790,0.17962114151342348,28.205359149968512,7,0.645,4.3
James Kelly Sr.,Marshall Thundering Herd,2016,james kelly,1,1,exact,33,1009,0.2382460878092927,28.133631999001185,4.2,0.615,4.3
Vladimir Brodziansky,TCU Horned Frogs,2017,vladimir brodziansky,0,NA,NA,39,934,0.2151447584638189,27.586765579372603,10.4,0.622,5.3
Michael Holyfield,Sam Houston Bearkats,2015,michael holyfield,0,NA,NA,35,628,0.1693100174346202,27.43982819322029,4.8,0.614,4.1
David Jones,Memphis Tigers,2024,david jones,0,NA,NA,32,1037,0.25419653820010185,27.286054445057093,8.8,0.592,5.2
Jae Crowder,Marquette Golden Eagles,2012,jae crowder,0,NA,NA,35,1153,0.3280054480284654,27.118878462258024,13.8,0.598,7.6
Blake Preston,Liberty Flames,2021,blake preston,0,NA,NA,29,517,0.14826747122493786,27.058870222873864,5.3,0.633,4
Obinna Anochili-Killen,Marshall Thundering Herd,2025,obinna anochilikillen,0,NA,NA,33,841,0.24201972713204156,26.977179842790036,6.2,0.613,4.4
PJ Haggerty,Tulsa Golden Hurricane,2024,pj haggerty,0,NA,NA,31,1042,0.26774892265287775,26.879555499728887,6.6,0.596,5.5
Taelon Peter,Liberty Flames,2025,taelon peter,1,3,exact,35,794,0.11992355406856688,26.86989519960511,9,0.724,5.3
Gary Clark,Cincinnati Bearcats,2018,gary clark,0,NA,NA,36,1026,0.2475725417657607,26.862578372177545,14.4,0.612,7.8
Scottie James,Liberty Flames,2018,scottie james,0,NA,NA,37,943,0.2798827349663231,26.844721477609212,5.4,0.667,6.2
Taevion Kinsey,Marshall Thundering Herd,2023,taevion kinsey,0,NA,NA,32,1209,0.3144967451083449,26.822604180511423,7.6,0.596,7
Matas Vokietaitis,Florida Atlantic Owls,2025,matas vokietaitis,0,NA,NA,34,597,0.10876996658588524,26.620963441228604,2.3,0.675,2.9
Darius McGhee,Liberty Flames,2023,darius mcghee,0,NA,NA,36,1148,0.2416844294270372,26.507038142596265,11,0.599,7.4
Markus Howard,Marquette Golden Eagles,2020,markus howard,0,NA,NA,30,963,0.2998670083406982,26.453127158724456,11,0.593,5.8
Arsalan Kazemi,Rice Owls,2011,arsalan kazemi,1,2,exact,31,930,0.27477244746068147,26.27851304669079,7.3,0.599,5.8
Brandon Huffman,Jacksonville State Gamecocks,2021,brandon huffman,0,NA,NA,27,483,0.16179850432106294,26.27790993724936,3.1,0.595,2.7
Adrian Diaz,Florida International Panthers,2016,adrian diaz,1,2,exact,31,925,0.19493709266408937,26.215120186698417,4.5,0.651,5
DeAndre Williams,Memphis Tigers,2023,deandre williams,0,NA,NA,35,1086,0.21359283425831535,26.177358881300393,9.4,0.593,5.9
Scottie James,Liberty Flames,2020,scottie james,0,NA,NA,34,730,0.193121945436544,26.069753631365675,5.2,0.62,5.8
Scottie James,Liberty Flames,2019,scottie james,0,NA,NA,36,882,0.22856413538994935,26.060778238222913,4.4,0.694,6
Joseph Uchebo,Charlotte 49ers,2016,joseph uchebo,1,2,exact,33,922,0.27769431019230145,26.038204067776594,3.5,0.584,4
Gaige Prim,Missouri State Bears,2022,gaige prim,0,NA,NA,34,1003,0.25740273158486443,26.023233023823167,6.3,0.623,5.8
Dedric Lawson,Memphis Tigers,2017,dedric lawson,0,NA,NA,32,1104,0.2638812253662864,25.969397845867555,8.6,0.542,5.4
Alex Hamilton,Louisiana Tech Bulldogs,2016,alex hamilton,1,1,exact,33,1167,0.26893299776685253,25.92371185543732,6.5,0.585,6.3
Daniel Batcho,Louisiana Tech Bulldogs,2024,daniel batcho,1,1,exact,32,831,0.20785925940672256,25.83345624964651,4.7,0.614,4.7
Darius McGhee,Liberty Flames,2022,darius mcghee,0,NA,NA,33,1111,0.3083631111391958,25.797561720556946,7.2,0.607,6.6
Paul Reed,DePaul Blue Demons,2020,paul reed,0,NA,NA,32,918,0.3452720088522935,25.78866197641186,9.2,0.561,4.5
Xavier Edmonds,TCU Horned Frogs,2026,xavier edmonds,0,NA,NA,35,802,0.17231899418075197,25.77572850503155,8.3,0.628,3.9
Tre Carroll,Florida Atlantic Owls,2025,tre carroll,0,NA,NA,34,752,0.14032714088952622,25.75533671000521,6.7,0.599,3.4
Josh Carlton,Houston Cougars,2022,josh carlton,0,NA,NA,38,825,0.13282698944722238,25.717706287651076,7.7,0.624,5.1
Shawn Jones,Middle Tennessee Blue Raiders,2014,shawn jones,1,1,exact,33,930,0.24088675239353932,25.680985526560143,6.5,0.604,5.6
TaShawn Thomas,Houston Cougars,2014,tashawn thomas,0,NA,NA,33,1044,0.26607003528744566,25.634029729483796,7.9,0.598,4.2
TaShawn Thomas,Houston Cougars,2013,tashawn thomas,1,2,exact,33,1070,0.22414641069031752,25.566385220307705,5.3,0.569,5.3
Vladimir Brodziansky,TCU Horned Frogs,2018,vladimir brodziansky,0,NA,NA,33,897,0.2069386214645826,25.50138159473575,8.5,0.658,4.6
Michael Osei-Bonsu,Missouri State Bears,2026,michael oseibonsu,1,3,exact,34,848,0.15379498053031318,25.464023735294205,2.6,0.583,3.3
Yaxel Lendeborg,UAB Blazers,2024,yaxel lendeborg,0,NA,NA,35,1053,0.2149363860427782,25.3153866512227,NA,0.6151097498723839,NA
Viktor Lakhin,Cincinnati Bearcats,2023,viktor lakhin,0,NA,NA,36,778,0.1618542121658247,25.2895318815086,7.4,0.616,4
Tyreek Smith,SMU Mustangs,2024,tyreek smith,0,NA,NA,33,633,0.13401825412815002,25.27316698324519,6.8,0.61,3.4
Arsalan Kazemi,Rice Owls,2012,arsalan kazemi,1,2,exact,35,970,0.2659428385937438,25.14878783867166,6.9,0.628,5.6
Jason Burnell,Jacksonville State Gamecocks,2019,jason burnell,0,NA,NA,33,1082,0.30802619991767904,25.06085219504237,6.6,0.595,6.4
Osasumwen Osaghae,Florida International Panthers,2019,osasumwen osaghae,0,NA,NA,34,699,0.1551527271297792,24.97001669019569,2.6,0.604,3
Chris Cokley,UAB Blazers,2017,chris cokley,0,NA,NA,33,716,0.13015239309492757,24.941493394962123,NA,0.6191183754333828,NA
Russ Smith,Louisville Cardinals,2014,russ smith,0,NA,NA,37,1083,0.1843177322278426,24.869761473259313,11.5,0.576,6.7
Isiaih Mosley,Missouri State Bears,2022,isiaih mosley,0,NA,NA,34,1074,0.262911974627739,24.83594995478065,6.4,0.617,5.7
Sananda Fru,Louisville Cardinals,2026,sananda fru,0,NA,NA,35,770,0.1528395096242646,24.818664082752314,8.9,0.74,3.9
Kai Mitchell,Sam Houston Bearkats,2020,kai mitchell,0,NA,NA,31,746,0.20553816448234788,24.79388965560646,2.3,0.605,3.7
Aurimas Majauskas,Sam Houston Bearkats,2016,aurimas majauskas,0,NA,NA,34,811,0.18953409641657593,24.745353839011543,2.6,0.64,4.4
Jon Elmore,Marshall Thundering Herd,2018,jon elmore,1,1,exact,36,1380,0.2420102359071664,24.706965000585345,5.3,0.593,6.2
Eli Chuha,New Mexico State Aggies,2019,eli chuha,0,NA,NA,35,623,0.1922608386667861,24.59288328816299,7.5,0.677,3.8
Eli Chuha,New Mexico State Aggies,2017,eli chuha,0,NA,NA,34,883,0.2270994320804679,24.55572804798283,3.5,0.634,5.1
Maurice Kemp,East Carolina Pirates,2013,maurice kemp,1,1,exact,31,1092,0.22175126192121952,24.54255376427699,5.7,0.577,6.4
Montrezl Harrell,Louisville Cardinals,2014,montrezl harrell,0,NA,NA,37,1084,0.19685100361262176,24.512769145448026,9,0.592,6.4
Gaige Prim,Missouri State Bears,2020,gaige prim,0,NA,NA,33,607,0.1970789980660518,24.50502451112605,5.7,0.543,3
Dimon Carrigan,Florida International Panthers,2021,dimon carrigan,0,NA,NA,26,465,0.1386602667742159,24.43210566475842,3,0.6,2
Jalen Duren,Memphis Tigers,2022,jalen duren,0,NA,NA,33,733,0.1446286981124215,24.41930006266839,7.1,0.608,3.5
Davante Gardner,Marquette Golden Eagles,2013,davante gardner,0,NA,NA,35,751,0.2165381830564939,24.38220986071565,10,0.669,4.7
Jeremiah Martin,Memphis Tigers,2019,jeremiah martin,0,NA,NA,36,1235,0.24520483238015228,24.34790795488051,10,0.577,6.2
Justin Johnson,Western Kentucky Hilltoppers,2016,justin johnson,0,NA,NA,34,984,0.19086549113936976,24.31028623938374,3.2,0.625,4.5
Jemel Jones,New Mexico State Aggies,2026,jemel jones,1,2,exact,32,910,0.16895400186920992,24.27593998325079,7.2,0.543,4.2
Wyatt Fricks,Marshall Thundering Herd,2026,wyatt fricks,0,NA,NA,32,932,0.20953867158775288,24.249484502170898,2.9,0.638,4
De'Torrion Ware,Jacksonville State Gamecocks,2020,detorrion ware,0,NA,NA,32,665,0.21885524005049475,24.249241255991645,6,0.572,3.7
Ray Spalding,Louisville Cardinals,2018,ray spalding,0,NA,NA,36,995,0.2420360103948898,24.22053944914442,8.2,0.568,4.8
Chance Westry,UAB Blazers,2026,chance westry,0,NA,NA,32,976,0.1801645794605158,24.19036462993889,NA,0.5736071196810976,NA
Max Fiedler,Rice Owls,2021,max fiedler,0,NA,NA,28,783,0.2182765025100214,24.160213980404624,5.4,0.682,3.9
Paul Reed,DePaul Blue Demons,2019,paul reed,0,NA,NA,36,965,0.2327667576146893,24.11644040179239,5.5,0.616,4.2
Javon Freeman-Liberty,DePaul Blue Demons,2022,javon freemanliberty,0,NA,NA,31,838,0.29753506091382725,23.999260950185956,8.2,0.536,4
Nick King,Middle Tennessee Blue Raiders,2018,nick king,1,1,exact,33,1086,0.25780763486972896,23.979934816315826,6.9,0.569,5.3
Max Fiedler,Rice Owls,2023,max fiedler,1,2,exact,35,1063,0.19971996495442676,23.960338978649983,6.1,0.721,5.1
Ryan Taylor,Marshall Thundering Herd,2016,ryan taylor,0,NA,NA,33,882,0.16241426193671987,23.92694630606942,3.8,0.61,3.4
Kenneth Lofton Jr.,Louisiana Tech Bulldogs,2021,kenneth lofton,1,3,exact,32,728,-0.03863200447945211,23.918641877496466,5.1,0.58,3.8
Tyler Kolek,Marquette Golden Eagles,2024,tyler kolek,0,NA,NA,37,1022,0.3005389372187938,23.900327216325117,10.1,0.6,5.1
Charles Bassey,Western Kentucky Hilltoppers,2019,charles bassey,1,1,exact,34,1067,0.2528101610190708,23.89747270547595,5.2,0.673,5
Davante Gardner,Marquette Golden Eagles,2014,davante gardner,0,NA,NA,32,850,-0.01642566508461274,23.884355971090255,7.8,0.602,4.7
Devon Andrews,Florida International Panthers,2019,devon andrews,0,NA,NA,34,866,0.15671487009953228,23.88227715922331,1.9,0.578,3.5
Dain Dainja,Memphis Tigers,2025,dain dainja,0,NA,NA,35,950,0.1795472581981173,23.859423053787012,5.4,0.615,3.9
Markus Howard,Marquette Golden Eagles,2019,markus howard,0,NA,NA,34,1139,0.2659125025862591,23.843195162249437,8.2,0.59,6.1
Vladislav Goldin,Florida Atlantic Owls,2023,vladislav goldin,1,3,exact,39,819,0.12153163475487384,23.83714431799044,4.9,0.624,4.5
Micah Handlogten,Marshall Thundering Herd,2023,micah handlogten,0,NA,NA,32,808,0.17214399109624193,23.81907041825021,4.5,0.649,4.2
Samir Sehic,Tulane Green Wave,2018,samir sehic,0,NA,NA,31,631,0.14303710706326467,23.81656687790988,3.9,0.648,3
Kam Jones,Marquette Golden Eagles,2025,kam jones,0,NA,NA,34,1148,0.2967881883309688,23.780181685215133,10.6,0.551,5.8
JaCorey Williams,Middle Tennessee Blue Raiders,2017,jacorey williams,1,1,exact,36,1069,0.22585157695300717,23.77834411626298,4.8,0.56,5.5
Luke Fischer,Marquette Golden Eagles,2017,luke fischer,0,NA,NA,32,767,0.15955434700162907,23.74831145526464,5.9,0.642,3.6
Papa Dia,SMU Mustangs,2011,papa dia,1,1,exact,34,1141,0.25694040650499517,23.735829877954583,3.7,0.627,6.2
Kendric Davis,Memphis Tigers,2023,kendric davis,0,NA,NA,35,1191,0.2296626137326259,23.70874266414604,7.7,0.551,5.8
Djahi Binet,Southern Miss Golden Eagles,2026,djahi binet,0,NA,NA,35,924,0.2361708020445623,23.647591920257877,2.1,0.658,4.3
Francis Okoro,Saint Louis Billikens,2022,francis okoro,0,NA,NA,35,837,0.20004373984332505,23.508373765412426,6.2,0.626,4.7
Markus Kennedy,SMU Mustangs,2014,markus kennedy,0,NA,NA,37,924,0.18882840848606589,23.505195826712747,8.9,0.55,4.7
Jayden Gardner,East Carolina Pirates,2020,jayden gardner,0,NA,NA,31,1064,0.2817907740060598,23.48357735073108,4.6,0.574,4.7
Boopie Miller,SMU Mustangs,2026,boopie miller,0,NA,NA,34,1161,0.25377235562578876,23.47175272042725,NA,0.6139220738658546,NA
Eric Carter,Delaware Blue Hens,2019,eric carter,0,NA,NA,33,1024,0.3111525939173859,23.46332365524464,1.9,0.62,4.8
Kashie Natt,Sam Houston Bearkats,2026,kashie natt,1,3,exact,34,898,0.16030925377429636,23.42343011911937,6.9,0.55,4.4
Chinanu Onuaku,Louisville Cardinals,2016,chinanu onuaku,0,NA,NA,31,762,0.21741282174543464,23.418566793503636,10.5,0.62,4.2
Tacko Fall,UCF Knights,2016,tacko fall,0,NA,NA,30,529,0.4979098545345382,23.369620678735927,5.1,0.724,2.1
N.J. Benson,Missouri State Bears,2024,nj benson,0,NA,NA,33,705,0.193478798048302,23.365618670848463,4.4,0.632,3.3
Jameer Nelson Jr.,Delaware Blue Hens,2023,jameer nelson,0,NA,NA,33,1021,0.28807695736178557,23.349333364470667,5,0.56,4.2
DJ Stephens,Memphis Tigers,2013,dj stephens,1,3,exact,36,851,0.15959719553696172,23.34634141269064,10,0.672,4.6
Wendell McKines,New Mexico State Aggies,2012,wendell mckines,0,NA,NA,35,1179,0.2904185919449634,23.286691170863513,6,0.553,6.6
Tymell Murphy,Florida International Panthers,2014,tymell murphy,1,2,exact,31,1066,0.4942454992605584,23.28663853280107,7,0.621,4.7
Gilberto Clavell,Sam Houston Bearkats,2011,gilberto clavell,0,NA,NA,28,860,0.2170571470028731,23.28040973988809,2.3,0.605,4.3
Kai Mitchell,Sam Houston Bearkats,2019,kai mitchell,0,NA,NA,33,792,0.1864699610676664,23.21117106653116,1.2,0.568,3.6
Isaiah Crawford,Louisiana Tech Bulldogs,2024,isaiah crawford,1,1,exact,32,1050,0.19845032077849747,23.20939281262737,8.3,0.579,5.5
Egor Koulechov,Rice Owls,2017,egor koulechov,1,1,exact,35,1166,0.23406172783519844,23.20598178441108,3.8,0.611,5.8
Marcus Evans,Rice Owls,2016,marcus evans,1,1,exact,32,1073,0.22166661806601945,23.163068620160978,2.1,0.585,3.8
Rob Gray,Houston Cougars,2017,rob gray,0,NA,NA,32,1002,0.23215840917841263,23.114438158266267,9.7,0.573,5.3
Tacko Fall,UCF Knights,2019,tacko fall,0,NA,NA,33,822,0.146898857347886,23.108143055350084,7.2,0.647,3.9
Corey Stephenson,Florida International Panthers,2026,corey stephenson,1,2,exact,32,967,0.16118404004671671,23.086967147966277,3.5,0.579,3.7
Rob Gray,Houston Cougars,2018,rob gray,0,NA,NA,35,1083,0.24165034452196424,23.0683061760846,9.8,0.563,6.1
Tacko Fall,UCF Knights,2017,tacko fall,0,NA,NA,36,947,0.2137679373651678,23.064578210191033,7.6,0.671,4.7
Jacobi Boykins,Louisiana Tech Bulldogs,2017,jacobi boykins,1,3,exact,33,967,0.166723651893251,23.063908396361104,8.9,0.623,5.5
Will Barton,Memphis Tigers,2012,will barton,1,1,exact,35,1236,0.23872369159004095,23.05021976969818,9.8,0.587,7.2
Kingston Flemings,Houston Cougars,2026,kingston flemings,0,NA,NA,37,1171,0.2546457892740733,23.036433459948277,12.6,0.563,6.6
Robbie Avila,Saint Louis Billikens,2026,robbie avila,0,NA,NA,35,923,0.1788631029824636,23.01917861022589,8.8,0.651,5
David Green,Tulsa Golden Hurricane,2026,david green,0,NA,NA,38,972,0.14362211976960124,22.95821453599698,5,0.598,4.4
Veljko Ilic,Sam Houston Bearkats,2026,veljko ilic,0,NA,NA,34,825,0.12215724808961406,22.951574697601465,3.4,0.573,3.2
Max Fiedler,Rice Owls,2024,max fiedler,0,NA,NA,32,958,0.2614286589201118,22.937690999164715,5.6,0.661,3.9
Semi Ojeleye,SMU Mustangs,2017,semi ojeleye,0,NA,NA,35,1195,0.21892596174749043,22.93083019451851,9.3,0.621,7.7
Brandon Walters,Middle Tennessee Blue Raiders,2018,brandon walters,0,NA,NA,33,736,0.11025042602899844,22.906731693597298,5.6,0.667,4.1
Andrew Rowsey,Marquette Golden Eagles,2018,andrew rowsey,0,NA,NA,35,1143,0.24845242473402748,22.902367261573673,7.2,0.61,5
Jahmir Young,Charlotte 49ers,2022,jahmir young,1,1,exact,31,1111,0.2490499801171535,22.822622051921584,5.1,0.585,4.8
Tymell Murphy,Florida International Panthers,2013,tymell murphy,0,NA,NA,32,974,0.27195995127761863,22.80233561124554,5.3,0.604,4.3
Mikel Brown Jr.,Louisville Cardinals,2026,mikel brown,0,NA,NA,35,613,0.1494770049875242,22.787815290908892,6.6,0.577,2.6
Gary Flowers,Southern Miss Golden Eagles,2011,gary flowers,1,1,exact,31,944,0.2229488526000284,22.78235196746682,7.9,0.558,5.2
NJ Benson,DePaul Blue Demons,2026,nj benson,0,NA,NA,32,829,0.26471963069464205,22.778411724511436,5.8,0.618,3.4
Johnell Davis,Florida Atlantic Owls,2023,johnell davis,1,1,exact,39,963,0.15696823446594693,22.746501226906116,8,0.6,5.3
Michael Craig,Southern Miss Golden Eagles,2014,michael craig,1,3,exact,35,790,0.19391135022486067,22.746480870785373,7.4,0.613,4
Jordan Tolbert,SMU Mustangs,2016,jordan tolbert,0,NA,NA,30,798,0.15250017808940974,22.727948141224417,6.4,0.586,4.4
P.J. Haggerty,Memphis Tigers,2025,pj haggerty,0,NA,NA,35,1282,0.2755685021986691,22.72585795394142,6.4,0.583,5.8
Max Fiedler,Rice Owls,2022,max fiedler,0,NA,NA,33,840,0.16746213565173368,22.721085539642917,4,0.606,3.8
William Lee,UAB Blazers,2017,william lee,1,2,exact,33,932,0.18451666618879364,22.69321853630047,NA,0.6112984822934232,NA
Kyle Weems,Missouri State Bears,2011,kyle weems,0,NA,NA,35,1087,0.2767003136526202,22.673636276778502,9.5,0.584,5.9
Jamarion Sharp,Western Kentucky Hilltoppers,2022,jamarion sharp,0,NA,NA,32,895,0.14656800587323973,22.66899176649645,6.1,0.681,4.1
J'Wan Roberts,Houston Cougars,2023,jwan roberts,0,NA,NA,37,975,0.16582001149212097,22.66785545266405,9.5,0.627,6.1
KyeRon Lindsay-Martin,UAB Blazers,2026,kyeron lindsaymartin,0,NA,NA,32,632,0.120182578124385,22.637670839093765,NA,0.5840940739594616,NA
Sim Bhullar,New Mexico State Aggies,2014,sim bhullar,0,NA,NA,36,790,0.19171531622225815,22.60855471043233,6.1,0.63,3.5
Jemerrio Jones,New Mexico State Aggies,2018,jemerrio jones,0,NA,NA,34,964,0.28270340641713765,22.601101352312877,5.4,0.513,4.9
Xavian Stapleton,Florida Atlantic Owls,2019,xavian stapleton,0,NA,NA,33,585,0.1081332589225169,22.542811343914963,7.9,0.596,3
Jeremiah Martin,Memphis Tigers,2018,jeremiah martin,0,NA,NA,34,936,0.2338081619284136,22.54239895501132,8.7,0.577,4.3
Justin Jackson,Cincinnati Bearcats,2014,justin jackson,0,NA,NA,34,944,0.19249944245580905,22.53027291253465,9.7,0.524,4.6
Kam Jones,Marquette Golden Eagles,2024,kam jones,0,NA,NA,37,1042,0.20594496807396157,22.52935746180965,3.1,0.514,0.7
Vince Shamar Hunter,UTEP Miners,2015,vince shamar hunter,0,NA,NA,33,940,0.18764522853865215,22.52295359620544,NA,0.5633931843165995,NA
Sean Kilpatrick,Cincinnati Bearcats,2014,sean kilpatrick,0,NA,NA,34,1149,0.27655587416040184,22.521390504518298,11.7,0.577,7.2
William Lee,UAB Blazers,2016,william lee,1,3,exact,33,818,0.13074950131826757,22.52092552084718,NA,0.5675146771037182,NA
Johnell Davis,Florida Atlantic Owls,2024,johnell davis,0,NA,NA,34,1097,0.2244734629750197,22.507864233053574,6.7,0.599,4.9
Demond Robinson,Kennesaw State Owls,2024,demond robinson,0,NA,NA,31,849,0.18155486008943464,22.501160906581063,0,0.58,3.2
Zach Lofton,New Mexico State Aggies,2018,zach lofton,0,NA,NA,34,1054,0.24699392127412975,22.47887472856966,7.1,0.588,6
David Punch,TCU Horned Frogs,2026,david punch,0,NA,NA,35,1009,0.19779429783825944,22.476079198122807,8.4,0.55,4.1
Cleveland Melvin,DePaul Blue Demons,2011,cleveland melvin,0,NA,NA,31,708,0.2364661449578567,22.470627791069983,4.6,0.544,2
Nigel James Jr.,Marquette Golden Eagles,2026,nigel james,0,NA,NA,32,936,0.2325093702589512,22.38739422995466,7.7,0.547,2.9
Adrian Wooley,Kennesaw State Owls,2025,adrian wooley,1,1,exact,33,1107,0.1858625374161988,22.37637274865464,4.7,0.636,4.9
LaRon Dendy,Middle Tennessee Blue Raiders,2012,laron dendy,0,NA,NA,34,937,0.19811894359715848,22.35404856820005,5.4,0.563,4.7
Ryan Taylor,Marshall Thundering Herd,2017,ryan taylor,1,3,exact,35,921,0.13327317880377146,22.350855597765513,1.7,0.569,3.2
Kevin Cross,Tulane Green Wave,2024,kevin cross,0,NA,NA,31,1082,0.21097024682276488,22.32477055064856,4.5,0.608,4
Jarmar Gulley,Missouri State Bears,2014,jarmar gulley,0,NA,NA,33,882,0.2601592998583495,22.307056170022893,6.3,0.54,3.8
Precious Achiuwa,Memphis Tigers,2020,precious achiuwa,0,NA,NA,31,943,0.23791397435912723,22.28390641050384,5.8,0.534,4.4
Jordan Walker,UAB Blazers,2023,jordan walker,1,1,exact,39,1104,0.19062535958368215,22.259620699568735,NA,0.5694126384848672,NA
Marcus Sasser,Houston Cougars,2023,marcus sasser,0,NA,NA,37,1109,0.1827318928044251,22.24447669338221,12,0.597,7.2
Gary Clark,Cincinnati Bearcats,2017,gary clark,0,NA,NA,36,1031,0.19661787184441043,22.241759220488422,9.9,0.585,5.9
Dwayne Evans,Saint Louis Billikens,2013,dwayne evans,0,NA,NA,35,1036,0.2830206864294265,22.22461220821761,8.6,0.612,6.4
Jesse Sanders,Liberty Flames,2012,jesse sanders,0,NA,NA,32,1123,0.37384406763120087,22.20735984899744,5,0.593,5
Demond Robinson,Kennesaw State Owls,2023,demond robinson,0,NA,NA,35,809,0.16690495041596498,22.158435211189257,2.2,0.563,3.7
Keith Clanton,UCF Knights,2011,keith clanton,1,3,exact,33,1006,0.2056042101742606,22.139048428531993,7,0.596,5.1
Kevin Cross,Tulane Green Wave,2022,kevin cross,0,NA,NA,29,784,0.18929786201096227,22.10972453114106,6,0.584,3.3
Kendric Davis,SMU Mustangs,2022,kendric davis,0,NA,NA,33,1107,0.218215006737519,22.10332948158156,7.4,0.603,5.9
Baba Miller,Cincinnati Bearcats,2026,baba miller,0,NA,NA,33,988,0.2853079359738987,22.09931263429626,9.4,0.576,4.6
Reggie Upshaw Jr.,Middle Tennessee Blue Raiders,2017,reggie upshaw,1,2,exact,36,1152,0.19448950436085277,22.083517310849867,7.1,0.595,6.2
Justin Johnson,Western Kentucky Hilltoppers,2017,justin johnson,1,2,exact,32,1005,0.3759520470290865,22.038080439806944,4,0.566,4.1
Markus Howard,Marquette Golden Eagles,2017,markus howard,0,NA,NA,32,681,0.15424681897775774,21.987774635186245,7.9,0.686,2.9
Alize Johnson,Missouri State Bears,2017,alize johnson,0,NA,NA,33,997,0.27574628555962966,21.978842944503302,5,0.576,4.6
Giddy Potts,Middle Tennessee Blue Raiders,2016,giddy potts,1,3,exact,35,812,0.1932883122674158,21.967569191567225,7.7,0.653,4.3
Jayden Brewer,Florida International Panthers,2025,jayden brewer,0,NA,NA,33,829,0.1584397151230525,21.96607818645476,3.7,0.543,3
Nate Martin,Marshall Thundering Herd,2024,nate martin,0,NA,NA,33,1046,0.2823588952883784,21.953818983863016,1.9,0.605,4.1
Shaq Goodwin,Memphis Tigers,2016,shaq goodwin,0,NA,NA,34,976,0.173079456914227,21.9523321597586,5.5,0.549,4.3
Kevin Samuel,TCU Horned Frogs,2020,kevin samuel,0,NA,NA,32,912,0.3957211440503677,21.949848453768485,7.5,0.608,3.9
Michael Holyfield,Sam Houston Bearkats,2014,michael holyfield,0,NA,NA,35,615,0.1139941608551765,21.9250549605074,-0.4,0.625,2.6
Terrell Burden,Kennesaw State Owls,2024,terrell burden,0,NA,NA,31,968,0.24327140435241593,21.917012190022607,0.8,0.525,3.3
Trevelin Queen,New Mexico State Aggies,2020,trevelin queen,0,NA,NA,31,715,0.20364548896547777,21.914213095818777,7.2,0.588,4.3
Jemerrio Jones,New Mexico State Aggies,2017,jemerrio jones,0,NA,NA,34,833,0.19963285382281545,21.9133416164015,5.9,0.531,4.1
Frankquon Sherman,Kennesaw State Owls,2026,frankquon sherman,0,NA,NA,35,881,0.11709579873409068,21.90206057959046,1.8,0.573,3.9
Kaleb Banks,Tulane Green Wave,2025,kaleb banks,0,NA,NA,34,1004,0.19315721582839904,21.89438733815444,3.1,0.609,4.5
Babacar Faye,Western Kentucky Hilltoppers,2024,babacar faye,0,NA,NA,34,629,0.1047661593801026,21.882907383774537,1.7,0.64,3
Pascal Siakam,New Mexico State Aggies,2015,pascal siakam,0,NA,NA,34,1048,0.2744825206487064,21.876839715261852,5.5,0.614,5.9
Chris Cokley,UAB Blazers,2015,chris cokley,0,NA,NA,36,620,0.12639327214567866,21.8738112204166,NA,0.5671867537016398,NA
Alize Johnson,Missouri State Bears,2018,alize johnson,0,NA,NA,33,1028,0.32216831318713673,21.858556256777412,5.9,0.528,4.7
Tylen Riley,Tulsa Golden Hurricane,2026,tylen riley,0,NA,NA,38,1053,0.16319686409602996,21.855865433635895,3.2,0.583,4.6
Anton Bonke,Charlotte 49ers,2026,anton bonke,0,NA,NA,34,871,0.2092285321730611,21.85257992994388,2.8,0.616,3.2
Sim Bhullar,New Mexico State Aggies,2013,sim bhullar,0,NA,NA,35,853,0.17895221013572352,21.83023131554078,6.2,0.588,4.1
Radshad Davis,Florida International Panthers,2021,radshad davis,0,NA,NA,26,459,0.2060837662730827,21.799693197132676,1,0.591,1.8
Josh Davis,Tulane Green Wave,2013,josh davis,1,1,exact,35,1250,0.2635512853112582,21.798005114182494,3.5,0.556,5.9
Russ Smith,Louisville Cardinals,2013,russ smith,0,NA,NA,40,1211,0.19413570757461768,21.790274324045903,10.4,0.541,7.3
Markus Howard,Marquette Golden Eagles,2018,markus howard,0,NA,NA,35,1071,0.24981458958043976,21.77945418235056,5.8,0.611,3.9
TaShawn Thomas,Houston Cougars,2012,tashawn thomas,0,NA,NA,30,847,0.15956750002489922,21.772297995324248,4.7,0.576,3.3
Jae Crowder,Marquette Golden Eagles,2011,jae crowder,0,NA,NA,37,1021,0.20433080544056725,21.758493957056988,9.7,0.564,5.1
Andrew Rowsey,Marquette Golden Eagles,2017,andrew rowsey,0,NA,NA,32,667,0.14316277470856614,21.754120603427133,7.9,0.674,3.2
Emanuel Miller,TCU Horned Frogs,2024,emanuel miller,0,NA,NA,34,1110,0.2293546026325455,21.737957106000987,7.3,0.579,5.1
Brian Beard Jr.,Florida International Panthers,2019,brian beard,1,2,exact,34,1088,0.1870502406922296,21.72096504040239,1.4,0.508,3.5
Gary Clark,Cincinnati Bearcats,2016,gary clark,0,NA,NA,33,1002,0.19174205844970635,21.709978295073775,9,0.578,5.4
DeJuan Wright,Florida International Panthers,2011,dejuan wright,0,NA,NA,30,878,0.20402104732882628,21.70922941492903,1.5,0.607,3.4
Jarvis Threatt,Delaware Blue Hens,2014,jarvis threatt,0,NA,NA,35,964,0.2677698454171596,21.68904291985523,4,0.509,3.6
Rowan Brumbaugh,Tulane Green Wave,2026,rowan brumbaugh,0,NA,NA,33,1190,0.23670581832011367,21.688639580104994,3.5,0.596,4.2
Caden Powell,Rice Owls,2025,caden powell,0,NA,NA,32,777,0.1523515526793793,21.674688645376747,2.7,0.594,3.5
Joseph Tugler,Houston Cougars,2026,joseph tugler,0,NA,NA,37,869,0.13345903383445948,21.625127248943187,10.5,0.601,4.5
DeAndre Williams,Memphis Tigers,2021,deandre williams,0,NA,NA,28,548,0.14841046433543273,21.62492123782888,9.9,0.572,2.9
Jyare Davis,Delaware Blue Hens,2022,jyare davis,0,NA,NA,35,614,0.17642027639955055,21.61635191120757,3,0.622,2.6
Melvin Frazier Jr.,Tulane Green Wave,2018,melvin frazier,0,NA,NA,31,1032,0.24451780954707392,21.59883074961789,6.9,0.631,3.9
Denver Jones,Florida International Panthers,2023,denver jones,1,1,exact,32,937,0.20288326804147375,21.595200310221244,3.4,0.607,3.4
Isiaih Mosley,Missouri State Bears,2021,isiaih mosley,0,NA,NA,24,809,0.3090552053793078,21.574838044222655,4.2,0.606,3.9
Teddy Allen,New Mexico State Aggies,2022,teddy allen,0,NA,NA,34,1137,0.27138330292638846,21.56991440604988,5.1,0.577,6.1
Jalen Cook,Tulane Green Wave,2023,jalen cook,0,NA,NA,31,895,0.16251702294784454,21.544142742564755,3.8,0.564,2.9
Jon Elmore,Marshall Thundering Herd,2017,jon elmore,1,1,exact,35,1230,0.18835653958782805,21.52351581885409,1.9,0.558,4.2
Dirk Williams,UAB Blazers,2016,dirk williams,0,NA,NA,33,625,0.08960658683610503,21.51354796484813,NA,0.6271379703534777,NA
Dion Brown,Saint Louis Billikens,2026,dion brown,0,NA,NA,35,829,0.149770280760705,21.49131799236545,4.7,0.673,3.9
Tyler Kolek,Marquette Golden Eagles,2023,tyler kolek,0,NA,NA,36,1163,0.2461760170599422,21.477077882190912,8.7,0.579,5.6
Josh Jefferson,Middle Tennessee Blue Raiders,2022,josh jefferson,1,2,exact,37,813,0.17336870808677352,21.46702417042796,5.7,0.607,4.3
Kyle Washington,Cincinnati Bearcats,2017,kyle washington,0,NA,NA,36,889,0.1371840292695721,21.460635090533636,5.2,0.559,4.4
Jimmy Butler,Marquette Golden Eagles,2011,jimmy butler,0,NA,NA,37,1282,0.26560078426766337,21.460454853190644,9.4,0.587,6.3
Chris Braswell,Charlotte 49ers,2012,chris braswell,0,NA,NA,30,863,0.2794076694571249,21.45698456164636,3.7,0.587,3.3
Yanick Moreira,SMU Mustangs,2015,yanick moreira,0,NA,NA,34,804,0.15663397559397768,21.436067176030175,5.6,0.575,4
Jamelle Hagins,Delaware Blue Hens,2012,jamelle hagins,0,NA,NA,32,990,0.32586760699255457,21.434051559586734,4.2,0.575,4.3
Cortez Edwards,Southern Miss Golden Eagles,2018,cortez edwards,0,NA,NA,34,1224,0.21736105620869295,21.425884684111946,3.5,0.555,4.5
J'Wan Roberts,Houston Cougars,2024,jwan roberts,0,NA,NA,37,959,0.19925095452390212,21.41391479146943,11.8,0.588,5.5
Montrezl Harrell,Louisville Cardinals,2015,montrezl harrell,0,NA,NA,36,1229,0.34204441304269273,21.400670168966283,9.5,0.588,6.6
Giddy Potts,Middle Tennessee Blue Raiders,2017,giddy potts,1,3,exact,36,1098,0.17788636320956178,21.39582231163477,7.3,0.605,5.9
George Fant,Western Kentucky Hilltoppers,2015,george fant,1,2,exact,32,920,0.17053560191791564,21.388217925700264,2.7,0.553,4.2
Oso Ighodaro,Marquette Golden Eagles,2024,oso ighodaro,0,NA,NA,37,1170,0.22461480353212548,21.377850761082783,8,0.59,5.2
Otis Frazier III,UTEP Miners,2025,otis frazier,1,2,exact,33,965,0.17386438647690405,21.370300194579976,4.5,0.559,3.7
Moustapha Thiam,Cincinnati Bearcats,2026,moustapha thiam,0,NA,NA,33,843,0.16900053365663523,21.35870844538476,5.8,0.565,3.4
Jason Burnell,Jacksonville State Gamecocks,2018,jason burnell,0,NA,NA,36,888,0.1895377430677817,21.346391878829863,5.3,0.597,4.4
Lamar Wilkerson,Sam Houston Bearkats,2025,lamar wilkerson,1,1,exact,32,1119,0.1858793419942173,21.339562643345527,5.2,0.617,4.5
Shake Milton,SMU Mustangs,2018,shake milton,0,NA,NA,33,800,0.24463328785882463,21.317333467211665,8.7,0.606,4.2
Bryson Williams,UTEP Miners,2020,bryson williams,1,1,exact,32,1016,0.22568304355993007,21.314870036102604,3.6,0.579,4.6
Jyare Davis,Delaware Blue Hens,2024,jyare davis,0,NA,NA,33,1065,0.26678373851515685,21.28720676203859,2.6,0.544,4.3
NJ Benson,DePaul Blue Demons,2025,nj benson,0,NA,NA,34,614,0.16854766013525466,21.278651166531528,4.1,0.616,2.1
Jordan Riley,East Carolina Pirates,2026,jordan riley,0,NA,NA,31,1134,0.3147653747316696,21.26091354098367,4.4,0.499,3.2
Jon Davis,Charlotte 49ers,2017,jon davis,1,2,exact,30,1021,0.24631151563574533,21.258203671440025,1.9,0.592,3.3
Davon Usher,Delaware Blue Hens,2014,davon usher,0,NA,NA,35,1282,0.27612247768633785,21.241401317782096,5.2,0.583,5.2
Reggie Upshaw Jr.,Middle Tennessee Blue Raiders,2016,reggie upshaw,1,3,exact,35,1091,0.1915046689772951,21.225951790094793,4.3,0.531,4.6
Jayden Gardner,East Carolina Pirates,2019,jayden gardner,0,NA,NA,31,949,0.2496039814351878,21.193274704874344,1.4,0.567,3.5
John Camden,Delaware Blue Hens,2025,john camden,0,NA,NA,36,1231,0.2374884235388283,21.186822495110498,2.3,0.617,4.6
Austin Nichols,Memphis Tigers,2015,austin nichols,0,NA,NA,32,796,0.21371691241916244,21.176203633119176,7.1,0.517,3.3
Gorgui Dieng,Louisville Cardinals,2013,gorgui dieng,0,NA,NA,40,1026,0.2398102383447488,21.17010034656191,11.5,0.562,5.6
Trey Jemison,UAB Blazers,2023,trey jemison,1,3,exact,39,981,0.1339511597152888,21.158293359223737,NA,0.6118520555479169,NA
Trahson Burrell,Memphis Tigers,2016,trahson burrell,0,NA,NA,34,766,0.12695153388866368,21.147210180262803,7.9,0.525,3.4
Aubrey Williams,Kennesaw State Owls,2017,aubrey williams,0,NA,NA,32,1029,0.2744760694991756,21.139657256888295,-0.1,0.613,4
Dylan Painter,Delaware Blue Hens,2022,dylan painter,0,NA,NA,35,808,0.19823552440786985,21.13337935262765,2.5,0.625,3.5
DaQuan Jeffries,Tulsa Golden Hurricane,2019,daquan jeffries,0,NA,NA,32,870,0.17721162446557187,21.08835377197102,7.3,0.617,3.9
Juan Pattillo,Western Kentucky Hilltoppers,2011,juan pattillo,0,NA,NA,32,953,0.24093190679495913,21.087088041392917,3.2,0.538,3.5
Dwight Coleby,Western Kentucky Hilltoppers,2018,dwight coleby,0,NA,NA,38,1050,0.15855728721123458,21.0869957380648,4.4,0.633,4.7
Chucky Hepburn,Louisville Cardinals,2025,chucky hepburn,0,NA,NA,35,1181,0.24432908081620375,21.076756822979295,9.3,0.586,5.7
Ronald Delph,Florida Atlantic Owls,2018,ronald delph,1,3,exact,31,910,0.2515343148431117,21.07556892813815,1.9,0.516,3.2
Ryan Conwell,Louisville Cardinals,2026,ryan conwell,0,NA,NA,35,1051,0.19982144746245453,21.069061555232174,7.3,0.566,4.4
Erik McCree,Louisiana Tech Bulldogs,2017,erik mccree,1,1,exact,33,1047,0.19981314763444813,21.05107854777778,2.3,0.582,4.6
Blake Preston,Liberty Flames,2023,blake preston,0,NA,NA,36,606,0.13004179857669168,21.04520326394469,4.6,0.619,3.2
Lee Moore,UTEP Miners,2016,lee moore,1,3,exact,33,1053,0.1613792855339581,21.04296637283149,3.9,0.579,4.4
Nick Anderson,Rice Owls,2026,nick anderson,0,NA,NA,31,904,0.1899794233588645,21.032317660710724,5.7,0.6,4
Oso Ighodaro,Marquette Golden Eagles,2023,oso ighodaro,0,NA,NA,36,1117,0.21132951824552773,21.03063700455122,8.5,0.65,5.1
Fabian White Jr.,Houston Cougars,2022,fabian white,0,NA,NA,38,1056,0.14795657105381885,21.025723144261033,9.6,0.57,5.9
Alex Hamilton,Louisiana Tech Bulldogs,2014,alex hamilton,1,3,exact,37,1033,0.15772247550603788,21.0254012614008,5.7,0.564,4.9
B.J. Edwards,SMU Mustangs,2026,bj edwards,0,NA,NA,34,930,0.20995190663266217,21.023221194947816,8.2,0.579,3.6
Jamal West Jr.,UTEP Miners,2026,jamal west,0,NA,NA,31,963,0.0317765501392975,21.01969380076381,1.2,0.594,3.5
Robbie Avila,Saint Louis Billikens,2025,robbie avila,0,NA,NA,34,1054,0.25897163104025284,21.011998500556818,4.7,0.605,4.2
Kevin Samuel,TCU Horned Frogs,2021,kevin samuel,0,NA,NA,26,658,0.21092192942267257,20.99971984515894,5.1,0.584,2.5
Joe Young,Houston Cougars,2013,joe young,1,3,exact,33,1048,0.16962702826070503,20.989361711919138,3.5,0.6,5
Hamed Olayinka,Florida International Panthers,2026,hamed olayinka,0,NA,NA,32,757,0.08392313867375174,20.98400569708003,-1.2,0.553,2.5
Kenrich Williams,TCU Horned Frogs,2017,kenrich williams,0,NA,NA,39,1211,0.25945615786526216,20.98103250898828,10.2,0.572,5.6
Jon Elmore,Marshall Thundering Herd,2019,jon elmore,1,1,exact,37,1330,0.1832581229279212,20.97869463291308,2.9,0.539,4.2
DeAndre Williams,Memphis Tigers,2022,deandre williams,0,NA,NA,33,650,0.14238398209246456,20.977238043190994,7.5,0.608,2.9
Obinna Anochili-Killen,Marshall Thundering Herd,2022,obinna anochilikillen,0,NA,NA,33,905,0.15510595624101062,20.966342825276993,2.3,0.559,3.1
Christian Coleman,UAB Blazers,2025,christian coleman,0,NA,NA,37,1019,0.13462582390063543,20.95908982726729,NA,0.5625786823331935,NA
Ben Moore,SMU Mustangs,2016,ben moore,0,NA,NA,30,863,0.15221210023503406,20.95100008692582,7.9,0.585,4.5
RJ Johnson,Kennesaw State Owls,2026,rj johnson,1,1,exact,35,955,0.1214514671364894,20.93563834522607,2,0.552,3.6
JJ Harper,Liberty Flames,2026,jj harper,0,NA,NA,34,912,0.11899282376678512,20.921052464982125,4.1,0.681,4.3
Mostapha El Moutaouakkil,Jacksonville State Gamecocks,2026,mostapha el moutaouakkil,1,1,exact,32,958,0.15076659848749965,20.919890559160567,-1.1,0.539,3.3
Adrian Diaz,Florida International Panthers,2015,adrian diaz,0,NA,NA,33,1033,0.17477248355752,20.919859417723337,2.2,0.603,4.2
Terrence Jennings,Louisville Cardinals,2011,terrence jennings,0,NA,NA,35,794,0.13364305538014168,20.90217818066156,6.2,0.56,3.7
Jacara Cross,Jacksonville State Gamecocks,2020,jacara cross,0,NA,NA,32,720,0.16277928465367786,20.900830724962535,-0.8,0.625,2.9
Damyean Dotson,Houston Cougars,2017,damyean dotson,0,NA,NA,32,1098,0.2285478893444257,20.896985900537715,9.4,0.611,5.9
Jordan Walker,UAB Blazers,2022,jordan walker,1,1,exact,35,1081,0.1447475496553626,20.87838826158894,NA,0.558252427184466,NA
C.J. Walker,East Carolina Pirates,2025,cj walker,0,NA,NA,33,1028,0.16489250334946684,20.87626044432575,0.2,0.569,3.9
Lewis Sullivan,UAB Blazers,2019,lewis sullivan,0,NA,NA,35,948,0.16110996365953778,20.86665276008493,NA,0.6003454423891241,NA
Marin Maric,DePaul Blue Demons,2018,marin maric,0,NA,NA,31,761,0.2185609719149747,20.828322012353805,4.6,0.63,2.8
John Bohannon,UTEP Miners,2014,john bohannon,1,3,exact,34,916,0.2238459316133385,20.80841053637304,6.7,0.608,4.4
Jamichael Stillwell,UCF Knights,2026,jamichael stillwell,0,NA,NA,33,881,0.17649235767475138,20.79541787264268,6.2,0.562,3.2
Viktor Lakhin,Cincinnati Bearcats,2024,viktor lakhin,0,NA,NA,37,627,0.12293302766560438,20.795088805681935,6.8,0.54,2.7
Landen Joseph,Marshall Thundering Herd,2026,landen joseph,0,NA,NA,32,551,0.1167210712001554,20.782126190461728,2.6,0.61,1.9
Giovanni Emejuru,East Carolina Pirates,2026,giovanni emejuru,0,NA,NA,31,1015,0.11924817921957064,20.77763384155871,1.1,0.609,3.4
Denijay Harris,Southern Miss Golden Eagles,2025,denijay harris,0,NA,NA,33,1105,0.30135661653074114,20.77698249646367,-0.8,0.564,3.4
Sir'Jabari Rice,New Mexico State Aggies,2020,sirjabari rice,0,NA,NA,31,789,0.23343497334761232,20.76172647103808,6.1,0.611,4.7
Carson Williams,Western Kentucky Hilltoppers,2020,carson williams,1,3,exact,30,1023,0.17775761090388567,20.742611387562768,4.8,0.633,4.8
Cobe Williams,Louisiana Tech Bulldogs,2023,cobe williams,0,NA,NA,33,776,0.1962074713208286,20.722160094183412,5.1,0.574,3.3
DaQuan Jeffries,Tulsa Golden Hurricane,2018,daquan jeffries,0,NA,NA,31,549,0.12895421908631316,20.709751484599806,5.3,0.641,2.4
Tarvin Gaines,Jacksonville State Gamecocks,2013,tarvin gaines,0,NA,NA,28,856,0.2729520815300037,20.69595990386239,1.6,0.597,4.2
Kendrick Ray,Kennesaw State Owls,2016,kendrick ray,0,NA,NA,31,1059,0.3082480695067167,20.69027070379203,1.5,0.563,3.4
Robert Martin,Rice Owls,2019,robert martin,0,NA,NA,32,819,0.1678522366760683,20.664666752904413,3.3,0.612,3.3
Jamarion Sharp,Western Kentucky Hilltoppers,2023,jamarion sharp,1,3,exact,33,913,0.207412069395818,20.659839879107945,5.5,0.603,3.7
Henry Ellenson,Marquette Golden Eagles,2016,henry ellenson,0,NA,NA,33,1107,0.2725271774557338,20.647347521250143,3.9,0.534,4
Tylik Weeks,Southern Miss Golden Eagles,2026,tylik weeks,0,NA,NA,35,1141,0.26413459434643566,20.62916946331387,0.5,0.559,4
Troy Gillenwater,New Mexico State Aggies,2011,troy gillenwater,0,NA,NA,32,794,0.27055154907382356,20.62127602653972,4,0.558,3.4
David Jones,DePaul Blue Demons,2022,david jones,0,NA,NA,31,836,0.18578068950850496,20.615885324044637,6.4,0.517,3
Daniel Mullings,New Mexico State Aggies,2014,daniel mullings,0,NA,NA,36,1173,0.2333779142002806,20.600963995593354,4.8,0.544,5.4
DeMarcus Gatlin,Sam Houston Bearkats,2015,demarcus gatlin,0,NA,NA,35,818,0.15799198982406729,20.582342484660096,4.9,0.555,4.8
Jamal Shead,Houston Cougars,2024,jamal shead,0,NA,NA,37,1149,0.2132816583416349,20.58117595897604,12.7,0.495,6.3
Taevion Kinsey,Marshall Thundering Herd,2019,taevion kinsey,0,NA,NA,37,916,0.13570879291238544,20.569189600210468,2.4,0.645,3.5
Sam Hauser,Marquette Golden Eagles,2018,sam hauser,0,NA,NA,35,1141,0.230551435313233,20.55985203774261,8.3,0.653,4.6
Torey Alston,Middle Tennessee Blue Raiders,2026,torey alston,1,3,exact,32,937,0.14807887847717027,20.550688249647997,0.6,0.588,3.5
Taylor Hendricks,UCF Knights,2023,taylor hendricks,0,NA,NA,34,1181,0.234037683250439,20.505057723492477,7.9,0.589,5.7
Souley Boum,UTEP Miners,2022,souley boum,1,2,exact,34,1101,0.2460223744703765,20.49162968082226,5,0.556,5.1
Johnny McCants,New Mexico State Aggies,2020,johnny mccants,0,NA,NA,31,796,0.19672894899154492,20.486978973314574,7.3,0.643,4.5
William Lee,UAB Blazers,2018,william lee,0,NA,NA,33,850,0.1335692054388838,20.48314255421231,NA,0.5861504907306434,NA
Keyshawn Hall,UCF Knights,2025,keyshawn hall,0,NA,NA,37,1103,0.24052113859918495,20.4798737000303,4.1,0.558,3.3
Quentin Grimes,Houston Cougars,2021,quentin grimes,0,NA,NA,32,984,0.20223930788255493,20.47387848781809,10.8,0.558,6.1
Dishon Jackson,Charlotte 49ers,2024,dishon jackson,0,NA,NA,31,792,0.17063926703556498,20.456222635086867,4.4,0.584,3.4
Andrien White,Charlotte 49ers,2018,andrien white,0,NA,NA,29,682,0.38764881922603606,20.456144587844047,3.1,0.563,2.2
Kur Kuath,Marquette Golden Eagles,2022,kur kuath,0,NA,NA,32,608,0.13005782978317487,20.449317370324636,7.8,0.699,2.5
Michale Kyser,Louisiana Tech Bulldogs,2014,michale kyser,0,NA,NA,37,839,0.12311967485864166,20.431539225350072,5.4,0.563,4
Devin Vanterpool,Florida Atlantic Owls,2026,devin vanterpool,0,NA,NA,33,749,0.16931590976195948,20.41928285436001,4.4,0.562,2.9
Brandon Huffman,Jacksonville State Gamecocks,2022,brandon huffman,0,NA,NA,32,623,0.12486814428922148,20.407232314887096,-1,0.629,2.5
Dwon Odom,Tulsa Golden Hurricane,2025,dwon odom,0,NA,NA,33,1031,0.22883151654423176,20.392423520862952,3,0.59,3.5
Miles Barnstable,Tulsa Golden Hurricane,2026,miles barnstable,0,NA,NA,38,1150,0.15841527043419085,20.36450919271048,5.8,0.652,5.3
John Bohannon,UTEP Miners,2013,john bohannon,0,NA,NA,32,719,0.16332724899386206,20.361953438297196,7.2,0.606,3.3
Mubarak Muhammed,Louisiana Tech Bulldogs,2020,mubarak muhammed,0,NA,NA,30,701,0.14206955817576877,20.34232938493011,3.4,0.613,3.8
Brice Williams,Charlotte 49ers,2023,brice williams,1,2,exact,36,975,0.15891806367668107,20.33748718772168,4.9,0.604,4.6
Daveon Boardingham,Southern Miss Golden Eagles,2013,daveon boardingham,0,NA,NA,37,737,0.09006417813996821,20.33065007930059,2.5,0.602,3.6
J'Vonne Hadley,Louisville Cardinals,2026,jvonne hadley,0,NA,NA,35,953,0.17371049561041416,20.3061183544591,8.8,0.648,4.3
Jarvis Threatt,Delaware Blue Hens,2012,jarvis threatt,0,NA,NA,32,742,0.2440767130497317,20.28999751352067,6.3,0.563,3.4
JaKobe Coles,TCU Horned Frogs,2024,jakobe coles,0,NA,NA,34,637,0.1237974140647168,20.283340306494907,5.9,0.572,2.7
Shaq Goodwin,Memphis Tigers,2014,shaq goodwin,0,NA,NA,34,981,0.15801865941712326,20.28271905915392,6,0.594,3.7
Femi Olujobi,DePaul Blue Demons,2019,femi olujobi,0,NA,NA,36,953,0.18489251800570436,20.2806605624785,3.5,0.652,3.6
Justin Johnson,Western Kentucky Hilltoppers,2018,justin johnson,1,1,exact,38,1314,0.21372671507870208,20.277781554634583,5.3,0.569,5.4
Kendrick Ray,Kennesaw State Owls,2017,kendrick ray,0,NA,NA,32,1049,0.24859764053897584,20.275670753033104,1.5,0.554,3.2
Zach Cleveland,Liberty Flames,2024,zach cleveland,1,2,exact,32,918,0.15143628460904915,20.24609784564893,4.4,0.59,3.9
Qua Grant,Sam Houston Bearkats,2023,qua grant,0,NA,NA,34,941,0.2364347931094443,20.239797183926783,6.2,0.526,5.1
Damyean Dotson,Houston Cougars,2016,damyean dotson,0,NA,NA,32,991,0.21017028692714637,20.23150215600959,7.1,0.626,5
Hamidu Rahman,New Mexico State Aggies,2012,hamidu rahman,0,NA,NA,35,719,0.10780744069021016,20.230520464878975,1.9,0.581,3.2
Keon Ambrose-Hylton,SMU Mustangs,2024,keon ambrosehylton,0,NA,NA,33,630,0.09650962421526324,20.22904474373974,4.6,0.628,2.8
Omar Sherman,Louisiana Tech Bulldogs,2017,omar sherman,0,NA,NA,33,680,0.09882868062787904,20.224273989114323,0.3,0.596,2.8
Kyvon Davenport,Memphis Tigers,2019,kyvon davenport,0,NA,NA,36,944,0.13594326490327954,20.221991924159056,4.2,0.569,3.9
Vince Shamar Hunter,UTEP Miners,2014,vince shamar hunter,0,NA,NA,34,876,0.14269348771271867,20.2184110927059,NA,0.5920085904826495,NA
Alijah Martin,Florida Atlantic Owls,2023,alijah martin,1,1,exact,39,950,0.1322259595814616,20.21649897285771,7.3,0.574,4.7
Brandon Young,DePaul Blue Demons,2013,brandon young,0,NA,NA,32,1008,0.13737064550340794,20.20612449449713,5.2,0.532,3.3
Jordan Riley,East Carolina Pirates,2025,jordan riley,0,NA,NA,33,1110,0.18465361959572976,20.19962069882359,3.4,0.565,4.1
Andrew Smith,Liberty Flames,2014,andrew smith,0,NA,NA,32,684,0.1545312600720558,20.176588961092506,0.2,0.621,2.7
Otis Frazier III,UTEP Miners,2024,otis frazier,0,NA,NA,34,936,0.1881077717832565,20.170487177214554,5,0.566,4.2
Cleveland Melvin,DePaul Blue Demons,2014,cleveland melvin,0,NA,NA,28,653,0.19710762909145163,20.16670952406906,5,0.554,2
Darius Johnson,UCF Knights,2025,darius johnson,0,NA,NA,37,1272,0.2024849135979832,20.144298572649053,6.3,0.58,4.1
Dillon Mitchell,Cincinnati Bearcats,2025,dillon mitchell,0,NA,NA,35,984,0.196424287307108,20.10503625012737,7.7,0.606,4.3
Isaih Moore,Southern Miss Golden Eagles,2022,isaih moore,0,NA,NA,33,770,0.3115002843965366,20.095925486211023,1.9,0.593,2.5
RJ Felton,East Carolina Pirates,2024,rj felton,0,NA,NA,33,1141,0.20673451814266644,20.094635581525555,5.6,0.542,4.4
Aubrey Williams,Kennesaw State Owls,2016,aubrey williams,0,NA,NA,31,689,0.18835679761836255,20.079382050767,-0.4,0.594,2.6
Zach Cleveland,Liberty Flames,2026,zach cleveland,1,1,exact,34,1153,0.18550144349547024,20.07871709870257,4.9,0.598,4.4
Darius McGhee,Liberty Flames,2021,darius mcghee,0,NA,NA,29,876,0.19582915648196872,20.062574119768648,5.9,0.608,4.8
Caleb Homesley,Liberty Flames,2020,caleb homesley,0,NA,NA,34,923,0.20665026533968367,20.056024544804675,6.2,0.556,5.3
Josh Anderson,Western Kentucky Hilltoppers,2022,josh anderson,0,NA,NA,32,866,0.14766546872585773,20.047864255332097,4.7,0.577,3.7
Will Creekmore,Missouri State Bears,2011,will creekmore,0,NA,NA,35,869,0.1727964251156023,20.03522048626341,2.9,0.585,3.8
Jaylen Forbes,Tulane Green Wave,2023,jaylen forbes,0,NA,NA,31,1132,0.1718738869271078,20.0329804469218,4.2,0.591,4.1
Tavin Lovan,UAB Blazers,2020,tavin lovan,0,NA,NA,32,937,0.19282843102272437,20.00784590973409,NA,0.6097207739543505,NA
Cameron Moore,UAB Blazers,2012,cameron moore,1,1,exact,31,1110,0.20948410140988055,20.002990013069535,NA,0.5210077000334784,NA
Luke Fischer,Marquette Golden Eagles,2016,luke fischer,0,NA,NA,33,932,0.1809870847974316,19.997108253202654,3.2,0.627,3.5
Marcus Weathers,SMU Mustangs,2022,marcus weathers,0,NA,NA,33,927,0.16113108730346992,19.995662176226617,5.2,0.58,4.4
Keith Clanton,UCF Knights,2013,keith clanton,1,2,exact,29,1030,0.212853520259,19.990993515344208,3.6,0.578,4.2
Rodney Howard,Western Kentucky Hilltoppers,2024,rodney howard,0,NA,NA,34,663,0.09750920455175868,19.98393790328502,0.5,0.57,2.5
Sincere Parker,Memphis Tigers,2026,sincere parker,0,NA,NA,32,603,0.12101937433221135,19.973352454631975,3.4,0.511,2
Isaiah Crawford,Louisiana Tech Bulldogs,2023,isaiah crawford,1,3,exact,33,951,0.17806583449037836,19.97179933537503,5.2,0.577,3.8
C.J. Washington,UAB Blazers,2014,cj washington,0,NA,NA,31,762,0.14700005440627284,19.962625091985444,NA,0.539685356044476,NA
Jacob Evans,Cincinnati Bearcats,2017,jacob evans,0,NA,NA,36,1138,0.1716353756848232,19.960996353472325,10.5,0.597,6
Chris Youngblood,Kennesaw State Owls,2023,chris youngblood,0,NA,NA,35,1092,0.18860028261819176,19.959680725801125,3.6,0.614,5.2
Trey Green,Saint Louis Billikens,2026,trey green,0,NA,NA,35,803,0.12201430353386,19.95662121720249,7.8,0.656,3.9
Alijah Martin,Florida Atlantic Owls,2022,alijah martin,1,3,exact,34,962,0.30812686116084365,19.95136120385522,5.7,0.602,4.4
Kenrich Williams,TCU Horned Frogs,2018,kenrich williams,0,NA,NA,33,1153,0.25557304874249887,19.951214474814712,8.9,0.568,4.6
Torye Pelham,Southern Miss Golden Eagles,2012,torye pelham,0,NA,NA,34,641,0.08996741374724353,19.930718069469627,5.9,0.667,3.1
Rashad Smith,Tulsa Golden Hurricane,2014,rashad smith,0,NA,NA,34,698,0.1491574182049783,19.919681708485044,4.8,0.556,2.8
Michael Dixon Jr.,Memphis Tigers,2014,michael dixon,0,NA,NA,34,772,0.08640708914165303,19.90855788071957,6.5,0.603,3.4
Jarron Cumberland,Cincinnati Bearcats,2019,jarron cumberland,0,NA,NA,35,1136,0.1970752324176781,19.90405877454669,9.1,0.537,5.5
Nik Graves,Charlotte 49ers,2025,nik graves,0,NA,NA,33,1133,0.2066429212861086,19.879919110161747,3.7,0.562,4
RJ Felton,East Carolina Pirates,2025,rj felton,0,NA,NA,33,1143,0.1892660093881948,19.879163413620404,3.2,0.529,3.9
Julius Mims,New Mexico State Aggies,2026,julius mims,0,NA,NA,32,852,0.12361901612334238,19.86647434119945,1,0.609,3.5
Hasahn French,Saint Louis Billikens,2020,hasahn french,0,NA,NA,31,958,0.2370927296037249,19.856048772112633,5.4,0.487,3.7
Donovan Mitchell,Louisville Cardinals,2017,donovan mitchell,0,NA,NA,34,1098,0.2229746180258398,19.853335581824528,11.1,0.534,5.4
Moussa Cisse,Memphis Tigers,2025,moussa cisse,0,NA,NA,35,636,0.07454834937265538,19.851002794556607,3.9,0.537,2.4
Landers Nolley II,Cincinnati Bearcats,2023,landers nolley,0,NA,NA,36,1157,0.17123211169453276,19.846120081179365,7.2,0.573,4.9
Brandon Huntley-Hatfield,Louisville Cardinals,2024,brandon huntleyhatfield,0,NA,NA,32,986,0.27526442534995255,19.838963677394737,3.1,0.606,3.1
Steven Enoch,Louisville Cardinals,2019,steven enoch,0,NA,NA,34,653,0.13535340336352186,19.83865449213481,5.8,0.6,2.9
Jordan Nwora,Louisville Cardinals,2020,jordan nwora,0,NA,NA,31,1026,0.23142205329353543,19.833138334517503,8.2,0.568,5.2
Isiaha Mike,SMU Mustangs,2020,isiaha mike,0,NA,NA,30,920,0.1682283442093918,19.824989171171985,7.2,0.611,4.1
Bryant Selebangue,Tulsa Golden Hurricane,2023,bryant selebangue,0,NA,NA,30,943,0.24567112294053373,19.820504634183497,1.9,0.599,2.9
Don McHenry,Western Kentucky Hilltoppers,2025,don mchenry,1,2,exact,32,930,0.15270261210422154,19.818722394031976,3.3,0.517,2.8
Kourtlin Jackson,Southern Miss Golden Eagles,2016,kourtlin jackson,0,NA,NA,29,780,0.16005689327909078,19.816311874997588,2.1,0.603,2.9
Zach Nutall,Sam Houston Bearkats,2021,zach nutall,0,NA,NA,28,818,0.15482344159524605,19.814084026675033,0.8,0.545,3.2
Kaleb Glenn,Florida Atlantic Owls,2025,kaleb glenn,0,NA,NA,34,876,0.1166070090337946,19.812384355763974,2.2,0.621,3.1
Julian Mackey,Florida International Panthers,2026,julian mackey,0,NA,NA,32,681,0.10831259217199836,19.810451488130113,1.8,0.559,2.2
Shaquille Harrison,Tulsa Golden Hurricane,2016,shaquille harrison,0,NA,NA,31,997,0.1949790534998538,19.796237239639357,6.5,0.522,4.1
Matt Cross,SMU Mustangs,2025,matt cross,0,NA,NA,35,1002,0.19666687435480432,19.795109535421528,6.6,0.595,4.1
Ronald Delph,Florida Atlantic Owls,2016,ronald delph,0,NA,NA,32,644,0.24937427323374953,19.780953634031455,-0.5,0.567,1.9
Stevie Mitchell,Marquette Golden Eagles,2025,stevie mitchell,0,NA,NA,34,925,0.1497091904035845,19.768612002301484,8.7,0.564,4.2
T.J. Price,Western Kentucky Hilltoppers,2015,tj price,1,1,exact,32,1069,0.2067314539630813,19.75723369244542,5.4,0.591,5.1
Isaiah Sykes,UCF Knights,2014,isaiah sykes,0,NA,NA,31,958,0.1903504330740184,19.752152424842215,4.4,0.504,2.6
Kam Jones,Marquette Golden Eagles,2023,kam jones,0,NA,NA,36,1075,0.1911417466962832,19.74552275761876,-1,0.506,0.6
Tristen Newton,East Carolina Pirates,2022,tristen newton,0,NA,NA,30,1044,0.22095123490060264,19.744410868340047,4.9,0.575,3.8
Jamelle Hagins,Delaware Blue Hens,2013,jamelle hagins,0,NA,NA,33,1092,0.2910611026726146,19.73637970201748,3.4,0.586,4.2
Isaiah Sykes,UCF Knights,2013,isaiah sykes,1,1,exact,29,1009,0.17988469722152908,19.736323732843623,4.7,0.509,4.2
Julius Thedford,Memphis Tigers,2026,julius thedford,0,NA,NA,32,551,0.11998957708439643,19.731972326524016,4.2,0.575,2
Tavin Lovan,UAB Blazers,2021,tavin lovan,1,2,exact,29,762,0.12834990319132797,19.728930223276446,NA,0.5873374037695779,NA
DeAndre Pinckney,Southern Miss Golden Eagles,2023,deandre pinckney,0,NA,NA,33,969,0.19533062952763264,19.71811269095923,3.2,0.568,4.5
Stevie Browning,Marshall Thundering Herd,2017,stevie browning,0,NA,NA,35,1083,0.14929568967576717,19.717961999240597,1.3,0.559,3.3
Jordan Swing,UAB Blazers,2013,jordan swing,0,NA,NA,32,983,0.1898807715295892,19.71793404645679,NA,0.5900719729043183,NA
Kaden Cooper,Louisiana Tech Bulldogs,2026,kaden cooper,0,NA,NA,34,752,0.13890510470578074,19.717924933089908,1.7,0.54,3.2
Kario Oquendo,SMU Mustangs,2025,kario oquendo,0,NA,NA,35,820,0.1450505456420757,19.708828868236676,6.8,0.645,3.7
Cleveland Melvin,DePaul Blue Demons,2013,cleveland melvin,0,NA,NA,32,994,0.4112707815330655,19.696439556044727,2.4,0.521,2.7
Dayvion McKnight,Western Kentucky Hilltoppers,2022,dayvion mcknight,1,1,exact,32,1140,0.1873271396597365,19.692309138836467,1.9,0.535,4.2
Sergio Kerusch,Western Kentucky Hilltoppers,2011,sergio kerusch,0,NA,NA,32,992,0.19272339842905048,19.68575524202892,1.8,0.558,4.1
Christopher Galbreath Jr.,Sam Houston Bearkats,2017,christopher galbreath,0,NA,NA,34,647,0.17576041247547491,19.68258622407097,-2.5,0.519,2.2
Aly Khalifa,Charlotte 49ers,2023,aly khalifa,0,NA,NA,36,970,0.18489515253753028,19.67803207588064,6.2,0.6,4.6
Tarik Black,Memphis Tigers,2012,tarik black,1,2,exact,35,895,0.11649764945824378,19.67711762439611,5.9,0.673,4.3
Jordan Burks,UCF Knights,2026,jordan burks,0,NA,NA,33,929,0.18536395366411204,19.674725370506412,7.3,0.581,3.3
Jajuan Johnson,Marquette Golden Eagles,2017,jajuan johnson,0,NA,NA,32,806,0.1691913261943283,19.670244884507937,5.9,0.566,2.6
Jarace Walker,Houston Cougars,2023,jarace walker,0,NA,NA,37,995,0.15383059373760277,19.664266955548463,8.8,0.534,5.2
Steven Idlet,Tulsa Golden Hurricane,2012,steven idlet,0,NA,NA,31,754,0.13640971877587765,19.641216840435575,6.1,0.597,3.8
Dedric Lawson,Memphis Tigers,2016,dedric lawson,0,NA,NA,34,1062,0.17019758789253986,19.63437337358058,4.5,0.49,3.5
Desmond Bane,TCU Horned Frogs,2020,desmond bane,0,NA,NA,32,1152,0.5532353464087023,19.62477390885153,9.8,0.573,5.3
Junior Etou,Tulsa Golden Hurricane,2018,junior etou,0,NA,NA,31,942,0.1993969578137503,19.61197295103521,4,0.582,3.9
Justin Lewis,Marquette Golden Eagles,2022,justin lewis,0,NA,NA,32,1028,0.2597429043986531,19.60716855505179,5.2,0.539,3.6
Marcus Evans,Rice Owls,2017,marcus evans,1,1,exact,35,1077,0.15756947145230052,19.606135404783917,1.5,0.578,4
James Woodard,Tulsa Golden Hurricane,2014,james woodard,1,2,exact,34,1101,0.21288984417209836,19.604872944941945,6.9,0.581,5.2
Mike Miles Jr.,TCU Horned Frogs,2023,mike miles,0,NA,NA,35,864,0.21445783405457908,19.587087409247346,6.8,0.604,3.6
Maurice Kemp,East Carolina Pirates,2012,maurice kemp,0,NA,NA,31,699,0.11657811243837345,19.583203436819925,1.4,0.539,2.7
Kyle Washington,Cincinnati Bearcats,2018,kyle washington,0,NA,NA,36,838,0.14158742726318127,19.581275983035606,5.9,0.56,4.2
Emanuel Sharp,Houston Cougars,2026,emanuel sharp,0,NA,NA,37,1087,0.15953846880749234,19.569647026661105,10.7,0.582,5.8
Sam Hauser,Marquette Golden Eagles,2019,sam hauser,0,NA,NA,34,1134,0.2850433234305599,19.566985081200315,9.2,0.612,5.6
Yancy Gates,Cincinnati Bearcats,2011,yancy gates,0,NA,NA,35,944,0.24387530225566376,19.54259183656706,6.8,0.533,4.5
Daniel Rivera,UAB Blazers,2026,daniel rivera,0,NA,NA,32,938,0.12603995633490722,19.519014987262935,NA,0.5669101189775003,NA
Kayne Henry,Jacksonville State Gamecocks,2020,kayne henry,0,NA,NA,32,785,0.18662102124767627,19.512534453134492,0.1,0.563,3.2
Ian Baker,New Mexico State Aggies,2017,ian baker,0,NA,NA,34,1079,0.2335464446842225,19.50229839781197,3.7,0.537,5.3
Anthony Vanhook,Charlotte 49ers,2017,anthony vanhook,0,NA,NA,30,628,0.14865194438525398,19.485364007569665,0.9,0.531,2
Camyn Boone,Missouri State Bears,2016,camyn boone,0,NA,NA,31,756,0.24149035080657613,19.4819542263098,1.7,0.544,2.5
Amari McCottry,Saint Louis Billikens,2026,amari mccottry,0,NA,NA,35,777,0.12445365778403468,19.477165702517365,4.2,0.561,2.9
Mangok Mathiang,Louisville Cardinals,2017,mangok mathiang,0,NA,NA,34,686,0.12849347469679462,19.45043850691403,6.2,0.558,3.1
Armoni Brooks,Houston Cougars,2018,armoni brooks,0,NA,NA,35,705,0.10288382106564932,19.44833550294017,9.8,0.598,3.7
Eric Carter,Delaware Blue Hens,2018,eric carter,0,NA,NA,33,869,0.2571867887760063,19.44623827068493,0.5,0.616,3.1
Felipe Haase,Southern Miss Golden Eagles,2023,felipe haase,0,NA,NA,33,1107,0.2225682375053105,19.444811187604415,4.9,0.612,5.1
Jaron Pierre Jr.,Jacksonville State Gamecocks,2025,jaron pierre,1,1,exact,36,1353,0.19821946420103392,19.441816063516395,3.3,0.547,5.1
Max Strus,DePaul Blue Demons,2019,max strus,0,NA,NA,36,1310,0.21824460080916788,19.43758465032527,4.5,0.575,4.9
Quan Jackson,UAB Blazers,2022,quan jackson,1,3,exact,35,1008,0.1449465673555322,19.435242475855414,NA,0.54171888053467,NA
Corey Davis Jr.,Houston Cougars,2019,corey davis,0,NA,NA,37,1221,0.17615315220561584,19.42868959639189,9.3,0.579,6.6
Luke Hancock,Louisville Cardinals,2014,luke hancock,0,NA,NA,37,861,0.11092831675341432,19.42731651363209,8.5,0.587,4.9
Mason Nicholson,Jacksonville State Gamecocks,2025,mason nicholson,0,NA,NA,36,931,0.12969364863673358,19.41595656304047,4.1,0.629,4.1
Michale Kyser,Louisiana Tech Bulldogs,2013,michale kyser,0,NA,NA,34,655,0.12243347851631094,19.393125038488137,4.8,0.505,2.8
Seth LeDay,East Carolina Pirates,2019,seth leday,0,NA,NA,31,722,0.1419946009689827,19.39068634007437,2,0.564,2.1
Antonio Daye,Florida International Panthers,2021,antonio daye,0,NA,NA,26,695,0.27643881360444383,19.385134806120444,-2.2,0.537,1.8
Jajuan Johnson,Marquette Golden Eagles,2016,jajuan johnson,0,NA,NA,33,757,0.16677610316449534,19.378000420838696,6.2,0.595,2.7
Andrew Taylor,Marshall Thundering Herd,2023,andrew taylor,0,NA,NA,32,1169,0.20461222092115075,19.36126492542684,2.5,0.504,4.1
Cortez Edwards,Southern Miss Golden Eagles,2019,cortez edwards,1,2,exact,33,1082,0.20302384812686133,19.356513060706888,5.2,0.516,4.5
Samet Yigitoglu,SMU Mustangs,2026,samet yigitoglu,0,NA,NA,34,981,0.1529406644270533,19.355254038228004,3.7,0.609,3.2
Markus Kennedy,SMU Mustangs,2016,markus kennedy,0,NA,NA,30,647,0.11011127107112528,19.333612869553345,7.1,0.524,2.8
Sean Obi,Rice Owls,2014,sean obi,0,NA,NA,30,791,0.21533499089393843,19.327047177990273,0.1,0.587,2.6
Jacobi Boykins,Louisiana Tech Bulldogs,2018,jacobi boykins,1,3,exact,33,1009,0.17156454414431163,19.32262581266244,5.8,0.616,4.4
Devonta Pollard,Houston Cougars,2016,devonta pollard,0,NA,NA,32,951,0.152522559297098,19.319023285102396,3.7,0.544,4
Jonathan Mogbo,Missouri State Bears,2023,jonathan mogbo,0,NA,NA,32,735,0.19685933888125196,19.282563748844552,2.9,0.564,2.9
Kevin Cross,Tulane Green Wave,2023,kevin cross,0,NA,NA,31,963,0.15355695689757423,19.27578502988859,2.4,0.548,3
Keith Palek III,Missouri State Bears,2026,keith palek,1,2,exact,34,1113,0.1562098486764454,19.27459664806334,0.2,0.516,3.2
Ryan Taylor,Marshall Thundering Herd,2014,ryan taylor,0,NA,NA,33,796,0.20244180435144316,19.2698320556932,0.4,0.555,3.1
J.R. Cadot,TCU Horned Frogs,2012,cadot,0,NA,NA,33,998,0.26404091309893907,19.26499244707776,5.4,0.584,4
Steven Idlet,Tulsa Golden Hurricane,2011,steven idlet,0,NA,NA,32,816,0.1504764220268034,19.262149998976536,4.7,0.579,3.6
Maurice McNeil,Houston Cougars,2011,maurice mcneil,0,NA,NA,30,801,0.15519466397607987,19.260415954096075,0.3,0.545,2.5
Tulio Da Silva,Missouri State Bears,2019,tulio da silva,0,NA,NA,32,868,0.2842444937015471,19.25837251471356,1.7,0.601,3.4
Jalen Cook,Tulane Green Wave,2022,jalen cook,0,NA,NA,29,810,0.18644553753211435,19.253579593730976,4.8,0.551,2.7
Jordan Nwora,Louisville Cardinals,2019,jordan nwora,0,NA,NA,34,1084,0.23729281562528365,19.252521045338963,8.5,0.567,4.3
Kendall Timmons,Tulane Green Wave,2011,kendall timmons,1,2,exact,30,1082,0.2070274611835452,19.241829035424413,4,0.513,4.2
Keith Clanton,UCF Knights,2012,keith clanton,1,1,exact,33,1085,0.22743359436387403,19.218046956922205,6,0.528,4.3
Marcos Knight,Middle Tennessee Blue Raiders,2013,marcos knight,0,NA,NA,34,899,0.2235189228015632,19.207148312936265,7.2,0.516,4.7
Ernest Udeh Jr.,TCU Horned Frogs,2025,ernest udeh,0,NA,NA,32,797,0.21553566399897636,19.200375243734538,7.5,0.633,3.2
Nick Masterson,Kennesaw State Owls,2018,nick masterson,0,NA,NA,30,1102,0.45846211822328115,19.19389120248728,1.3,0.703,4
Gerdarius Troutman,Florida Atlantic Owls,2017,gerdarius troutman,0,NA,NA,30,535,0.08855758889151304,19.188594729971065,4.9,0.597,2.1
Octavius Ellis,Cincinnati Bearcats,2016,octavius ellis,0,NA,NA,33,835,0.13520458836079968,19.185519403319525,4.1,0.577,3.5
Jeriah Horne,Tulsa Golden Hurricane,2022,jeriah horne,0,NA,NA,31,1051,0.21930456620150965,19.17628761272969,5.6,0.573,3.9
Cedrick Lang,UTEP Miners,2015,cedrick lang,0,NA,NA,33,883,0.14978123826041273,19.17593012317876,4.3,0.642,4.5
Christian Cunningham,Jacksonville State Gamecocks,2018,christian cunningham,0,NA,NA,36,777,0.13915403310482782,19.172231407405413,1.5,0.634,3.2
Rob Gray,Houston Cougars,2016,rob gray,0,NA,NA,32,690,0.11641952937142068,19.170620764728476,4.9,0.532,2.8
Kyvon Davenport,Memphis Tigers,2018,kyvon davenport,0,NA,NA,34,994,0.1782180561384789,19.169038137931423,3.7,0.605,3.8
Christian Cunningham,Jacksonville State Gamecocks,2017,christian cunningham,0,NA,NA,35,907,0.19969154305982323,19.16857319883032,2.6,0.616,3.7
Randy Culpepper,UTEP Miners,2011,randy culpepper,1,2,exact,35,1261,0.17357501716810825,19.152657989636932,6.3,0.546,5.4
Isaiah Crawford,Louisiana Tech Bulldogs,2021,isaiah crawford,1,3,exact,32,833,0.1970938290381637,19.144700438481213,5.7,0.577,3.8
Daniel Mullings,New Mexico State Aggies,2015,daniel mullings,0,NA,NA,34,637,0.20599982946761583,19.13963737005889,6,0.534,3.2
Camryn Weston,Middle Tennessee Blue Raiders,2022,camryn weston,0,NA,NA,37,762,0.124469623722446,19.1300390666257,3.4,0.633,3.5
Dennis Tinnon,Marshall Thundering Herd,2012,dennis tinnon,0,NA,NA,35,1024,0.1924586743982512,19.12761601991688,4.3,0.588,4.4
Jarron Cumberland,Cincinnati Bearcats,2017,jarron cumberland,0,NA,NA,36,669,0.08088003575228035,19.12320465608343,8.3,0.602,3.3
Trae Broadnax,Rice Owls,2026,trae broadnax,0,NA,NA,31,950,0.19206011646716767,19.122063958062625,2.3,0.543,3.2
Jon Davis,Charlotte 49ers,2019,jon davis,1,2,exact,29,1076,0.00766135709333961,19.114703232088768,2.9,0.585,3.4
Josh Parrish,Rice Owls,2020,josh parrish,0,NA,NA,32,628,0.05798879007195007,19.10969588439479,1.8,0.639,2.4
Nate Martin,Marshall Thundering Herd,2025,nate martin,0,NA,NA,33,919,0.1633220014000189,19.10063411403488,1.2,0.557,3.3
Kentrell Barkley,East Carolina Pirates,2016,kentrell barkley,0,NA,NA,31,843,0.1808000757926232,19.098757127324543,5.9,0.567,3.3
Martins Igbanu,Tulsa Golden Hurricane,2020,martins igbanu,0,NA,NA,31,825,0.172909879469081,19.084293668041084,3.3,0.61,3.7
Savion Flagg,Sam Houston Bearkats,2022,savion flagg,0,NA,NA,33,1068,0.3019488973183981,19.07272501274753,4.7,0.512,4.1
Ryan Daly,Delaware Blue Hens,2017,ryan daly,0,NA,NA,33,1072,0.3628199002631844,19.070778569295324,2.7,0.517,3.3
Ja'Vier Francis,Houston Cougars,2024,javier francis,0,NA,NA,37,763,0.10455598986601748,19.06984361114451,8.3,0.629,4
Fredrick Edmond,Western Kentucky Hilltoppers,2016,fredrick edmond,0,NA,NA,34,954,0.17212417617850811,19.046037098817127,3.2,0.584,2.9
Austin Crowley,Southern Miss Golden Eagles,2023,austin crowley,0,NA,NA,33,1074,0.19819672071934671,19.03164848277766,4.2,0.576,4.5
Ryan Taylor,Marshall Thundering Herd,2015,ryan taylor,1,3,exact,32,920,0.1539059946307397,19.027604662544032,2.8,0.512,3.1
Christian Ray,Delaware Blue Hens,2024,christian ray,0,NA,NA,33,1004,0.22586213514538328,19.024122865180168,2.4,0.611,4.3
James Scott,Louisville Cardinals,2025,james scott,0,NA,NA,35,826,0.1439261447054652,19.007493789508512,7.7,0.703,3.7
Dezayne Mingo,Charlotte 49ers,2026,dezayne mingo,0,NA,NA,34,915,0.1807664212270222,19.00436251746065,3.1,0.561,3.1
Desmond Bane,TCU Horned Frogs,2019,desmond bane,0,NA,NA,37,1315,0.24274673583667628,18.98699643703591,7.9,0.607,5.7
Joniah White,Louisiana Tech Bulldogs,2017,joniah white,0,NA,NA,33,568,0.06503492124723752,18.985670227025334,4.1,0.57,2.5
Zawdie Jackson,Florida International Panthers,2026,zawdie jackson,0,NA,NA,32,902,0.11380124325150304,18.985503694058323,1.3,0.603,3.4
Baba Miller,Florida Atlantic Owls,2025,baba miller,0,NA,NA,34,1018,0.1544579587176162,18.972216603629125,4.9,0.57,3.2
Dayvion McKnight,Western Kentucky Hilltoppers,2023,dayvion mcknight,1,2,exact,33,1097,0.15344645914714797,18.965159018162947,1.8,0.536,3.3
Michale Kyser,Louisiana Tech Bulldogs,2015,michale kyser,0,NA,NA,36,1022,0.14540982448624434,18.964932065351107,4.1,0.611,4.5
Anas Mahmoud,Louisville Cardinals,2017,anas mahmoud,0,NA,NA,34,580,0.09135585158971074,18.960046825742616,10.1,0.6,2.4
Devon Saddler,Delaware Blue Hens,2014,devon saddler,0,NA,NA,35,1036,0.2712678845549226,18.957385674831578,2.3,0.534,3.3
Jaylen Johnson,Louisville Cardinals,2017,jaylen johnson,0,NA,NA,34,696,0.1142511713227698,18.957109785748152,5.7,0.611,3.1
Michael Kessens,Florida International Panthers,2017,michael kessens,0,NA,NA,31,877,0.22939774893889076,18.94381983512985,0.5,0.595,2.8
Nate Darling,Delaware Blue Hens,2020,nate darling,0,NA,NA,33,1223,0.2699536576666335,18.9435273168381,2,0.599,4.6
Jaron Pierre Jr.,SMU Mustangs,2026,jaron pierre,0,NA,NA,34,1128,0.18856390436693032,18.93706391738711,5,0.567,3.4
Aaron Bradshaw,Memphis Tigers,2026,aaron bradshaw,0,NA,NA,32,547,0.08023729183822459,18.93675262071614,1.2,0.608,1.7
Justin Gorham,Houston Cougars,2021,justin gorham,0,NA,NA,32,861,0.15964863248963154,18.935184102714725,7.7,0.571,5
Torry Butler,Sam Houston Bearkats,2017,torry butler,0,NA,NA,34,666,0.2160255535743762,18.931291688788303,1,0.549,2.7
Aurimas Majauskas,Sam Houston Bearkats,2017,aurimas majauskas,0,NA,NA,34,604,0.2273457169189694,18.912788942625156,-0.4,0.631,2.6
Brett Decker Jr.,Liberty Flames,2026,brett decker,1,1,exact,34,1141,0.13881262858980897,18.90433455803512,1.4,0.665,4
Kyan Anderson,TCU Horned Frogs,2014,kyan anderson,0,NA,NA,31,1082,0.40012765896041047,18.90272551900866,4.7,0.612,3.3
Malik Williams,Louisville Cardinals,2019,malik williams,0,NA,NA,34,618,0.1183771445125018,18.88629357483035,5.9,0.53,2.6
Demond Robinson,Kennesaw State Owls,2022,demond robinson,0,NA,NA,31,627,0.15686942429311948,18.882112251759384,-2.1,0.584,2.1
Tyler Stevenson,Southern Miss Golden Eagles,2020,tyler stevenson,0,NA,NA,31,853,0.1703610548143811,18.879064500645505,0.5,0.582,2.8
Jarrey Foster,SMU Mustangs,2018,jarrey foster,0,NA,NA,33,616,0.16403008653010007,18.878381719292364,5.4,0.538,2.5
Sterling Brown,SMU Mustangs,2017,sterling brown,0,NA,NA,35,1143,0.1729758751358145,18.87722066604616,8.9,0.583,6
Don McHenry,Western Kentucky Hilltoppers,2024,don mchenry,1,1,exact,34,945,0.13864479129897117,18.87717506623772,1.2,0.553,3.3
Christion Thompson,Tulane Green Wave,2020,christion thompson,0,NA,NA,30,1012,0.20106977151059305,18.871532028983538,4.6,0.541,3.9
George Fant,Western Kentucky Hilltoppers,2014,george fant,0,NA,NA,32,916,0.5625136640348593,18.853167885324464,1.2,0.542,3.5
Igor Milicic Jr.,Charlotte 49ers,2024,igor milicic,0,NA,NA,31,998,0.21368941366583724,18.845912215869763,5.4,0.632,4.1
Josiah Parker,Florida Atlantic Owls,2026,josiah parker,0,NA,NA,33,698,0.1318974075932282,18.839612874113477,1.6,0.539,2.3
Boopie Miller,SMU Mustangs,2025,boopie miller,0,NA,NA,35,818,0.18230553747914657,18.837931409865817,NA,0.5210098271772281,NA
Rakeem Buckles,Florida International Panthers,2014,rakeem buckles,0,NA,NA,31,932,0.14499095812796378,18.822572365367673,-0.8,0.534,3.2
Jordan Goodwin,Saint Louis Billikens,2020,jordan goodwin,0,NA,NA,31,1113,0.28057873079238543,18.801319274306163,5.3,0.507,4.4
Tyrone Marshall Jr.,Western Kentucky Hilltoppers,2024,tyrone marshall,0,NA,NA,34,833,0.13274332977565398,18.80131170160154,4.5,0.571,3.1
Kevin Kalu,UTEP Miners,2025,kevin kalu,0,NA,NA,33,708,0.11982333817956169,18.772782624446613,0.3,0.63,2.9
Christopher Galbreath Jr.,Sam Houston Bearkats,2018,christopher galbreath,0,NA,NA,36,1004,0.2518659771121914,18.756740017436993,-0.8,0.513,3.3
Jayden Brewer,Florida International Panthers,2024,jayden brewer,0,NA,NA,33,578,0.05786497287836909,18.756447902878747,-1.6,0.515,1.4
DeJuan Wright,Florida International Panthers,2012,dejuan wright,0,NA,NA,29,795,0.20516574849280608,18.755686814553364,2.8,0.58,3.1
Elijah Jones,UTEP Miners,2026,elijah jones,0,NA,NA,31,871,0.03030124517325055,18.754755367260067,1.3,0.569,2.8
Terry Rozier,Louisville Cardinals,2015,terry rozier,0,NA,NA,36,1260,0.2988875446934663,18.743700002949204,9.4,0.509,6
Owen Aquino,Liberty Flames,2025,owen aquino,0,NA,NA,35,862,0.10846209477383212,18.72267127225965,3.3,0.61,4.1
Alandise Harris,Houston Cougars,2012,alandise harris,0,NA,NA,30,894,0.12907619538716145,18.708717612867215,2.5,0.57,3.1
Chris Harris Jr.,Houston Cougars,2020,chris harris,0,NA,NA,31,538,0.09052442129483508,18.70598163654767,7.8,0.644,2.5
Carl Baptiste,Delaware Blue Hens,2014,carl baptiste,0,NA,NA,35,965,0.18029942659421191,18.699073764991976,0,0.596,3.3
Sion James,Tulane Green Wave,2024,sion james,0,NA,NA,31,1142,0.17692434536565615,18.692819221266777,3.8,0.613,3.9
Umoja Gibson,DePaul Blue Demons,2023,umoja gibson,0,NA,NA,33,1133,0.24133096524257672,18.687802188149146,5.3,0.582,3.4
Jacob Evans,Cincinnati Bearcats,2018,jacob evans,0,NA,NA,36,1109,0.17742720539814236,18.68748126899633,9.9,0.543,5.9
Nate Hinton,Houston Cougars,2020,nate hinton,0,NA,NA,31,938,0.18803474072773005,18.679389413931982,9.3,0.54,4.9
Christian Bliss,Delaware Blue Hens,2026,christian bliss,1,2,exact,31,1233,0.19133473672237516,18.672410690775095,0.8,0.581,3.7
Sean Smith,Middle Tennessee Blue Raiders,2026,sean smith,0,NA,NA,32,741,0.09555737097394268,18.6719670166484,3.4,0.541,2.5
John Bohannon,UTEP Miners,2012,john bohannon,0,NA,NA,32,822,0.1403723385292953,18.661735047410417,4.4,0.618,3.3
Malik Williams,Louisville Cardinals,2022,malik williams,0,NA,NA,32,679,0.23605657032562516,18.64053275499076,6.1,0.534,2.4
LaDavius Draine,Southern Miss Golden Eagles,2019,ladavius draine,0,NA,NA,33,755,0.1106734786836498,18.638695441730135,4,0.645,3.6
Jaron Johnson,Louisiana Tech Bulldogs,2014,jaron johnson,0,NA,NA,37,794,0.0919117648763496,18.63568062504948,4.8,0.609,3.8
Chris Cenac Jr.,Houston Cougars,2026,chris cenac,0,NA,NA,37,920,0.1608747133726234,18.631658004795018,7.5,0.546,4.3
Daveon Boardingham,Southern Miss Golden Eagles,2014,daveon boardingham,0,NA,NA,35,785,0.09904654161451576,18.61833506276181,1.8,0.612,3.8
Alex Hamilton,Louisiana Tech Bulldogs,2013,alex hamilton,0,NA,NA,34,597,0.11995624468081888,18.612261515295543,4.7,0.522,2.5
Tyree Griffin,Southern Miss Golden Eagles,2019,tyree griffin,1,2,exact,33,1116,0.1930561575344477,18.61097767511981,3.2,0.535,4.6
Peter Filipovity,New Mexico State Aggies,2025,peter filipovity,1,3,exact,32,795,0.18850585578603749,18.59961780699431,3.5,0.517,2.9
J.R. Cadot,TCU Horned Frogs,2011,cadot,0,NA,NA,33,811,-0.41290675909916535,18.599311617057612,4.2,0.652,3.3
Rowan Brumbaugh,Tulane Green Wave,2025,rowan brumbaugh,0,NA,NA,34,1188,0.18876717761796297,18.59876502400372,2.6,0.553,4.2
Kenyon McNeail,Louisiana Tech Bulldogs,2014,kenyon mcneail,0,NA,NA,37,830,0.10226075982921118,18.58437938782815,6.2,0.609,4.1
Darius Thompson,Western Kentucky Hilltoppers,2018,darius thompson,1,2,exact,38,1354,0.16167261462982044,18.58150508434148,6.3,0.572,5.5
Nick Masterson,Kennesaw State Owls,2017,nick masterson,0,NA,NA,32,953,0.21863075615082975,18.577106182989155,2.8,0.661,3.5
Ben Moore,SMU Mustangs,2017,ben moore,0,NA,NA,35,1131,0.1776321858227517,18.573759362156284,7.3,0.579,5.7
Ibrahima Diallo,UCF Knights,2024,ibrahima diallo,0,NA,NA,33,610,0.11195214659175588,18.569845823588427,4.3,0.555,2.2
C.J. Burks,Marshall Thundering Herd,2019,cj burks,1,3,exact,37,1240,0.15923092068157427,18.562058746101584,0,0.569,3.1
Andrien White,Charlotte 49ers,2017,andrien white,0,NA,NA,30,671,0.10477662222473468,18.545277257894256,1.8,0.57,1.9
Shaq Goodwin,Memphis Tigers,2015,shaq goodwin,0,NA,NA,32,803,0.15358607976524188,18.533184055915164,5.1,0.58,3.2
C.J. Burks,Marshall Thundering Herd,2018,cj burks,1,2,exact,36,1256,0.16833022553730637,18.52908924858829,0.4,0.583,3.4
Justyn Mutts,Delaware Blue Hens,2020,justyn mutts,0,NA,NA,33,1049,0.20120664008663872,18.512442034824165,0.9,0.574,3.7
Darius Johnson-Odom,Marquette Golden Eagles,2012,darius johnsonodom,0,NA,NA,35,1120,0.20156081257066608,18.51227935817746,6.8,0.568,4.7
Brandon Johnson,East Carolina Pirates,2024,brandon johnson,0,NA,NA,33,1077,0.2276838042226515,18.50181184220345,3.7,0.55,3.9
Michael Weathers,SMU Mustangs,2022,michael weathers,0,NA,NA,33,831,0.13748023023005357,18.494048646248626,6.1,0.566,3.2
Kendric Davis,SMU Mustangs,2020,kendric davis,0,NA,NA,30,905,0.18437618950325227,18.48322854703819,4.4,0.557,4
Cameron Delaney,Sam Houston Bearkats,2019,cameron delaney,0,NA,NA,33,1041,0.21060349686077423,18.474450595288925,3,0.623,4.4
Akeem Richmond,East Carolina Pirates,2013,akeem richmond,0,NA,NA,31,636,0.08755721064426138,18.473953003841935,4.8,0.6,2.6
Joe Jackson,Memphis Tigers,2013,joe jackson,1,1,exact,36,1175,0.19856964724399123,18.467991817438623,5.5,0.613,5.2
Devon Andrews,Florida International Panthers,2020,devon andrews,1,2,exact,32,871,0.10109427098270636,18.441518939963565,1.2,0.507,2.8
Pierria Henry,Charlotte 49ers,2015,pierria henry,1,3,exact,32,1003,0.19768724907188595,18.430520250241763,6.3,0.509,3.6
Chris Youngblood,Kennesaw State Owls,2022,chris youngblood,0,NA,NA,31,925,0.20697387015196697,18.414516913880657,1.9,0.606,3.6
Marquez Letcher-Ellis,Rice Owls,2016,marquez letcherellis,0,NA,NA,32,690,0.08375792946722233,18.406683667027547,-3.3,0.57,1.7
Cameron Moore,UAB Blazers,2011,cameron moore,1,2,exact,31,945,0.2247393676645012,18.40118150572316,NA,0.5353817504655494,NA
Kevin Samuel,TCU Horned Frogs,2019,kevin samuel,0,NA,NA,37,908,0.14951550775437125,18.396325979880903,5.2,0.632,3.3
Kouat Noi,TCU Horned Frogs,2018,kouat noi,0,NA,NA,33,726,0.1053196162454987,18.3913796094783,6.1,0.622,2.6
Chris Braswell,Charlotte 49ers,2013,chris braswell,0,NA,NA,33,784,0.10205242900555617,18.390293226541385,3.9,0.544,2.8
Tarik Black,Memphis Tigers,2011,tarik black,0,NA,NA,35,792,0.07588580328946903,18.38488713663048,2.1,0.547,2.8
Vianney Salatchoum,Florida International Panthers,2025,vianney salatchoum,0,NA,NA,33,704,0.08550721039745196,18.37439908076376,-2.6,0.54,1.8
Arturo Dean,Florida International Panthers,2024,arturo dean,1,3,exact,33,892,0.14441719934366604,18.37285252939495,0.2,0.473,1.5
Demarkus Lampley,Sam Houston Bearkats,2021,demarkus lampley,0,NA,NA,28,831,0.09729662507733092,18.367940738833926,3.3,0.606,3.8
Jameer Nelson Jr.,TCU Horned Frogs,2024,jameer nelson,0,NA,NA,34,846,0.12310234412124876,18.339485368573065,6,0.537,2.9
Speedy Smith,Louisiana Tech Bulldogs,2014,speedy smith,1,1,exact,37,1093,0.16677055579684932,18.33937172786912,6.9,0.537,4.9
Jalen Jones,SMU Mustangs,2013,jalen jones,0,NA,NA,32,1036,0.18878795481873656,18.329843072460097,1.8,0.564,4.4
Obinna Anochili-Killen,Marshall Thundering Herd,2024,obinna anochilikillen,0,NA,NA,33,917,0.16222520239433874,18.327296249645,-0.2,0.53,2.6
Anas Mahmoud,Louisville Cardinals,2018,anas mahmoud,0,NA,NA,36,841,0.12747421625240202,18.325728418258123,6.7,0.543,2.7
Egor Koulechov,Rice Owls,2016,egor koulechov,0,NA,NA,32,1101,0.221800294240253,18.32553817980375,0.6,0.56,3.1
Javonte Perkins,Saint Louis Billikens,2020,javonte perkins,0,NA,NA,31,845,0.15684771777760179,18.324806404774403,5.1,0.555,4
Trejon Jacob,Florida International Panthers,2020,trejon jacob,0,NA,NA,32,790,0.1272830628704572,18.32343553875286,3,0.6,2.9
Brandon Young,DePaul Blue Demons,2012,brandon young,0,NA,NA,31,944,0.2219690330643225,18.323036243363653,3.4,0.513,2.5
Ivan Aurrecoechea,New Mexico State Aggies,2020,ivan aurrecoechea,0,NA,NA,31,749,0.1429408271826705,18.312198244409963,-0.3,0.604,3.5
B.J. Tyson,East Carolina Pirates,2015,bj tyson,0,NA,NA,33,798,0.14743207531815017,18.299142040992507,2.2,0.539,2.8
Ty Brewer,UAB Blazers,2023,ty brewer,0,NA,NA,39,765,0.08584673022242267,18.290967585418972,NA,0.5664479707049129,NA
Samir Sehic,Tulane Green Wave,2019,samir sehic,0,NA,NA,31,853,0.2002996045089342,18.286589373994353,1,0.54,2.3
Alex Hamilton,Louisiana Tech Bulldogs,2015,alex hamilton,1,2,exact,36,1098,0.15594475056114077,18.27913301972054,3.4,0.536,4.3
Reggie Scurry,Middle Tennessee Blue Raiders,2019,reggie scurry,0,NA,NA,32,846,0.04195871979629835,18.271045226346565,0.5,0.59,2.8
Moustapha Thiam,UCF Knights,2025,moustapha thiam,0,NA,NA,37,978,0.1387068932109274,18.270176563714355,4,0.557,2.5
Elijah Pittman,Marshall Thundering Herd,2013,elijah pittman,0,NA,NA,32,1032,0.05238623089625893,18.266983954903704,4,0.608,3.4
Eric Dibami,Florida International Panthers,2026,eric dibami,0,NA,NA,32,869,0.07879842522927075,18.265650190693137,0.6,0.531,2.5
Marvin King-Davis,Delaware Blue Hens,2016,marvin kingdavis,0,NA,NA,29,899,0.2601976380818901,18.25411714660536,-0.7,0.506,2.4
Devin Williams,Florida Atlantic Owls,2026,devin williams,0,NA,NA,33,785,0.1065242883811872,18.248959301095415,3.7,0.563,2.5
David DeJulius,Cincinnati Bearcats,2023,david dejulius,0,NA,NA,36,1170,0.15025863425147284,18.24326186649456,4.7,0.525,4.7
Marcos Knight,Middle Tennessee Blue Raiders,2012,marcos knight,0,NA,NA,34,940,0.1673100367409819,18.23234794227278,4.7,0.531,4
Kenny Hunter,Louisiana Tech Bulldogs,2023,kenny hunter,0,NA,NA,33,663,0.12501368669490673,18.220528191176747,2.5,0.637,2.7
Cleveland Melvin,DePaul Blue Demons,2012,cleveland melvin,0,NA,NA,31,995,0.23939813676793523,18.214686595305757,-0.3,0.488,2
Feron Hunt,SMU Mustangs,2020,feron hunt,0,NA,NA,30,846,0.15774873159317102,18.21465675791064,3.9,0.611,3.3
Nysier Brooks,Cincinnati Bearcats,2019,nysier brooks,0,NA,NA,35,803,0.10600197398400968,18.208791389664043,4.2,0.568,3.8
Obediah Church,Missouri State Bears,2018,obediah church,0,NA,NA,33,762,0.15629877729322875,18.201521836363817,4,0.646,2.9
Dwayne Evans,Saint Louis Billikens,2014,dwayne evans,0,NA,NA,34,1005,0.20259185677841723,18.20035484588062,3.9,0.559,4.3
Jordair Jett,Saint Louis Billikens,2014,jordair jett,0,NA,NA,34,1073,0.2251559388268902,18.184588016591057,6.3,0.53,4.3
Royce Parham,Marquette Golden Eagles,2026,royce parham,0,NA,NA,32,893,0.1741230141359708,18.183239070448646,3.9,0.599,2.6
B.J. Edwards,SMU Mustangs,2025,bj edwards,0,NA,NA,35,1032,0.17478665885907907,18.18004522343665,7,0.536,3.7
Grant Newell,Western Kentucky Hilltoppers,2026,grant newell,0,NA,NA,32,829,0.08334063400612719,18.16997366123718,1.1,0.541,2.7
Aziz Bandaogo,Cincinnati Bearcats,2024,aziz bandaogo,0,NA,NA,37,693,0.13774417830022448,18.169084982519745,6.2,0.624,2.9
Robert Carpenter,New Mexico State Aggies,2025,robert carpenter,0,NA,NA,32,696,0.12757211799781454,18.16710497251164,3.1,0.493,2.7
Chane Behanan,Louisville Cardinals,2013,chane behanan,0,NA,NA,40,1018,0.13635389327792496,18.159577733901788,7.5,0.52,4.7
Tevin Brewer,Florida International Panthers,2022,tevin brewer,1,3,exact,32,963,0.17329588269540597,18.15704233343268,0.6,0.547,3.4
Omer Yurtseven,Tulane Green Wave,2017,omer yurtseven,0,NA,NA,31,1056,0.2127978860509397,18.152000693791543,NA,0.5507802720520738,NA
Sean Kilpatrick,Cincinnati Bearcats,2011,sean kilpatrick,0,NA,NA,35,720,0.13565437973760544,18.148339107925263,7.9,0.558,3.5
Tre Scott,Cincinnati Bearcats,2020,tre scott,0,NA,NA,30,1011,0.2318061934852891,18.142461040622784,6.9,0.538,4.1
Octavius Ellis,Cincinnati Bearcats,2015,octavius ellis,0,NA,NA,34,975,0.1994568138749501,18.13707101706196,6.6,0.595,4.5
Tristan Ikpe,Sam Houston Bearkats,2021,tristan ikpe,0,NA,NA,28,664,0.15591228543103844,18.136058902878816,1.2,0.552,2.8
Brian Beard Jr.,Florida International Panthers,2018,brian beard,1,3,exact,32,1114,0.20315090601495392,18.134661623369233,3,0.496,3.3
Caleb Homesley,Liberty Flames,2019,caleb homesley,0,NA,NA,36,1002,0.18344242980146888,18.13295535392271,3.9,0.545,4.5
Marcus Boykin,Sam Houston Bearkats,2025,marcus boykin,0,NA,NA,32,756,0.13320403055765087,18.13001216085652,3,0.541,2.3
Simeon Cottle,Kennesaw State Owls,2024,simeon cottle,0,NA,NA,31,920,0.15299283853217824,18.121938272324883,-0.6,0.543,2.6
Joe Jackson,Memphis Tigers,2014,joe jackson,0,NA,NA,34,1129,0.17622420405803127,18.1091390913385,5.2,0.545,4.4
Gary Clark,Cincinnati Bearcats,2015,gary clark,0,NA,NA,34,945,0.22024280272272112,18.103761915075047,8.7,0.543,4.7
Francis Okoro,Saint Louis Billikens,2023,francis okoro,0,NA,NA,33,708,0.13052268985786283,18.099939370315685,1.5,0.575,2.4
Jahmal McMurray,SMU Mustangs,2019,jahmal mcmurray,0,NA,NA,32,1046,0.15490932512793773,18.0969893009591,4.8,0.583,3.8
Chris Vogt,Cincinnati Bearcats,2020,chris vogt,0,NA,NA,30,856,0.1446750416270262,18.09346211630849,4.2,0.64,3.5
Tylan Pope,Tulane Green Wave,2023,tylan pope,0,NA,NA,31,576,0.07416240966721965,18.07516951241564,2.1,0.553,1.9
Tirrell Baines,Marshall Thundering Herd,2011,tirrell baines,0,NA,NA,34,971,0.1567937993407239,18.0746601806262,2.5,0.567,4
Carl Pierre,Rice Owls,2022,carl pierre,1,3,exact,33,1112,0.18878699869511675,18.069026347363565,3.2,0.612,4
Trejon Jacob,Florida International Panthers,2019,trejon jacob,0,NA,NA,34,762,0.131839506587084,18.066025146367338,0.8,0.594,2.2
DaQuan Bracey,Louisiana Tech Bulldogs,2018,daquan bracey,0,NA,NA,33,622,0.164530857442451,18.059121747760297,1.1,0.546,1.9
Martins Igbanu,Tulsa Golden Hurricane,2019,martins igbanu,0,NA,NA,32,868,0.15175292357274997,18.05797006971156,1.6,0.637,3.1
Leonard Harper-Baker,Southern Miss Golden Eagles,2019,leonard harperbaker,0,NA,NA,33,849,0.12238877044678508,18.0568109863508,1.3,0.592,3.5
Terrence Hargrove Jr.,Saint Louis Billikens,2024,terrence hargrove,0,NA,NA,33,998,0.2245337286389552,18.050884015558267,2.5,0.642,2.8
Taevion Kinsey,Marshall Thundering Herd,2022,taevion kinsey,1,2,exact,33,1144,0.16611587135479236,18.024937525790538,-1,0.495,2.9
Dan Skillings Jr.,Cincinnati Bearcats,2024,dan skillings,0,NA,NA,37,1004,0.16208686781552537,18.022676928008703,5.9,0.498,3.6
Christian Cunningham,Jacksonville State Gamecocks,2019,christian cunningham,0,NA,NA,33,915,0.1938384691256292,18.022301508587798,2.5,0.621,3.8
Jannson Williams,Marshall Thundering Herd,2019,jannson williams,0,NA,NA,37,899,0.12615804499058028,18.018237482774374,1.8,0.583,2.8
Jamall Gregory,Jacksonville State Gamecocks,2019,jamall gregory,0,NA,NA,33,673,0.10263342865241784,18.017343736588572,2.5,0.518,2.5
Nic Moore,SMU Mustangs,2016,nic moore,0,NA,NA,30,997,0.15173091746406472,18.01215034004574,7.1,0.563,4.9
Steven Enoch,Louisville Cardinals,2020,steven enoch,0,NA,NA,31,632,0.1333996270297518,18.011759665997978,4.1,0.569,2.7
Eddie Lampkin Jr.,TCU Horned Frogs,2022,eddie lampkin,0,NA,NA,34,710,0.156414990474892,18.00606813379394,6.2,0.595,3
Trahson Burrell,Memphis Tigers,2015,trahson burrell,0,NA,NA,32,741,0.16061123965660312,17.965333826424445,6,0.517,3
Vladimir Brodziansky,TCU Horned Frogs,2016,vladimir brodziansky,0,NA,NA,33,720,0.7120970978410036,17.964831363950548,3.9,0.578,2.3
Demaree King,Jacksonville State Gamecocks,2022,demaree king,0,NA,NA,32,789,0.14074144026165483,17.962600180780296,4.3,0.658,3.4
Perrin Buford,Middle Tennessee Blue Raiders,2016,perrin buford,0,NA,NA,35,1017,0.1382564038127489,17.961482865869353,2.9,0.557,3.7
Tyree Griffin,Southern Miss Golden Eagles,2018,tyree griffin,0,NA,NA,34,1212,0.18651114889001327,17.954659873172254,0.8,0.527,3.4
Joseph Tugler,Houston Cougars,2025,joseph tugler,0,NA,NA,40,866,0.10312551231939512,17.94852827739975,9.8,0.537,4.2
Gorgui Dieng,Louisville Cardinals,2012,gorgui dieng,0,NA,NA,40,1312,0.20578158717145936,17.93766463275874,7.8,0.556,5.4
Miguel Paul,East Carolina Pirates,2012,miguel paul,1,2,exact,31,976,0.1449490696336635,17.930213566850707,3.2,0.55,4.2
Alijah Martin,Florida Atlantic Owls,2024,alijah martin,0,NA,NA,34,1042,0.1331349523624808,17.922983393962348,5,0.536,3.7
Neiko Hunter,Middle Tennessee Blue Raiders,2014,neiko hunter,0,NA,NA,33,911,0.1466709066377335,17.91892204754927,2.9,0.535,3.7
LaDaris Green,Kennesaw State Owls,2011,ladaris green,0,NA,NA,30,831,0.21955705937726147,17.91791172628396,-0.6,0.547,2.1
Terrell Burden,Kennesaw State Owls,2023,terrell burden,0,NA,NA,35,1056,0.1785127002885764,17.916513013156802,1.5,0.554,3.7
Damion Lee,Louisville Cardinals,2016,damion lee,0,NA,NA,31,1006,0.1917483628357363,17.913116528178787,8.9,0.571,5.2
Jarmar Gulley,Missouri State Bears,2012,jarmar gulley,0,NA,NA,32,799,0.1975062373045626,17.912800991396193,5,0.556,3.5
Javon Pickett,Saint Louis Billikens,2023,javon pickett,0,NA,NA,33,714,0.1229360543353062,17.907232350625645,3.2,0.553,2.6
Samet Yigitoglu,SMU Mustangs,2025,samet yigitoglu,0,NA,NA,35,785,0.1126162272659515,17.907133135331232,2.1,0.548,2.6
Austin Nichols,Memphis Tigers,2014,austin nichols,0,NA,NA,34,774,0.11462673284670322,17.900527191802677,3.7,0.586,2.5
Shaquille Harrison,Tulsa Golden Hurricane,2015,shaquille harrison,0,NA,NA,34,1069,0.21550327054735505,17.895585144060362,7,0.503,4.4
Dominic Magee,Southern Miss Golden Eagles,2018,dominic magee,0,NA,NA,34,841,0.13253787111399076,17.89543624044753,0.1,0.546,2.5
Taveion Hollingsworth,Western Kentucky Hilltoppers,2020,taveion hollingsworth,1,1,exact,30,1047,0.15479252236341945,17.89306304781613,1.7,0.576,3.7
Earvin Morris Jr.,UTEP Miners,2016,earvin morris,0,NA,NA,33,822,0.1009752962524822,17.881501903632586,0.7,0.561,2.6
Nick Murphy,Jacksonville State Gamecocks,2011,nick murphy,0,NA,NA,30,983,0.4778231521200439,17.881094860423083,2.2,0.544,3.5
Javon Small,East Carolina Pirates,2023,javon small,0,NA,NA,33,625,0.30402115839634886,17.87726692855703,3.8,0.558,2.1
Emanuel Miller,TCU Horned Frogs,2023,emanuel miller,0,NA,NA,35,949,0.19505529112614103,17.8715643939645,5.2,0.549,3.4
Jamal Crook,Western Kentucky Hilltoppers,2013,jamal crook,0,NA,NA,36,728,0.2149103251509108,17.869013044897077,2.7,0.544,2.9
KJ Buffen,UAB Blazers,2022,kj buffen,0,NA,NA,35,945,0.11347370011180516,17.865942708751362,NA,0.5807412309728657,NA
Justin Hurtt,Tulsa Golden Hurricane,2011,justin hurtt,1,1,exact,32,1079,0.21401133372860212,17.86522857935548,5.3,0.554,4.3
Jalen Speer,Marshall Thundering Herd,2026,jalen speer,0,NA,NA,32,1041,0.1861100888949634,17.864814887203178,0,0.523,3
Iran Bennett,Marshall Thundering Herd,2020,iran bennett,0,NA,NA,32,662,0.07194425015571251,17.84179824669729,-1.6,0.527,2.1
Myke Henry,DePaul Blue Demons,2016,myke henry,0,NA,NA,30,876,0.4417707048375663,17.83332909612849,3,0.593,2.3
Aziz Bandaogo,Cincinnati Bearcats,2025,aziz bandaogo,0,NA,NA,35,898,0.15769950315784925,17.82946698181281,5,0.678,3.7
Akeem Richmond,East Carolina Pirates,2014,akeem richmond,1,2,exact,34,1200,0.16606716271284844,17.82827767347743,2.8,0.607,4.3
Nic Moore,SMU Mustangs,2014,nic moore,0,NA,NA,37,1190,0.1892018653658862,17.827926673557844,6.9,0.616,5.6
Kyle Kuric,Louisville Cardinals,2011,kyle kuric,0,NA,NA,35,923,0.1603667435892528,17.823251315377764,9,0.661,4.2
Caleb Homesley,Liberty Flames,2018,caleb homesley,0,NA,NA,37,688,0.13889914688226862,17.820391685036384,2.6,0.604,2.8
Avery Thomas II,Louisiana Tech Bulldogs,2026,avery thomas,0,NA,NA,34,830,0.09123662490422228,17.817095398543113,-0.3,0.513,3.6
Dwayne Davis,Southern Miss Golden Eagles,2013,dwayne davis,1,1,exact,37,1024,0.1337457179668547,17.8165972457087,4.5,0.598,4.4
Jalen Hampton,Missouri State Bears,2025,jalen hampton,0,NA,NA,32,630,0.19910091343702987,17.813407418537405,1.6,0.609,2.1
Eli Chuha,New Mexico State Aggies,2018,eli chuha,0,NA,NA,34,612,0.10386169023154113,17.810812223159264,2.5,0.541,2.6
Chris Anderson,Louisiana Tech Bulldogs,2014,chris anderson,0,NA,NA,37,874,0.09242994502172884,17.80528328282007,1,0.511,3.3
Corey Washington,SMU Mustangs,2026,corey washington,0,NA,NA,34,944,0.11008951129680487,17.805138544409832,4.5,0.612,3.4
Jeriah Horne,Tulsa Golden Hurricane,2019,jeriah horne,0,NA,NA,32,706,0.12149832450290313,17.799579422080264,4.6,0.562,2.3
Emanuel Sharp,Houston Cougars,2025,emanuel sharp,0,NA,NA,40,1014,0.15056552044168325,17.797340572936108,12.1,0.604,5.7
Brian Conklin,Saint Louis Billikens,2012,brian conklin,0,NA,NA,34,1001,0.19940359331954097,17.797161950647293,5,0.598,5
Trey Murphy III,Rice Owls,2020,trey murphy,0,NA,NA,32,875,0.16936224536242583,17.796276647070183,1.8,0.59,3.1
Myo Baxter-Bell,Liberty Flames,2020,myo baxterbell,0,NA,NA,34,588,0.09585517186854066,17.79513111146593,2.8,0.587,3.2
Zhuric Phelps,SMU Mustangs,2024,zhuric phelps,0,NA,NA,33,966,0.13232611799829397,17.789155742797323,3.5,0.474,3.2
Scooter Williams,Louisiana Tech Bulldogs,2026,scooter williams,0,NA,NA,34,590,0.10103822406385392,17.78883596894056,2.9,0.516,2.3
James Woodard,Tulsa Golden Hurricane,2016,james woodard,0,NA,NA,31,1029,0.19489556614177855,17.787045756538514,6.4,0.574,3.9
Quincy Olivari,Rice Owls,2023,quincy olivari,1,2,exact,35,1177,0.1571607079353881,17.779961442852244,0.3,0.548,3.1
Tshilidzi Nephawe,New Mexico State Aggies,2014,tshilidzi nephawe,0,NA,NA,36,1003,0.14895050801000825,17.779661316948545,0.8,0.572,3.9
Perrin Buford,Middle Tennessee Blue Raiders,2015,perrin buford,0,NA,NA,36,623,0.12057957772253874,17.77511455725316,2.8,0.561,2.4
Vladislav Goldin,Florida Atlantic Owls,2022,vladislav goldin,0,NA,NA,34,601,-0.04541656848699403,17.77229821881001,0.6,0.563,2.1
Aubrey Dawkins,UCF Knights,2019,aubrey dawkins,0,NA,NA,33,1101,0.19658406160122635,17.746549300306306,7,0.59,4.8
Antwan Burrus,Liberty Flames,2014,antwan burrus,0,NA,NA,32,820,0.1413412858934834,17.745867678585924,-2.6,0.533,2.5
Lamonte Bearden,Western Kentucky Hilltoppers,2018,lamonte bearden,0,NA,NA,38,1053,0.11263181769612896,17.73750360392171,4.2,0.574,3.6
Ryan Daly,Delaware Blue Hens,2018,ryan daly,0,NA,NA,33,1049,0.2791786707437041,17.722925100174116,0.7,0.511,3
Erik McCree,Louisiana Tech Bulldogs,2015,erik mccree,0,NA,NA,36,878,0.1551245061779481,17.708752323847463,2.5,0.557,3.3
DaQuan Bracey,Louisiana Tech Bulldogs,2019,daquan bracey,0,NA,NA,33,964,0.13123031457255815,17.708168790703315,2.9,0.508,3.4
Donte McGill,Florida International Panthers,2017,donte mcgill,0,NA,NA,31,912,0.15269606122322243,17.696081880045426,-1.2,0.53,2.6
Romario Souza,Louisiana Tech Bulldogs,2012,romario souza,0,NA,NA,34,574,0.08955663807961808,17.69465209676225,0.4,0.624,2.2
Zach Nutall,Sam Houston Bearkats,2020,zach nutall,0,NA,NA,31,902,0.18185441487774695,17.68214590345373,-0.3,0.539,3.1
Taevion Kinsey,Marshall Thundering Herd,2020,taevion kinsey,1,2,exact,32,1153,0.19765819262305975,17.67987048175153,1.7,0.544,3.8
Tyler Houser,Delaware Blue Hens,2026,tyler houser,0,NA,NA,31,867,0.13679261754400945,17.678720139944797,0,0.605,2.5
Caleb Patterson,Missouri State Bears,2012,caleb patterson,0,NA,NA,32,626,0.14200649588798625,17.641228420950167,5.1,0.562,2.3
John Bol,UCF Knights,2026,john bol,0,NA,NA,33,618,0.08976142378769206,17.639107763017602,3.7,0.704,1.8
Victor Iwuakor,Southern Miss Golden Eagles,2024,victor iwuakor,0,NA,NA,32,848,0.14308898903376016,17.638268995761674,0.1,0.565,2.6
Evan Chatman,UAB Blazers,2026,evan chatman,0,NA,NA,32,924,0.14976832394599504,17.631085349077075,NA,0.5345959981670995,NA
Christian Coleman,UAB Blazers,2024,christian coleman,0,NA,NA,35,672,0.07225775218910634,17.627353840996044,NA,0.5730231765507839,NA
Donte McGill,Florida International Panthers,2016,donte mcgill,0,NA,NA,31,973,0.1594499802546991,17.627292544353164,0.3,0.564,3.1
Denver Jones,Florida International Panthers,2022,denver jones,0,NA,NA,32,831,0.13782068065293862,17.60583237389402,1.4,0.55,3
Trey Jemison,UAB Blazers,2022,trey jemison,0,NA,NA,35,833,0.11591262208435806,17.59135561147834,NA,0.6404072883172561,NA
Kevon Voyles,Marshall Thundering Herd,2024,kevon voyles,0,NA,NA,33,964,0.16792032268257936,17.587541907940448,0.5,0.505,2.3
Bryson Williams,UTEP Miners,2021,bryson williams,1,3,exact,24,754,0.1990383137442585,17.580485629820714,1.2,0.552,2.7
Marvin King-Davis,Delaware Blue Hens,2015,marvin kingdavis,0,NA,NA,30,563,0.1656322455598724,17.58015934927692,-0.9,0.561,1.7
Simeon Cottle,Kennesaw State Owls,2025,simeon cottle,1,2,exact,33,1048,0.14006583637668582,17.577890789570624,1.1,0.546,3.6
Braedan Lue,Kennesaw State Owls,2026,braedan lue,0,NA,NA,35,931,0.08442183891878162,17.57584955215101,0.1,0.517,2.7
Souley Boum,UTEP Miners,2021,souley boum,1,3,exact,24,843,0.17464478330412225,17.565405980521525,2.7,0.538,3.2
Nick Norton,UAB Blazers,2016,nick norton,1,3,exact,33,878,0.12890020429747648,17.56475071436935,NA,0.5956347884038653,NA
Sterling Brown,SMU Mustangs,2016,sterling brown,0,NA,NA,30,826,0.11747878441490985,17.563714170624344,7.8,0.716,3.8
Jahmir Young,Charlotte 49ers,2021,jahmir young,1,1,exact,25,935,0.21804271974849232,17.551899550675614,3.3,0.56,3.4
Preston Knowles,Louisville Cardinals,2011,preston knowles,0,NA,NA,35,1023,0.15676865061450268,17.540866802332047,7.9,0.517,4.3
Darian Adams,Jacksonville State Gamecocks,2022,darian adams,0,NA,NA,32,1066,0.2156369102413868,17.540049172021234,2.4,0.538,4.1
Andrew Smith,Liberty Flames,2015,andrew smith,0,NA,NA,32,858,0.29855401860344977,17.534867731855826,-1.2,0.551,2.8
Oso Ighodaro,Marquette Golden Eagles,2022,oso ighodaro,0,NA,NA,32,583,0.0901074309643118,17.532385080135413,5.3,0.692,2.3
C.J. Kelly,UCF Knights,2023,cj kelly,0,NA,NA,34,1044,0.16527604129706497,17.53213583234896,7.4,0.6,4.4
Wayne Blackshear,Louisville Cardinals,2014,wayne blackshear,0,NA,NA,37,707,0.07401810653172079,17.530906808751908,7.6,0.577,3.8
Devin Davis,Houston Cougars,2018,devin davis,0,NA,NA,35,909,0.1373513707851153,17.514874782406302,4.6,0.518,3.8
Collin Holloway,Tulane Green Wave,2024,collin holloway,0,NA,NA,31,876,0.12523737084075823,17.512820359950034,0.3,0.597,2.5
Ishan Sharma,Saint Louis Billikens,2026,ishan sharma,0,NA,NA,35,778,0.09584367511544428,17.508985487540805,5.4,0.644,3.5
Desmond Bane,TCU Horned Frogs,2018,desmond bane,0,NA,NA,33,1005,0.17018216430346264,17.507349910394385,6.1,0.671,3.5
Danuel House Jr.,Houston Cougars,2014,danuel house,0,NA,NA,33,684,0.1376358058653828,17.49833265809684,3,0.534,1.7
Niels Lane,Delaware Blue Hens,2025,niels lane,0,NA,NA,36,1002,0.18683363536362296,17.487903353317115,-2.5,0.584,2
Terrence Edwards Jr.,Louisville Cardinals,2025,terrence edwards,0,NA,NA,35,1147,0.18225695990722984,17.486799921411304,5.5,0.546,4
Alejandro Vasquez,UAB Blazers,2024,alejandro vasquez,0,NA,NA,35,783,0.08726855394229034,17.486662716053104,NA,0.5584040546911834,NA
Brandon Johnson,East Carolina Pirates,2023,brandon johnson,0,NA,NA,33,1035,0.2278176426582653,17.4666140564806,3.5,0.568,3.7
Rod Rucker,UAB Blazers,2013,rod rucker,1,3,exact,32,1064,0.16762377309087398,17.462826948190017,NA,0.49881636794048023,NA
Tyler Behrend,Tulsa Golden Hurricane,2026,tyler behrend,0,NA,NA,38,824,0.0898349579687041,17.45372927199864,3.6,0.597,3.2
Erik McCree,Louisiana Tech Bulldogs,2016,erik mccree,1,2,exact,33,955,0.1808109561827614,17.451377992008094,-0.1,0.546,3.1
Ja'Borri McGhee,UAB Blazers,2025,jaborri mcghee,0,NA,NA,37,947,0.10176502485929503,17.446276049800733,NA,0.5935875216637782,NA
Connor Cashaw,Rice Owls,2018,connor cashaw,0,NA,NA,31,1010,0.2585226971631114,17.441266500792633,1.6,0.504,2.8
Zhuric Phelps,SMU Mustangs,2023,zhuric phelps,0,NA,NA,32,939,0.1654887094105632,17.43049060987697,4.2,0.472,1.8
Tristan Spurlock,UCF Knights,2014,tristan spurlock,0,NA,NA,31,883,0.15414736560969888,17.422934710771756,4.4,0.537,2.9
Deandre Dishman,Middle Tennessee Blue Raiders,2023,deandre dishman,0,NA,NA,33,896,0.14085746055500975,17.418832884208193,2.2,0.522,2.9
Gerdarius Troutman,Florida Atlantic Owls,2018,gerdarius troutman,0,NA,NA,31,841,0.15648190408249155,17.418649869036837,3.4,0.586,3.4
Ricky Tarrant Jr.,Tulane Green Wave,2012,ricky tarrant,1,1,exact,31,1026,0.17552940751518614,17.417669650508888,4.3,0.567,4.6
Olu Ashaolu,Louisiana Tech Bulldogs,2011,olu ashaolu,0,NA,NA,32,990,0.3779443453474375,17.410221711093012,1.2,0.567,3.3
William Lee,UAB Blazers,2015,william lee,0,NA,NA,36,783,0.13886855820527885,17.407636859717055,NA,0.5818549095380292,NA
Elias King,Middle Tennessee Blue Raiders,2023,elias king,0,NA,NA,33,732,0.13293917868951946,17.401613557989823,4.1,0.578,2.9
J'Vonne Hadley,Louisville Cardinals,2025,jvonne hadley,0,NA,NA,35,1159,0.20642012828303985,17.38514433879677,6.3,0.607,4.7
Jailyn Ingram,Florida Atlantic Owls,2020,jailyn ingram,0,NA,NA,32,761,0.1354210475918888,17.36327239401554,2.4,0.527,2.6
Jaylin Sellers,UCF Knights,2024,jaylin sellers,0,NA,NA,33,1057,0.18272846346069224,17.362234054836794,5.1,0.54,4
Daniel Mullings,New Mexico State Aggies,2013,daniel mullings,0,NA,NA,35,1202,0.25088254384175224,17.352178798566875,5.5,0.554,4.8
Kyle Rode,Liberty Flames,2024,kyle rode,1,2,exact,32,979,0.11656338345885464,17.350424786709485,3.7,0.548,4
Christian Ray,Delaware Blue Hens,2023,christian ray,0,NA,NA,33,1099,0.2563949491380745,17.345049037997374,-0.1,0.593,4
Eric Gaines,UAB Blazers,2024,eric gaines,0,NA,NA,35,1178,0.1515177940710977,17.334631835965723,NA,0.5051691729323308,NA
Damier Pitts,Marshall Thundering Herd,2011,damier pitts,0,NA,NA,34,802,0.16587984606275033,17.326694388303565,4.2,0.56,3.5
Dominic Artis,UTEP Miners,2017,dominic artis,1,2,exact,32,1168,0.22575701271193344,17.318565210961665,2.3,0.511,3.6
Chance Moore,Missouri State Bears,2023,chance moore,0,NA,NA,32,679,0.15185453726688686,17.316014938507386,3.1,0.54,2.6
Kalob Ledoux,Louisiana Tech Bulldogs,2020,kalob ledoux,0,NA,NA,30,638,0.09925530924105268,17.31299017697608,2.9,0.58,2.8
Kouat Noi,TCU Horned Frogs,2019,kouat noi,0,NA,NA,37,937,0.16854345242146265,17.301818331434742,6.2,0.558,3.3
Darius Johnson,UCF Knights,2024,darius johnson,0,NA,NA,33,1079,0.1915530936014475,17.3007797096699,6.6,0.548,3.9
Zack Bryant,UAB Blazers,2019,zack bryant,0,NA,NA,35,1136,0.16601449517898614,17.298614079191502,NA,0.5296610169491525,NA
KJ Buffen,UAB Blazers,2023,kj buffen,0,NA,NA,39,1131,0.12229551874619178,17.295461479931678,NA,0.556658439746754,NA
Chase Ross,Marquette Golden Eagles,2026,chase ross,0,NA,NA,32,1053,0.20263420460291787,17.294766190233723,4.3,0.522,2.7
Khristian Lander,Western Kentucky Hilltoppers,2025,khristian lander,0,NA,NA,32,728,0.08196940473711108,17.292316574644268,2.1,0.527,2.1
Collin Smith,UCF Knights,2020,collin smith,0,NA,NA,30,788,0.1717523537621105,17.291812216665942,1.8,0.52,2.5
Jalen Harris,Louisiana Tech Bulldogs,2017,jalen harris,0,NA,NA,33,618,0.09656302236946453,17.29085038608885,0.7,0.556,2.3
Michael Osei-Bonsu,Missouri State Bears,2025,michael oseibonsu,0,NA,NA,32,904,0.2284235240707427,17.288323463478687,-0.3,0.55,2.1
JT Sulton,Middle Tennessee Blue Raiders,2012,jt sulton,0,NA,NA,34,850,0.137455921153726,17.269755557917502,1.8,0.582,3.5
DeJon Jarreau,Houston Cougars,2021,dejon jarreau,0,NA,NA,32,877,0.14742868496304187,17.243172993115657,8.4,0.524,4.4
Johnny Thomas,Marshall Thundering Herd,2011,johnny thomas,0,NA,NA,34,745,0.11353943266443613,17.2254624323424,4.8,0.574,3.1
Andre Washington,East Carolina Pirates,2017,andre washington,0,NA,NA,33,821,-0.06107065022741249,17.223453156509024,3.1,0.546,2.7
Dwayne Sutton,Louisville Cardinals,2020,dwayne sutton,0,NA,NA,31,976,0.2318528514423563,17.219850720289084,9.3,0.608,4.8
Obediah Church,Missouri State Bears,2017,obediah church,0,NA,NA,33,794,0.13367623167387505,17.219838030027475,4.3,0.611,2.8
Rob Loe,Saint Louis Billikens,2014,rob loe,0,NA,NA,34,942,0.17510286500253178,17.218236490320233,7.1,0.562,4.3
Ahamad Bynum,UTEP Miners,2025,ahamad bynum,0,NA,NA,33,578,0.0958431244618732,17.21453272051011,2.6,0.58,1.7
Gerald Drumgoole Jr.,Delaware Blue Hens,2024,gerald drumgoole,0,NA,NA,33,943,0.1659656686017517,17.213591997742924,1.8,0.558,3.1
Ray Spalding,Louisville Cardinals,2016,ray spalding,0,NA,NA,31,525,0.11887549230671728,17.195884556336576,7.4,0.557,2.3
Gabriel McCulley,UTEP Miners,2012,gabriel mcculley,0,NA,NA,32,840,0.14437278142298057,17.18754050462151,5.8,0.59,3.5
Chris Jones,Louisville Cardinals,2014,chris jones,0,NA,NA,37,845,0.11529014898779184,17.1839665213,7.7,0.507,4
Pablo Bertone,Florida Atlantic Owls,2014,pablo bertone,1,1,exact,31,994,0.17903785148455795,17.18339183777739,1.2,0.541,3.1
Olivier-Maxence Prosper,Marquette Golden Eagles,2023,oliviermaxence prosper,0,NA,NA,36,1045,0.13342478977856603,17.181030915618326,3.2,0.617,4
Chris Crawford,Memphis Tigers,2013,chris crawford,0,NA,NA,36,981,0.10057429580210211,17.175664828126624,7.1,0.567,4.2
Giancarlo Rosado,Charlotte 49ers,2025,giancarlo rosado,0,NA,NA,33,848,0.193894455157536,17.16967247811792,0.9,0.587,2.1
L.J. Cryer,Houston Cougars,2025,lj cryer,0,NA,NA,40,1307,0.1956677278460095,17.16744449732868,11.6,0.571,6.7
Michael Houge,Jacksonville State Gamecocks,2025,michael houge,0,NA,NA,36,849,0.10675653292072208,17.165948496201658,-0.6,0.509,2.9
Kalifa Sakho,Sam Houston Bearkats,2025,kalifa sakho,0,NA,NA,32,805,0.08010355206046887,17.165366727697084,0.2,0.631,2.5
Emondrek Erkins-Ford,Jacksonville State Gamecocks,2026,emondrek erkinsford,0,NA,NA,32,688,0.08536687618927416,17.160619208522697,0.7,0.575,2.5
Pierria Henry,Charlotte 49ers,2014,pierria henry,1,3,exact,31,1013,0.1817673672318516,17.154482644653907,4.4,0.508,3.1
Jimmy Whitt Jr.,SMU Mustangs,2019,jimmy whitt,0,NA,NA,32,1053,0.1947417841681825,17.143256205811667,3.9,0.504,3.4
T.J. Price,Western Kentucky Hilltoppers,2014,tj price,0,NA,NA,32,887,0.28911094122056674,17.142654234497375,4,0.548,3.4
Norville Carey,Southern Miss Golden Eagles,2015,norville carey,0,NA,NA,29,730,0.07236855143455827,17.13807971495251,-0.5,0.581,2
Javaunte Hawkins,Florida International Panthers,2024,javaunte hawkins,0,NA,NA,33,885,0.09838417396692216,17.13100178114552,-0.4,0.546,2.3
KyKy Tandy,Jacksonville State Gamecocks,2024,kyky tandy,1,1,exact,32,1008,0.15394109743902934,17.13062192438049,2,0.558,3.8
Greg Gantt,Florida Atlantic Owls,2013,greg gantt,0,NA,NA,31,1148,0.29860666880743064,17.12125711942615,1.8,0.543,4.3
Robert Nyakundi,SMU Mustangs,2011,robert nyakundi,1,3,exact,34,1039,0.14976648805034382,17.106435627511285,3.7,0.654,4.6
Nate Hinton,Houston Cougars,2019,nate hinton,0,NA,NA,37,711,0.0991157936600497,17.103763671470062,6.8,0.533,3.4
Jontae Sherrod,East Carolina Pirates,2011,jontae sherrod,1,3,exact,33,992,0.16513888790100517,17.101657811535702,4.2,0.588,4
Teafale Lenard Jr.,Middle Tennessee Blue Raiders,2022,teafale lenard,0,NA,NA,37,743,0.0851106508804851,17.095545766938265,4,0.624,2.8
Amric Fields,TCU Horned Frogs,2012,amric fields,0,NA,NA,33,699,0.08640475717994603,17.094622877483676,3.9,0.605,2.4
Quincy Olivari,Rice Owls,2021,quincy olivari,1,3,exact,28,804,0.12972778805093935,17.092975259541735,-0.1,0.558,2.5
Jlynn Counter,Middle Tennessee Blue Raiders,2025,jlynn counter,0,NA,NA,34,850,0.12716872337591906,17.091488139780864,3.8,0.535,2.9
Jordan Ivy-Curry,UCF Knights,2025,jordan ivycurry,0,NA,NA,37,993,0.15201325371751245,17.07604579940498,4.7,0.542,2.7
Ethan Chargois,SMU Mustangs,2019,ethan chargois,0,NA,NA,32,923,0.12264184042973424,17.075339270022397,2.6,0.545,3
Raheem Appleby,Louisiana Tech Bulldogs,2012,raheem appleby,0,NA,NA,34,892,0.18909850257995417,17.069727619950502,2.2,0.547,2.9
Willie Clayton,Charlotte 49ers,2014,willie clayton,0,NA,NA,31,914,0.14260378405890747,17.066582126822336,-0.1,0.574,2.8
Jared Garcia,Tulsa Golden Hurricane,2024,jared garcia,0,NA,NA,31,700,0.09436350354638456,17.053843709387696,-0.1,0.533,1.9
Max Strus,DePaul Blue Demons,2018,max strus,0,NA,NA,31,1104,0.24914241335152723,17.053254453839592,5.5,0.546,3.3
Kolby King,Tulane Green Wave,2024,kolby king,0,NA,NA,31,848,0.11078394601149838,17.053017372843446,1.3,0.596,2.3
Yancy Gates,Cincinnati Bearcats,2012,yancy gates,0,NA,NA,37,993,0.26687130009058435,17.049489996691975,4.5,0.498,4
Camron Justice,Western Kentucky Hilltoppers,2022,camron justice,0,NA,NA,31,979,0.1134646864154642,17.048579821481656,1.4,0.571,3.3
Tyler Hooker,Kennesaw State Owls,2019,tyler hooker,0,NA,NA,32,1086,0.3137069211205133,17.030570961465227,-0.7,0.493,2.1
Ronald Delph,Florida Atlantic Owls,2017,ronald delph,0,NA,NA,30,659,0.124489969668304,17.023174101934583,-1.8,0.579,1.9
Kyle Weems,Missouri State Bears,2012,kyle weems,0,NA,NA,32,1005,0.23076627707330696,17.021378358976047,5.2,0.515,3.6
Izaiah Pasha,Delaware Blue Hens,2025,izaiah pasha,0,NA,NA,36,1013,0.1758481914635874,17.01895309482277,-1.5,0.587,2.3
Tyler Stevenson,Southern Miss Golden Eagles,2022,tyler stevenson,0,NA,NA,33,895,0.25929821954299537,17.018762381611623,-1.7,0.524,1.8
Mike Thorne Jr.,Charlotte 49ers,2015,mike thorne,0,NA,NA,32,836,0.13093367139828227,17.017617062565673,0.1,0.539,2.6
Lu'Cye Patterson,Charlotte 49ers,2024,lucye patterson,0,NA,NA,31,993,0.15378204590167657,17.011035094040643,3,0.541,3.5
Corey Davis Jr.,Houston Cougars,2018,corey davis,0,NA,NA,35,1056,0.15264458872232473,17.00492827714375,8.2,0.621,4.9
Keonte Kennedy,UTEP Miners,2022,keonte kennedy,0,NA,NA,34,631,0.21260143930947376,17.003169844086234,3.7,0.507,2.1
Renaldo Dixon,New Mexico State Aggies,2014,renaldo dixon,0,NA,NA,36,867,0.14884937419711744,17.000164275371613,2.9,0.607,3.5
Kian Scroggins,Sam Houston Bearkats,2024,kian scroggins,0,NA,NA,33,561,0.08591175209245687,16.99979459116699,0.1,0.558,2.2
Stevie Mitchell,Marquette Golden Eagles,2024,stevie mitchell,0,NA,NA,37,874,0.13223491447238814,16.996802187769127,6.6,0.588,3.3
Donovan Ivory,Southern Miss Golden Eagles,2024,donovan ivory,0,NA,NA,32,760,0.21784109156058645,16.98570854478,1.3,0.57,2.6
Ian Baker,New Mexico State Aggies,2016,ian baker,0,NA,NA,34,1114,0.1880704047622157,16.982942731223147,3.9,0.561,5
Will Butler,UAB Blazers,2020,will butler,0,NA,NA,32,706,0.12074019371941803,16.975265259411355,NA,0.5986218776916452,NA
Jared Savage,Western Kentucky Hilltoppers,2020,jared savage,1,3,exact,30,1039,0.16281890882376218,16.96883977178901,4.9,0.619,4.2
Dan Skillings Jr.,Cincinnati Bearcats,2025,dan skillings,0,NA,NA,35,661,0.14098098955485655,16.948303110818852,7,0.507,2.1
L.J. Cryer,Houston Cougars,2024,lj cryer,0,NA,NA,37,1187,0.15676328471321677,16.946177997836266,9.3,0.551,6
Caleb Daniels,Tulane Green Wave,2019,caleb daniels,0,NA,NA,31,1018,0.19681885467392837,16.94562719927452,1.3,0.541,2.2
CJ Gunn,DePaul Blue Demons,2025,cj gunn,0,NA,NA,34,848,0.14727628041230956,16.941796195212795,2.7,0.524,1.9
George Fant,Western Kentucky Hilltoppers,2012,george fant,0,NA,NA,35,819,0.16612194136979136,16.938657800641785,1.4,0.529,2.6
Tarvin Gaines,Jacksonville State Gamecocks,2012,tarvin gaines,0,NA,NA,31,697,0.14094809477218162,16.9325853727214,0.3,0.55,3
Chuck Harris,SMU Mustangs,2025,chuck harris,0,NA,NA,35,954,0.1417150225435785,16.925350468293107,4.4,0.584,3.3
Darrius Morrow,East Carolina Pirates,2012,darrius morrow,1,3,exact,31,984,0.13405136268377352,16.924737099699307,1,0.574,3.5
Greg Gantt,Florida Atlantic Owls,2012,greg gantt,0,NA,NA,29,702,0.1542787468100006,16.923614372474415,4.1,0.547,2.5
Camyn Boone,Missouri State Bears,2015,camyn boone,0,NA,NA,31,710,0.1373879056522571,16.923391701960956,-0.5,0.6,2.5
Ethan Chargois,SMU Mustangs,2018,ethan chargois,0,NA,NA,33,661,0.08110024484078658,16.922902822318246,2.7,0.552,2.5
Seth Gearhart,Rice Owls,2015,seth gearhart,1,2,exact,32,1085,0.21763461697478137,16.92050634368526,3.4,0.608,4.4
Andrew Drone,Rice Owls,2016,andrew drone,0,NA,NA,32,623,0.07853292236497586,16.919396468479,-2.5,0.646,1.6
Dawson Garcia,Marquette Golden Eagles,2021,dawson garcia,0,NA,NA,27,803,0.2124081766822978,16.918497008129624,3.7,0.58,3
Mylik Wilson,Houston Cougars,2025,mylik wilson,0,NA,NA,40,698,0.10387273213375796,16.916219393111685,10.5,0.485,3.2
Jahmir Young,Charlotte 49ers,2020,jahmir young,1,3,exact,29,937,0.18677969958540677,16.912938880067827,4.1,0.552,3.5
Kaden Cooper,Louisiana Tech Bulldogs,2025,kaden cooper,0,NA,NA,32,898,0.1321740805028586,16.902312912954073,2.2,0.548,3
Juwan Perdue,Jacksonville State Gamecocks,2023,juwan perdue,0,NA,NA,31,744,0.15205726059806296,16.89496797918472,-0.1,0.58,2.6
Souleymane Doumbia,Sam Houston Bearkats,2024,souleymane doumbia,0,NA,NA,33,579,0.10138488072868124,16.880472870078243,0.8,0.551,1.9
Anthony Duruji,Louisiana Tech Bulldogs,2019,anthony duruji,0,NA,NA,33,988,0.13486971174421877,16.878108085084918,2.2,0.559,3.6
Erik Timko,Delaware Blue Hens,2025,erik timko,0,NA,NA,36,1040,0.1606924069178941,16.87448280546627,-0.7,0.629,3.3
Ben Bradford,Charlotte 49ers,2026,ben bradford,0,NA,NA,34,959,0.13655698396650123,16.864949130563453,-0.3,0.56,2.4
Nicholas Boyd,Florida Atlantic Owls,2023,nicholas boyd,0,NA,NA,39,907,0.10677991282361848,16.864406903557143,NA,0.5825908156271419,NA
Tavin Lovan,UAB Blazers,2022,tavin lovan,0,NA,NA,35,736,0.08962681335557292,16.863457106889516,NA,0.5190839694656488,NA
Terry Rozier,Louisville Cardinals,2014,terry rozier,0,NA,NA,37,699,0.07841128382987496,16.860030919358536,7.3,0.504,3.5
Eric Frederick,Florida International Panthers,2011,eric frederick,0,NA,NA,30,709,0.1774592799173978,16.85841575127037,-2.7,0.535,1.9
Jamee Crockett,DePaul Blue Demons,2012,jamee crockett,0,NA,NA,31,571,0.08260319852309515,16.85562465820014,3.8,0.549,1.6
Robert Brown,UAB Blazers,2016,robert brown,1,1,exact,33,999,0.12154310592154471,16.842223753785273,NA,0.5590167101323288,NA
Chane Behanan,Louisville Cardinals,2012,chane behanan,0,NA,NA,40,1039,0.19803576532254877,16.8413072889938,5.7,0.54,4.1
Ezra Ausar,East Carolina Pirates,2023,ezra ausar,0,NA,NA,33,720,0.09560317189037427,16.84112007384054,0.6,0.56,2
Chase Ross,Marquette Golden Eagles,2025,chase ross,0,NA,NA,34,1031,0.16916686913293283,16.840814811676996,7.1,0.587,3.9
Victor Hart,Southern Miss Golden Eagles,2024,victor hart,0,NA,NA,32,686,0.2121292413058284,16.838965530644735,0.2,0.534,1.9
Armelo Boone,Western Kentucky Hilltoppers,2026,armelo boone,0,NA,NA,32,711,0.1011890398467788,16.832549133161663,-0.4,0.446,1.4
Jamal Williams,Sam Houston Bearkats,2018,jamal williams,0,NA,NA,36,903,0.18013465572694234,16.82797859186718,1.7,0.559,3.2
Keith Williams,Cincinnati Bearcats,2020,keith williams,0,NA,NA,30,863,0.134406832181229,16.827414456107096,5.6,0.525,3.4
John-Caleb Sanders,Liberty Flames,2013,johncaleb sanders,0,NA,NA,36,1088,0.1654087213895698,16.826613920609255,-0.2,0.548,3.5
Tyler Stevenson,Southern Miss Golden Eagles,2021,tyler stevenson,0,NA,NA,25,838,0.18877145752356345,16.820787811749046,0.7,0.554,3
Chris Washburn,TCU Horned Frogs,2015,chris washburn,0,NA,NA,33,790,0.3414701319154579,16.81486588677843,7.4,0.498,3.2
Devon Saddler,Delaware Blue Hens,2013,devon saddler,0,NA,NA,33,1246,0.4686989306808096,16.8098949781288,2.1,0.545,4
Quan Jackson,UAB Blazers,2021,quan jackson,0,NA,NA,29,708,0.16569778259471027,16.796664251201076,NA,0.5108580907857035,NA
Todd Mayo,Marquette Golden Eagles,2014,todd mayo,0,NA,NA,32,715,0.10918487389306664,16.78739955002846,5.3,0.588,2.5
Andrew Carr,Delaware Blue Hens,2022,andrew carr,0,NA,NA,35,965,0.14793634527027394,16.786148062969243,1.7,0.618,3.3
Marlon Hunter,Jacksonville State Gamecocks,2018,marlon hunter,0,NA,NA,36,870,0.12056620097290938,16.77389061728116,0.8,0.55,3.2
Brandon Rachal,Tulsa Golden Hurricane,2020,brandon rachal,0,NA,NA,31,873,0.15809826981174482,16.772426681910396,4.4,0.534,3.3
Kodi Maduka,Tulsa Golden Hurricane,2012,kodi maduka,0,NA,NA,31,680,0.09850723573764036,16.770688699674654,2.7,0.55,2.5
Sterling Taplin,Tulsa Golden Hurricane,2018,sterling taplin,0,NA,NA,31,845,0.1912064021562724,16.76994394932746,3.6,0.561,2.9
Amorie Archibald,Louisiana Tech Bulldogs,2022,amorie archibald,0,NA,NA,34,1068,0.14446587801835897,16.7662658930162,3,0.592,4.4
Braxton Huggins,New Mexico State Aggies,2017,braxton huggins,0,NA,NA,34,940,0.1288020365194538,16.761376468736174,2.5,0.62,4.2
Po'Boigh King,Sam Houston Bearkats,2026,poboigh king,1,2,exact,34,862,0.08972268612766983,16.757780021204095,1.9,0.562,3
Josten Crow,Sam Houston Bearkats,2011,josten crow,0,NA,NA,28,872,0.15313414504548253,16.75079070783326,2.5,0.544,4.1
Sean Kilpatrick,Cincinnati Bearcats,2013,sean kilpatrick,0,NA,NA,34,1169,0.21997556335122675,16.74983503419706,8,0.518,5.4
Jonathan Mills,Southern Miss Golden Eagles,2012,jonathan mills,1,3,exact,34,787,0.07405926687349372,16.749682331439285,2,0.546,3.1
Nic Moore,SMU Mustangs,2015,nic moore,0,NA,NA,34,1147,0.17782776870784062,16.735119033622794,5.7,0.578,5.2
Robert Sampson,East Carolina Pirates,2013,robert sampson,0,NA,NA,31,892,0.1463789607170741,16.73383832556689,1,0.529,3.2
Jyare Davis,Delaware Blue Hens,2023,jyare davis,0,NA,NA,33,1040,0.21433554449573297,16.721912695504308,-1.9,0.504,2.4
Jonathon Simmons,Houston Cougars,2012,jonathon simmons,0,NA,NA,30,902,0.12617223851766762,16.718434986353774,0.5,0.599,2.6
Taze Moore,Houston Cougars,2022,taze moore,0,NA,NA,38,1082,0.1332907919265661,16.71391977046917,8.6,0.521,5.1
Jarrey Foster,SMU Mustangs,2017,jarrey foster,0,NA,NA,35,1005,0.11459764763255864,16.7119104405808,7.4,0.6,4.7
Javon Bess,Saint Louis Billikens,2019,javon bess,0,NA,NA,36,1285,0.29148667875842255,16.71042261815595,4.9,0.527,5.7
Efe Odigie,UTEP Miners,2019,efe odigie,0,NA,NA,29,682,0.5118352141881205,16.699232142211986,-2.6,0.53,1.9
Kamari Lands,Middle Tennessee Blue Raiders,2026,kamari lands,0,NA,NA,32,935,0.11768747079112854,16.69906508205611,1.6,0.533,2.8
B.J. Taylor,UCF Knights,2019,bj taylor,0,NA,NA,33,1135,0.15595612292768396,16.69281426351891,5.1,0.553,4.9
Chris Jones,Louisville Cardinals,2015,chris jones,0,NA,NA,28,807,0.15919353336363268,16.682309674952712,7.8,0.496,3.4
Shake Milton,SMU Mustangs,2017,shake milton,0,NA,NA,35,1239,0.18241506141135944,16.680220594615857,7.8,0.582,6
Matt Carlino,Marquette Golden Eagles,2015,matt carlino,0,NA,NA,32,924,0.2559079463303396,16.679875731988385,6.6,0.574,3
Antwain Johnson,Middle Tennessee Blue Raiders,2018,antwain johnson,0,NA,NA,33,704,0.08706776173970715,16.662643028001302,4,0.566,2.9
Kenrich Williams,TCU Horned Frogs,2015,kenrich williams,0,NA,NA,33,917,0.1686339669276409,16.65639740136632,7.1,0.53,3.8
Ray Spalding,Louisville Cardinals,2017,ray spalding,0,NA,NA,34,653,0.09819070290183862,16.65516063961897,6.4,0.586,2.6
Luke Fischer,Marquette Golden Eagles,2015,luke fischer,0,NA,NA,32,704,0.15746394086837784,16.648470458819496,3.3,0.61,2
Jabari Peters,Sam Houston Bearkats,2014,jabari peters,0,NA,NA,35,1114,0.20844472058520683,16.6462236050067,1.3,0.536,4
Chuck Harris,SMU Mustangs,2024,chuck harris,0,NA,NA,33,955,0.14386612634431065,16.640798679418477,4,0.555,3.4
Shawn Jones,Middle Tennessee Blue Raiders,2013,shawn jones,0,NA,NA,34,718,0.11561313164309955,16.6304127466129,1.7,0.526,3.1
Brandon Stroud,Kennesaw State Owls,2023,brandon stroud,0,NA,NA,35,890,0.11764246733178582,16.629544134313498,1.3,0.523,3.2
Gibson Jimerson,Saint Louis Billikens,2025,gibson jimerson,0,NA,NA,34,1283,0.1961139917863741,16.62904622428377,0.7,0.59,4.2
Sean Kilpatrick,Cincinnati Bearcats,2012,sean kilpatrick,0,NA,NA,37,1277,0.23831796174276432,16.623563927372007,8.2,0.557,5.4
Lovell Cabbil Jr.,Liberty Flames,2019,lovell cabbil,0,NA,NA,36,1049,0.1726291544753078,16.614181228951526,3.4,0.642,4.8
Jeremiah Davenport,Cincinnati Bearcats,2022,jeremiah davenport,0,NA,NA,33,862,0.11995994987467064,16.612783360578256,4.4,0.533,3.2
Armoni Brooks,Houston Cougars,2019,armoni brooks,0,NA,NA,37,1136,0.16216851142401126,16.61182080820194,8,0.553,5.3
Tyson Jolly,SMU Mustangs,2020,tyson jolly,0,NA,NA,30,1048,0.1676204394344684,16.6080122304821,4.1,0.581,3.9
Markeith Cummings,Kennesaw State Owls,2011,markeith cummings,0,NA,NA,30,1077,0.19831409679856385,16.602721614316554,-1.4,0.519,2.5
Jon Elmore,Marshall Thundering Herd,2016,jon elmore,0,NA,NA,33,866,0.10406708345076306,16.60132887419939,-0.7,0.54,2.2
Zid Powell,UTEP Miners,2024,zid powell,0,NA,NA,34,899,0.1294190660108172,16.587582407179184,1.3,0.503,2.7
Richardson Maitre,Florida Atlantic Owls,2020,richardson maitre,0,NA,NA,32,840,0.18265581610350876,16.570375941615236,3.6,0.588,3.2
Terrell Burden,Kennesaw State Owls,2022,terrell burden,0,NA,NA,31,874,0.14383311902379944,16.566255203350877,-0.3,0.51,2.8
Moussa Cisse,Memphis Tigers,2021,moussa cisse,0,NA,NA,28,520,0.06776284788251702,16.56012108784551,1.7,0.511,1.8
Yuri Collins,Saint Louis Billikens,2023,yuri collins,0,NA,NA,33,1121,0.21662710584753336,16.559044443399493,3,0.516,3.5
Jeremy Allen,Florida International Panthers,2012,jeremy allen,0,NA,NA,29,942,0.18213398319007487,16.55617308970978,4.7,0.532,3.2
Willie Clayton,Charlotte 49ers,2013,willie clayton,0,NA,NA,33,755,0.08339306205539121,16.555689827424615,1.4,0.567,2.4
Quentin Millora-Brown,Rice Owls,2019,quentin millorabrown,0,NA,NA,32,746,0.10544051069409806,16.55349246030121,-0.2,0.58,2.1
Adrian Wooley,Louisville Cardinals,2026,adrian wooley,0,NA,NA,35,786,0.1032864762018903,16.549507468139527,5.9,0.576,2.9
Riley Kugel,UCF Knights,2026,riley kugel,0,NA,NA,33,896,0.12930630292612086,16.546384390420915,4.2,0.519,2.2
Cody Ellis,Saint Louis Billikens,2012,cody ellis,0,NA,NA,34,721,0.12367843366822516,16.535836564026972,7.7,0.576,3.6
Nick Cook,Jacksonville State Gamecocks,2012,nick cook,0,NA,NA,31,658,0.09853088479579036,16.534435621836685,1.2,0.536,2.2
Darius Johnson-Odom,Marquette Golden Eagles,2011,darius johnsonodom,0,NA,NA,37,1109,0.14298322935696212,16.52967314563626,4.9,0.547,3.9
Ty  Armstrong,East Carolina Pirates,2013,ty armstrong,0,NA,NA,31,641,0.05877924350119899,16.52800762413333,-2.4,0.579,2.3
Jordan Clarkson,Tulsa Golden Hurricane,2012,jordan clarkson,1,1,exact,31,1052,0.1715122930830698,16.514671379013325,4.8,0.549,4.1
Danuel House Jr.,Houston Cougars,2013,danuel house,0,NA,NA,33,944,0.10770145980466744,16.503136791692086,0.5,0.547,3.2
Robert Braswell IV,Charlotte 49ers,2025,robert braswell,0,NA,NA,33,830,0.1102523342813265,16.503050500473012,0.9,0.606,2.4
Markel Crawford,Memphis Tigers,2017,markel crawford,0,NA,NA,32,1035,0.17170022758227643,16.49783567416747,3.4,0.576,3.5
Evan Maxwell,Liberty Flames,2016,evan maxwell,0,NA,NA,31,665,0.193575416283544,16.49178070070433,-3.8,0.643,1.9
Ryan Myers,Western Kentucky Hilltoppers,2026,ryan myers,0,NA,NA,32,720,0.06574758950634775,16.487126544133428,1.4,0.578,2.2
Keaston Willis,Tulsa Golden Hurricane,2025,keaston willis,0,NA,NA,33,976,0.13782434641661295,16.481391666837084,1.3,0.587,3.1
Will Coleman,Memphis Tigers,2011,will coleman,0,NA,NA,35,671,0.09230687201387572,16.468426236587398,1.6,0.628,2.3
Tahlik Chavez,Louisiana Tech Bulldogs,2024,tahlik chavez,1,3,exact,32,956,0.1240130271538142,16.46235827372357,3.4,0.601,4.3
Damoni Harrison,Charlotte 49ers,2026,damoni harrison,0,NA,NA,34,622,0.08590403412776505,16.456740597884178,3.1,0.627,1.7
Zach Cleveland,Liberty Flames,2025,zach cleveland,1,3,exact,35,1026,0.1351569259662568,16.455969875175875,3,0.508,3.8
Feron Hunt,SMU Mustangs,2019,feron hunt,0,NA,NA,32,753,0.11936452109971052,16.455008892619173,1.9,0.596,2.2
Cheikh Mbacke Diong,UCF Knights,2022,cheikh mbacke diong,0,NA,NA,30,735,0.1178404975623762,16.454322110637175,2.2,0.599,2.4
D.J. Felder,Jacksonville State Gamecocks,2014,dj felder,0,NA,NA,31,624,0.20786389791459828,16.43240783581504,-2,0.562,1.6
Seth Pinkney,Florida International Panthers,2024,seth pinkney,0,NA,NA,33,581,0.04048440946273448,16.426964437783035,-2.2,0.679,1.8
Johnny McCants,New Mexico State Aggies,2022,johnny mccants,0,NA,NA,34,820,0.13221454660353676,16.419041742661875,5.3,0.558,3.1
Micah Robinson,TCU Horned Frogs,2026,micah robinson,0,NA,NA,35,940,0.14225627570891236,16.414420852217567,5.6,0.531,3.1
Chris Kendrix,Missouri State Bears,2016,chris kendrix,0,NA,NA,31,814,0.21681933523055957,16.409891590027954,1.8,0.573,2.4
Alston Mason,Missouri State Bears,2024,alston mason,0,NA,NA,33,1056,0.1910077497257691,16.405095642077857,2.3,0.545,3.2
Darrius Morrow,East Carolina Pirates,2011,darrius morrow,0,NA,NA,33,1021,0.12699284624378107,16.401590640279757,0.3,0.565,3.3
Jahvon Quinerly,Memphis Tigers,2024,jahvon quinerly,0,NA,NA,32,1053,0.16404505166791827,16.39863020755128,2.4,0.537,3.2
Zach Nutall,Sam Houston Bearkats,2019,zach nutall,0,NA,NA,33,564,0.08139962463673486,16.392978270448396,1,0.55,1.9
Themus Fulks,UCF Knights,2026,themus fulks,0,NA,NA,33,1084,0.19158694635217416,16.392670399132005,1.9,0.531,2.3
JD Miller,TCU Horned Frogs,2019,jd miller,0,NA,NA,37,1136,0.1857804942895896,16.386932024768285,5.2,0.549,4.1
Damion Baugh,TCU Horned Frogs,2023,damion baugh,0,NA,NA,35,1014,0.24618412419528027,16.384232573706743,6,0.521,3.3
Jordan Goodwin,Saint Louis Billikens,2018,jordan goodwin,0,NA,NA,33,868,0.2123031290013835,16.383992065233596,4.9,0.448,2.7
Chris Thomas,Marshall Thundering Herd,2014,chris thomas,0,NA,NA,33,833,0.06305536951918654,16.379007964082433,0.2,0.512,2
J'Wan Roberts,Houston Cougars,2025,jwan roberts,0,NA,NA,40,1122,0.1727028934558536,16.377602565392785,8.7,0.511,4.6
Martins Igbanu,Tulsa Golden Hurricane,2018,martins igbanu,0,NA,NA,31,697,0.10721153901127609,16.375523363617226,1.2,0.589,2.3
Isaiah Sykes,UCF Knights,2012,isaiah sykes,0,NA,NA,33,1012,0.18404797808904527,16.372022964640625,2.8,0.559,3.1
JD Miller,TCU Horned Frogs,2018,jd miller,0,NA,NA,33,655,0.07982758769462885,16.36538231296553,3,0.538,1.8
Obinna Anochili-Killen,Marshall Thundering Herd,2023,obinna anochilikillen,0,NA,NA,32,812,0.10082723061158722,16.355441014679755,0.1,0.531,2.9
Kentrell Barkley,East Carolina Pirates,2017,kentrell barkley,0,NA,NA,33,1066,0.210296641238065,16.351320838146098,3.8,0.52,3.6
Isaiah Elohim,Florida Atlantic Owls,2026,isaiah elohim,0,NA,NA,33,899,0.11309039216129028,16.347617392625317,1.2,0.551,2.9
Deng Adel,Louisville Cardinals,2018,deng adel,0,NA,NA,36,1126,0.22434294954445555,16.33512074782644,4.6,0.554,3.6
Darion Rackley,Jacksonville State Gamecocks,2014,darion rackley,0,NA,NA,31,835,0.18896168595593096,16.3239024868433,-1.1,0.538,2.1
Efe Odigie,SMU Mustangs,2023,efe odigie,0,NA,NA,32,832,0.1468767600118581,16.321194914740587,-0.7,0.548,2
Jesse Sanders,Liberty Flames,2011,jesse sanders,0,NA,NA,30,988,0.29150410726744747,16.318633217140498,1.8,0.537,4.2
Fred Thatch Jr.,Saint Louis Billikens,2022,fred thatch,0,NA,NA,35,867,0.1408885395262288,16.318443830786453,4.9,0.538,3.3
David Joplin,Marquette Golden Eagles,2023,david joplin,0,NA,NA,36,687,0.08255729272912059,16.313248012273327,3.8,0.569,2.1
Chris  Smith,Louisville Cardinals,2011,chris smith,0,NA,NA,35,909,0.1746375983273112,16.312826039386227,6.6,0.559,3.6
Dion Dixon,Cincinnati Bearcats,2011,dion dixon,0,NA,NA,35,938,0.18927657278171095,16.311391535955845,7,0.539,4.2
Miguel Paul,East Carolina Pirates,2013,miguel paul,1,2,exact,31,1043,0.13261905849750688,16.292196682462663,0.9,0.552,3.4
Trey Murphy III,Rice Owls,2019,trey murphy,0,NA,NA,32,659,0.08395879003832439,16.289675230866536,3.6,0.628,2.1
Jaylen Forbes,Tulane Green Wave,2022,jaylen forbes,0,NA,NA,29,1052,0.15504072160507,16.281090889799742,2.7,0.584,3.1
Emanuel Miller,TCU Horned Frogs,2022,emanuel miller,0,NA,NA,34,934,0.1842258465046837,16.279117707223765,5.2,0.537,3.5
DaQuan Bracey,Louisiana Tech Bulldogs,2020,daquan bracey,1,1,exact,30,846,0.11526451792098484,16.276507565665856,3.3,0.556,3.4
Ezra Ausar,East Carolina Pirates,2024,ezra ausar,0,NA,NA,33,840,0.10920714317754636,16.275197497471382,-0.5,0.575,2.3
Emanuel Sharp,Houston Cougars,2024,emanuel sharp,0,NA,NA,37,1046,0.12956450259390292,16.272702177469483,8.3,0.547,5.4
Jarron Cumberland,Cincinnati Bearcats,2020,jarron cumberland,0,NA,NA,30,876,0.17189405075663994,16.2717021909309,5.7,0.533,3.1
Camryn Weston,Middle Tennessee Blue Raiders,2025,camryn weston,0,NA,NA,34,952,0.11339613052604997,16.26783852902219,0.5,0.515,2.9
Terry Winn III,UTEP Miners,2016,terry winn,0,NA,NA,33,742,0.10375872768729724,16.262976509253747,-3.4,0.52,2
Dwayne Evans,Saint Louis Billikens,2011,dwayne evans,0,NA,NA,31,723,0.18800830863006412,16.261155894283068,2.4,0.524,2.6
Brandon Young,DePaul Blue Demons,2014,brandon young,0,NA,NA,33,1114,0.32167221126914,16.25322208851233,3.2,0.514,2.3
Chip Armelin,Southern Miss Golden Eagles,2015,chip armelin,1,3,exact,29,1022,0.20754768031853496,16.247895328034364,1.8,0.563,2.7
Steffphon Pettigrew,Western Kentucky Hilltoppers,2011,steffphon pettigrew,0,NA,NA,32,1085,0.18002132939704812,16.247670571872895,1.5,0.54,3.4
Ryan Kemrite,Liberty Flames,2017,ryan kemrite,0,NA,NA,34,998,0.19405911052551228,16.241333690781843,2.6,0.681,4.8
Peyton Siva,Louisville Cardinals,2011,peyton siva,0,NA,NA,35,975,0.15318287446147563,16.23758748603999,5.7,0.54,3.7
Travis Evee,Rice Owls,2024,travis evee,0,NA,NA,32,1079,0.15343855587743035,16.23586156864477,0.2,0.543,2.4
Junior Etou,Tulsa Golden Hurricane,2017,junior etou,0,NA,NA,32,935,0.1971447338644516,16.22056626061294,3.8,0.627,3.1
Shahada Wells,TCU Horned Frogs,2023,shahada wells,0,NA,NA,35,605,0.1127022454465174,16.219420646058136,5.6,0.516,2
Brandon Maclin,DePaul Blue Demons,2026,brandon maclin,0,NA,NA,32,801,0.1930399736109963,16.216689230968033,4.4,0.528,2.3
Johnell Davis,Florida Atlantic Owls,2022,johnell davis,0,NA,NA,34,645,0.3690862353953081,16.209658117710745,2.1,0.57,2.4
Tristan Ikpe,Sam Houston Bearkats,2022,tristan ikpe,0,NA,NA,33,765,0.13527940936140426,16.20930011435826,1,0.546,3.2
Brandan Stith,East Carolina Pirates,2014,brandan stith,0,NA,NA,34,645,0.070446940501424,16.194324458238057,-3.1,0.518,2.1
David Joplin,Marquette Golden Eagles,2025,david joplin,0,NA,NA,34,1083,0.17352172995533868,16.1911438594576,5.1,0.547,3.4
Tanveer Bhullar,New Mexico State Aggies,2016,tanveer bhullar,0,NA,NA,34,617,0.11003117640893476,16.186727916880503,0.8,0.591,2.6
Sam Hauser,Marquette Golden Eagles,2017,sam hauser,0,NA,NA,32,847,0.13500680286025885,16.185244152903906,6.3,0.642,2.9
Dayon Griffin,Louisiana Tech Bulldogs,2016,dayon griffin,0,NA,NA,33,959,0.10359888176523813,16.174512495487726,1.5,0.577,3.3
Lewis Sullivan,UAB Blazers,2018,lewis sullivan,0,NA,NA,33,627,0.05984213219018071,16.17372394635952,NA,0.6128965801400906,NA
Austin Ajukwa,Charlotte 49ers,2017,austin ajukwa,0,NA,NA,30,536,0.07400970533315332,16.161988318591845,-0.8,0.551,1.2
David DeJulius,Cincinnati Bearcats,2022,david dejulius,0,NA,NA,33,943,0.15664594830972095,16.1500791700842,3.6,0.511,3.1
Austin Butler,Charlotte 49ers,2022,austin butler,0,NA,NA,31,1018,0.13898274650572057,16.14470669252399,-0.1,0.6,3.1
Terrell Brown,New Mexico State Aggies,2019,terrell brown,0,NA,NA,35,828,0.13996237283930918,16.1396153413987,4.5,0.603,3.8
B.J. Taylor,UCF Knights,2017,bj taylor,0,NA,NA,36,1056,0.21474770885731104,16.13719412736579,6.1,0.523,4.6
Malcolm Drumwright,Jacksonville State Gamecocks,2016,malcolm drumwright,0,NA,NA,29,704,0.13706730881102394,16.12804290451384,-2.8,0.515,1.6
Ronnie Boggs,Jacksonville State Gamecocks,2013,ronnie boggs,0,NA,NA,28,964,0.12774868556748648,16.11792588466389,1.9,0.539,3.1
John Brown,Liberty Flames,2011,john brown,0,NA,NA,30,972,0.30178987608144536,16.112433620120562,0.1,0.534,3.4
Donovan Mitchell,Louisville Cardinals,2016,donovan mitchell,0,NA,NA,31,591,0.1311440155639311,16.10771586230203,7.1,0.527,2.8
Jonathan Mills,Southern Miss Golden Eagles,2013,jonathan mills,0,NA,NA,37,1075,0.08933007089863151,16.09951646284894,1.7,0.533,4.2
Jon Davis,Charlotte 49ers,2018,jon davis,0,NA,NA,29,1051,0.1456303053859548,16.09545110694881,-1.2,0.517,1.8
Donovan Sims,Middle Tennessee Blue Raiders,2022,donovan sims,0,NA,NA,37,1035,0.15639537508406315,16.07922138201636,2.4,0.52,3.7
Hooper Vint,UTEP Miners,2016,hooper vint,0,NA,NA,33,715,0.10117661940646472,16.058364651516467,-2.4,0.595,2
Josh Anderson,Western Kentucky Hilltoppers,2019,josh anderson,0,NA,NA,34,1015,0.10520407577947267,16.049121541214323,2.4,0.536,3
Dominic Artis,UTEP Miners,2016,dominic artis,0,NA,NA,33,1064,0.13762750607945434,16.043878582041273,0,0.496,3
Kentrell Barkley,East Carolina Pirates,2018,kentrell barkley,0,NA,NA,30,741,0.1856274977288015,16.04156712373802,1.5,0.531,1.7
Steven Werner,Sam Houston Bearkats,2012,steven werner,0,NA,NA,28,550,0.3047918236443303,16.0246873935278,-1.3,0.623,2.2
Chuck O'Bannon Jr.,TCU Horned Frogs,2022,chuck obannon,0,NA,NA,34,816,0.14600515145026086,16.024172889737684,7.7,0.531,3.3
Darius Perry,UCF Knights,2022,darius perry,0,NA,NA,30,889,0.1450985974035722,16.009903078584983,4.3,0.521,2.8
Kalu Anya,Saint Louis Billikens,2025,kalu anya,0,NA,NA,34,943,0.16858689662211931,15.998567438953035,3.5,0.56,3.1
Monty Scott,Kennesaw State Owls,2018,monty scott,0,NA,NA,30,923,0.10006216902586314,15.99730614769037,-1.8,0.507,1.4
Jason Jones,Middle Tennessee Blue Raiders,2011,jason jones,0,NA,NA,31,931,0.2052885969879993,15.988591446513706,1.1,0.534,3.2
A.J. Davis,UCF Knights,2018,aj davis,0,NA,NA,32,1023,0.21097112894031733,15.980092907086073,5.7,0.542,4
Lester Quinones,Memphis Tigers,2021,lester quinones,0,NA,NA,28,738,0.1326488539462772,15.979549173727833,5.7,0.561,3.4
Jayland Randall,New Mexico State Aggies,2026,jayland randall,0,NA,NA,32,637,0.06648987702379017,15.973086048604658,0.9,0.504,2
Taveion Hollingsworth,Western Kentucky Hilltoppers,2021,taveion hollingsworth,1,2,exact,29,909,0.12745705921732217,15.966870002574185,2,0.536,3.1
Demaree King,Jacksonville State Gamecocks,2023,demaree king,0,NA,NA,31,1082,0.1953631127404138,15.960532323764948,-0.1,0.586,3.6
LJ Hackman,Western Kentucky Hilltoppers,2026,lj hackman,0,NA,NA,32,692,0.06721088750883647,15.955384939859888,0.3,0.523,2
Neil Watson,Southern Miss Golden Eagles,2012,neil watson,1,2,exact,34,1027,0.1408235915864403,15.953444809425868,5.3,0.528,4.3
Robert Martin,Rice Owls,2020,robert martin,0,NA,NA,32,731,0.17265338618700088,15.94877702477477,0,0.545,2.1
Raheem Appleby,Louisiana Tech Bulldogs,2013,raheem appleby,0,NA,NA,34,895,0.13070640809892045,15.93515757935658,1.9,0.482,2.9
Robert Nyakundi,SMU Mustangs,2012,robert nyakundi,1,3,exact,32,1034,0.18567920809652727,15.927860951784703,4.1,0.612,4
Brandon Weatherspoon,Florida Atlantic Owls,2024,brandon weatherspoon,0,NA,NA,34,807,0.09041236249302932,15.923004036536874,6,0.589,2.9
Isiaha Mike,SMU Mustangs,2019,isiaha mike,0,NA,NA,32,981,0.12243979098712082,15.922530219326957,3.4,0.579,3
Shaq Goodwin,Memphis Tigers,2013,shaq goodwin,0,NA,NA,36,744,0.05445704238171313,15.920753716702892,1.8,0.509,2.5
Matt Willms,UTEP Miners,2017,matt willms,0,NA,NA,32,857,0.12350601983011182,15.91787075367024,-1.2,0.593,2.3
Javian Davis,UAB Blazers,2024,javian davis,0,NA,NA,35,932,0.10261031316764468,15.91504687443838,NA,0.620651486401012,NA
Joe Jackson,Memphis Tigers,2012,joe jackson,0,NA,NA,35,914,0.1127891640475686,15.91474507856649,4.1,0.557,3.5
Trey Jemison,UAB Blazers,2021,trey jemison,0,NA,NA,29,753,0.10470678887974182,15.913851160956854,NA,0.5526484408372491,NA
Ben Moore,SMU Mustangs,2015,ben moore,0,NA,NA,34,725,0.08579170856299338,15.906608303998413,3.8,0.501,2.8
Tshilidzi Nephawe,New Mexico State Aggies,2015,tshilidzi nephawe,0,NA,NA,34,584,0.1542726134485703,15.901790973779246,-0.7,0.557,2.2
Giancarlo Rosado,Florida Atlantic Owls,2022,giancarlo rosado,0,NA,NA,34,583,0.01761466338378228,15.901750824568197,0,0.535,1.8
Torey Alston,Middle Tennessee Blue Raiders,2025,torey alston,0,NA,NA,34,684,0.07463697182396668,15.900485637729837,0.1,0.581,2.1
Yuri Collins,Saint Louis Billikens,2022,yuri collins,0,NA,NA,35,1124,0.21464362409017065,15.900376718967555,4,0.539,3.7
Darien Jackson,Tulsa Golden Hurricane,2020,darien jackson,0,NA,NA,31,808,0.14474717000567733,15.900077105439832,5.5,0.584,3.3
Chuck O'Bannon Jr.,TCU Horned Frogs,2021,chuck obannon,0,NA,NA,26,450,0.12091710920801876,15.899042116422631,4,0.547,1.4
Jamall Gregory,Jacksonville State Gamecocks,2018,jamall gregory,0,NA,NA,36,830,0.12641235424348096,15.898897819898874,2.2,0.525,2.5
Kyler Edwards,Houston Cougars,2022,kyler edwards,0,NA,NA,38,1262,0.15117761595409532,15.896727166563272,7.6,0.509,6
Cashmere Wright,Cincinnati Bearcats,2013,cashmere wright,0,NA,NA,34,977,0.20538389595600023,15.88721860797696,7.4,0.533,4.4
Anthony Adger,Florida Atlantic Owls,2019,anthony adger,1,3,exact,33,1068,0.16926124821222846,15.88332533437581,2.7,0.526,3.9
Jimmy Whitt Jr.,SMU Mustangs,2018,jimmy whitt,0,NA,NA,33,1096,0.1538608837002062,15.88014523876427,4.5,0.516,4
Jamil Wilson,Marquette Golden Eagles,2013,jamil wilson,0,NA,NA,35,881,0.1465056088946815,15.87597114192526,7.1,0.547,3.4
DaQuan Bracey,Louisiana Tech Bulldogs,2017,daquan bracey,0,NA,NA,33,924,0.10726224613939536,15.873459662721451,0.3,0.507,3.5
Devonta Abron,TCU Horned Frogs,2013,devonta abron,0,NA,NA,32,681,0.16480711020943298,15.870760851171314,1.8,0.558,2.4
Maurice Bolden,Southern Miss Golden Eagles,2011,maurice bolden,0,NA,NA,31,532,0.05333297220998434,15.859306675037924,-0.1,0.508,1.9
Jarrod West,Marshall Thundering Herd,2020,jarrod west,1,3,exact,32,1153,0.17094652436639873,15.858076631989356,2.3,0.523,3.6
Jamal Williams,Sam Houston Bearkats,2016,jamal williams,0,NA,NA,34,1020,0.19425646771266544,15.853403666510296,0.7,0.55,3.1
Russ Smith,Louisville Cardinals,2012,russ smith,0,NA,NA,40,837,0.0944353327319493,15.852855793252225,6.1,0.461,2.9
Giddy Potts,Middle Tennessee Blue Raiders,2018,giddy potts,1,2,exact,33,1051,0.1427456861637347,15.848418186829631,5.7,0.575,4.2
Nick Jourdain,Memphis Tigers,2024,nick jourdain,0,NA,NA,32,707,0.07738667993046602,15.84484066477206,3.1,0.63,2.2
DK Eldridge,New Mexico State Aggies,2014,dk eldridge,0,NA,NA,36,995,0.12591266057143488,15.84248515659506,2.2,0.556,3.7
Jay Hook,Tulane Green Wave,2014,jay hook,0,NA,NA,34,1081,0.20476625671783957,15.841980765115458,1.7,0.634,3.7
Jameer Nelson Jr.,Delaware Blue Hens,2022,jameer nelson,0,NA,NA,35,1144,0.17579656167912686,15.83959999713406,0.4,0.554,3.3
Antwan Burrus,Liberty Flames,2012,antwan burrus,0,NA,NA,32,954,0.1844670642368248,15.838969400692518,-2.8,0.559,2.4
Adonis Filer,Florida Atlantic Owls,2017,adonis filer,0,NA,NA,30,677,0.0956323607978835,15.837689911252838,-0.4,0.506,1.6
Deandre Dishman,Middle Tennessee Blue Raiders,2022,deandre dishman,0,NA,NA,37,1013,0.11544136257663272,15.832631361965865,1.6,0.557,3.3
Kyle Rode,Liberty Flames,2023,kyle rode,0,NA,NA,36,1051,0.16810782682079672,15.83123119900451,4.4,0.584,4.7
Teshaun Hightower,Tulane Green Wave,2020,teshaun hightower,0,NA,NA,30,1026,0.18172229494230763,15.825925621632496,1,0.525,2.5
Brandon Mahan,UCF Knights,2022,brandon mahan,0,NA,NA,30,669,0.11931093707459182,15.821399497802808,5.3,0.534,2.2
Denijay Harris,Southern Miss Golden Eagles,2023,denijay harris,0,NA,NA,33,676,0.1528073879696902,15.812591802543356,-0.7,0.582,2.2
Trejon Jacob,Florida International Panthers,2018,trejon jacob,0,NA,NA,32,1043,0.16210538059608476,15.810897322502456,1.1,0.545,3.2
Brody Peebles,Liberty Flames,2024,brody peebles,0,NA,NA,32,683,0.07237006006324852,15.809558766334094,-2,0.563,2.3
Eric Lockett,Florida International Panthers,2018,eric lockett,0,NA,NA,32,1185,0.26374744071474376,15.802509539455496,0.2,0.517,3.4
Tyrese Hunter,Memphis Tigers,2025,tyrese hunter,0,NA,NA,35,1089,0.16691576857592083,15.793880623582869,4.8,0.552,3.4
McKenzie Moore,UTEP Miners,2013,mckenzie moore,0,NA,NA,32,611,0.10615183217504484,15.787577083560894,5.9,0.556,2
Alejandro Vasquez,UAB Blazers,2025,alejandro vasquez,0,NA,NA,37,856,0.07492493616390984,15.78733628351298,NA,0.5002914319020789,NA
Samuell Williamson,SMU Mustangs,2024,samuell williamson,0,NA,NA,33,777,0.09384218140484872,15.770960751050096,0.8,0.461,2.3
Isaiah Rivera,DePaul Blue Demons,2025,isaiah rivera,0,NA,NA,34,938,0.14776957499335638,15.76751821493848,3.7,0.577,2.4
Javion May,Sam Houston Bearkats,2022,javion may,0,NA,NA,33,659,0.14616302134680834,15.763296166251465,3.2,0.528,2.9
Daviyon Draper,Florida International Panthers,2016,daviyon draper,0,NA,NA,31,1058,0.1656043092256274,15.754847314342497,-0.5,0.516,2.7
Jermaine Mallett,Missouri State Bears,2011,jermaine mallett,0,NA,NA,35,1153,0.23534029467801623,15.750625366186368,4.9,0.592,4.5
Cane Broome,Cincinnati Bearcats,2018,cane broome,0,NA,NA,36,698,0.10010142081897792,15.742006688614316,5.5,0.568,3.2
Dug McDaniel,Memphis Tigers,2026,dug mcdaniel,0,NA,NA,32,1102,0.1878685669118587,15.741854083743274,2.4,0.505,2.5
Lamont West,Missouri State Bears,2020,lamont west,0,NA,NA,33,703,0.12065492682550358,15.736093790940254,2,0.569,2.5
DeAndre Kane,Marshall Thundering Herd,2012,deandre kane,1,2,exact,35,1156,0.1472075299069798,15.735439994183944,4.3,0.477,3.5
AC Bryant,Jacksonville State Gamecocks,2026,ac bryant,0,NA,NA,32,859,0.12131231672847236,15.733834884378004,2.3,0.557,3.1
Chance Moore,Missouri State Bears,2024,chance moore,0,NA,NA,33,832,0.14709835186783748,15.73047279005206,2.7,0.513,2.5
Chuck O'Bannon Jr.,TCU Horned Frogs,2023,chuck obannon,0,NA,NA,35,765,0.09131117391685956,15.729578969562509,6,0.511,2.8
Lamar Wilkerson,Sam Houston Bearkats,2024,lamar wilkerson,1,1,exact,33,922,0.13025826172710395,15.71999552477426,2.7,0.541,3.3
Michel Nzege,East Carolina Pirates,2015,michel nzege,0,NA,NA,33,593,0.07771153052719641,15.70940919583052,-2,0.601,1.8
Nik Graves,Charlotte 49ers,2024,nik graves,0,NA,NA,31,892,0.13404849219717577,15.708677059245517,2.9,0.59,3.4
Shiloh Robinson,Liberty Flames,2023,shiloh robinson,0,NA,NA,36,748,0.11048130946157143,15.698299908535262,2.4,0.63,3.3
Jamal Bieniemy,UTEP Miners,2022,jamal bieniemy,1,3,exact,34,1040,0.16830029640964303,15.697102496825536,2.3,0.511,3.1
Femi Odukale,New Mexico State Aggies,2024,femi odukale,1,3,exact,32,745,0.12490605175209211,15.69600876692788,1.9,0.474,1.6
Issa Muhammad,New Mexico State Aggies,2023,issa muhammad,0,NA,NA,24,561,0.11693425259448,15.695463776577007,-0.1,0.588,1.8
JR  Coronado,Liberty Flames,2014,coronado,0,NA,NA,32,558,0.10007419145618998,15.688674185833598,-1.5,0.578,1.7
Landers Nolley II,Memphis Tigers,2021,landers nolley,0,NA,NA,28,767,0.11854667955416376,15.675205353269208,5.2,0.549,3.1
Darian Adams,Jacksonville State Gamecocks,2021,darian adams,0,NA,NA,27,922,0.14980115739014682,15.673168722879067,-0.3,0.561,3.2
Spencer Rodgers,Kennesaw State Owls,2021,spencer rodgers,0,NA,NA,24,779,0.2536240955557123,15.668772093148805,-0.8,0.557,2.4
Robert Braswell IV,Charlotte 49ers,2022,robert braswell,0,NA,NA,31,616,0.0722766954369152,15.666561795191187,1.4,0.665,1.9
Austin Crowley,Southern Miss Golden Eagles,2024,austin crowley,0,NA,NA,32,1061,0.20584440968473897,15.66541785488294,-0.2,0.501,2.7
Ade Popoola,Tulsa Golden Hurricane,2026,ade popoola,0,NA,NA,38,1092,0.11041198051323804,15.663310081040985,4.2,0.584,3.6
Fabian White Jr.,Houston Cougars,2020,fabian white,0,NA,NA,31,734,0.1133544435477807,15.662369615371274,3.4,0.512,3
Trey Simpson,Kennesaw State Owls,2026,trey simpson,0,NA,NA,35,896,0.07956573569862828,15.654730827470436,0.2,0.565,2.6
Jacob Walker,Sam Houston Bearkats,2026,jacob walker,0,NA,NA,34,877,0.07391080610729858,15.633935032117618,-0.8,0.571,2.6
Kayne Henry,Jacksonville State Gamecocks,2022,kayne henry,0,NA,NA,32,836,0.13223868612293405,15.628407435440664,0.4,0.569,3
Troy Caupain,Cincinnati Bearcats,2016,troy caupain,0,NA,NA,33,1104,0.17040433348344974,15.624239950319533,6.1,0.495,4.3
Jacob Meyer,DePaul Blue Demons,2025,jacob meyer,0,NA,NA,34,638,0.0857273718339112,15.620241477931172,1,0.52,1.6
Xavier Pinson,New Mexico State Aggies,2023,xavier pinson,0,NA,NA,24,752,0.20514494945735243,15.618886307107353,2,0.532,2.2
Lamonte Bearden,Western Kentucky Hilltoppers,2019,lamonte bearden,0,NA,NA,34,668,0.1161249931228476,15.613188512961392,3,0.521,2.2
Asher Woods,Tulane Green Wave,2025,asher woods,0,NA,NA,34,967,0.11962120143435316,15.611276961462934,0.8,0.548,2.9
Tae Hardy,UTEP Miners,2024,tae hardy,1,2,exact,34,1117,0.15148214706831856,15.609578926836752,0.6,0.524,3.6
Jamal Shead,Houston Cougars,2022,jamal shead,0,NA,NA,38,1176,0.14041008353801934,15.607612540947084,6.6,0.495,5.3
Micah Peavy,TCU Horned Frogs,2024,micah peavy,0,NA,NA,34,994,0.1364047120444261,15.603380008598982,3.9,0.515,2.9
Brandon Johnson,East Carolina Pirates,2022,brandon johnson,0,NA,NA,30,525,0.07961153149504473,15.60149971620102,0.6,0.543,1.7
Jaylen Butz,DePaul Blue Demons,2019,jaylen butz,0,NA,NA,36,799,0.1182187816631045,15.597110078722942,1.9,0.579,2.1
Miles Reynolds,Saint Louis Billikens,2016,miles reynolds,0,NA,NA,32,593,0.13666299817239552,15.594116165269734,1.4,0.563,1.7
Jared Coleman-Jones,Middle Tennessee Blue Raiders,2024,jared colemanjones,1,3,exact,33,927,0.06972290247854554,15.590975025472456,0,0.54,2.1
Chad Bowie,Sam Houston Bearkats,2020,chad bowie,0,NA,NA,31,754,0.14116293947010283,15.589633897502322,0.7,0.509,2.4
Gregg Glenn III,Tulane Green Wave,2025,gregg glenn,0,NA,NA,34,910,0.10708929822055854,15.589119100625611,-1.3,0.542,2.2
Da'Sean Nelson,DePaul Blue Demons,2023,dasean nelson,0,NA,NA,33,790,0.160926487765484,15.58116029509728,1.2,0.588,1.5
Tristan Spurlock,UCF Knights,2013,tristan spurlock,0,NA,NA,29,858,0.136308185653621,15.577798796950296,3.3,0.55,3.3
Billy Garrett Jr.,DePaul Blue Demons,2017,billy garrett,0,NA,NA,32,938,0.22466091096231228,15.57547681087298,1.8,0.536,2
Cesare Edwards,Missouri State Bears,2024,cesare edwards,0,NA,NA,33,595,0.11425778408590533,15.56389016247531,-0.3,0.527,1.6
Brandon Newman,Western Kentucky Hilltoppers,2024,brandon newman,0,NA,NA,34,871,0.09822514069189878,15.558670720456954,0.8,0.526,2.6
Damon Nicholas Jr.,Sam Houston Bearkats,2024,damon nicholas,0,NA,NA,33,830,0.1033736699424094,15.554233307956723,2.7,0.504,2.9
Orlando Coleman,Kennesaw State Owls,2014,orlando coleman,0,NA,NA,31,813,0.4172971291839413,15.552276782252548,-2.2,0.564,1.7
Samuell Williamson,SMU Mustangs,2023,samuell williamson,0,NA,NA,32,956,0.14492368402301264,15.551153648050487,1.8,0.49,2
Kaden Metheny,Liberty Flames,2026,kaden metheny,1,3,exact,34,1117,0.1051703592440878,15.550030009413106,1.1,0.61,3.1
Brandon Swannegan,Tulsa Golden Hurricane,2016,brandon swannegan,0,NA,NA,31,602,0.0614781037814056,15.546873982696908,2.2,0.595,2.3
Jaylen Butz,DePaul Blue Demons,2020,jaylen butz,0,NA,NA,32,845,0.16514318213673035,15.541134585342224,2.4,0.58,2.2
Mohamed Sanogo,Florida International Panthers,2023,mohamed sanogo,0,NA,NA,32,642,0.08575715633447784,15.541037156288224,0.2,0.643,1.6
Justin Massey,Florida Atlantic Owls,2018,justin massey,0,NA,NA,31,791,0.09532181855019747,15.532343806970374,1,0.512,2.5
DeAndre Pinckney,Southern Miss Golden Eagles,2021,deandre pinckney,0,NA,NA,25,472,0.10992813059379716,15.529320862890218,1.3,0.582,1.6
Julyan Stone,UTEP Miners,2011,julyan stone,1,2,exact,35,1279,0.189425124043272,15.52906913008581,6.5,0.554,5.3
Delbert Love,Kennesaw State Owls,2014,delbert love,0,NA,NA,31,963,0.6494931941187632,15.527852946370896,0.7,0.539,2.5
Kerry Hammonds II,Middle Tennessee Blue Raiders,2014,kerry hammonds,0,NA,NA,33,1013,0.1523773325626901,15.52255860556578,4.9,0.576,4.4
Dennis Tinnon,Marshall Thundering Herd,2013,dennis tinnon,0,NA,NA,32,979,0.3244095265973343,15.520976377082738,-0.4,0.526,2.5
Jarron Cumberland,Cincinnati Bearcats,2018,jarron cumberland,0,NA,NA,36,1041,0.10817892334710472,15.519016458553152,6.5,0.529,4.8
Devan Cambridge,UCF Knights,2026,devan cambridge,0,NA,NA,33,573,0.08254960177156441,15.515117542619471,4.8,0.556,1.7
Noah Otshudi,Marshall Thundering Herd,2026,noah otshudi,0,NA,NA,32,977,0.1707470397612134,15.499972985111006,-3.8,0.539,1.9
Vincent Brady II,Missouri State Bears,2025,vincent brady,0,NA,NA,32,972,0.1898010058133353,15.499617708427923,1.1,0.589,2.8
Dazon Ingram,UCF Knights,2020,dazon ingram,0,NA,NA,30,815,0.21611799088084577,15.4967285628437,4.3,0.535,2.9
Marcus Jordan,UCF Knights,2011,marcus jordan,1,3,exact,33,1038,0.14094989323868942,15.49597066937247,1.7,0.543,3.5
Amorie Archibald,Louisiana Tech Bulldogs,2018,amorie archibald,0,NA,NA,33,604,0.0803293191702004,15.495266554172929,0.2,0.499,1.7
Andrew Taylor,Marshall Thundering Herd,2022,andrew taylor,0,NA,NA,33,1162,0.15590264104984938,15.492826868686548,0.2,0.506,2.3
Tarik Black,Memphis Tigers,2013,tarik black,0,NA,NA,36,664,0.05838911232121473,15.488042689763164,0.9,0.561,2.3
Asher Woods,Tulane Green Wave,2026,asher woods,0,NA,NA,33,1019,0.1366650649231147,15.487498383660151,-1.5,0.551,2.1
Nigel Pruitt,Kennesaw State Owls,2015,nigel pruitt,0,NA,NA,32,880,0.146801523537491,15.484659601991812,-1.1,0.559,2.2
Arturo Dean,Florida International Panthers,2023,arturo dean,0,NA,NA,32,949,0.11905170895389262,15.483288467531164,-0.1,0.474,1.6
Jahvin Carter,Middle Tennessee Blue Raiders,2026,jahvin carter,0,NA,NA,32,857,0.11781151286965072,15.476430864897468,-0.3,0.507,2.2
Javon Bess,Saint Louis Billikens,2018,javon bess,0,NA,NA,33,1195,-0.03437889290464772,15.471726485781591,3.1,0.519,4.1
Mubarak Muhammed,Louisiana Tech Bulldogs,2019,mubarak muhammed,0,NA,NA,33,610,0.0817517530349741,15.46455857514686,-0.1,0.511,2
Calvin Solomon,UTEP Miners,2023,calvin solomon,0,NA,NA,32,892,0.11927967489464444,15.45880484036466,2.8,0.496,2.5
Aly Khalifa,Charlotte 49ers,2022,aly khalifa,0,NA,NA,31,749,0.0948957409770812,15.45698740945528,1.2,0.551,2.1
Keandre Cook,Missouri State Bears,2020,keandre cook,0,NA,NA,33,1059,0.19415582041009585,15.45241388504193,2.5,0.562,3.7
Tristen Newton,East Carolina Pirates,2020,tristen newton,0,NA,NA,31,928,0.1732524610953403,15.451533198504237,2.5,0.525,2.7
Johnathon Wilkins,New Mexico State Aggies,2018,johnathon wilkins,0,NA,NA,34,603,0.06720425930954581,15.45065379413304,2.2,0.585,2.6
Pierria Henry,Charlotte 49ers,2013,pierria henry,0,NA,NA,33,1086,0.22167098404593383,15.448783136891809,5.5,0.514,3.2
Markeith Cummings,Kennesaw State Owls,2013,markeith cummings,0,NA,NA,30,890,0.10209852519555028,15.447952579151435,-1.6,0.529,1.8
Michael Forrest,Florida Atlantic Owls,2022,michael forrest,0,NA,NA,34,1043,-0.08078193110824301,15.445931187122849,1.3,0.555,3.6
Amorie Archibald,Louisiana Tech Bulldogs,2020,amorie archibald,0,NA,NA,30,775,0.13652612298174868,15.44592347550363,3.6,0.569,3.4
Gibson Jimerson,Saint Louis Billikens,2022,gibson jimerson,0,NA,NA,35,1184,0.1690306959853996,15.436285873901484,4.2,0.581,4.7
Milos Uzan,Houston Cougars,2025,milos uzan,0,NA,NA,40,1263,0.17306509734432335,15.435099293449891,9.2,0.554,5.8
Kyle Rode,Liberty Flames,2021,kyle rode,0,NA,NA,29,742,0.12393393708420028,15.422894775853395,3.8,0.597,3.7
Eric Gaines,UAB Blazers,2023,eric gaines,0,NA,NA,39,1135,0.10649732330765492,15.42208677537373,NA,0.5093224192814916,NA
Tyler Madison,UAB Blazers,2015,tyler madison,0,NA,NA,36,618,0.04510947682526418,15.413385620908413,NA,0.5451342601409256,NA
Jawan Carter,Delaware Blue Hens,2011,jawan carter,0,NA,NA,31,1105,0.28079727603968585,15.40211422902237,3.2,0.574,3.8
Day Day Thomas,Cincinnati Bearcats,2025,day day thomas,0,NA,NA,35,815,0.1231806446734104,15.395481406417142,6,0.51,2.4
Al Green,Louisiana Tech Bulldogs,2025,al green,0,NA,NA,32,743,0.07784024507187279,15.385362438806313,2.6,0.587,2.5
Marquez Letcher-Ellis,Rice Owls,2017,marquez letcherellis,0,NA,NA,35,645,0.05496925329665545,15.383389053378185,-3.6,0.563,1.7
George Fant,Western Kentucky Hilltoppers,2013,george fant,0,NA,NA,36,1016,0.22181397789251217,15.381515490431829,-1.4,0.516,2.8
Tulio Da Silva,Missouri State Bears,2020,tulio da silva,0,NA,NA,33,830,0.18309360740612352,15.376699251300582,0,0.543,2.3
Collin Goss,Delaware Blue Hens,2020,collin goss,0,NA,NA,33,644,0.12042505201426353,15.376587026827512,-0.4,0.636,2
C.J. Burks,Marshall Thundering Herd,2016,cj burks,0,NA,NA,33,742,0.08574013987898793,15.373958524468176,0.3,0.569,1.6
Theo John,Marquette Golden Eagles,2020,theo john,0,NA,NA,30,626,0.08136571221215176,15.359129149115637,4.9,0.559,2.2
Kwamain Mitchell,Saint Louis Billikens,2012,kwamain mitchell,0,NA,NA,34,1069,0.1718127093932432,15.35437924673409,6.8,0.558,4.8
Tavin Lovan,UAB Blazers,2019,tavin lovan,0,NA,NA,35,682,0.08737918132176667,15.35301726920499,NA,0.5716092625024323,NA
Rashad Smith,Tulsa Golden Hurricane,2016,rashad smith,0,NA,NA,31,622,0.08598872249672385,15.35275897714102,3.3,0.544,1.8
Donovan Clay,Missouri State Bears,2023,donovan clay,0,NA,NA,32,959,0.21701090361315892,15.347939070458864,2.3,0.525,3
Cobe Williams,Tulsa Golden Hurricane,2024,cobe williams,0,NA,NA,31,972,0.11487255945895684,15.344873409627326,0.8,0.525,2.2
Norbertas Giga,Jacksonville State Gamecocks,2017,norbertas giga,0,NA,NA,35,973,0.1796914745034458,15.342027507282236,-1.4,0.563,2.5
Jamarr Sanders,UAB Blazers,2011,jamarr sanders,1,1,exact,31,1080,0.16655943352642863,15.339392650456425,NA,0.551529468289558,NA
Myke Henry,DePaul Blue Demons,2015,myke henry,0,NA,NA,32,898,0.16994339180507548,15.337751220741856,0.9,0.536,1.8
Michael Ertel,UAB Blazers,2022,michael ertel,0,NA,NA,35,867,0.07151126512122213,15.332240348420347,NA,0.5616194948597537,NA
Cortez Edwards,Southern Miss Golden Eagles,2017,cortez edwards,0,NA,NA,31,1018,0.4048676256513742,15.329449933084405,1.6,0.514,2.3
Josimar Ayarza,Southern Miss Golden Eagles,2011,josimar ayarza,0,NA,NA,31,548,0.05121164370868773,15.328257818307994,0.3,0.55,2.3
Davon Marshall,Liberty Flames,2013,davon marshall,0,NA,NA,36,1158,0.3001635820482152,15.32648359558622,0.9,0.632,3.6
Kaheem Ransom,Sam Houston Bearkats,2015,kaheem ransom,0,NA,NA,35,1004,0.13872256060717095,15.324520729028068,2.6,0.52,4.8
Da'Sean Nelson,DePaul Blue Demons,2024,dasean nelson,0,NA,NA,32,690,0.2176021272474158,15.324389679894225,-0.7,0.527,0.6
Eli Lawrence,Middle Tennessee Blue Raiders,2022,eli lawrence,0,NA,NA,37,985,0.10624782289617549,15.3241723995292,1.7,0.527,3.6
Marquan Botley,Florida Atlantic Owls,2016,marquan botley,0,NA,NA,32,621,0.10978789088495086,15.323394745787096,0.5,0.525,1.5
Josh Anderson,Western Kentucky Hilltoppers,2020,josh anderson,0,NA,NA,30,845,0.09795789427560292,15.310775147690576,2,0.565,2.6
Chris Crawford,Memphis Tigers,2012,chris crawford,1,3,exact,35,997,0.1234880072566045,15.310119817838956,8,0.542,3.6
Clevon Brown,Florida International Panthers,2022,clevon brown,0,NA,NA,32,780,0.11271293811776956,15.302389131087082,-1.1,0.538,1.8
Jalen Celestine,Cincinnati Bearcats,2026,jalen celestine,0,NA,NA,33,761,0.11395764199599567,15.300338607511232,7.8,0.585,2.8
Cashmere Wright,Cincinnati Bearcats,2012,cashmere wright,0,NA,NA,37,1156,0.1750220222943229,15.300320425138764,6.2,0.512,4.3
Torry Butler,Sam Houston Bearkats,2016,torry butler,0,NA,NA,34,679,0.13834464488700943,15.299247968593678,-0.7,0.5,2.1
Jizzle James,Cincinnati Bearcats,2024,jizzle james,0,NA,NA,37,715,0.10347948978654152,15.298727043799865,3.8,0.496,2.1
Caleb Mills,Houston Cougars,2020,caleb mills,0,NA,NA,31,698,0.117823954265514,15.298467919166397,5.4,0.49,2.8
Troy Caupain,Cincinnati Bearcats,2017,troy caupain,0,NA,NA,36,1162,0.15850538347546644,15.294294848403004,6.6,0.5,4.8
Brett Royster,Florida Atlantic Owls,2011,brett royster,0,NA,NA,30,913,0.2035068285770758,15.291210499228,1.2,0.594,2.8
Fahro Alihodzic,UAB Blazers,2013,fahro alihodzic,0,NA,NA,32,820,0.08357944848373346,15.290117471027388,NA,0.51623420730878955,NA
Marcus Jackson,Rice Owls,2015,marcus jackson,0,NA,NA,32,1013,0.18367362153100017,15.289131091152749,2.5,0.564,3.3
Ronnie Johnson,Houston Cougars,2016,ronnie johnson,0,NA,NA,32,691,0.08371300041146146,15.28129040552893,1.6,0.515,2.2
Erik Durham,Jacksonville State Gamecocks,2017,erik durham,0,NA,NA,35,1174,0.17895228820277315,15.27515358643466,3.4,0.672,4.2
Andrew Akuchie,Rice Owls,2025,andrew akuchie,0,NA,NA,32,632,0.10990286864505584,15.27422066005598,0.7,0.563,2.1
Kauri Black,Tulsa Golden Hurricane,2013,kauri black,0,NA,NA,33,702,0.0710788163009095,15.268676146486076,1.2,0.616,2.3
Marcus Jackson,Rice Owls,2017,marcus jackson,0,NA,NA,35,1022,0.1263739996251101,15.265754185725378,0.7,0.586,3.2
Jizzle James,Cincinnati Bearcats,2025,jizzle james,0,NA,NA,35,946,0.12511753663021197,15.265034488372631,3.9,0.475,2.6
Jarvis Threatt,Delaware Blue Hens,2013,jarvis threatt,0,NA,NA,33,1008,0.1965538691766225,15.261320502607104,1.1,0.483,2.8
Devon Barnes,UTEP Miners,2025,devon barnes,0,NA,NA,33,833,0.07843845210306721,15.254244086152385,1.5,0.514,2.4
Jeriah Horne,Tulsa Golden Hurricane,2020,jeriah horne,0,NA,NA,31,901,0.1558763564976548,15.230338830002388,5.3,0.544,3.4
Cordarius Johnson,Louisiana Tech Bulldogs,2013,cordarius johnson,0,NA,NA,34,704,0.09116545767647688,15.226560576294045,3,0.525,2.7
Ricky Tarrant Jr.,Memphis Tigers,2016,ricky tarrant,0,NA,NA,34,1006,0.1497517698865709,15.214424448327314,3.4,0.527,3.6
Neil Watson,Southern Miss Golden Eagles,2014,neil watson,1,1,exact,35,1095,0.15845446694487458,15.211475522325976,4.5,0.579,4.8
Travis Evee,Rice Owls,2022,travis evee,0,NA,NA,33,1065,0.1434936428436114,15.211282501427537,-0.3,0.586,3.1
Raheem Appleby,Louisiana Tech Bulldogs,2015,raheem appleby,1,2,exact,36,1184,0.1287397592754886,15.209237185062344,1.9,0.496,3.7
Stevie Browning,Marshall Thundering Herd,2016,stevie browning,0,NA,NA,33,1076,0.1377623734092717,15.207238049970764,0,0.54,2
Myo Baxter-Bell,Liberty Flames,2017,myo baxterbell,0,NA,NA,34,614,0.11140291075589748,15.199598392332629,-4.4,0.522,1.8
Isaiah Swope,Saint Louis Billikens,2025,isaiah swope,0,NA,NA,34,1210,0.17664779802528704,15.1987605421625,0.7,0.568,3.1
Geron Johnson,Memphis Tigers,2013,geron johnson,1,3,exact,36,949,0.13980192334527297,15.192890296293138,4.3,0.54,3.1
Reggie Upshaw Jr.,Middle Tennessee Blue Raiders,2015,reggie upshaw,0,NA,NA,36,1048,0.131721931031399,15.18850635371374,2,0.501,3.4
Cavan Reilly,Delaware Blue Hens,2025,cavan reilly,0,NA,NA,36,1083,0.1537450169689991,15.18359686679483,-1.2,0.609,2.6
Robert Williams,UAB Blazers,2014,robert williams,0,NA,NA,31,793,0.11396345293709656,15.183162166435457,NA,0.5012814714307252,NA
Luke Hancock,Louisville Cardinals,2013,luke hancock,0,NA,NA,40,897,0.1014098064946227,15.182374494953416,9,0.605,4.4
Hernst Laroche,New Mexico State Aggies,2012,hernst laroche,0,NA,NA,35,1187,0.16361881764449135,15.177631181766772,3.2,0.578,4.6
CJ Gunn,DePaul Blue Demons,2026,cj gunn,0,NA,NA,32,885,0.1182208498384333,15.177308405924787,2.5,0.499,1.8
Nick Ongenda,DePaul Blue Demons,2022,nick ongenda,0,NA,NA,31,718,0.07920353061627403,15.172251340332812,1.1,0.524,1.8
Tommy Hamilton IV,DePaul Blue Demons,2015,tommy hamilton,0,NA,NA,32,773,0.20466499716904468,15.170929592095383,1.1,0.598,1.6
Prince Williams,East Carolina Pirates,2016,prince williams,0,NA,NA,31,872,0.12750487759351445,15.167555654564469,2.7,0.538,2.2
Xander Pintelon,Florida Atlantic Owls,2026,xander pintelon,0,NA,NA,33,599,0.06635721309351174,15.167297420298125,1.6,0.555,1.9
Chad Brown,UCF Knights,2019,chad brown,0,NA,NA,33,571,0.07399832304754338,15.157882413333688,4,0.538,2.2
Kanaan Carlyle,Florida Atlantic Owls,2026,kanaan carlyle,0,NA,NA,33,872,0.13481316457088074,15.157408036337754,0.7,0.545,2.3
Kam Williams,Tulane Green Wave,2025,kam williams,0,NA,NA,34,1069,0.13619587901211744,15.156485852798523,3.3,0.63,3.3
Chad Frazier,UAB Blazers,2014,chad frazier,1,1,exact,31,1095,0.15565975620846048,15.142749652906591,NA,0.5347541494584275,NA
Tre Scott,Cincinnati Bearcats,2019,tre scott,0,NA,NA,35,1071,0.14821403715131778,15.138618485518966,5.1,0.525,4.1
Kaden Metheny,Liberty Flames,2024,kaden metheny,1,3,exact,32,1024,0.12580334467678733,15.133518042662208,2,0.592,3.5
Theo John,Marquette Golden Eagles,2019,theo john,0,NA,NA,34,667,0.05442078165416456,15.133167977344115,3.7,0.583,2.4
Quentin Jones,Saint Louis Billikens,2026,quentin jones,0,NA,NA,35,926,0.09064807345918333,15.128541798681312,3.4,0.566,3.2
Jacob Dar,Rice Owls,2025,jacob dar,0,NA,NA,32,594,0.09286929829307453,15.107280062054784,2,0.551,1.8
Jaylen Minnett,Missouri State Bears,2022,jaylen minnett,0,NA,NA,34,646,0.08501632800635217,15.104904143861688,2.6,0.57,2.3
Dennis Mavin,Florida International Panthers,2015,dennis mavin,1,2,exact,33,1174,0.20147593226982735,15.103911972867593,-0.4,0.511,2.8
Tyreek Scott-Grayson,UAB Blazers,2021,tyreek scottgrayson,0,NA,NA,29,732,0.0995314329415792,15.096985447527343,NA,0.5518627933694403,NA
Mike Parks Jr.,Memphis Tigers,2018,mike parks,0,NA,NA,34,753,0.07808927781375337,15.09680982160623,-0.5,0.581,1.9
Wesley Witherspoon,Memphis Tigers,2012,wesley witherspoon,0,NA,NA,35,725,0.07076876682938127,15.088196269283298,6.4,0.568,2.9
Lu'Cye Patterson,Charlotte 49ers,2023,lucye patterson,0,NA,NA,36,1020,0.11951792268159415,15.083593880909604,1.7,0.586,3.9
Paul Baxter,Sam Houston Bearkats,2014,paul baxter,0,NA,NA,35,988,0.13282034577147334,15.083199965859922,2,0.605,3.5
Braxton Ogbueze,Charlotte 49ers,2016,braxton ogbueze,0,NA,NA,33,1131,0.108107517892776,15.078336762954724,1.6,0.578,3
Darius George,Marshall Thundering Herd,2022,darius george,0,NA,NA,33,565,0.08329006432563033,15.063417383826293,-0.5,0.58,1.5
Peyton Siva,Louisville Cardinals,2013,peyton siva,0,NA,NA,40,1247,0.15445248788558402,15.061457633467242,7.3,0.513,5.3
DeAndre Kane,Marshall Thundering Herd,2011,deandre kane,1,3,exact,34,1075,0.12913078159779356,15.060812000626354,2.5,0.523,3.4
James Woodard,Tulsa Golden Hurricane,2013,james woodard,0,NA,NA,33,941,0.2394383579369412,15.05216493544242,1.5,0.522,2.7
Sion James,Tulane Green Wave,2023,sion james,0,NA,NA,31,1156,0.13811161243218667,15.050704689474813,3.1,0.582,3.4
John Newman III,Cincinnati Bearcats,2024,john newman,0,NA,NA,37,1082,0.14833302931453896,15.039365354823866,5.5,0.573,3.8
Reyne Smith,Louisville Cardinals,2025,reyne smith,0,NA,NA,35,944,0.13337578906145928,15.03498002975071,6.3,0.592,3.6
Brian Conklin,Saint Louis Billikens,2011,brian conklin,0,NA,NA,31,663,0.146871600793031,15.03182388716393,0.8,0.554,2.2
Staphon Blair,UCF Knights,2015,staphon blair,0,NA,NA,30,746,0.2054500895083999,15.029602984743386,-1.1,0.604,1.8
Sam Griffin,Tulsa Golden Hurricane,2023,sam griffin,0,NA,NA,30,760,0.1756123778908105,15.029564076199184,1.2,0.508,1.1
Teafale Lenard Jr.,Middle Tennessee Blue Raiders,2023,teafale lenard,0,NA,NA,33,920,0.08543966375849618,15.02799469228604,4.7,0.537,2.7
Earvin Morris Jr.,UTEP Miners,2015,earvin morris,0,NA,NA,33,767,0.07768787689598919,15.020696184360638,2.6,0.578,2.6
Tyrone Marshall Jr.,Western Kentucky Hilltoppers,2025,tyrone marshall,0,NA,NA,32,921,0.11102076656598388,15.015853056329114,0.6,0.513,2.2
Dwayne Sutton,Louisville Cardinals,2019,dwayne sutton,0,NA,NA,34,1067,0.1760048254605105,15.015829249801923,7.6,0.56,3.9
Torin Dorn,Charlotte 49ers,2015,torin dorn,0,NA,NA,32,880,0.1302375213066628,15.015432753429614,1,0.57,2.3
Andrien White,Charlotte 49ers,2016,andrien white,0,NA,NA,33,863,0.09545084240520076,15.014032715486442,1,0.552,2.1
Marlon Hunter,Jacksonville State Gamecocks,2019,marlon hunter,0,NA,NA,33,980,0.15653486488540283,15.012027880162762,0.4,0.523,3.2
Kellen Thames,Saint Louis Billikens,2024,kellen thames,0,NA,NA,33,640,0.11010067071255036,15.003740991624856,0.4,0.623,1.5
Danrad Knowles,Houston Cougars,2014,danrad knowles,0,NA,NA,33,595,0.13855662931713908,15.002438305744963,-0.2,0.532,1.2
Jacob Evans,Cincinnati Bearcats,2016,jacob evans,0,NA,NA,33,806,0.1076591970260922,15.002127028413208,6.2,0.497,3.2
Tyler Ringgold,Tulane Green Wave,2026,tyler ringgold,0,NA,NA,33,792,0.07554118490721834,14.994347974277272,-1.1,0.53,1.5
Travis Evee,Rice Owls,2023,travis evee,0,NA,NA,35,1187,0.10195820042198432,14.992700843989873,-1.6,0.557,3
Dalen Ridgnal,Missouri State Bears,2023,dalen ridgnal,0,NA,NA,32,545,0.14059237684812292,14.985204560543249,2.7,0.575,2.1
Kaosi Ezeagu,New Mexico State Aggies,2024,kaosi ezeagu,0,NA,NA,32,829,0.1010028002475498,14.980318948264584,-2.6,0.566,2.2
Darnell Harris,Middle Tennessee Blue Raiders,2016,darnell harris,0,NA,NA,35,931,0.1229722352677032,14.977997366718313,1.9,0.522,2.9
Pancake Thomas,Western Kentucky Hilltoppers,2017,pancake thomas,0,NA,NA,32,1112,0.2238173919893875,14.973292256941765,0.9,0.553,3.1
Kris Richard,Tulane Green Wave,2011,kris richard,0,NA,NA,30,1065,0.15448069132043077,14.967796174801215,3.4,0.516,3.7
Braedan Lue,Kennesaw State Owls,2025,braedan lue,0,NA,NA,33,844,0.07851632527002267,14.95566781132334,-1.6,0.518,2.2
Ahmad Robinson,UAB Blazers,2026,ahmad robinson,0,NA,NA,32,626,0.07832069127835624,14.954604356069703,NA,0.4881727258294967,NA
Darryl Morsell,Marquette Golden Eagles,2022,darryl morsell,0,NA,NA,32,920,0.15450953821274913,14.948828338961189,2.9,0.547,2.2
C.J. Walker,UCF Knights,2022,cj walker,0,NA,NA,30,755,0.14211337828651527,14.948541688448186,2,0.533,2.3
Jamal Shead,Houston Cougars,2023,jamal shead,0,NA,NA,37,1205,0.14264679431041768,14.94821020030275,6.6,0.504,5.3
Will Barton,Memphis Tigers,2011,will barton,0,NA,NA,35,1070,0.135489410858808,14.944694936825195,3.3,0.502,3
Matt Bingaya,Southern Miss Golden Eagles,2015,matt bingaya,0,NA,NA,29,914,0.1385828380739504,14.943040255234356,-0.7,0.518,1.8
Rongie Gordon,Kennesaw State Owls,2024,rongie gordon,0,NA,NA,31,582,0.0716649746630354,14.94101777336893,-3.4,0.529,1.6
Lester Quinones,Memphis Tigers,2022,lester quinones,0,NA,NA,33,897,0.1015763232554356,14.939805193291336,5.3,0.6,3.3
Danrad Knowles,Houston Cougars,2016,danrad knowles,0,NA,NA,32,566,0.04782601830172837,14.933051637492552,0.6,0.57,1.7
Zack Bryant,UAB Blazers,2018,zack bryant,0,NA,NA,33,1056,0.11401514186677364,14.931630374258509,NA,0.5463414634146342,NA
Ibrahima Thomas,Cincinnati Bearcats,2011,ibrahima thomas,0,NA,NA,35,664,0.06382986926796155,14.930339153431676,2.2,0.528,2.8
Billy Garrett Jr.,DePaul Blue Demons,2015,billy garrett,0,NA,NA,32,961,0.2227630384076523,14.925312327657243,1.9,0.574,2.6
Bruce Massey,Middle Tennessee Blue Raiders,2013,bruce massey,0,NA,NA,34,794,0.08700007515904876,14.923505654275196,6,0.501,3.3
Deshawndre Washington,New Mexico State Aggies,2023,deshawndre washington,0,NA,NA,24,811,0.2112988020666676,14.918042485013023,-0.2,0.473,2.2
KyKy Tandy,Florida Atlantic Owls,2025,kyky tandy,0,NA,NA,34,720,0.06962433785365482,14.91364510289911,2,0.58,2
Josh Davis,Tulane Green Wave,2012,josh davis,0,NA,NA,31,1064,0.16617719984676252,14.91350731682316,1.3,0.46,3.1
Zamal Nixon,Houston Cougars,2011,zamal nixon,0,NA,NA,30,1005,0.12710984192910835,14.91290944518656,2.3,0.593,3.3
Omer Yurtseven,Tulane Green Wave,2018,omer yurtseven,0,NA,NA,31,1117,0.1801834692262997,14.91271087738783,NA,0.5086702683861972,NA
Chivarsky Corbett,Delaware Blue Hens,2015,chivarsky corbett,0,NA,NA,30,725,0.1828945588407412,14.910098272741058,1.7,0.556,1.8
Jamee Crockett,DePaul Blue Demons,2015,jamee crockett,0,NA,NA,32,993,0.19543436153819935,14.9085317224146,3.8,0.567,2.3
Charlie Moore,DePaul Blue Demons,2020,charlie moore,0,NA,NA,32,1139,0.2216509340649006,14.90835302066552,2.8,0.493,3
Elijah Cain,DePaul Blue Demons,2017,elijah cain,0,NA,NA,32,1059,0.1730582172339743,14.905736403827644,2.4,0.502,2.1
Caleb Homesley,Liberty Flames,2016,caleb homesley,0,NA,NA,31,624,0.14609183589261815,14.904966726217188,0.4,0.573,1.9
Rondale Watson,Marshall Thundering Herd,2019,rondale watson,0,NA,NA,37,807,0.09014466204589731,14.90000744151356,-1.1,0.508,1.9
Marcus Sasser,Houston Cougars,2021,marcus sasser,0,NA,NA,32,925,0.13748658887791598,14.899444787496552,7.3,0.521,4.6
Omega Harris,UTEP Miners,2017,omega harris,1,3,exact,32,1127,0.1566043473287619,14.892718903606736,-0.2,0.56,2.9
Ricky Tarrant Jr.,Tulane Green Wave,2013,ricky tarrant,1,2,exact,35,1237,0.1311356508687216,14.88594349277475,2,0.531,4.3
Damon Nicholas Jr.,Sam Houston Bearkats,2026,damon nicholas,0,NA,NA,34,920,0.08601258747887583,14.884530600777262,0.2,0.531,2.8
Dylan Osetkowski,Tulane Green Wave,2016,dylan osetkowski,0,NA,NA,34,1100,0.1773450285661849,14.876011275490884,1.7,0.498,2.8
Neil Watson,Southern Miss Golden Eagles,2013,neil watson,0,NA,NA,37,1168,0.13370403134897954,14.87182359744808,3.9,0.629,4.8
Deng Adel,Louisville Cardinals,2017,deng adel,0,NA,NA,34,992,0.1588370610841852,14.870264932909723,6.4,0.527,3.7
Donovan Clay,Missouri State Bears,2024,donovan clay,0,NA,NA,33,1090,0.16816989218235875,14.866694638703931,1.4,0.519,2.8
Darion Rackley,Jacksonville State Gamecocks,2013,darion rackley,0,NA,NA,28,532,0.16032177650628848,14.866413486251618,-0.7,0.58,1.5
Aaron Anderson,Kennesaw State Owls,2012,aaron anderson,0,NA,NA,30,976,0.2924341568753075,14.863947745467389,-2.7,0.525,1.8
Camryn Weston,Middle Tennessee Blue Raiders,2023,camryn weston,0,NA,NA,33,922,0.13642091629879954,14.861961981993936,-0.2,0.543,2.7
Colin Porter,Liberty Flames,2025,colin porter,0,NA,NA,35,1116,0.11400129677600732,14.86178381100417,2.5,0.629,4.7
Anthony Vanhook,Charlotte 49ers,2016,anthony vanhook,0,NA,NA,33,707,0.05667176005889998,14.860985851019455,0.1,0.51,1.6
Renaldo Dixon,New Mexico State Aggies,2013,renaldo dixon,0,NA,NA,35,637,0.08776544558437217,14.860707142144422,2.7,0.561,2.2
Trey Lewis,Louisville Cardinals,2016,trey lewis,0,NA,NA,31,859,0.13358185991454133,14.853589576727227,6.6,0.533,3.5
Kyan Anderson,TCU Horned Frogs,2015,kyan anderson,0,NA,NA,33,1055,0.03898287012693183,14.849177295715268,5.2,0.555,4
Jordan Goodwin,Saint Louis Billikens,2019,jordan goodwin,0,NA,NA,36,1197,0.1933745593627283,14.847267881787792,3.9,0.455,3.6
Taveion Hollingsworth,Western Kentucky Hilltoppers,2018,taveion hollingsworth,0,NA,NA,38,1312,0.13135518359550707,14.843742257483708,2.7,0.593,4.2
C.J. Jones,Middle Tennessee Blue Raiders,2020,cj jones,0,NA,NA,31,1030,0.1698160534041915,14.84173611100319,0.8,0.561,2.5
Quincy Ademokoya,Kennesaw State Owls,2024,quincy ademokoya,0,NA,NA,31,762,0.10395653275257312,14.840332333415748,-2.7,0.554,1.9
Jamil Wilson,Marquette Golden Eagles,2014,jamil wilson,0,NA,NA,32,927,0.3292300085234663,14.83363150867785,4.2,0.509,2.7
Darin Green Jr.,UCF Knights,2020,darin green,0,NA,NA,30,717,0.08295414223569739,14.833207605724407,4,0.61,2.4
Jacobe Coleman,Sam Houston Bearkats,2026,jacobe coleman,0,NA,NA,34,720,0.06485608193267281,14.829074664709852,-0.1,0.573,2.1
Jabari Peters,Sam Houston Bearkats,2015,jabari peters,0,NA,NA,35,1017,0.22563415955892213,14.828800992244064,3.4,0.551,4.4
Mikal Dawson,Marshall Thundering Herd,2025,mikal dawson,0,NA,NA,33,996,0.18066475839035512,14.826466968348155,0.5,0.539,2.7
Tre White,Louisville Cardinals,2024,tre white,0,NA,NA,32,905,0.20984024197895007,14.8146776058893,1.8,0.539,1.7
Yonel Brown,Kennesaw State Owls,2016,yonel brown,0,NA,NA,31,1203,0.2110321430892975,14.813141633097496,-1.5,0.535,2.3
Paul Thomas,UTEP Miners,2017,paul thomas,0,NA,NA,32,795,0.104466353022758,14.810017101856117,-0.3,0.56,2.5
Jamelle Hagins,Delaware Blue Hens,2011,jamelle hagins,0,NA,NA,31,853,0.21760621324509608,14.803692170223306,1.4,0.498,2
Enoch Kalambay,Western Kentucky Hilltoppers,2024,enoch kalambay,0,NA,NA,34,624,0.069473859766275,14.801582799661652,-0.2,0.545,1.8
Derric Jean,Louisiana Tech Bulldogs,2020,derric jean,0,NA,NA,30,844,0.11796227489282388,14.796813877500758,5,0.567,3.3
Danrad Knowles,Houston Cougars,2015,danrad knowles,0,NA,NA,32,877,0.1272844832246189,14.789490992011508,2.3,0.502,2.7
Gibson Jimerson,Saint Louis Billikens,2024,gibson jimerson,0,NA,NA,33,1180,0.18684736007894517,14.77011980079302,-0.1,0.555,2.1
Katin Reinhardt,Marquette Golden Eagles,2017,katin reinhardt,0,NA,NA,32,749,0.11333147591235596,14.762912700641447,3.3,0.552,1.9
Hasahn French,Saint Louis Billikens,2018,hasahn french,0,NA,NA,33,965,0.1505461959647598,14.75177095294172,1.3,0.508,2.4
Kayne Henry,Jacksonville State Gamecocks,2021,kayne henry,0,NA,NA,27,621,0.11821507557235449,14.74434768241402,1,0.583,2.2
Dylan Ennis,Rice Owls,2012,dylan ennis,0,NA,NA,35,929,0.11223009702614312,14.73825986748436,2.5,0.539,2.6
Drew Peterson,Rice Owls,2020,drew peterson,0,NA,NA,32,1031,0.13139568670857124,14.73729142144534,0.4,0.538,2.6
Hasahn French,Saint Louis Billikens,2019,hasahn french,0,NA,NA,36,1074,0.1958406390314872,14.73638508790709,1.7,0.474,3
D.J. Felder,Jacksonville State Gamecocks,2015,dj felder,0,NA,NA,31,715,0.1891700422753549,14.721971904526532,-2.6,0.476,1.4
Melvin Frazier Jr.,Tulane Green Wave,2017,melvin frazier,0,NA,NA,31,879,0.1355980076571608,14.718777687388313,0.9,0.529,1.5
Zawdie Jackson,New Mexico State Aggies,2025,zawdie jackson,0,NA,NA,32,888,0.10924758796242096,14.717504719665444,1.3,0.527,3.1
Farad Cobb,Cincinnati Bearcats,2016,farad cobb,0,NA,NA,33,831,0.10462518823122224,14.717064297194549,5.5,0.543,3.1
Tamir Jackson,Rice Owls,2013,tamir jackson,0,NA,NA,30,1056,0.19123456248385468,14.7146119703086,-0.6,0.472,0.9
Markeith Cummings,Kennesaw State Owls,2012,markeith cummings,0,NA,NA,30,1018,0.22458890099076995,14.707549137292297,-2.4,0.52,1.3
Nick Jourdain,Memphis Tigers,2025,nick jourdain,0,NA,NA,35,911,0.09982555120812402,14.692201630446847,4.4,0.57,3
Derric Jean,Louisiana Tech Bulldogs,2016,derric jean,0,NA,NA,33,710,0.07989324916720011,14.688788117611054,0,0.546,2.2
Theo John,Marquette Golden Eagles,2021,theo john,0,NA,NA,27,709,0.14666270416096783,14.687902809093758,4.5,0.623,2.1
Jayshayne Woodard,East Carolina Pirates,2025,jayshayne woodard,0,NA,NA,33,707,0.07502310954940884,14.68758165180402,1.1,0.505,1.6
Jarred Dixon,Missouri State Bears,2019,jarred dixon,0,NA,NA,32,996,0.16843293127229836,14.681060459773157,0.7,0.547,3.1
Tanner Toolson,TCU Horned Frogs,2026,tanner toolson,0,NA,NA,35,733,0.08004049845689572,14.679185786029493,4,0.489,2.2
Kory Holden,Delaware Blue Hens,2016,kory holden,0,NA,NA,29,1053,0.27035719916486184,14.67799115087979,-0.8,0.512,1.6
Cashmere Wright,Cincinnati Bearcats,2011,cashmere wright,0,NA,NA,35,889,0.16663081056867138,14.675045568219293,5.5,0.539,3.5
Raymond Cintron,Middle Tennessee Blue Raiders,2013,raymond cintron,0,NA,NA,34,709,0.090372966074883307,14.670040725215948,5.6,0.632,3.4
Chris Otule,Marquette Golden Eagles,2014,chris otule,0,NA,NA,32,574,0.2623036040447914,14.663705344285816,0.9,0.587,1.6
Darien Jackson,Tulsa Golden Hurricane,2022,darien jackson,0,NA,NA,31,889,0.10926062225608751,14.663245811453862,2,0.63,2.5
Chris Braswell,Charlotte 49ers,2011,chris braswell,0,NA,NA,30,824,0.1681971469158034,14.651269058928714,-1.6,0.518,1.9
Trae Broadnax,Rice Owls,2025,trae broadnax,0,NA,NA,32,978,0.16764919060787745,14.642947249018563,0.4,0.5,2.4
Yonel Brown,Kennesaw State Owls,2015,yonel brown,0,NA,NA,32,1144,0.27913628543536945,14.641342471596062,-3.3,0.577,2.6
Ben Emelogu II,SMU Mustangs,2018,ben emelogu,0,NA,NA,33,1051,0.1515346453987806,14.64131554676479,4.4,0.598,3.8
Alex Lomax,Memphis Tigers,2020,alex lomax,0,NA,NA,31,751,0.12280603979254492,14.639945169097905,4.4,0.542,2.7
Travis Evee,Rice Owls,2021,travis evee,0,NA,NA,28,807,0.11285033320492772,14.639298122843185,-1,0.56,2.4
Bandja Sy,New Mexico State Aggies,2012,bandja sy,0,NA,NA,35,756,0.0971533985620906,14.619179889537373,2.8,0.544,2.7
Quentin Snider,Louisville Cardinals,2017,quentin snider,0,NA,NA,34,877,0.1581453197254892,14.616328453003725,6.4,0.51,3.3
Maurice Bolden,Southern Miss Golden Eagles,2012,maurice bolden,0,NA,NA,34,846,0.10056283792242532,14.615563404103325,2.2,0.49,2.8
Anthony Downing,Missouri State Bears,2013,anthony downing,0,NA,NA,33,1133,0.22683220257663983,14.614754164704246,2.8,0.509,3.2
Jacoby Hill,Jacksonville State Gamecocks,2026,jacoby hill,0,NA,NA,32,975,0.08932347345947254,14.612510210803764,-0.3,0.597,3.2
Omega Harris,UTEP Miners,2016,omega harris,0,NA,NA,33,746,0.1021978622728994,14.607090341122792,-0.5,0.608,2.1
Keaston Willis,Louisiana Tech Bulldogs,2022,keaston willis,0,NA,NA,34,1013,0.12125393074415396,14.606420835964784,2.9,0.553,3.4
Chad Lott,Rice Owls,2017,chad lott,0,NA,NA,35,606,0.06864115692014183,14.605909571524789,0.6,0.568,1.8
DeAntoni Gordon,Southern Miss Golden Eagles,2025,deantoni gordon,0,NA,NA,33,868,0.13624471821872966,14.602485783492591,-2.4,0.551,2
Rashad Ray,Tulsa Golden Hurricane,2014,rashad ray,0,NA,NA,34,716,0.10414677088413284,14.596399547279086,3.1,0.568,2.5
Shiloh Robinson,Liberty Flames,2022,shiloh robinson,0,NA,NA,33,922,0.13178385454124553,14.593652179560374,0.8,0.638,3.6
Nigel Spikes,Marshall Thundering Herd,2013,nigel spikes,0,NA,NA,32,793,0.1409162936003495,14.590533519299408,-0.2,0.494,1.6
James Woodard,Tulsa Golden Hurricane,2015,james woodard,0,NA,NA,34,1174,0.19434497299759415,14.58950205348071,5.8,0.55,4.7
Skyelar Potter,Jacksonville State Gamecocks,2023,skyelar potter,0,NA,NA,31,1011,0.1810214544273809,14.587848323722609,-0.7,0.571,2.8
DeMario Mayfield,Charlotte 49ers,2012,demario mayfield,0,NA,NA,30,887,0.18957655427319808,14.586915748938772,1.6,0.475,2.3
Neiko Hunter,Middle Tennessee Blue Raiders,2013,neiko hunter,0,NA,NA,34,629,0.03413566687315474,14.58573269860895,1.4,0.578,2.6
Devonta Pollard,Houston Cougars,2015,devonta pollard,0,NA,NA,32,976,0.12361653691849564,14.584235275107636,-0.3,0.513,2.7
Rey Idowu,Tulsa Golden Hurricane,2022,rey idowu,0,NA,NA,31,668,0.10292494726450398,14.577124760944844,-0.6,0.555,1.9
Kyle Rode,Liberty Flames,2022,kyle rode,0,NA,NA,33,991,0.12910368933172467,14.576062461253372,1.7,0.608,4.2
T.J. Price,Western Kentucky Hilltoppers,2013,tj price,0,NA,NA,36,1089,0.2183301425033384,14.57428631968462,2.5,0.517,3.5
Dwayne Evans,Saint Louis Billikens,2012,dwayne evans,0,NA,NA,34,852,0.1624894231445309,14.567174887808225,3.9,0.512,3.4
Jalen Finch,Jacksonville State Gamecocks,2021,jalen finch,0,NA,NA,27,925,0.1705507684045405,14.563614122147492,-0.6,0.555,3.2
Michael Zangari,East Carolina Pirates,2014,michael zangari,0,NA,NA,34,782,0.08709465097781284,14.562712052213453,-4.8,0.558,2
Eli Lawrence,Middle Tennessee Blue Raiders,2023,eli lawrence,1,2,exact,33,966,0.11589554294392156,14.553571303717623,2.3,0.546,3.2
Javonte Perkins,Saint Louis Billikens,2023,javonte perkins,0,NA,NA,33,746,0.09801349801310193,14.552583147144318,1.7,0.546,2.1
Tyler Harris,Memphis Tigers,2022,tyler harris,0,NA,NA,33,622,0.05711527623791993,14.551438580988057,3.2,0.568,2.3
Eric Nottage,Florida International Panthers,2017,eric nottage,0,NA,NA,31,948,0.14806474950203485,14.551026036172258,-0.4,0.567,2.2
Chris Otule,Marquette Golden Eagles,2013,chris otule,0,NA,NA,35,618,0.0942074726762465,14.54532631192919,4,0.612,1.9
Kaheem Ransom,Sam Houston Bearkats,2014,kaheem ransom,0,NA,NA,35,1078,0.1624554373698975,14.543642561268044,-0.3,0.53,3.3
Matt Willms,UTEP Miners,2014,matt willms,0,NA,NA,34,577,0.07200286495970747,14.537811693769296,1.5,0.579,1.9
Dashon Gittens,Florida International Panthers,2024,dashon gittens,0,NA,NA,33,605,0.10173356248345056,14.53138884112847,-1.8,0.52,1.3
Keith Williams,Cincinnati Bearcats,2019,keith williams,0,NA,NA,35,904,0.0968741873766618,14.528459858895442,4.8,0.522,3.1
Daniel Mullings,New Mexico State Aggies,2012,daniel mullings,0,NA,NA,35,969,0.10566285624012856,14.522262173170654,3.4,0.525,3
Colin Porter,Liberty Flames,2026,colin porter,0,NA,NA,34,1099,0.11133485757308254,14.521539075657914,0,0.588,3.3
Niccolo Moretti,Florida Atlantic Owls,2025,niccolo moretti,0,NA,NA,34,753,0.07652374493387082,14.519861684435137,0.4,0.539,1.9
Alex Robinson,TCU Horned Frogs,2019,alex robinson,0,NA,NA,37,1289,0.19960138761699373,14.51866677724054,3.4,0.506,3.4
Malik Martin,Charlotte 49ers,2020,malik martin,0,NA,NA,29,862,0.12428091598860835,14.517628009376118,3.7,0.593,3.1
Kasey Wilson,UCF Knights,2013,kasey wilson,0,NA,NA,29,717,0.09652842255614198,14.514949609691694,0.9,0.603,2.5
Stephan Van Treese,Louisville Cardinals,2014,stephan van treese,0,NA,NA,37,800,0.07076118084068486,14.512867949899835,7.4,0.64,3.7
Sterling Brown,SMU Mustangs,2015,sterling brown,0,NA,NA,34,796,0.11162675762869634,14.505023535251684,7.1,0.634,3.4
Justin Jenifer,Cincinnati Bearcats,2019,justin jenifer,0,NA,NA,35,889,0.12499346680565825,14.497948713797188,6.1,0.604,3.7
Luke Frampton,Western Kentucky Hilltoppers,2023,luke frampton,0,NA,NA,33,586,0.1103840382289043,14.4952848756356,1,0.681,2
Nicholas Boyd,Florida Atlantic Owls,2024,nicholas boyd,0,NA,NA,34,644,0.09152464292676596,14.48908465815928,NA,0.5553580948995912,NA
Leonard Harper-Baker,Southern Miss Golden Eagles,2020,leonard harperbaker,0,NA,NA,31,1016,0.16618221514375725,14.487082544711424,0.9,0.528,2.1
Jeremiah Martin,Memphis Tigers,2017,jeremiah martin,0,NA,NA,32,1114,0.13104690044092454,14.4862644108419,2.9,0.535,3.1
Anton Waters,Western Kentucky Hilltoppers,2017,anton waters,0,NA,NA,32,573,0.17905219909999448,14.480729783006309,-3.7,0.549,1.3
Day Day Thomas,Cincinnati Bearcats,2026,day day thomas,0,NA,NA,33,1004,0.13418267822432262,14.462306352964369,5.3,0.531,3.2
Cameron Huefner,Sam Houston Bearkats,2025,cameron huefner,0,NA,NA,32,932,0.1009128808518413,14.450369785393857,-2.1,0.558,2.4
Galen Robinson Jr.,Houston Cougars,2019,galen robinson,0,NA,NA,37,1106,0.14190519161376852,14.449068011261383,6,0.538,4.5
Igor Milicic Jr.,Charlotte 49ers,2023,igor milicic,0,NA,NA,36,747,0.0946732412554753,14.444970692620313,1.4,0.596,2.3
Liutauras Lelevicius,TCU Horned Frogs,2026,liutauras lelevicius,0,NA,NA,35,805,0.1175857314018886,14.444173907601604,5.3,0.614,2.7
El Ellis,Louisville Cardinals,2023,el ellis,0,NA,NA,32,1152,0.2526524664033239,14.44315035585258,0,0.527,1.6
Will McNair Jr.,New Mexico State Aggies,2022,will mcnair,0,NA,NA,34,778,0.10902575164297786,14.436996526143528,1.9,0.559,2.8
Erik Durham,Jacksonville State Gamecocks,2016,erik durham,0,NA,NA,29,543,0.15453062794036906,14.42927597034452,0.6,0.55,1.7
Quentin Grimes,Houston Cougars,2020,quentin grimes,0,NA,NA,31,837,0.1323202705325402,14.424845539417008,4.4,0.542,3.1
Louis Dabney,Tulane Green Wave,2014,louis dabney,0,NA,NA,34,1069,0.13490789935150127,14.41983908777583,-1.3,0.513,2.4
D.J. Carton,Marquette Golden Eagles,2021,dj carton,0,NA,NA,27,841,0.23575413244646096,14.414127080741183,3.8,0.549,2.1
James Washington III,Middle Tennessee Blue Raiders,2011,james washington,0,NA,NA,31,1093,0.24117483590133473,14.413495476544888,2.1,0.598,4.5
Billy Garrett Jr.,DePaul Blue Demons,2016,billy garrett,0,NA,NA,30,810,-0.140982375177416,14.412972565726031,1.2,0.522,1.7
Jalun Trent,Delaware Blue Hens,2024,jalun trent,0,NA,NA,33,874,0.12304425314030608,14.412412045754332,-0.3,0.539,2.1
Elijah Cuffee,Liberty Flames,2021,elijah cuffee,0,NA,NA,29,809,0.12793783984277118,14.40945411232407,2.1,0.641,3.7
Dezayne Mingo,Marshall Thundering Herd,2025,dezayne mingo,0,NA,NA,33,1033,0.17310809822995107,14.408528534421066,-2.3,0.507,2.6
Cordarius Johnson,Louisiana Tech Bulldogs,2014,cordarius johnson,0,NA,NA,37,768,0.07038310664221939,14.407741047152408,1.7,0.481,2.6
Chad Brown,UCF Knights,2018,chad brown,0,NA,NA,32,597,0.08888590000910203,14.40642814433373,2.2,0.535,2.2
Tramaine Isabell,Saint Louis Billikens,2019,tramaine isabell,0,NA,NA,36,1114,0.22668201517164444,14.397466455944487,2.7,0.517,3.4
Quentin Snider,Louisville Cardinals,2018,quentin snider,0,NA,NA,36,1155,0.16309370241399956,14.397198258683543,3.6,0.548,3.6
Joseph Venzant,Liberty Flames,2024,joseph venzant,0,NA,NA,32,717,0.09181706437121112,14.395396085963656,0.8,0.619,2.8
Asim Jones,Florida International Panthers,2025,asim jones,0,NA,NA,33,829,0.09779110556683032,14.394693895410713,-1.8,0.547,2
Alex Robinson,TCU Horned Frogs,2017,alex robinson,0,NA,NA,39,1283,0.175335663089026,14.390820269224683,4.1,0.493,3.3
Layden Blocker,DePaul Blue Demons,2025,layden blocker,0,NA,NA,34,838,0.14060335986239444,14.38653453533239,1.5,0.507,1.8
Jamar Abrams,East Carolina Pirates,2011,jamar abrams,0,NA,NA,33,822,0.0846131233942891,14.386154729915573,2.8,0.595,2.8
Austin Loop,Marshall Thundering Herd,2017,austin loop,0,NA,NA,35,1092,0.10772878015927646,14.382031670248926,2.4,0.675,2.9
Jairus Hamilton,Western Kentucky Hilltoppers,2022,jairus hamilton,0,NA,NA,32,876,0.09217378334017531,14.373654074256832,-2.7,0.524,2.1
Aaron Johnson,UAB Blazers,2011,aaron johnson,1,1,exact,31,1126,0.16788755064944147,14.367379550300097,NA,0.5421258442943476,NA
Kaden Metheny,Liberty Flames,2025,kaden metheny,1,2,exact,35,1089,0.10390476438007357,14.366179099473936,1.3,0.576,3.6
Darion Rackley,Jacksonville State Gamecocks,2015,darion rackley,0,NA,NA,31,941,0.21591570335574944,14.36584562828288,-0.9,0.5,2
Connor Cashaw,Rice Owls,2017,connor cashaw,0,NA,NA,35,886,0.10905671943600728,14.357677014534008,1.1,0.541,2.7
Isiaih Mosley,Missouri State Bears,2020,isiaih mosley,0,NA,NA,33,701,0.1485389573590829,14.354678452193763,2.3,0.567,2.2
Lovell Cabbil Jr.,Liberty Flames,2018,lovell cabbil,0,NA,NA,37,1070,0.200586159630893,14.352948802351928,0.7,0.523,3.5
Jahmal McMurray,SMU Mustangs,2018,jahmal mcmurray,0,NA,NA,33,690,0.09680693148117547,14.352773744615387,2.7,0.562,2.1
Jherrod Stiggers,Houston Cougars,2014,jherrod stiggers,0,NA,NA,33,782,0.0620301321883067,14.349527162989151,1.6,0.533,1.7
Pablo Bertone,Florida Atlantic Owls,2012,pablo bertone,0,NA,NA,29,565,0.15133334301634557,14.343643006787898,1.2,0.509,1.5
Mike Thorne Jr.,Charlotte 49ers,2014,mike thorne,0,NA,NA,31,759,0.0977154860537284,14.333648004823178,-2.4,0.513,1.7
Jay Hook,Tulane Green Wave,2015,jay hook,0,NA,NA,31,928,0.1782371765678584,14.332277612445232,4.2,0.574,3.6
Shawn Lester,Charlotte 49ers,2014,shawn lester,0,NA,NA,31,757,0.119465143044114,14.328998766993454,0.6,0.538,1.8
Wayne Blackshear,Louisville Cardinals,2013,wayne blackshear,0,NA,NA,40,782,0.07760335165803003,14.324504268152362,6.8,0.537,3.7
Isaac Fleming,East Carolina Pirates,2019,isaac fleming,0,NA,NA,31,845,0.14556865987682427,14.324381044502664,-0.9,0.516,1.5
Justyn Fernandez,Delaware Blue Hens,2026,justyn fernandez,0,NA,NA,31,1046,0.12337353004297184,14.321073882195137,-3.5,0.57,1.3
Isaac McKneely,Louisville Cardinals,2026,isaac mckneely,0,NA,NA,35,1014,0.1191212548003762,14.318239214255245,5.9,0.605,3.3
Tamir Jackson,Rice Owls,2011,tamir jackson,0,NA,NA,31,1033,0.12711922169058537,14.31644197492102,1.3,0.522,2.7
DeAndre Kane,Marshall Thundering Herd,2013,deandre kane,1,2,exact,32,1039,0.00651344637887449,14.307896355499238,-0.5,0.461,1.8
Tramon Mark,Houston Cougars,2021,tramon mark,0,NA,NA,32,642,0.06821844362777844,14.307885726044113,2.8,0.478,2.8
Nafis Ricks,Missouri State Bears,2011,nafis ricks,0,NA,NA,35,1054,0.13882837960552566,14.306505998994488,2.9,0.491,3.5
Kobi Williams,Missouri State Bears,2026,kobi williams,0,NA,NA,34,1169,0.09132059904823858,14.30600305441013,-0.8,0.589,3.2
Michael Ertel,UAB Blazers,2021,michael ertel,0,NA,NA,29,832,0.1210387483430073,14.296377520969362,NA,0.4926932180714212,NA
Eral Penn,DePaul Blue Demons,2023,eral penn,0,NA,NA,33,950,0.18639176745593664,14.296366545992138,0.9,0.517,2.1
Robert Brown,UAB Blazers,2015,robert brown,1,3,exact,36,1165,0.14491178516138137,14.29521249525414,NA,0.507132844066958,NA
Tyrone Watson,New Mexico State Aggies,2011,tyrone watson,0,NA,NA,32,885,0.1739933735997819,14.2939992510221,2.9,0.596,2.9
R.L. Horton,Southern Miss Golden Eagles,2011,rl horton,0,NA,NA,31,972,0.11456085384884448,14.293160753438729,3.2,0.531,3.8
Jeremiah Kelly,DePaul Blue Demons,2012,jeremiah kelly,0,NA,NA,31,818,0.1561885977225543,14.288370637890065,2.5,0.536,1.9
Josh Anderson,Western Kentucky Hilltoppers,2021,josh anderson,0,NA,NA,29,761,0.10992032434402188,14.286989901717606,3.5,0.574,2.5
Remi Barry,New Mexico State Aggies,2015,remi barry,0,NA,NA,34,1095,0.205271061083229,14.286935010272428,1.6,0.564,4.5
Amidou Bamba,Charlotte 49ers,2020,amidou bamba,0,NA,NA,29,565,0.07867589689347865,14.283901216387354,-0.7,0.596,1.7
D'Andre Wright,Tulsa Golden Hurricane,2014,dandre wright,0,NA,NA,34,583,0.05621323010050024,14.28117512091377,-1.6,0.529,1.7
Chris  Smith,Louisville Cardinals,2012,chris smith,0,NA,NA,40,1099,0.1385670137336163,14.280253569192734,7,0.551,4.5
Brandon Suggs,East Carolina Pirates,2020,brandon suggs,0,NA,NA,31,703,0.09873339140226196,14.27745563963392,1.1,0.567,1.9
Amric Fields,TCU Horned Frogs,2014,amric fields,0,NA,NA,31,568,0.3226028135993416,14.272791332618176,2.4,0.513,0.9
Quinton Campbell,Southern Miss Golden Eagles,2017,quinton campbell,0,NA,NA,31,1033,-0.08689063106084725,14.26683687198579,-1.5,0.511,2.1
Aaron Brown,Southern Miss Golden Eagles,2014,aaron brown,0,NA,NA,35,952,0.112639975658756,14.26670813702478,3.4,0.576,3.8
Ithiel Horton,Delaware Blue Hens,2019,ithiel horton,0,NA,NA,33,1074,0.11565078220197188,14.26666140055559,-1.5,0.57,2.6
D.J. Newbill,Southern Miss Golden Eagles,2011,dj newbill,0,NA,NA,31,948,0.10405374013423348,14.26032420749575,3.4,0.593,3.5
RJ Felton,East Carolina Pirates,2023,rj felton,0,NA,NA,33,1060,0.12520783030335014,14.259904691091467,2,0.493,2.6
Jestin Porter,Middle Tennessee Blue Raiders,2025,jestin porter,1,2,exact,34,1151,0.10037251986397663,14.259460425874808,0.5,0.542,3.1
Mekhi Mason,Rice Owls,2024,mekhi mason,0,NA,NA,32,975,0.13634202586633642,14.251092634175086,-1.7,0.494,1.4
Ronnie Boggs,Jacksonville State Gamecocks,2012,ronnie boggs,0,NA,NA,31,862,0.1943952612932494,14.24254469042844,1,0.595,3
Tomasz Gielo,Liberty Flames,2014,tomasz gielo,0,NA,NA,32,997,0.182154633129152,14.23821058138046,-0.7,0.567,2.8
D.J. Jeffries,Memphis Tigers,2021,dj jeffries,0,NA,NA,28,717,0.10859388228384231,14.229855839544186,3.9,0.508,2.5
Stevie Mitchell,Marquette Golden Eagles,2023,stevie mitchell,0,NA,NA,36,838,0.09294463012409972,14.227754416692528,4.3,0.546,2.7
Stefan Moody,Florida Atlantic Owls,2013,stefan moody,0,NA,NA,31,883,0.19777691226097172,14.21918547119292,-0.6,0.544,2.6
Kaseem Watson,UTEP Miners,2026,kaseem watson,0,NA,NA,31,972,0.1747545160136878,14.212349152519897,-0.9,0.523,2
Nigel Snipes,Western Kentucky Hilltoppers,2016,nigel snipes,0,NA,NA,34,728,0.06915878191212807,14.20585714268898,0.5,0.609,2
Brandon Suggs,East Carolina Pirates,2022,brandon suggs,0,NA,NA,30,712,0.11878404234354992,14.20247618691956,0.9,0.526,1.7
B.J. Tyson,East Carolina Pirates,2016,bj tyson,0,NA,NA,31,1042,0.16112858318437986,14.201962123138731,0.2,0.506,2
AJ Harris,New Mexico State Aggies,2019,aj harris,0,NA,NA,35,841,0.12437186874782244,14.191672801934017,2.4,0.526,3.2
Milos Supica,Charlotte 49ers,2021,milos supica,0,NA,NA,25,427,0.08581851556288095,14.186466537895438,-1.9,0.618,1.3
Greg Gantt,Florida Atlantic Owls,2011,greg gantt,0,NA,NA,30,912,0.1613230207940832,14.185128054035085,0.6,0.558,3.2
Paris Roberts-Campbell,East Carolina Pirates,2014,paris robertscampbell,0,NA,NA,34,1155,0.1158498887100116,14.180434852526057,0,0.533,3.2
Boogie Ellis,Memphis Tigers,2021,boogie ellis,0,NA,NA,28,655,0.09353019385543196,14.178615900264816,4.6,0.53,2.6
Josh Delaney,Sam Houston Bearkats,2018,josh delaney,0,NA,NA,36,800,0.12681886770791323,14.165456687931966,1.1,0.585,2.9
Jon Davis,Charlotte 49ers,2016,jon davis,0,NA,NA,33,1064,0.11415479785369805,14.163463706031266,-1,0.524,2
Julian Washburn,UTEP Miners,2014,julian washburn,1,2,exact,34,1170,0.1582094950692281,14.162532857764663,3.2,0.525,3.9
Titus Rubles,Cincinnati Bearcats,2014,titus rubles,0,NA,NA,34,985,0.149890864982937,14.1623249610991,4.8,0.486,3.9
Khari Price,Southern Miss Golden Eagles,2016,khari price,0,NA,NA,29,859,0.19416430945246185,14.159453568224723,-0.8,0.549,2.3
Elijah Elliott,New Mexico State Aggies,2026,elijah elliott,0,NA,NA,32,578,0.04641518557964583,14.15516948450907,0,0.473,1.2
Anthony Duruji,Louisiana Tech Bulldogs,2018,anthony duruji,0,NA,NA,33,682,0.10369285336309604,14.152532895510255,0.4,0.541,1.8
Simas Lukosius,Cincinnati Bearcats,2025,simas lukosius,0,NA,NA,35,879,0.14631471320330774,14.152404574013811,4.5,0.537,2.7
Cobie Montgomery,Southern Miss Golden Eagles,2025,cobie montgomery,0,NA,NA,33,730,0.10363817465749528,14.151589580341914,-0.5,0.62,1.9
Tre'Darius McCallum,DePaul Blue Demons,2017,tredarius mccallum,0,NA,NA,32,993,0.23044396393223435,14.14713827838123,2.8,0.508,2.1
Adonis Thomas,Memphis Tigers,2013,adonis thomas,1,3,exact,36,1056,0.116583393702053,14.144848478010676,2,0.482,3.2
Donovan Sims,Middle Tennessee Blue Raiders,2019,donovan sims,0,NA,NA,32,948,0.08752848567283165,14.137157873710317,1.2,0.544,2.5
Aaron Anderson,Kennesaw State Owls,2013,aaron anderson,0,NA,NA,30,1006,-0.08294247702885635,14.135408953134275,-3.2,0.527,2
Ron Mvouika,Missouri State Bears,2014,ron mvouika,0,NA,NA,33,563,0.10436680748526232,14.135328987794065,0.3,0.519,1.3
Greg Elliott,Marquette Golden Eagles,2021,greg elliott,0,NA,NA,27,492,0.08418776622567133,14.132813515506694,6.3,0.651,1.6
Jimario Rivers,Memphis Tigers,2017,jimario rivers,0,NA,NA,32,686,0.06650656754297796,14.132546760445436,1.7,0.572,2
Juwan Perdue,Jacksonville State Gamecocks,2024,juwan perdue,0,NA,NA,32,817,0.10733075913020648,14.121992990268616,-0.3,0.541,2.7
Cheikh Mbodj,Cincinnati Bearcats,2013,cheikh mbodj,0,NA,NA,34,715,0.05248723654112697,14.117338756889373,3.6,0.523,2.6
Ryan Allen,Delaware Blue Hens,2019,ryan allen,0,NA,NA,33,791,0.15911685609384735,14.115839053167845,-1.5,0.544,1.8
Avery Woodson,Memphis Tigers,2016,avery woodson,0,NA,NA,34,836,0.09640807055302614,14.114990448820851,4.7,0.597,3
Sean Newman Jr.,Louisiana Tech Bulldogs,2025,sean newman,1,3,exact,32,1034,0.12260408508808196,14.107331294789264,-0.8,0.526,3
Theo Johnson,Liberty Flames,2015,theo johnson,0,NA,NA,32,814,0.2108597899004093,14.097563233464744,-2,0.538,2.1
Craig Williams,TCU Horned Frogs,2012,craig williams,0,NA,NA,33,558,0.04012851083155773,14.09549577604155,-1.9,0.541,1.6
Enoch Kalambay,Western Kentucky Hilltoppers,2025,enoch kalambay,0,NA,NA,32,598,0.08945247695880636,14.094248903123834,0.6,0.52,1.3
Gibson Jimerson,Saint Louis Billikens,2023,gibson jimerson,0,NA,NA,33,1117,0.14540254908286634,14.092167974217038,2.3,0.59,3.2
Kareem Brewton Jr.,Memphis Tigers,2019,kareem brewton,0,NA,NA,36,801,0.07918691006872254,14.088805069995676,2.4,0.536,2.2
Malik Morgan,Tulane Green Wave,2017,malik morgan,0,NA,NA,31,955,0.16534664982920227,14.088691207012982,0.6,0.504,1.6
Jamal Hunter,Jacksonville State Gamecocks,2014,jamal hunter,0,NA,NA,31,636,0.09037182556677188,14.077452367316363,-3.3,0.626,1.6
Ze'Rik Onyema,UTEP Miners,2023,zerik onyema,0,NA,NA,32,646,0.09412866728966957,14.075896692443148,-0.6,0.567,1.9
Darin Green Jr.,UCF Knights,2022,darin green,0,NA,NA,30,895,0.10157123945790754,14.074630242390883,3,0.542,2.6
Raynere Thornton,Memphis Tigers,2019,raynere thornton,0,NA,NA,36,938,0.11245028938643983,14.072773582973406,3.5,0.566,2.7
Anthony Mosley,Delaware Blue Hens,2018,anthony mosley,0,NA,NA,33,1035,0.17205809510418493,14.06874276718293,-1.3,0.543,2.3
Wayne Blackshear,Louisville Cardinals,2015,wayne blackshear,0,NA,NA,36,1129,0.14685697525840433,14.068114471180548,6.6,0.533,4.8
Niels Lane,Delaware Blue Hens,2024,niels lane,0,NA,NA,33,860,0.12314321389876416,14.067278960201977,-1.4,0.57,2.3
Terrance Arceneaux,Houston Cougars,2025,terrance arceneaux,0,NA,NA,40,812,0.08259021668885523,14.059024542658314,8.6,0.531,3.3
Deric Hill,Florida International Panthers,2013,deric hill,0,NA,NA,32,737,0.11275601830673836,14.058745596586348,1.6,0.507,1.9
Devon Saddler,Delaware Blue Hens,2012,devon saddler,0,NA,NA,32,1138,0.1875526142550336,14.035944463668269,-0.1,0.514,2.7
Tramon Mark,Houston Cougars,2023,tramon mark,0,NA,NA,37,1089,0.10894036686119432,14.025568672864944,5.3,0.498,4.6
JT Sulton,Middle Tennessee Blue Raiders,2011,jt sulton,0,NA,NA,31,745,0.1799918450609678,14.019123605997038,-1.1,0.536,2.3
Christen Cunningham,Louisville Cardinals,2019,christen cunningham,0,NA,NA,34,1035,0.19856814401200523,14.017138289457847,5.5,0.582,3.5
Dez White,Missouri State Bears,2025,dez white,0,NA,NA,32,1062,0.19898146235928915,14.016237829446714,1,0.534,2.9
LeRon Barnes,Houston Cougars,2016,leron barnes,0,NA,NA,32,718,0.10125216931432723,14.01470578501334,5.4,0.62,2.6
Otis Frazier III,UTEP Miners,2023,otis frazier,0,NA,NA,32,663,0.08584854639823385,14.009695365545358,0.8,0.571,2
Darius McGhee,Liberty Flames,2019,darius mcghee,0,NA,NA,36,767,0.10390127075039268,14.008043872938728,2.5,0.52,2.9
John Dawson,Liberty Flames,2016,john dawson,0,NA,NA,31,671,0.25444763202677745,14.004050660763374,-0.6,0.572,1.4
Shaquille Harrison,Tulsa Golden Hurricane,2014,shaquille harrison,0,NA,NA,34,1026,0.1304343170345333,14.00169378290382,2.6,0.526,2.9
Curtis Williams Jr.,Tulane Green Wave,2026,curtis williams,0,NA,NA,33,1060,0.1596590252172492,13.9988161223213,-0.4,0.523,1.5
Phil Gary,Florida International Panthers,2011,phil gary,0,NA,NA,30,867,0.12546018762124475,13.99785689492282,-1.9,0.563,2.1
Donovan Clay,Missouri State Bears,2022,donovan clay,0,NA,NA,34,1098,0.1596377728860368,13.995011295471132,3.3,0.593,3.7
Jamal Hunter,Jacksonville State Gamecocks,2015,jamal hunter,0,NA,NA,31,681,0.065490162569474,13.994122674421051,-3.4,0.536,1.5
Speedy Smith,Louisiana Tech Bulldogs,2015,speedy smith,1,1,exact,36,1190,0.16241566673681035,13.988078813642394,2.4,0.511,3.8
Chandler Lawson,Memphis Tigers,2023,chandler lawson,0,NA,NA,35,683,0.07209152299526923,13.982692685269312,3.5,0.605,2.2
JaQuon Parker,Cincinnati Bearcats,2012,jaquon parker,0,NA,NA,37,798,0.12968421376080225,13.969262258782924,3.4,0.506,2.9
Anthony Mosley,Delaware Blue Hens,2017,anthony mosley,0,NA,NA,33,979,0.19259169877133203,13.964538982725552,-1.1,0.556,1.8
Darnell Harris,Middle Tennessee Blue Raiders,2015,darnell harris,0,NA,NA,36,641,0.10810513011846692,13.96429452800725,2.4,0.55,2.2
Jeremiah Davenport,Cincinnati Bearcats,2023,jeremiah davenport,0,NA,NA,36,920,0.09339621658634868,13.96333301863278,4.4,0.503,3
JaColby Pemberton,Louisiana Tech Bulldogs,2019,jacolby pemberton,0,NA,NA,33,889,0.08963307594892009,13.96028353058547,-0.2,0.561,2.8
Prince Williams,East Carolina Pirates,2014,prince williams,0,NA,NA,34,901,0.14664171685109184,13.957644107122334,-1.6,0.55,2.2
Kyle Kuric,Louisville Cardinals,2012,kyle kuric,0,NA,NA,40,1369,0.18927237682685652,13.95643687396545,7.7,0.55,5.5
Michael Forrest,Florida Atlantic Owls,2020,michael forrest,0,NA,NA,32,818,0.1004508609923798,13.949886994103968,1,0.577,2.8
Terry Whisnant,East Carolina Pirates,2015,terry whisnant,0,NA,NA,33,1018,0.1854342341244636,13.949484672184656,2.2,0.551,3
Jordan Jones,Kennesaw State Owls,2018,jordan jones,0,NA,NA,30,661,0.16640088140857578,13.941010974716024,-3,0.563,1.5
Curran Scott,Charlotte 49ers,2016,curran scott,0,NA,NA,33,815,0.09163110386075024,13.939935859320054,-2.2,0.597,1.9
Abdul Ado,Cincinnati Bearcats,2022,abdul ado,0,NA,NA,33,557,0.07302628582928962,13.93893037503613,3.8,0.514,1.8
Kalob Ledoux,Louisiana Tech Bulldogs,2021,kalob ledoux,0,NA,NA,32,733,0.20707344536891104,13.93603078706715,1.7,0.557,2.6
Wes VanBeck,Houston Cougars,2017,wes vanbeck,0,NA,NA,32,708,0.07566831560549518,13.933359693868256,4.5,0.645,3
James Thomas,Sam Houston Bearkats,2013,james thomas,0,NA,NA,34,916,0.17942005418535625,13.93331161521097,-1.4,0.501,3
Calvin Solomon,UTEP Miners,2024,calvin solomon,0,NA,NA,34,640,0.05576217281961376,13.92480205459368,-1.6,0.552,1.7
Malcolm Drumwright,Jacksonville State Gamecocks,2018,malcolm drumwright,0,NA,NA,36,1231,0.189144021979708,13.921573792603722,0.4,0.528,4.3
Jao Ituka,Jacksonville State Gamecocks,2025,jao ituka,0,NA,NA,36,671,0.05447218986387663,13.915491605509937,-1.1,0.546,2
Trevor Gaskins,Louisiana Tech Bulldogs,2012,trevor gaskins,0,NA,NA,34,996,0.30548369082379395,13.91354883339264,1,0.556,2.9
Jalen Finch,Jacksonville State Gamecocks,2022,jalen finch,0,NA,NA,32,905,0.15304513530982236,13.910648093857992,-0.5,0.558,3
Elmo Stephen,Florida International Panthers,2017,elmo stephen,0,NA,NA,31,721,0.08116441435226054,13.908167036720693,-1.4,0.58,1.9
Rashad Bishop,Cincinnati Bearcats,2011,rashad bishop,0,NA,NA,35,931,0.14781256276864244,13.905468189229929,7.3,0.533,3.6
Jamal Cain,Marquette Golden Eagles,2020,jamal cain,0,NA,NA,30,552,0.09356025295195172,13.900984213229409,5,0.595,1.8
Jordair Jett,Saint Louis Billikens,2013,jordair jett,0,NA,NA,35,922,0.1467729835152459,13.898183188362507,4.4,0.563,3.4
Jarrid Rhodes,Missouri State Bears,2018,jarrid rhodes,0,NA,NA,33,1008,0.1591707552802173,13.89098661298995,3.3,0.578,3.5
A.J. Davis,UCF Knights,2016,aj davis,0,NA,NA,30,943,-0.05503618071379235,13.88904175704911,1.2,0.509,2.1
Michael Forrest,Florida Atlantic Owls,2023,michael forrest,0,NA,NA,39,768,0.07482918278041506,13.880360454958806,2.9,0.531,2.7
AJ Bates,Louisiana Tech Bulldogs,2026,aj bates,0,NA,NA,34,1135,0.1042149842707952,13.8628125056567,-1.8,0.471,3.2
Nate Darling,UAB Blazers,2018,nate darling,0,NA,NA,33,924,0.08020356560048923,13.849825368818273,NA,0.6314097658043778,NA
Tosin Mehinti,UAB Blazers,2016,tosin mehinti,0,NA,NA,33,649,0.0494550869942737,13.848465156414228,NA,0.5663629647869983,NA
LaDavius Draine,Southern Miss Golden Eagles,2020,ladavius draine,0,NA,NA,31,997,0.10518115711748918,13.838760279208758,0.2,0.522,2.3
Obediah Church,Missouri State Bears,2016,obediah church,0,NA,NA,31,825,0.14341267139628883,13.830900191852985,2,0.564,1.9
Javan Johnson,DePaul Blue Demons,2023,javan johnson,0,NA,NA,33,1187,0.1723445735144764,13.830835739827428,2.7,0.547,1.9
Milik Yarbrough,Saint Louis Billikens,2015,milik yarbrough,0,NA,NA,32,759,0.20608705863307664,13.813323486378843,-0.5,0.498,1.3
L.J. Bernard Rose,Houston Cougars,2014,lj bernard rose,0,NA,NA,33,795,0.13196079560495824,13.806416323366657,NA,0.5400696864111498,NA
Layden Blocker,DePaul Blue Demons,2026,layden blocker,0,NA,NA,32,930,0.12255636608465224,13.805110418366212,1.9,0.49,2.1
Brandon Suggs,UCF Knights,2023,brandon suggs,0,NA,NA,34,614,0.08975947323636768,13.804910741398311,2.7,0.582,2.1
K.J. Lawson,Memphis Tigers,2017,kj lawson,0,NA,NA,32,1078,0.12833339907306412,13.80270629672214,-0.3,0.47,2.5
David Joplin,Marquette Golden Eagles,2024,david joplin,0,NA,NA,37,1024,0.09842036777140316,13.796953380218929,3.7,0.536,2.5
Fahro Alihodzic,UAB Blazers,2014,fahro alihodzic,0,NA,NA,31,767,0.11032065262348724,13.7907665566009,NA,0.48015816975003534,NA
Taveion Hollingsworth,Western Kentucky Hilltoppers,2019,taveion hollingsworth,1,3,exact,34,1251,0.15574997321514084,13.787932415574591,0.9,0.516,3.2
Oliver Powell,Louisiana Tech Bulldogs,2018,oliver powell,0,NA,NA,33,750,0.08789649530514795,13.787705683023288,-0.9,0.576,2
Mike McCall Jr.,Saint Louis Billikens,2014,mike mccall,0,NA,NA,34,1022,0.15742113283621767,13.785072874034489,5.3,0.514,3.8
Jeremy Williams,UTEP Miners,2011,jeremy williams,0,NA,NA,35,1040,0.1068166844219403,13.784881510759524,2.5,0.557,3.4
Haanif Cheatham,Marquette Golden Eagles,2017,haanif cheatham,0,NA,NA,32,814,0.1134894974126658,13.782105659277166,1.7,0.552,1.9
Jordan Callahan,Tulane Green Wave,2011,jordan callahan,0,NA,NA,30,1028,0.10709372498995462,13.779315791199991,0.4,0.531,3
Jaylen Forbes,Tulane Green Wave,2024,jaylen forbes,0,NA,NA,31,1016,0.086630981329601,13.779176644429542,-0.8,0.535,1.7
Speedy Smith,Louisiana Tech Bulldogs,2013,speedy smith,0,NA,NA,34,949,0.1798114803161089,13.777482417997174,1.3,0.519,3.2
Galen Robinson Jr.,Houston Cougars,2016,galen robinson,0,NA,NA,32,777,0.10643506920736828,13.77471391976284,1.3,0.527,2.3
Davon Barnes,Sam Houston Bearkats,2024,davon barnes,1,2,exact,33,1019,0.12680944998181828,13.771887379804072,1.1,0.55,3.1
Javion May,Sam Houston Bearkats,2021,javion may,0,NA,NA,28,556,0.1305911582616835,13.771043055948448,-1.4,0.492,1.9
Duane Wilson,Marquette Golden Eagles,2016,duane wilson,0,NA,NA,33,939,0.12444942570492797,13.770547349670201,2.5,0.539,2.1
Jordan McCoy,Florida Atlantic Owls,2011,jordan mccoy,0,NA,NA,30,566,0.2037437995347083,13.767555705575022,-0.8,0.615,2
Malik Morgan,Tulane Green Wave,2016,malik morgan,0,NA,NA,34,1075,0.1565869311126353,13.765614050399538,2.8,0.522,2.5
Day Day Thomas,Cincinnati Bearcats,2024,day day thomas,0,NA,NA,37,934,0.10567339941761472,13.765477561438416,3.6,0.477,2.5
Jacob Meyer,UAB Blazers,2026,jacob meyer,0,NA,NA,32,797,0.08919962780578312,13.762912483620797,NA,0.4970776988310795,NA
Nick Rutherford,Florida Atlantic Owls,2017,nick rutherford,0,NA,NA,30,803,0.1338826677255003,13.753371628568958,-1.6,0.447,1.3
Sam Griffin,Tulsa Golden Hurricane,2022,sam griffin,0,NA,NA,31,938,0.14024662423741882,13.753117864598448,1.3,0.501,1.7
Seth Pinkney,Florida International Panthers,2022,seth pinkney,0,NA,NA,32,555,0.05597018791970103,13.751036889687043,-2.6,0.609,1.5
Alandise Harris,Houston Cougars,2011,alandise harris,0,NA,NA,30,627,0.06667273477911288,13.748637029978262,-2.1,0.529,1.2
Javarris Barnett,Charlotte 49ers,2012,javarris barnett,0,NA,NA,30,956,0.17767356907161966,13.746622810531736,1.6,0.551,2.6
Kam Jones,Marquette Golden Eagles,2022,kam jones,0,NA,NA,32,575,0.06121305045464105,13.740976007810763,4,0.563,1.4
Braeden Carrington,Tulsa Golden Hurricane,2025,braeden carrington,0,NA,NA,33,776,0.13736345676443062,13.740591351102772,0.8,0.528,2
Keandre Cook,Missouri State Bears,2019,keandre cook,0,NA,NA,32,931,0.1388138135449646,13.738991333037358,-0.8,0.557,2.2
Ronnie Moss,TCU Horned Frogs,2011,ronnie moss,0,NA,NA,33,633,0.5376554669563063,13.729602076623422,0.5,0.523,1
Terrion Murdix,Western Kentucky Hilltoppers,2026,terrion murdix,0,NA,NA,32,574,0.06510565184525441,13.71529608247259,0.3,0.436,1.2
Chad Bowie,Sam Houston Bearkats,2019,chad bowie,0,NA,NA,33,596,0.1075718954215345,13.714584993362315,-0.4,0.521,1.5
Jacob Conner,Marshall Thundering Herd,2023,jacob conner,0,NA,NA,32,670,0.08100852048921353,13.70648342928702,2.2,0.541,2.3
Greg Elliott,Marquette Golden Eagles,2018,greg elliott,0,NA,NA,35,639,0.06966226700224709,13.688191884397588,4.7,0.605,1.6
Norbertas Giga,Jacksonville State Gamecocks,2018,norbertas giga,0,NA,NA,36,910,0.1265404112933077,13.68526855115657,-1.4,0.491,2.5
Jae'Coby Osborne,New Mexico State Aggies,2026,jaecoby osborne,0,NA,NA,32,746,0.06903514213391776,13.684050100820944,-0.2,0.569,2.1
Zach Nutall,SMU Mustangs,2023,zach nutall,0,NA,NA,32,1017,0.1412457688874869,13.682999048906035,2,0.514,2
Willy Nunez Jr.,Florida International Panthers,2019,willy nunez,0,NA,NA,34,684,0.0642135198593981,13.660640420979908,-2,0.524,1.6
Vander Blue,Marquette Golden Eagles,2013,vander blue,0,NA,NA,35,1123,0.18760781526742193,13.660476387538909,4.5,0.542,3.5
Haanif Cheatham,Marquette Golden Eagles,2016,haanif cheatham,0,NA,NA,33,974,0.14378898366756993,13.652009282456786,1.1,0.6,2.2
Neftali Alvarez,Southern Miss Golden Eagles,2025,neftali alvarez,0,NA,NA,33,890,0.15397250189102146,13.650900591246772,-2.8,0.504,1.4
B.J. Edwards,SMU Mustangs,2024,bj edwards,0,NA,NA,33,610,0.07582175985346076,13.646297358081732,2.8,0.496,1.7
Kassim Nicholson,UAB Blazers,2021,kassim nicholson,0,NA,NA,29,769,0.10489549098817597,13.646034733960876,NA,0.5080241767403084,NA
Adam Brown,Houston Cougars,2011,adam brown,0,NA,NA,30,891,0.17967776575354608,13.64537377629049,1.8,0.542,2.3
Worrel Clahar,DePaul Blue Demons,2012,worrel clahar,0,NA,NA,31,521,0.08707753924565205,13.644335500463614,1,0.605,0.9
Cameron Huefner,Sam Houston Bearkats,2023,cameron huefner,0,NA,NA,34,694,0.06918879689496439,13.641342515570551,1.6,0.558,2.7
Kasey Wilson,UCF Knights,2014,kasey wilson,0,NA,NA,31,827,0.1166787046413552,13.634602954559146,0.5,0.535,2.1
Hernst Laroche,New Mexico State Aggies,2011,hernst laroche,0,NA,NA,32,1109,0.1994534170106772,13.622162824624176,1.5,0.526,3.2
Justin Raffington,Florida Atlantic Owls,2014,justin raffington,0,NA,NA,31,920,0.15222807409819752,13.616788086673663,-2.7,0.514,2
Vance Jackson,East Carolina Pirates,2022,vance jackson,0,NA,NA,30,934,0.12720256135659225,13.611575904506129,1.1,0.53,2
Ryan McMahon,Louisville Cardinals,2020,ryan mcmahon,0,NA,NA,31,765,0.09767396277735664,13.610130272478084,7.6,0.636,3.2
John Dewey III,Sam Houston Bearkats,2017,john dewey,0,NA,NA,34,972,0.18048889751105512,13.605339442117607,-2.8,0.535,2.4
Jamil Wilson,Marquette Golden Eagles,2012,jamil wilson,0,NA,NA,35,821,0.08289151689863564,13.605123362267028,4.1,0.503,2.5
Makhtar Gueye,UAB Blazers,2019,makhtar gueye,0,NA,NA,35,942,0.11818029583075186,13.600368591219013,NA,0.5296920821114369,NA
Mike Miles Jr.,TCU Horned Frogs,2022,mike miles,0,NA,NA,34,1033,0.1874223196699869,13.59774672918456,4.1,0.482,3.2
Colin Porter,Liberty Flames,2023,colin porter,0,NA,NA,36,981,0.11547565900528746,13.596035379936412,1.3,0.546,3.9
Josh Webster,Missouri State Bears,2019,josh webster,0,NA,NA,32,1026,0.1872635212978623,13.594189939461682,0.7,0.504,3
Donte Powers,Sam Houston Bearkats,2021,donte powers,0,NA,NA,28,745,0.08328406808549071,13.592934979564616,-0.4,0.605,2.6
JD Miller,TCU Horned Frogs,2017,jd miller,0,NA,NA,39,697,0.08255516335548982,13.592674269782403,3.3,0.505,1.7
Jannson Williams,Marshall Thundering Herd,2020,jannson williams,0,NA,NA,32,657,0.07741974651819589,13.587870919974872,2,0.471,1.7
Que Johnson,Western Kentucky Hilltoppers,2017,que johnson,0,NA,NA,32,1031,0.18120742489647648,13.58247495842177,-0.5,0.52,2.1
Wyatt Fricks,Marshall Thundering Herd,2024,wyatt fricks,0,NA,NA,33,564,0.08645521206013472,13.581978010197837,-2,0.513,1.1
Tshilidzi Nephawe,New Mexico State Aggies,2011,tshilidzi nephawe,0,NA,NA,32,590,0.06196035955287259,13.56998571536374,-0.4,0.563,2
Darion Rackley,Jacksonville State Gamecocks,2012,darion rackley,0,NA,NA,31,616,0.10020144212862744,13.56615869708142,0.3,0.527,2.2
Kelvin Penn,Florida Atlantic Owls,2014,kelvin penn,0,NA,NA,31,788,0.1262083631285047,13.562215658823414,1.2,0.593,2
Dion Dixon,Cincinnati Bearcats,2012,dion dixon,0,NA,NA,37,1265,0.15616069688269998,13.559347219103689,4.6,0.474,3.7
Tommy Hamilton IV,DePaul Blue Demons,2016,tommy hamilton,0,NA,NA,30,697,0.2752966211806965,13.55694003058298,1.2,0.572,1.3
Amaree Abram,Louisiana Tech Bulldogs,2025,amaree abram,0,NA,NA,32,1027,0.10333462492246027,13.545831013308607,0.3,0.54,2.6
Garlon Green,TCU Horned Frogs,2011,garlon green,0,NA,NA,33,969,0.777002641823889,13.53959387030483,1.7,0.594,2.5
Tre'Darius McCallum,DePaul Blue Demons,2018,tredarius mccallum,0,NA,NA,31,909,0.17480596300977866,13.537540634659932,2.2,0.511,2
TyQuane Goard,Marshall Thundering Herd,2014,tyquane goard,0,NA,NA,33,787,0.12422315208113976,13.536920612667103,0.6,0.567,2.3
Kevin Anderson,Delaware Blue Hens,2020,kevin anderson,0,NA,NA,33,1149,0.1620172492975687,13.534815760809536,-0.5,0.575,2.9
Dakarai Henderson,Sam Houston Bearkats,2016,dakarai henderson,0,NA,NA,34,953,0.11485496760791788,13.515413687301775,-2,0.505,2.2
Troy Caupain,Cincinnati Bearcats,2015,troy caupain,0,NA,NA,34,1065,0.1930163424391658,13.514605235041788,5.4,0.563,4.2
Souley Boum,UTEP Miners,2020,souley boum,0,NA,NA,32,1006,0.13014897145345908,13.514504409206843,1,0.521,3.1
Ryan Smith,Tulane Green Wave,2017,ryan smith,0,NA,NA,31,721,0.07670358860122387,13.508517862803584,-2.3,0.524,1.1
Ian Smikle,Tulsa Golden Hurricane,2025,ian smikle,0,NA,NA,33,676,0.09897757579452215,13.499691773838936,-3.8,0.539,1.6
DeAndre Pinckney,Southern Miss Golden Eagles,2022,deandre pinckney,0,NA,NA,33,820,0.06715130833476933,13.499129924948043,-2.1,0.546,1.7
Justin Jackson,Cincinnati Bearcats,2012,justin jackson,0,NA,NA,37,780,0.04839268629185081,13.498132957676193,2.9,0.526,2.2
Eric Carter,Delaware Blue Hens,2017,eric carter,0,NA,NA,33,695,0.09474128336691448,13.493597970713372,-4.6,0.548,1.3
Pat Birt,Tulsa Golden Hurricane,2016,pat birt,0,NA,NA,31,842,0.08482600441142434,13.49198273286334,2.7,0.528,2.4
RJ Nembhard Jr.,TCU Horned Frogs,2021,rj nembhard,0,NA,NA,26,837,0.22160677001804752,13.491702408421602,1,0.508,1.5
Ty-Laur Johnson,Louisville Cardinals,2024,tylaur johnson,0,NA,NA,32,696,0.08659651273431619,13.484533964802567,-0.7,0.492,0.9
Ako Adams,Rice Owls,2020,ako adams,0,NA,NA,32,827,0.09550322563762564,13.482693949507388,0.2,0.574,2.2
JaQuail Townser,Jacksonville State Gamecocks,2016,jaquail townser,0,NA,NA,29,824,0.2354420284954881,13.48112592648674,-1.4,0.52,1.9
Ian Baker,New Mexico State Aggies,2015,ian baker,0,NA,NA,34,989,0.16021058769045132,13.47886723450806,3.5,0.628,3.9
Darius Johnson,UCF Knights,2023,darius johnson,0,NA,NA,34,773,0.13226863218218726,13.477414688663066,3.3,0.489,2.3
Jonathan Aybar,Florida International Panthers,2025,jonathan aybar,0,NA,NA,33,769,0.06826920580461428,13.47297241665092,-2.7,0.496,1.5
Caleb White,East Carolina Pirates,2016,caleb white,0,NA,NA,31,922,0.1013224895164774,13.47108746220783,1.7,0.566,2.2
Rongie Gordon,Kennesaw State Owls,2025,rongie gordon,0,NA,NA,33,783,0.08088417805639607,13.46980909901796,1.4,0.509,2.3
Lance Pevehouse,Sam Houston Bearkats,2011,lance pevehouse,0,NA,NA,28,833,0.06124344040930663,13.448567102982398,3.2,0.503,3.1
Karlis Silins,Florida Atlantic Owls,2020,karlis silins,0,NA,NA,32,645,0.06772495280310896,13.448220139814136,-1.5,0.573,2
Georgie Pacheco-Ortiz,Liberty Flames,2020,georgie pachecoortiz,0,NA,NA,34,1084,0.14918953594329964,13.446700219087134,2,0.604,5.1
Mo Jeffers,Delaware Blue Hens,2015,mo jeffers,0,NA,NA,30,707,0.12311064341308496,13.446578734441069,NA,0.5858481938728852,NA
Shamar Givance,UTEP Miners,2023,shamar givance,0,NA,NA,32,1070,0.14012951034399224,13.445190501123864,1.6,0.549,3.1
Cannen Cunningham,SMU Mustangs,2013,cannen cunningham,0,NA,NA,32,1032,0.1062814661466237,13.443359670859223,1.3,0.55,2.8
Brandon Morris,Houston Cougars,2014,brandon morris,0,NA,NA,33,664,0.05688543197717655,13.434077917426098,3.4,0.604,1.7
Dago Pena,Marshall Thundering Herd,2011,dago pena,0,NA,NA,34,684,0.08476015161460966,13.432827738381388,4.7,0.573,2.4
Ody Oguama,Cincinnati Bearcats,2023,ody oguama,0,NA,NA,36,744,0.06153996902877726,13.427940934904464,0.3,0.577,2.4
Ben Gold,Marquette Golden Eagles,2026,ben gold,0,NA,NA,32,846,0.1374790203279767,13.422911161338895,1.8,0.512,2
Matt Taylor,New Mexico State Aggies,2017,matt taylor,0,NA,NA,34,747,0.06673425395065494,13.417371239079904,1.2,0.567,2.6
DJ Dudley,Louisiana Tech Bulldogs,2026,dj dudley,1,3,exact,34,1034,0.0994265346738877,13.416601483671425,-0.5,0.526,2.5
Ryan Manuel,SMU Mustangs,2013,ryan manuel,0,NA,NA,32,1090,0.15169769070840813,13.413514971192445,0.5,0.577,3.6
Chris Otule,Marquette Golden Eagles,2011,chris otule,0,NA,NA,37,651,0.04653533062423368,13.399412634529115,1.4,0.566,1.7
B.J. Tyson,East Carolina Pirates,2018,bj tyson,0,NA,NA,30,1093,0.19503841394286583,13.39759001436109,-0.9,0.508,2.1
Keith Pickens,Missouri State Bears,2012,keith pickens,0,NA,NA,32,627,0.12096259434321956,13.394190688954444,4.7,0.552,2.3
Christian Kirk,Missouri State Bears,2014,christian kirk,0,NA,NA,33,606,0.04430047926338287,13.39315548709456,-0.8,0.586,1.6
Quentin Snider,Louisville Cardinals,2016,quentin snider,0,NA,NA,31,861,0.10050396107252334,13.385573497257392,5.5,0.511,3.4
Dontaie Allen,Western Kentucky Hilltoppers,2024,dontaie allen,0,NA,NA,34,687,0.05396991625347251,13.38474986096181,0.9,0.554,1.9
Jared Hamilton,Jacksonville State Gamecocks,2016,jared hamilton,0,NA,NA,29,830,0.24296879650225436,13.378981304661298,-1.9,0.481,1.7
Alex Lomax,Memphis Tigers,2023,alex lomax,0,NA,NA,35,662,0.11361811040390274,13.364448326208706,5.1,0.525,1.8
Joe Young,Houston Cougars,2012,joe young,0,NA,NA,30,904,0.0932270069808705,13.362129074928449,0.9,0.538,2.3
K.J. Lawson,Tulane Green Wave,2020,kj lawson,0,NA,NA,30,1051,0.14154607534926475,13.359026143275369,0.9,0.506,2.3
David Punch,TCU Horned Frogs,2025,david punch,0,NA,NA,32,652,0.06762977092807569,13.354591786920498,2.2,0.509,1.4
Nick Norton,UAB Blazers,2015,nick norton,0,NA,NA,36,946,0.12494573623855076,13.354335727864772,NA,0.6109930448222566,NA
Jalen Gibbs,Jacksonville State Gamecocks,2022,jalen gibbs,0,NA,NA,32,960,0.11722095647602232,13.3525028372498,0.3,0.564,3.1
Ithiel Horton,UCF Knights,2023,ithiel horton,0,NA,NA,34,1047,0.12116329427490044,13.351858709077796,3.4,0.495,3.1
Sir'Jabari Rice,New Mexico State Aggies,2022,sirjabari rice,0,NA,NA,34,1034,0.15499082161812902,13.350606575402214,1.9,0.536,3.4
Reggie Upshaw Jr.,Middle Tennessee Blue Raiders,2014,reggie upshaw,0,NA,NA,33,676,0.05556366229311525,13.34281387192291,1.4,0.499,2.3
Tyreek Scott-Grayson,UAB Blazers,2020,tyreek scottgrayson,0,NA,NA,32,862,0.14572058849167843,13.3415611592997,NA,0.5425935973955507,NA
Mari Jordan,Tulane Green Wave,2025,mari jordan,0,NA,NA,34,627,0.07035856206456584,13.32908073868941,-1.6,0.513,1.5
John-Caleb Sanders,Liberty Flames,2012,johncaleb sanders,0,NA,NA,32,839,0.13153944945903198,13.325543980445971,-2.2,0.559,1.8
Adrien Stevens,Marquette Golden Eagles,2026,adrien stevens,0,NA,NA,32,834,0.11401009790813876,13.32279304981438,3.6,0.578,1.9
Kasen Jennings,Kennesaw State Owls,2022,kasen jennings,0,NA,NA,31,562,0.05587535865869412,13.32022004912393,-2.6,0.575,1.6
Robert Sampson,East Carolina Pirates,2012,robert sampson,0,NA,NA,31,585,0.06973659977223519,13.317220525784538,1.5,0.544,1.7
Shaq Thomas,Cincinnati Bearcats,2016,shaq thomas,0,NA,NA,33,573,0.07144547891236885,13.315420605188216,2.6,0.496,1.7
Geron Johnson,Memphis Tigers,2014,geron johnson,0,NA,NA,34,948,0.0938007835141661,13.31304562223992,2.7,0.477,2.2
Jayvon Maughmer,Liberty Flames,2025,jayvon maughmer,0,NA,NA,35,1002,0.10238958326635156,13.312314946941262,1.6,0.56,3.3
Marcus Marshall,Missouri State Bears,2013,marcus marshall,0,NA,NA,33,990,0.33255610630643984,13.306723397692156,1.9,0.565,2.9
Jermaine Bishop,Saint Louis Billikens,2016,jermaine bishop,0,NA,NA,32,561,0.147098962407101,13.294968955318383,0,0.533,1
Austin Loop,Marshall Thundering Herd,2015,austin loop,0,NA,NA,32,1033,0.2091106164757976,13.2909957095788,1.2,0.624,3.2
A.J. Rompza,UCF Knights,2012,aj rompza,0,NA,NA,33,654,0.10467402270923298,13.28536446727685,5.3,0.496,2.1
Donte Powers,Sam Houston Bearkats,2023,donte powers,0,NA,NA,34,937,0.14196321559229913,13.285299480944104,2.5,0.565,4
Isaiah Banks,Florida International Panthers,2020,isaiah banks,0,NA,NA,32,679,0.07749566411924583,13.28509492842661,0.7,0.567,1.7
Trey Zeigler,TCU Horned Frogs,2015,trey zeigler,0,NA,NA,33,901,0.22840726018342036,13.280576971948555,3.3,0.5,2.6
Simas Lukosius,Cincinnati Bearcats,2024,simas lukosius,0,NA,NA,37,1055,0.14296163731777364,13.278761072019842,5,0.551,3.1
Tyrone Watson,New Mexico State Aggies,2013,tyrone watson,0,NA,NA,35,779,0.17879884607788787,13.274274830521737,2.4,0.547,2.4
Curtis Givens III,Memphis Tigers,2026,curtis givens,0,NA,NA,32,641,0.12088856494672276,13.274038226603963,1.4,0.546,1.3
Duane Wilson,Marquette Golden Eagles,2015,duane wilson,0,NA,NA,32,899,0.12567509985283315,13.27352579082164,2.4,0.519,2
Brit Harris,Florida International Panthers,2026,brit harris,0,NA,NA,32,599,0.05290584096750982,13.273265866989489,-0.7,0.514,1.4
Jayce Johnson,Middle Tennessee Blue Raiders,2020,jayce johnson,0,NA,NA,31,755,0.04691914225337733,13.261540130846136,-3,0.479,1.3
Tosin Mehinti,UAB Blazers,2015,tosin mehinti,0,NA,NA,36,763,0.05820631650336756,13.26088424372875,NA,0.5305953693495038,NA
Vander Blue,Marquette Golden Eagles,2012,vander blue,0,NA,NA,35,901,0.09981092473694474,13.248429451698945,3.5,0.49,2.4
Corey Camper Jr.,UTEP Miners,2025,corey camper,0,NA,NA,33,981,0.12399704755665018,13.24756032419052,-0.3,0.48,2
Nigel Spikes,Marshall Thundering Herd,2011,nigel spikes,0,NA,NA,34,649,0.06545822642023785,13.247256617501227,1.5,0.547,2.1
Jordair Jett,Saint Louis Billikens,2012,jordair jett,0,NA,NA,34,754,0.13089810683817593,13.246821080159398,5.6,0.517,2.7
Elijah Cain,DePaul Blue Demons,2019,elijah cain,0,NA,NA,36,1190,0.1400623439591996,13.244505808234766,1.2,0.534,2.5
Denzell Watts,UAB Blazers,2017,denzell watts,0,NA,NA,33,655,0.07692235701826979,13.242472307877412,NA,0.6329500978473581,NA
Marquan Botley,Florida Atlantic Owls,2014,marquan botley,0,NA,NA,31,930,0.10407465306094028,13.23720633072008,0.6,0.531,3
Jerrold Brooks,Southern Miss Golden Eagles,2013,jerrold brooks,0,NA,NA,37,1126,0.12578556604493896,13.236615023579672,4.1,0.532,4.1
Tony Toney,UAB Blazers,2025,tony toney,0,NA,NA,37,965,0.07642329837613336,13.231746436210212,NA,0.5555555555555556,NA
Jonathan Stark,Tulane Green Wave,2014,jonathan stark,0,NA,NA,34,1264,0.22801669524169707,13.223991653529607,-1.4,0.53,2.8
Derric Jean,Louisiana Tech Bulldogs,2018,derric jean,0,NA,NA,33,847,0.08597747444597488,13.221850728907876,0.6,0.559,2.2
Cobe Williams,Louisiana Tech Bulldogs,2022,cobe williams,0,NA,NA,34,1026,0.09151378888309732,13.219690707392957,0.8,0.515,2.8
Jarred Dixon,Missouri State Bears,2017,jarred dixon,0,NA,NA,33,758,0.10919421649849176,13.216839699527506,0.4,0.485,2
DeJon Jarreau,Houston Cougars,2020,dejon jarreau,0,NA,NA,31,694,0.10109890046931204,13.209576819365113,2.9,0.482,2.1
Jamil Miller,Kennesaw State Owls,2025,jamil miller,0,NA,NA,33,775,0.09782846765239772,13.204209869436545,0.2,0.533,2.1
Caleb White,East Carolina Pirates,2014,caleb white,0,NA,NA,34,1080,0.09401245435934295,13.19809586109978,-2.4,0.594,2.8
JaColby Pemberton,Louisiana Tech Bulldogs,2021,jacolby pemberton,0,NA,NA,32,868,0.1286959489510376,13.197556672439326,1.8,0.534,3
Mike McCall Jr.,Saint Louis Billikens,2013,mike mccall,0,NA,NA,35,1017,0.1485562154052603,13.196964308876666,6,0.544,4
Jamal Cain,Marquette Golden Eagles,2021,jamal cain,0,NA,NA,27,804,0.17277154443927586,13.196146559781951,4.2,0.535,2.3
Phil Taylor,Florida International Panthers,2012,phil taylor,0,NA,NA,29,903,0.14983647232790304,13.194032224217432,-0.6,0.541,2.2
Cazmon Hayes,Delaware Blue Hens,2015,cazmon hayes,0,NA,NA,30,838,0.14793893734556904,13.191602884750036,-0.3,0.52,1.6
Raymond Taylor,Florida Atlantic Owls,2011,raymond taylor,0,NA,NA,30,931,-0.00537986376568994,13.188361755745662,0.5,0.488,2.4
Jerome Frink,Florida International Panthers,2013,jerome frink,0,NA,NA,32,980,0.1328668302324182,13.18713774041697,-1.8,0.516,2.3
Ledarrius Brewer,UAB Blazers,2023,ledarrius brewer,0,NA,NA,39,695,0.05279090193290834,13.1869052790839,NA,0.4990411436541144,NA
Brice Williams,Charlotte 49ers,2021,brice williams,0,NA,NA,25,738,0.10003025488875925,13.185661680626009,0.7,0.581,2.2
Jy'lan Washington,Louisiana Tech Bulldogs,2018,jylan washington,0,NA,NA,33,619,0.03815415053942709,13.183298071194455,-0.8,0.53,1.7
Cobe Williams,Louisiana Tech Bulldogs,2021,cobe williams,0,NA,NA,32,820,0.1428867318249194,13.18309797467104,2.1,0.56,2.8
Joe Jackson,Memphis Tigers,2011,joe jackson,0,NA,NA,35,765,0.07270655038556229,13.17136702073937,-0.1,0.532,1.5
B.J. Taylor,UCF Knights,2015,bj taylor,0,NA,NA,30,855,0.12592497618793494,13.168740459299276,0,0.497,1.8
Isaac Fleming,East Carolina Pirates,2018,isaac fleming,0,NA,NA,30,962,0.12144250365693032,13.16700596392988,-2.2,0.507,1.2
Desmond Bane,TCU Horned Frogs,2017,desmond bane,0,NA,NA,39,807,0.0880809486778765,13.155466134228664,3,0.617,2.3
Nick Cook,Jacksonville State Gamecocks,2013,nick cook,0,NA,NA,28,712,0.14164620247608709,13.15252774807742,-1.1,0.502,1.5
Chris Parker,Liberty Flames,2021,chris parker,0,NA,NA,29,822,0.12614437144512253,13.151904878599424,-0.3,0.558,3.1
Raymond Cintron,Middle Tennessee Blue Raiders,2012,raymond cintron,0,NA,NA,34,764,0.09841292957162828,13.151874042832263,3.7,0.666,2.8
Quante Berry,Memphis Tigers,2026,quante berry,0,NA,NA,32,541,0.05198367469874124,13.1474587398796,1.3,0.502,1.2
Nick Norton,UAB Blazers,2018,nick norton,0,NA,NA,33,940,0.09457580486586706,13.14718896551902,NA,0.5286286112077967,NA
Jordan Shepherd,Charlotte 49ers,2020,jordan shepherd,1,3,exact,29,908,0.14890152650429983,13.128887658805306,-1.8,0.53,2.1
Louis Dabney,Tulane Green Wave,2015,louis dabney,0,NA,NA,31,993,0.17132683404566718,13.12742992174119,2.6,0.513,3.2
Cody Ellis,Saint Louis Billikens,2013,cody ellis,0,NA,NA,35,913,0.1234104855328051,13.124671817559248,5.6,0.508,3.6
JD Miller,TCU Horned Frogs,2016,jd miller,0,NA,NA,33,640,-0.02610715678556557,13.123912613940467,1.5,0.469,1.1
Avery Anderson III,TCU Horned Frogs,2024,avery anderson,0,NA,NA,34,758,0.08530759222552073,13.123783025021694,1.8,0.492,1.8
Matt Williams Jr.,UCF Knights,2017,matt williams,0,NA,NA,36,1315,0.16558221119517674,13.12308124972522,5.3,0.553,5.1
Billy Garrett Jr.,DePaul Blue Demons,2014,billy garrett,0,NA,NA,33,911,0.22376740057270925,13.12080059375943,0.3,0.52,1.8
Shake Milton,SMU Mustangs,2016,shake milton,0,NA,NA,30,980,0.11036735105866229,13.11916362406342,5,0.603,3.5
Kevin Aronis,New Mexico State Aggies,2014,kevin aronis,0,NA,NA,36,702,0.06334507468794474,13.11539713141232,2.8,0.636,2.6
Daviyon Draper,Florida International Panthers,2015,daviyon draper,0,NA,NA,33,836,0.11703485827785633,13.115135348684216,-0.8,0.509,2
Malik Osborne,Rice Owls,2018,malik osborne,0,NA,NA,31,840,0.11113119668706918,13.111427641384328,-2.3,0.506,1.5
Chris Loofe,Middle Tennessee Blue Raiders,2026,chris loofe,0,NA,NA,32,796,0.03731295360953869,13.108588900088506,-3.7,0.571,1.9
Omega Harris,UTEP Miners,2018,omega harris,0,NA,NA,31,1013,0.08494191231085854,13.106709430406111,0.5,0.561,2.7
Jairus Hamilton,Western Kentucky Hilltoppers,2023,jairus hamilton,0,NA,NA,33,917,0.06708342748056009,13.097577786411644,-1.6,0.579,2.3
Mike Miles Jr.,TCU Horned Frogs,2021,mike miles,0,NA,NA,26,823,0.2006734586177557,13.092706592931016,1.2,0.527,1.7
Caleb White,East Carolina Pirates,2015,caleb white,0,NA,NA,33,1021,0.12997885420526095,13.091508533420615,0,0.578,2.7
Cameron Sheffield,Rice Owls,2021,cameron sheffield,0,NA,NA,28,493,0.03817075320503688,13.085506036685816,1.2,0.541,1.5
Brandon Young,DePaul Blue Demons,2011,brandon young,0,NA,NA,31,941,0.1857951776139523,13.081335602025002,0,0.52,1
Elliott Welmer,Saint Louis Billikens,2017,elliott welmer,0,NA,NA,33,810,0.16907275235829927,13.07975770062292,0.8,0.55,1.9
Staphon Blair,UCF Knights,2014,staphon blair,0,NA,NA,31,557,0.03240573103952018,13.076033776539797,-0.8,0.564,1.1
Cane Broome,Cincinnati Bearcats,2019,cane broome,0,NA,NA,35,742,0.08260566545925667,13.074629197531811,3,0.5,2.4
Detrick Mostella,Jacksonville State Gamecocks,2019,detrick mostella,0,NA,NA,33,580,0.07334316911995045,13.069305492185872,-0.5,0.507,1.8
Elijah McCadden,Memphis Tigers,2023,elijah mccadden,0,NA,NA,35,863,0.06990852266173762,13.069261505281046,2.1,0.582,2.3
Adonis Filer,Florida Atlantic Owls,2016,adonis filer,0,NA,NA,32,882,0.11278604091934544,13.06688526125743,-2.3,0.508,1.3
Brian Williams,Jacksonville State Gamecocks,2013,brian williams,0,NA,NA,28,1002,0.06974595164721732,13.062040301829278,-1.2,0.491,2.2
Milos Uzan,Houston Cougars,2026,milos uzan,0,NA,NA,37,1222,0.13853449310940322,13.05259499173053,6.4,0.493,4.1
Trevor Ottley,Middle Tennessee Blue Raiders,2011,trevor ottley,0,NA,NA,31,609,0.04369232115238216,13.052156457725207,-1.1,0.492,1.7
Tyshawn Archie,Tulsa Golden Hurricane,2025,tyshawn archie,0,NA,NA,33,729,0.01867969032736918,13.033566646598011,-2.3,0.46,0.8
Carson Williams,Western Kentucky Hilltoppers,2021,carson williams,0,NA,NA,29,726,0.08128495348615675,13.033413389792509,1.4,0.542,2.1
Noah Reynolds,TCU Horned Frogs,2025,noah reynolds,0,NA,NA,32,976,0.178995354945057,13.03104936376797,3.7,0.532,2.4
Karl Gamble,Middle Tennessee Blue Raiders,2019,karl gamble,0,NA,NA,32,784,0.19791721106776455,13.02463742797819,-1.2,0.481,1.7
Damier Pitts,Marshall Thundering Herd,2012,damier pitts,1,3,exact,35,1191,0.1243995101200415,13.022077140712032,2.1,0.527,3.2
Tre Green,Middle Tennessee Blue Raiders,2026,tre green,0,NA,NA,32,580,0.04737784343017525,13.018758628616302,0.8,0.546,1.5
Sacar Anim,Marquette Golden Eagles,2020,sacar anim,0,NA,NA,30,1005,0.1459468691001825,13.015599556631193,3.4,0.523,2.6
Dravon Mangum,Louisiana Tech Bulldogs,2023,dravon mangum,0,NA,NA,33,724,0.0284121592858501,13.011911487720656,-0.3,0.58,2.2
Terrence Hargrove Jr.,Saint Louis Billikens,2023,terrence hargrove,0,NA,NA,33,648,0.09886774405607138,13.009279739496346,1.5,0.566,1.7
Juan Anderson,Marquette Golden Eagles,2015,juan anderson,0,NA,NA,32,883,0.13862387367546353,12.999626986991666,1.8,0.539,1.9
Mike Crawford,Saint Louis Billikens,2016,mike crawford,0,NA,NA,32,860,0.16740922470385053,12.995395680208214,1.3,0.556,2
Olivier-Maxence Prosper,Marquette Golden Eagles,2022,oliviermaxence prosper,0,NA,NA,32,663,0.094418293406343,12.993277632692353,2.1,0.562,1.8
Bruce Massey,Middle Tennessee Blue Raiders,2012,bruce massey,0,NA,NA,34,927,0.12484960690635628,12.992957719946247,3.7,0.507,3
Ben Gold,Marquette Golden Eagles,2025,ben gold,0,NA,NA,34,859,0.0974786353710159,12.992294502990203,4.1,0.585,2.7
Abrian Edwards,Sam Houston Bearkats,2018,abrian edwards,0,NA,NA,36,685,0.153862151085152,12.98920187366749,0.2,0.566,1.9
Christian Polk,UTEP Miners,2011,christian polk,0,NA,NA,35,1152,0.11750164806244204,12.97967351246557,3,0.577,3.7
Stephen Hall,Jacksonville State Gamecocks,2011,stephen hall,0,NA,NA,30,854,0.21452436478348455,12.976050164887162,-3.8,0.517,1.6
Jimmy Oladokun Jr.,Rice Owls,2026,jimmy oladokun,0,NA,NA,31,540,0.03810901268249705,12.947075335658784,-3.7,0.436,1
Iaroslav Niagu,Jacksonville State Gamecocks,2026,iaroslav niagu,0,NA,NA,32,603,0.08726740905395751,12.943559703716405,-0.1,0.548,1.7
Ovie Soko,UAB Blazers,2011,ovie soko,0,NA,NA,31,832,0.07787432706420955,12.933035761824096,NA,0.5427892234548336,NA
Brock Young,East Carolina Pirates,2011,brock young,0,NA,NA,32,764,0.12202113516525788,12.92687186619919,0.5,0.509,2
Christian Cook,New Mexico State Aggies,2024,christian cook,0,NA,NA,32,959,0.11058645923202816,12.9049931812156,0.6,0.537,2.3
Shawn Williams,SMU Mustangs,2014,shawn williams,0,NA,NA,37,680,0.05219224580602584,12.904637113119714,3,0.53,2.4
Braxton Bayless,Western Kentucky Hilltoppers,2025,braxton bayless,0,NA,NA,32,721,0.06957066056515078,12.904606337394856,-2.1,0.533,1.3
Jherrod Stiggers,Houston Cougars,2013,jherrod stiggers,0,NA,NA,33,682,0.06339047237499182,12.904330149904048,0,0.551,1.6
Garlon Green,TCU Horned Frogs,2012,garlon green,0,NA,NA,33,806,0.08970339657779924,12.893587934136754,-0.1,0.546,2.1
Jalen Smith,Rice Owls,2026,jalen smith,0,NA,NA,31,1011,0.13380697784220205,12.887520755984903,-0.9,0.543,2
Georgie Pacheco-Ortiz,Liberty Flames,2018,georgie pachecoortiz,0,NA,NA,37,1131,0.13267836742920555,12.8852905249572,-0.3,0.577,3.8
K.C. Ross-Miller,New Mexico State Aggies,2014,kc rossmiller,0,NA,NA,36,818,0.10738255906691564,12.873833602479309,0.3,0.62,2.8
Jordan Shepherd,Charlotte 49ers,2021,jordan shepherd,0,NA,NA,25,873,0.13706640818121582,12.870439729971183,-1.1,0.545,2.1
Jacquez Rozier,Middle Tennessee Blue Raiders,2015,jacquez rozier,0,NA,NA,36,903,0.13405381486040976,12.863180009505978,0,0.538,2.6
Mike Crawford,Saint Louis Billikens,2015,mike crawford,0,NA,NA,32,609,0.17879673822247114,12.862491283735606,0.6,0.589,1.7
Robert Williams,UAB Blazers,2013,robert williams,0,NA,NA,32,863,0.09064067579827956,12.859960789517643,NA,0.533685064935065,NA
Tim Dalger,Tulsa Golden Hurricane,2023,tim dalger,0,NA,NA,30,710,0.10511247626568591,12.8469079037056,-2.4,0.496,0.8
Payton Henson,Tulane Green Wave,2015,payton henson,0,NA,NA,31,576,0.08600313508753833,12.844362364907813,0.2,0.479,1.6
Georgie Pacheco-Ortiz,Liberty Flames,2019,georgie pachecoortiz,0,NA,NA,36,921,0.10048573352645727,12.84062752050097,2.8,0.634,3.7
Landers Nolley II,Memphis Tigers,2022,landers nolley,0,NA,NA,33,772,0.10654023451903744,12.84033623861902,3.1,0.501,2.1
Kevin Anderson,Delaware Blue Hens,2022,kevin anderson,0,NA,NA,35,1213,0.1577518219624456,12.83822769509675,0,0.532,2.9
Dashon Gittens,Florida International Panthers,2025,dashon gittens,0,NA,NA,33,904,0.07536271274876725,12.838176290316142,-1.5,0.479,1.9
Jestin Porter,Middle Tennessee Blue Raiders,2024,jestin porter,1,2,exact,33,1050,0.09915266255330576,12.836724185583,-2,0.505,2
Demarcus Sharp,Missouri State Bears,2021,demarcus sharp,0,NA,NA,24,656,0.1712289676855612,12.830217284496143,2.8,0.559,2.1
C.J. Burks,Marshall Thundering Herd,2017,cj burks,0,NA,NA,35,641,0.06318205012331472,12.82464437524014,-1.4,0.557,0.9
Gordo Castillo,New Mexico State Aggies,2011,gordo castillo,0,NA,NA,32,826,0.12842550990889573,12.823132226189404,3.3,0.619,2.7
Shawn Williams,East Carolina Pirates,2018,shawn williams,0,NA,NA,30,847,0.09008317065882664,12.82098904761738,-0.8,0.572,1.7
Antonio Barton,Memphis Tigers,2011,antonio barton,0,NA,NA,35,861,0.09619108417709356,12.805488542820942,2.9,0.591,2.6
Brendan Bailey,Marquette Golden Eagles,2020,brendan bailey,0,NA,NA,30,762,0.12273112714069234,12.800152737694392,5.4,0.531,2.3
Mike McCall Jr.,Saint Louis Billikens,2012,mike mccall,0,NA,NA,34,756,0.09514862031508071,12.798053578305916,6.2,0.539,2.9
Khristian Lander,Western Kentucky Hilltoppers,2024,khristian lander,0,NA,NA,34,601,0.05127057597398337,12.797799970371583,-2.4,0.523,1.5
Terrence Williams,Charlotte 49ers,2015,terrence williams,0,NA,NA,32,826,0.09213813853908802,12.79718919115412,-1,0.522,1.8
Hank Thorns,TCU Horned Frogs,2012,hank thorns,0,NA,NA,33,1121,0.2116664640498923,12.790098757711656,0.9,0.52,2.5
Brandon Mahan,UCF Knights,2020,brandon mahan,0,NA,NA,30,672,0.09066505510694076,12.789977877523238,2.7,0.531,1.8
Tyler Hooker,Kennesaw State Owls,2018,tyler hooker,0,NA,NA,30,782,0.0956701654291462,12.777451862408794,-4.9,0.491,0.8
Brock Gardner,Liberty Flames,2017,brock gardner,0,NA,NA,34,616,0.07944467234181678,12.776237827933452,-3.2,0.598,1.8
Chris Mullins,Rice Owls,2019,chris mullins,0,NA,NA,32,921,0.10133344230776575,12.774265585763574,-3.9,0.495,1.4
Bryan Greenlee,Florida Atlantic Owls,2022,bryan greenlee,0,NA,NA,34,982,0.15489445578651945,12.75930580782561,-0.1,0.548,2.9
Austin Loop,Marshall Thundering Herd,2016,austin loop,0,NA,NA,33,955,0.08899435689768301,12.756398392119102,1.2,0.61,2.1
John-Caleb Sanders,Liberty Flames,2014,johncaleb sanders,0,NA,NA,32,982,0.14272673927968507,12.7562719709516,-4,0.532,2.4
Willie Clayton,Charlotte 49ers,2015,willie clayton,0,NA,NA,32,725,0.05638241386445938,12.749884269036048,-3.6,0.529,1.2
Kerry Hammonds II,Middle Tennessee Blue Raiders,2013,kerry hammonds,0,NA,NA,34,738,0.08266725596736799,12.743153708837273,5.1,0.599,3
Dequon Miller,Missouri State Bears,2017,dequon miller,0,NA,NA,33,1174,0.17543386150055407,12.742397182288816,0.7,0.514,3.1
Tristan Ikpe,Sam Houston Bearkats,2023,tristan ikpe,0,NA,NA,34,587,0.07084868105170149,12.74107623015984,2.2,0.525,2.4
Aaron Cosby,Western Kentucky Hilltoppers,2016,aaron cosby,0,NA,NA,34,1073,0.11011661155983889,12.730030108128236,-1.4,0.516,2.2
Josh Delaney,Sam Houston Bearkats,2019,josh delaney,0,NA,NA,33,1008,0.15523047535950524,12.723289560212118,-1.2,0.517,2.7
Cordarius Johnson,Louisiana Tech Bulldogs,2012,cordarius johnson,0,NA,NA,34,774,0.09006734829861832,12.720157916679346,-0.2,0.517,1.7
Brock Harding,TCU Horned Frogs,2026,brock harding,0,NA,NA,35,1112,0.1688276670846148,12.719695089143435,3.5,0.456,2.5
Lovell Cabbil Jr.,Liberty Flames,2017,lovell cabbil,0,NA,NA,34,891,0.18123283468669357,12.716515368743748,0.7,0.567,3
Ryan McMahon,Louisville Cardinals,2019,ryan mcmahon,0,NA,NA,34,653,0.08140932613254602,12.714653108838633,6,0.587,2.1
Jalen Perry,UAB Blazers,2019,jalen perry,0,NA,NA,35,1042,0.11511969137382128,12.711939975355476,NA,0.5248246087425795,NA
Darius Gatson,Sam Houston Bearkats,2013,darius gatson,0,NA,NA,34,933,0.20941105020913117,12.711115266656217,0.3,0.511,3
Tyren Moore,UAB Blazers,2025,tyren moore,0,NA,NA,37,626,0.04641677166985629,12.709872659181055,NA,0.5031286994757315,NA
Sandi Marcius,DePaul Blue Demons,2014,sandi marcius,0,NA,NA,33,615,0.10290987593051867,12.70405699073748,-1.5,0.609,1.1
Mike James,Louisville Cardinals,2024,mike james,0,NA,NA,32,1064,0.16555543347771612,12.697475399782958,-0.1,0.534,1.8
Chinanu Onuaku,Louisville Cardinals,2015,chinanu onuaku,0,NA,NA,36,623,0.06746602538888061,12.696080860186145,4.9,0.596,2
Hank Thorns,TCU Horned Frogs,2011,hank thorns,0,NA,NA,33,1080,0.1840298135373841,12.68196883767507,1.1,0.442,2
Kore White,Florida Atlantic Owls,2011,kore white,0,NA,NA,30,686,0.15720816708002977,12.68031713315885,-1.8,0.501,1.7
Luke Frampton,Western Kentucky Hilltoppers,2021,luke frampton,0,NA,NA,29,530,0.06223597651289724,12.678337209648555,1.8,0.62,1.7
Shawn Smith,Marshall Thundering Herd,2014,shawn smith,0,NA,NA,33,715,0.1598029412497644,12.67337379958992,-1.7,0.512,1.8
Trency Jackson,Western Kentucky Hilltoppers,2015,trency jackson,0,NA,NA,32,971,0.10060619108615591,12.67301534044934,0.3,0.54,2.9
Brian Williams,Jacksonville State Gamecocks,2012,brian williams,0,NA,NA,31,1112,0.22787838078268824,12.666928982423022,1,0.49,3
Johnathon Wilkins,New Mexico State Aggies,2017,johnathon wilkins,0,NA,NA,34,597,0.03303092904714272,12.66087371837032,-0.4,0.596,1.8
Chris Mullins,Rice Owls,2021,chris mullins,0,NA,NA,28,625,0.08947225214810267,12.655281788083414,-2.4,0.517,1.5
Marquel Curtis,Tulsa Golden Hurricane,2016,marquel curtis,0,NA,NA,31,748,0.10749519053641708,12.653906696251555,2.6,0.514,1.9
Matt Veretto,Delaware Blue Hens,2019,matt veretto,0,NA,NA,33,658,0.07667984633310046,12.653789394296236,-2.2,0.605,1.7
Lester Quinones,Memphis Tigers,2020,lester quinones,0,NA,NA,31,765,0.10383157301050634,12.652931015788182,3,0.568,2.7
John Bohannon,UTEP Miners,2011,john bohannon,0,NA,NA,35,606,0.05901667981348543,12.65288100205002,0.2,0.519,1.7
Alex Tucker,Florida Atlantic Owls,2011,alex tucker,0,NA,NA,30,807,-0.00629330750545908,12.649977480525928,-0.9,0.487,2
Ben Lawson,Western Kentucky Hilltoppers,2015,ben lawson,0,NA,NA,32,602,0.05276200596494342,12.640464379216528,2.3,0.568,1.7
Jaire Grayer,TCU Horned Frogs,2020,jaire grayer,0,NA,NA,32,769,-0.06923236324063284,12.632889516760256,2.8,0.547,2.3
Evan Gordon,Liberty Flames,2011,evan gordon,0,NA,NA,30,998,0.1773603530126429,12.631643869913594,0.4,0.511,3.2
Keegan McDowell,Liberty Flames,2021,keegan mcdowell,0,NA,NA,29,600,0.08876757650598727,12.619222200528096,0.9,0.614,2.4
Andrew Drone,Rice Owls,2015,andrew drone,0,NA,NA,32,726,0.12147862241474867,12.61813022048426,-2.8,0.596,1.8
Quel'Ron House,Jacksonville State Gamecocks,2025,quelron house,0,NA,NA,36,766,0.06786444861627684,12.617103018879304,-1.2,0.499,1.9
Chauncey Collins,TCU Horned Frogs,2016,chauncey collins,0,NA,NA,33,991,0.406313933222421,12.614437861173307,3.3,0.574,2.6
Karviar Shepherd,TCU Horned Frogs,2014,karviar shepherd,0,NA,NA,31,923,0.17780326544847833,12.612539779681168,-0.4,0.484,1.6
Marcellus Brigham Jr.,Jacksonville State Gamecocks,2023,marcellus brigham,0,NA,NA,31,569,0.08413585414451573,12.60506092337274,-2.2,0.58,1.4
Bobby Pettiford Jr.,East Carolina Pirates,2024,bobby pettiford,0,NA,NA,33,875,0.1298381176332925,12.603629213805506,-0.9,0.5,1.9
Alec Oglesby,Middle Tennessee Blue Raiders,2026,alec oglesby,0,NA,NA,32,720,0.05716259481218127,12.59949597621299,-0.2,0.581,1.9
Elijah Fisher,DePaul Blue Demons,2024,elijah fisher,0,NA,NA,32,1018,0.2332237250652287,12.590798827579832,-1,0.582,0.8
Troy Caupain,Cincinnati Bearcats,2014,troy caupain,0,NA,NA,34,649,0.08798782546788853,12.587382926033085,3.3,0.522,2.4
Javion May,Sam Houston Bearkats,2023,javion may,0,NA,NA,34,729,0.12706263531222697,12.585600278711023,4,0.503,3
J.T. Miller,Missouri State Bears,2018,jt miller,0,NA,NA,33,658,0.08207955840949616,12.580948987447668,-1.6,0.516,1.4
Josh Brinkley,Delaware Blue Hens,2012,josh brinkley,0,NA,NA,32,830,0.1392539259227283,12.573553886404495,-2,0.572,2.2
Antonio Daye,Florida International Panthers,2020,antonio daye,0,NA,NA,32,895,0.08993814431341678,12.572952382904676,-3.7,0.508,1.6
Bernard Morena,Kennesaw State Owls,2016,bernard morena,0,NA,NA,31,666,0.06313149018009619,12.571065987139264,-3.7,0.508,0.9
Danrad Knowles,Houston Cougars,2017,danrad knowles,0,NA,NA,32,713,0.0414059254198568,12.570295551546254,0.2,0.495,2.1
Amorie Archibald,Louisiana Tech Bulldogs,2019,amorie archibald,0,NA,NA,33,1045,0.1322080882860399,12.569050446192948,0.2,0.512,2.8
Chase Ross,Marquette Golden Eagles,2024,chase ross,0,NA,NA,37,698,0.07162511639822902,12.56702480375264,4.5,0.544,1.9
Marcus Boykin,Sam Houston Bearkats,2024,marcus boykin,0,NA,NA,33,589,0.05673856655643271,12.559580603355789,NA,0.538,NA
Jeremy Watson,Jacksonville State Gamecocks,2015,jeremy watson,0,NA,NA,31,646,0.16399851071591826,12.558340988593416,-5.1,0.503,1.5
Jermaine Sanders,Cincinnati Bearcats,2014,jermaine sanders,0,NA,NA,34,725,0.07844096330799483,12.554708483707758,5.5,0.548,2.9
Erin Straughn,East Carolina Pirates,2012,erin straughn,0,NA,NA,31,700,0.07738218402179459,12.547535430342936,1.2,0.545,2.1
David Terrell Jr.,UTEP Miners,2025,david terrell,0,NA,NA,33,981,0.07161830473082088,12.540123133374296,-1.2,0.535,2.2
Chris Crawford,Memphis Tigers,2014,chris crawford,0,NA,NA,34,1012,0.13430803048773593,12.540083679667667,4.6,0.516,2.7
Jarred Dixon,Missouri State Bears,2016,jarred dixon,0,NA,NA,31,713,0.07672012602142197,12.526996625874538,0.5,0.475,1.3
Louis Dabney,Tulane Green Wave,2016,louis dabney,0,NA,NA,34,1088,0.1148651015563916,12.526352544074117,0.8,0.492,2.5
Devon Saddler,Delaware Blue Hens,2011,devon saddler,0,NA,NA,31,1036,0.26081694370074443,12.52274895617056,-0.3,0.536,1.7
Scottie Haralson,Tulsa Golden Hurricane,2011,scottie haralson,0,NA,NA,32,1000,0.13905139557100338,12.522223802212174,4.3,0.555,3.1
JaQuon Parker,Cincinnati Bearcats,2013,jaquon parker,0,NA,NA,34,1019,0.17187206362515514,12.520099126968653,4.3,0.492,3.4
Trazarien White,TCU Horned Frogs,2025,trazarien white,0,NA,NA,32,814,0.14899387757101543,12.518419187480983,4.7,0.488,2
Zach Davis,Memphis Tigers,2026,zach davis,0,NA,NA,32,609,0.08567090719014622,12.502909152565044,0.3,0.507,0.9
Farad Cobb,Cincinnati Bearcats,2015,farad cobb,0,NA,NA,34,821,0.10657725422540568,12.500791311341048,5.5,0.513,3.1
Matt Heldt,Marquette Golden Eagles,2018,matt heldt,0,NA,NA,35,768,0.06795710115189249,12.489249849171678,2.6,0.689,2
Jalen Jones,SMU Mustangs,2012,jalen jones,0,NA,NA,32,693,0.0739295571379607,12.47939553210066,-0.6,0.517,1.8
Tevin Brewer,Florida International Panthers,2021,tevin brewer,0,NA,NA,26,751,0.01853682128171994,12.479208035435857,-2.5,0.531,1.6
Dravon Mangum,Louisiana Tech Bulldogs,2024,dravon mangum,0,NA,NA,32,610,0.05778542355716688,12.47725925930809,-0.9,0.502,2.1
Dwight Buycks,Marquette Golden Eagles,2011,dwight buycks,0,NA,NA,37,1013,0.12714603699157254,12.47506180801941,3.8,0.557,2.3
Trey Williams Jr.,Missouri State Bears,2026,trey williams,0,NA,NA,34,1042,0.07795597045159738,12.47121661852332,-1.1,0.533,2.3
Jordan McCoy,Florida Atlantic Owls,2012,jordan mccoy,0,NA,NA,29,535,0.07985352971277558,12.46489442016865,-2.1,0.572,1.5
Antonio Green,Middle Tennessee Blue Raiders,2019,antonio green,1,3,exact,32,1130,0.28127573063777933,12.464700356989042,-0.4,0.509,2.1
Ako Adams,Rice Owls,2019,ako adams,0,NA,NA,32,873,0.09255583969919388,12.451198522476886,-2.2,0.577,1.7
Mika Adams-Woods,Cincinnati Bearcats,2023,mika adamswoods,0,NA,NA,36,1078,0.10845514034205654,12.448333418582044,2.8,0.548,3.1
Daiquan Walker,UCF Knights,2016,daiquan walker,0,NA,NA,30,846,0.19554120889189083,12.44621097203658,1.1,0.505,1.8
Kwamain Mitchell,Saint Louis Billikens,2013,kwamain mitchell,0,NA,NA,35,725,0.14367636136576015,12.4428084241633,4.4,0.512,2.5
Tavares Speaks,Liberty Flames,2013,tavares speaks,0,NA,NA,36,1122,0.07170084142309008,12.442479162902512,-4,0.521,2.2
Tony Freeland,DePaul Blue Demons,2011,tony freeland,0,NA,NA,31,764,0.07785266238524619,12.430532657196489,-3.4,0.486,0.8
Braxton Ogbueze,Charlotte 49ers,2015,braxton ogbueze,0,NA,NA,32,899,0.10515945179389743,12.421915527648094,1.4,0.544,2.3
R.J. Smith,Sam Houston Bearkats,2020,rj smith,0,NA,NA,31,751,0.07261316700793707,12.421741063809732,-3.9,0.549,2.2
Keaston Willis,Louisiana Tech Bulldogs,2023,keaston willis,0,NA,NA,33,1025,0.09709768239715968,12.412770209733017,0,0.541,2.7
Darion Clark,Charlotte 49ers,2013,darion clark,0,NA,NA,33,562,0.11462531953782336,12.411784952517142,-2,0.527,1
Anthony Downing,Missouri State Bears,2012,anthony downing,0,NA,NA,32,971,0.16254480357981738,12.40404660940174,2.1,0.544,2.7
Eric Lovett,Florida International Panthers,2021,eric lovett,0,NA,NA,26,502,0.04203350751304381,12.401069183045603,-2.2,0.487,0.9
Julian Washburn,UTEP Miners,2015,julian washburn,0,NA,NA,33,1117,0.13131999190557525,12.39877546820259,2.6,0.505,3.3
Tae Hardy,UTEP Miners,2023,tae hardy,0,NA,NA,32,1036,0.10730516336093288,12.393688493990089,1.4,0.524,2.7
Angelo Johnson,Southern Miss Golden Eagles,2011,angelo johnson,0,NA,NA,31,982,0.11472995124317358,12.391245807758397,3.4,0.567,3.5
Jalen Perry,UAB Blazers,2018,jalen perry,0,NA,NA,33,759,0.07778712737825787,12.3880558805742,NA,0.5360878661087867,NA
Corey Henderson,Tulsa Golden Hurricane,2018,corey henderson,0,NA,NA,31,874,0.10240678798215969,12.38405016226524,2.5,0.541,2.6
Micah Peavy,TCU Horned Frogs,2023,micah peavy,0,NA,NA,35,633,0.05885381564376901,12.381527640920444,2.7,0.447,1.5
Antonio Green,Middle Tennessee Blue Raiders,2020,antonio green,0,NA,NA,31,994,0.11064351267814432,12.376891004873071,-3.4,0.511,1.9
Cedrick Lang,UTEP Miners,2012,cedrick lang,0,NA,NA,32,711,0.07722420305945157,12.364923791229808,0.3,0.606,2.1
Kellen Amos,Rice Owls,2025,kellen amos,0,NA,NA,32,754,0.0943466546611864,12.34288763587813,-0.9,0.541,1.3
Arden Conyers,Charlotte 49ers,2026,arden conyers,0,NA,NA,34,625,0.07022762338505366,12.340644885565249,-0.3,0.58,1.3
Dre Davis,Louisville Cardinals,2022,dre davis,0,NA,NA,32,600,0.0819443642752218,12.333662569756896,0.7,0.493,1.1
Jalen Benjamin,UAB Blazers,2021,jalen benjamin,0,NA,NA,29,610,0.05641501455576779,12.330333315939663,NA,0.4991804500074505,NA
Malique Trent-Street,TCU Horned Frogs,2016,malique trentstreet,0,NA,NA,33,852,-0.13277579882491097,12.329361769844493,NA,0.48555916265532295,NA
Joseph Venzant,Liberty Flames,2023,joseph venzant,0,NA,NA,36,761,0.08265493597470933,12.328603306643966,0.2,0.649,3.3
Wilson Dubinsky,Marshall Thundering Herd,2026,wilson dubinsky,0,NA,NA,32,600,0.07178710223024033,12.32457027594493,-0.4,0.527,1.5
JT Sulton,Middle Tennessee Blue Raiders,2013,jt sulton,0,NA,NA,34,677,0.07387860830269107,12.32217031586405,0.9,0.525,2.5
Pierria Henry,Charlotte 49ers,2012,pierria henry,0,NA,NA,30,845,0.12547877135949623,12.317880964428836,2.2,0.48,1.7
Skyy Clark,Louisville Cardinals,2024,skyy clark,0,NA,NA,32,925,0.15549955574393434,12.313350353810456,-0.7,0.535,0.9
Rondale Watson,Marshall Thundering Herd,2018,rondale watson,0,NA,NA,36,642,0.05680234198903376,12.312070117674958,-0.1,0.537,1.3
Kelvin Penn,Florida Atlantic Owls,2015,kelvin penn,0,NA,NA,28,754,0.1527758255148408,12.311995291292233,-1.1,0.553,2
Jamee Crockett,DePaul Blue Demons,2013,jamee crockett,0,NA,NA,32,641,0.20813857821350729,12.311637023981676,0.3,0.467,1
Damion Baugh,TCU Horned Frogs,2022,damion baugh,0,NA,NA,34,975,0.18883558119747412,12.309902714255331,3.9,0.495,2.3
Jordan Clarkson,Tulsa Golden Hurricane,2011,jordan clarkson,0,NA,NA,32,672,0.06794869340532368,12.30842167862702,0.1,0.551,1.6
Trency Jackson,Western Kentucky Hilltoppers,2014,trency jackson,0,NA,NA,32,598,0.08232020010193948,12.304938704862156,-1.1,0.493,1.4
David Booker,Tulane Green Wave,2011,david booker,0,NA,NA,30,667,0.05968571227476182,12.29885591545682,-3.4,0.568,1.9
Ebby Asamoah,Delaware Blue Hens,2022,ebby asamoah,0,NA,NA,35,794,0.08809894285647545,12.291825033200071,1,0.612,2.3
Jamel King,Kennesaw State Owls,2024,jamel king,0,NA,NA,31,650,0.06032754127356406,12.290351749173585,-4.1,0.547,1.3
Dylan Osetkowski,Tulane Green Wave,2015,dylan osetkowski,0,NA,NA,31,687,0.09779412600221311,12.2872315313826,-0.5,0.522,1.9
Adrick McKinney,TCU Horned Frogs,2013,adrick mckinney,0,NA,NA,32,765,0.18731862174223887,12.280612446794304,-1,0.472,1.5
Spencer Rodgers,Kennesaw State Owls,2022,spencer rodgers,0,NA,NA,31,910,0.114256855598419,12.276182957141817,-2.8,0.497,1.9
Ryan Kreklow,Missouri State Bears,2017,ryan kreklow,0,NA,NA,33,584,0.07284693247187639,12.274838592919693,1.1,0.612,1.7
Dashon Gittens,Florida International Panthers,2023,dashon gittens,0,NA,NA,32,658,0.05678923892674852,12.265339120609752,-1.9,0.561,1.3
Christian Cook,New Mexico State Aggies,2025,christian cook,1,3,exact,32,999,0.09945653456319714,12.263966440550478,0.9,0.493,2.8
Jailan Haslem,Charlotte 49ers,2018,jailan haslem,0,NA,NA,29,505,-0.01470785983063833,12.260938497776843,-4.6,0.579,0.9
Joey Hauser,Marquette Golden Eagles,2019,joey hauser,0,NA,NA,34,992,0.1405677173256656,12.260122450900605,3.3,0.587,3.1
Tosin Mehinti,UAB Blazers,2017,tosin mehinti,0,NA,NA,33,618,0.06071158626758628,12.257280742178148,NA,0.5482456140350878,NA
Jamari Sibley,UTEP Miners,2022,jamari sibley,0,NA,NA,34,677,0.06424283189153582,12.250879774491418,-0.1,0.533,1.8
Josh Parrish,Rice Owls,2019,josh parrish,0,NA,NA,32,554,0.06014838439380775,12.24923491038486,-1.7,0.551,0.9
D.J. Foreman,Saint Louis Billikens,2018,dj foreman,0,NA,NA,33,619,0.25705572526556897,12.242912840848618,-1.4,0.604,1.3
Jordan Callahan,Tulane Green Wave,2013,jordan callahan,0,NA,NA,35,1058,0.10124492969922108,12.241267949683497,2.3,0.523,3.1
Mikel Beyers,Marshall Thundering Herd,2022,mikel beyers,0,NA,NA,33,640,0.06016833370960228,12.234973709897329,-1.2,0.51,1
Elias King,Middle Tennessee Blue Raiders,2024,elias king,0,NA,NA,33,1068,0.19055689407569948,12.23241621774572,-1,0.516,2.1
Andrew Taylor,Marshall Thundering Herd,2020,andrew taylor,0,NA,NA,32,736,0.10414079119468482,12.230922323148992,0.1,0.504,1.7
Caleb Blackwell,UTEP Miners,2026,caleb blackwell,0,NA,NA,31,851,0.1413135079847071,12.229677869668247,-1.1,0.518,1.5
Kamdyn Curfman,Marshall Thundering Herd,2023,kamdyn curfman,0,NA,NA,32,1132,0.11354824841889125,12.22254392733861,0.8,0.586,3.2
Kendall Timmons,Tulane Green Wave,2013,kendall timmons,0,NA,NA,35,1041,0.1133640743729556,12.219466719177928,0.6,0.501,2.6
Montre' Gipson,Charlotte 49ers,2023,montre gipson,0,NA,NA,36,1077,0.0969024129759678,12.218751602585629,2.4,0.59,3.5
Jarrey Foster,SMU Mustangs,2016,jarrey foster,0,NA,NA,30,522,0.03994765448849637,12.201894259341705,2.5,0.491,1.6
Christian Kirk,Missouri State Bears,2013,christian kirk,0,NA,NA,33,798,0.12916349787982653,12.199217919572874,-2.3,0.525,1.6
Jaden Henley,DePaul Blue Demons,2024,jaden henley,0,NA,NA,32,781,0.07400893128085771,12.195514090854552,-1.7,0.537,0.2
Bandja Sy,New Mexico State Aggies,2013,bandja sy,0,NA,NA,35,1237,0.16730301103245285,12.193669949302338,1,0.49,3.4
Jayden Pierre,TCU Horned Frogs,2026,jayden pierre,0,NA,NA,35,1065,0.0977504557459678,12.192172378428964,3.1,0.53,2.7
Worrel Clahar,DePaul Blue Demons,2013,worrel clahar,0,NA,NA,32,792,0.10426130231318996,12.191877892052062,0.1,0.505,1.3
Cedrick Lang,UTEP Miners,2014,cedrick lang,0,NA,NA,34,762,0.0742504528633602,12.191647760872778,-0.5,0.54,2.5
Collin Smith,UCF Knights,2019,collin smith,0,NA,NA,33,728,0.072041324226167,12.19055466739798,0.6,0.506,2
Bobby Parker,Kennesaw State Owls,2019,bobby parker,0,NA,NA,32,617,0.16461214092832413,12.189978632183584,-1.1,0.488,0.7
Najja Hunter,Rice Owls,2018,najja hunter,0,NA,NA,31,529,0.06200258558492599,12.159811407533232,-2.2,0.495,0.6
Josh Brinkley,Delaware Blue Hens,2013,josh brinkley,0,NA,NA,33,723,0.10645610942313924,12.157340655854885,-1.9,0.555,1.8
Davell Roby,Saint Louis Billikens,2017,davell roby,0,NA,NA,33,1068,0.1682514906037554,12.155965998316017,-0.2,0.541,2.1
Macon Emory,Delaware Blue Hens,2026,macon emory,0,NA,NA,31,1150,0.1294712442336853,12.153824208128905,-3.5,0.526,1.5
Tae Hardy,Southern Miss Golden Eagles,2021,tae hardy,0,NA,NA,25,689,0.1100430600384724,12.152211787496352,-0.7,0.516,1.6
Austin Ramljak,Rice Owls,2014,austin ramljak,0,NA,NA,30,878,0.1129028254071025,12.142486054290394,0.4,0.585,1.9
Chris Youngblood,Kennesaw State Owls,2021,chris youngblood,0,NA,NA,24,776,0.17168743474678955,12.132994048237418,-2.6,0.519,1.8
Albert Almanza,Sam Houston Bearkats,2016,albert almanza,0,NA,NA,34,740,0.1044098187867687,12.127279843780164,-0.8,0.572,2.2
Connor Crabtree,Tulane Green Wave,2019,connor crabtree,0,NA,NA,31,626,0.09027456520691604,12.11907502451828,-0.7,0.585,1.1
Jalen Terry,DePaul Blue Demons,2024,jalen terry,0,NA,NA,32,644,0.25415916777188174,12.118289467687262,0.5,0.579,0.3
Trevian Tennyson,TCU Horned Frogs,2024,trevian tennyson,0,NA,NA,34,823,0.08274733534545652,12.107274550759389,3,0.571,2.1
Connor Frizzelle,Rice Owls,2011,connor frizzelle,0,NA,NA,31,855,0.09969084590053598,12.10443495986683,0.6,0.51,1.9
Rod Rucker,UAB Blazers,2014,rod rucker,0,NA,NA,31,918,0.1096562078775019,12.09747195628962,NA,0.44872496443033816,NA
Kendric Davis,TCU Horned Frogs,2019,kendric davis,0,NA,NA,37,633,0.0639646910239956,12.083882767242482,1.6,0.499,1.3
Jalen Speer,Marshall Thundering Herd,2025,jalen speer,0,NA,NA,33,895,0.12357136430935364,12.074362940169284,-1.4,0.523,2.1
Georgie Pacheco-Ortiz,Liberty Flames,2017,georgie pachecoortiz,0,NA,NA,34,1050,0.15485624132635062,12.073293912294501,-0.5,0.559,3.3
Jordan McCoy,Florida Atlantic Owls,2013,jordan mccoy,0,NA,NA,31,799,0.09508323793758548,12.0729043720697,-0.8,0.535,2.1
Kaden Rickard,Kennesaw State Owls,2026,kaden rickard,0,NA,NA,35,695,0.04294858096186333,12.06827369168984,-2.2,0.488,1.3
Tweety Knight,Middle Tennessee Blue Raiders,2014,tweety knight,0,NA,NA,33,923,0.1114463944819998,12.063586102491897,NA,0.5007058408328922,NA
Alex Robinson,TCU Horned Frogs,2018,alex robinson,0,NA,NA,33,992,0.12982625458739633,12.063000055642148,1.5,0.504,1.7
Kyle Anderson,Delaware Blue Hens,2015,kyle anderson,0,NA,NA,30,788,0.1601615217639545,12.053641331311816,-2.3,0.489,1
Efrem Johnson,UAB Blazers,2024,efrem johnson,0,NA,NA,35,1050,0.09128223873734356,12.051223260501205,NA,0.5632633700936795,NA
Cedrick Lang,UTEP Miners,2013,cedrick lang,0,NA,NA,32,681,0.06550363998933802,12.041028981346756,-0.5,0.575,2.2
Jamar Briscoe,Charlotte 49ers,2011,jamar briscoe,0,NA,NA,30,968,0.20386178261882723,12.0360329547066,-0.2,0.52,1.8
Tydus Verhoeven,UTEP Miners,2021,tydus verhoeven,0,NA,NA,24,591,0.07912668026141358,12.03197974472649,0.1,0.629,1.8
Jaden Ray,Sam Houston Bearkats,2022,jaden ray,0,NA,NA,33,918,0.1647448380497382,12.029229962498102,0.2,0.504,2.7
Donnavan Kirk,DePaul Blue Demons,2013,donnavan kirk,0,NA,NA,32,791,0.1792100207099146,12.029015506914126,1.2,0.548,1.4
Ray Ona Embo,Tulane Green Wave,2018,ray ona embo,0,NA,NA,31,960,0.11931882744062138,12.023787144492356,0.4,0.556,2.1
Brandon Parrish,TCU Horned Frogs,2017,brandon parrish,0,NA,NA,39,728,0.05787540906190892,12.01254273340628,3.9,0.564,2
Marquan Botley,Florida Atlantic Owls,2015,marquan botley,0,NA,NA,28,924,0.23211374015579395,12.004338308207876,-1.4,0.484,2
Jalen Smith,SMU Mustangs,2024,jalen smith,0,NA,NA,33,702,0.07239439089012031,12.00082547701706,2.5,0.576,1.9
Alex Lomax,Memphis Tigers,2022,alex lomax,0,NA,NA,33,751,0.11363839946725962,11.984667630729856,3.9,0.52,1.8
Shavar Richardson,Florida Atlantic Owls,2012,shavar richardson,0,NA,NA,29,566,0.07632258820629474,11.981320519489232,-0.1,0.523,1.3
Antwan Burrus,Liberty Flames,2011,antwan burrus,0,NA,NA,30,669,0.0568965625949094,11.976485443211583,-2.8,0.52,1.9
Jaehshon Thomas,Charlotte 49ers,2025,jaehshon thomas,0,NA,NA,33,870,0.1050996739111923,11.966140465554348,-2.8,0.54,1.3
Alex Peterson,Kennesaw State Owls,2021,alex peterson,0,NA,NA,24,623,0.16732634869057275,11.965401857037293,-3.5,0.537,1.2
Jarvis Ray,TCU Horned Frogs,2014,jarvis ray,0,NA,NA,31,841,0.1304248061549416,11.961508972725584,-0.6,0.486,0.9
Gabriel McCulley,UTEP Miners,2011,gabriel mcculley,0,NA,NA,35,726,0.06160939049779251,11.960405993313318,0.6,0.534,2.4
Shaquille Johnson,Marshall Thundering Herd,2012,shaquille johnson,0,NA,NA,35,975,0.08643725137273489,11.958927989899957,2.8,0.524,2.8
Brian Williams,Jacksonville State Gamecocks,2014,brian williams,0,NA,NA,31,951,0.14962441231566193,11.95671163340961,-3.3,0.451,1.1
Caleb Daniels,Tulane Green Wave,2018,caleb daniels,0,NA,NA,31,550,0.03176738777950338,11.955461694210756,-0.7,0.565,1.2
Kore White,Florida Atlantic Owls,2012,kore white,0,NA,NA,29,656,0.1519849944413066,11.95523123483864,-2.1,0.47,1
Kareem Canty,Marshall Thundering Herd,2014,kareem canty,1,3,exact,33,1211,0.14329219631462004,11.954277803998062,-2.6,0.475,1.8
Eric Lovett,Florida International Panthers,2020,eric lovett,0,NA,NA,32,643,0.06740261343682094,11.951744890702807,-1.7,0.529,1.4
Cameron Sheffield,Rice Owls,2023,cameron sheffield,0,NA,NA,35,1082,0.10172545962439526,11.9477396568998,-0.2,0.593,2.4
Kasey Wilson,UCF Knights,2015,kasey wilson,0,NA,NA,30,680,0.12602825194795378,11.947420880798546,-1.9,0.517,1.2
Greg Hill,TCU Horned Frogs,2011,greg hill,0,NA,NA,33,592,-0.1716058219609002,11.941687141036509,1.7,0.547,1.4
Milos Supica,Charlotte 49ers,2019,milos supica,0,NA,NA,29,652,0.37152592642583754,11.938169036158351,-4,0.56,1.1
Ryan Allen,Delaware Blue Hens,2022,ryan allen,0,NA,NA,35,983,0.10048474609025485,11.93330447857792,-1.9,0.519,1.8
JR  Coronado,Liberty Flames,2013,coronado,0,NA,NA,36,879,0.18729438003657192,11.928390494199762,-3.2,0.503,2
Max Guercy,Rice Owls,2013,max guercy,0,NA,NA,30,947,0.1345778911630521,11.927855715215088,-1.6,0.547,1.4
D.D. Scarver,Marshall Thundering Herd,2013,dd scarver,0,NA,NA,32,844,0.17462098990086106,11.9266351258982,-0.6,0.504,1.6
Terrell Burden,Kennesaw State Owls,2021,terrell burden,0,NA,NA,24,532,0.09128822791398618,11.91104089095522,-4,0.493,0.9
Dylan Brumfield,Southern Miss Golden Eagles,2026,dylan brumfield,0,NA,NA,35,1091,0.13236434949496134,11.907650713454265,-2.8,0.517,2.3
Malcolm Drumwright,Jacksonville State Gamecocks,2017,malcolm drumwright,0,NA,NA,35,1158,0.10680693545317732,11.907385486100631,-1.9,0.534,2.6
Jalen Johnson,Saint Louis Billikens,2018,jalen johnson,0,NA,NA,33,896,0.17023517707118166,11.903990850470835,1.5,0.584,2.6
Jordan Nesbitt,Saint Louis Billikens,2022,jordan nesbitt,0,NA,NA,35,906,0.06709127807678429,11.90071488542548,1.6,0.503,2.7
Adonys Henriquez,UCF Knights,2015,adonys henriquez,0,NA,NA,30,1050,0.05481920257982658,11.900326038366508,0.4,0.584,2
Charles Carmouche,Memphis Tigers,2011,charles carmouche,0,NA,NA,35,791,0.08334797026587487,11.894582592478562,2.7,0.534,2.3
Sterling Taplin,Tulsa Golden Hurricane,2019,sterling taplin,0,NA,NA,32,855,0.10280210170923224,11.891512602540834,-0.6,0.496,1.6
Milos Supica,Charlotte 49ers,2018,milos supica,0,NA,NA,29,568,-0.0151199549120343,11.883302383888328,-5.5,0.5,0.6
Jaylen Johnson,Louisville Cardinals,2016,jaylen johnson,0,NA,NA,31,541,0.04705758925879921,11.876124593951516,2.5,0.478,1.8
Justin Edmonds,Marshall Thundering Herd,2015,justin edmonds,0,NA,NA,32,713,0.09442488610798598,11.8756707112947,-0.4,0.515,1.3
Eternity Eguagie,Rice Owls,2026,eternity eguagie,0,NA,NA,31,538,0.04287917368599906,11.866725791175355,-4.1,0.52,1
Petar Krivokapic,Florida International Panthers,2023,petar krivokapic,0,NA,NA,32,715,0.09284892732606471,11.86392047586874,-0.4,0.611,1.6
Ovie Soko,UAB Blazers,2012,ovie soko,0,NA,NA,31,847,0.12262473782241028,11.85394703640555,NA,0.5072522816166884,NA
Jared Savage,Western Kentucky Hilltoppers,2019,jared savage,0,NA,NA,34,1213,0.12769447407338308,11.852297639573498,1,0.524,3.2
Dirk Williams,UAB Blazers,2017,dirk williams,0,NA,NA,33,948,0.0954448940752936,11.843691813699794,NA,0.5385239760239761,NA
Steve Taylor Jr.,Marquette Golden Eagles,2015,steve taylor,0,NA,NA,32,707,0.12811986119885702,11.834973319538893,0.3,0.508,1.4
Tydus Verhoeven,UTEP Miners,2022,tydus verhoeven,0,NA,NA,34,780,0.0844052909261683,11.822451082354876,-1.4,0.537,2
Tim Peete,Tulsa Golden Hurricane,2014,tim peete,0,NA,NA,34,757,0.09515659323589082,11.81958285832546,3.4,0.545,2.1
Jimario Rivers,Memphis Tigers,2018,jimario rivers,0,NA,NA,34,761,0.08785836826472883,11.807095539302978,-0.5,0.547,1.5
Tyrik Dixon,Middle Tennessee Blue Raiders,2017,tyrik dixon,0,NA,NA,36,905,0.07207544080339409,11.806899391527509,2.6,0.507,2.8
Reggie Agbeko,Saint Louis Billikens,2017,reggie agbeko,0,NA,NA,33,822,0.16395902942090082,11.797236478617268,-4.2,0.547,1.1
Scotty Middleton,Tulane Green Wave,2026,scotty middleton,0,NA,NA,33,847,0.08469888488991523,11.793272046379212,-1.7,0.54,1.5
Calvin Newell,UCF Knights,2014,calvin newell,0,NA,NA,31,839,0.09000025394110836,11.786679210370508,-0.7,0.471,1.2
Caleb Hollenbeck,Marshall Thundering Herd,2026,caleb hollenbeck,0,NA,NA,32,554,0.03064566437454692,11.785971718146728,-3.5,0.578,1.2
Brandon Goodwin,UCF Knights,2015,brandon goodwin,0,NA,NA,30,1013,0.15211593605371368,11.763501718684129,-1.8,0.503,1.3
Reggie Agbeko,Saint Louis Billikens,2016,reggie agbeko,0,NA,NA,32,778,0.12894539599394264,11.76302577475967,-1.2,0.587,1.6
Darius McGhee,Liberty Flames,2020,darius mcghee,0,NA,NA,34,1121,0.15804210402365243,11.762988915675145,1.6,0.6,4.7
Romeo Weems,DePaul Blue Demons,2020,romeo weems,0,NA,NA,32,962,0.11121437048731414,11.759338007020755,3,0.503,2.1
Ashton Williamson,Florida International Panthers,2025,ashton williamson,0,NA,NA,33,798,0.0797222906010334,11.759165515190476,-2.3,0.469,1.1
Adonys Henriquez,UCF Knights,2016,adonys henriquez,0,NA,NA,30,824,-0.4065819167223476,11.756449285607436,1.2,0.529,1.8
Justin Bufford,Middle Tennessee Blue Raiders,2023,justin bufford,0,NA,NA,33,649,0.05520037520752045,11.75069037493939,3.6,0.554,1.8
Kosta Jankovic,Kennesaw State Owls,2018,kosta jankovic,0,NA,NA,30,525,0.11703024558063368,11.74427680336192,-4.6,0.521,0.7
Ryan Kemrite,Liberty Flames,2018,ryan kemrite,0,NA,NA,37,1139,0.115372400955644,11.743482519681743,-0.1,0.633,3.8
Lucas Kuipers,Rice Owls,2012,lucas kuipers,0,NA,NA,35,679,0.0520333852889462,11.74035233124214,-0.6,0.54,1.8
Malik Smith,Florida International Panthers,2013,malik smith,0,NA,NA,32,1060,0.10999001076345376,11.736582393172492,-0.6,0.532,2.5
Ethan Chargois,SMU Mustangs,2020,ethan chargois,0,NA,NA,30,607,0.06539061447399079,11.733330090653835,0.9,0.464,1.3
Mike McCall Jr.,Saint Louis Billikens,2011,mike mccall,0,NA,NA,31,909,0.14561942022882116,11.724851361422395,1.8,0.545,2.4
Max Guercy,Rice Owls,2015,max guercy,0,NA,NA,32,1055,0.14785709152457305,11.71927362431484,0.1,0.512,2.6
Ryan Allen,Delaware Blue Hens,2018,ryan allen,0,NA,NA,33,1072,0.11610790775288402,11.718052202052537,-2.4,0.531,1.7
Trevion LaBeaux,East Carolina Pirates,2025,trevion labeaux,0,NA,NA,33,659,0.06309052766078224,11.71580665801907,0.4,0.554,1.4
Jherrod Stiggers,Houston Cougars,2015,jherrod stiggers,0,NA,NA,32,1105,0.12300656067828108,11.710378402876296,1,0.517,2.4
Ty Hudson,Jacksonville State Gamecocks,2019,ty hudson,0,NA,NA,33,881,0.11172368516377448,11.706211373933316,-1.6,0.531,2.3
Marcus Harris,Sam Houston Bearkats,2018,marcus harris,0,NA,NA,36,850,0.08526277529192412,11.704834565417238,-1.9,0.515,2.4
Jalen Gaffney,Florida Atlantic Owls,2024,jalen gaffney,0,NA,NA,34,844,0.08010950180626729,11.70222583406313,2.7,0.546,2.1
Cory Remekun,Saint Louis Billikens,2013,cory remekun,0,NA,NA,35,598,0.05582661761352038,11.691995477842507,3.1,0.565,2
Rashad Ray,Tulsa Golden Hurricane,2015,rashad ray,0,NA,NA,34,913,0.1194117606269744,11.678641853476542,3.4,0.501,3.1
Ra'Shawn Langston,Louisiana Tech Bulldogs,2019,rashawn langston,0,NA,NA,33,741,0.06464397647022269,11.65482119411283,-0.1,0.511,2.1
DaJuan Gordon,New Mexico State Aggies,2023,dajuan gordon,0,NA,NA,24,615,0.096080881492048,11.651114733570374,-1.6,0.498,1.2
Kory Holden,Delaware Blue Hens,2015,kory holden,0,NA,NA,30,990,0.17910962092052893,11.642446465944412,-3.6,0.5,1.1
Alston Mason,Missouri State Bears,2023,alston mason,0,NA,NA,32,838,0.12236430590125974,11.639339586868132,-2.1,0.507,2.1
Koree Cotton,Jacksonville State Gamecocks,2025,koree cotton,0,NA,NA,36,920,0.05619056666587804,11.639040448994688,0.3,0.513,2.4
Bryce Monroe,Sam Houston Bearkats,2021,bryce monroe,0,NA,NA,28,589,0.0467542286299422,11.636593578432723,-5.5,0.507,1.4
Xavier Habersham,Middle Tennessee Blue Raiders,2017,xavier habersham,0,NA,NA,36,701,0.04622091635785817,11.632159646250727,2.8,0.662,2.4
Brandon Gibson,Louisiana Tech Bulldogs,2012,brandon gibson,0,NA,NA,34,720,-0.0329558962477533,11.63098274674744,-1.5,0.442,1.5
Jordan Swing,UAB Blazers,2014,jordan swing,0,NA,NA,31,675,0.08976756002091936,11.62833353282583,NA,0.4852077213596308,NA
Tre' Williams,Tulane Green Wave,2024,tre williams,0,NA,NA,31,642,0.0718648830594801,11.621464337352526,-1.7,0.521,0.8
Krys Faber,DePaul Blue Demons,2012,krys faber,0,NA,NA,31,595,0.09257000436030724,11.616493829807796,-1.2,0.611,1.3
Markel Crawford,Memphis Tigers,2016,markel crawford,0,NA,NA,34,661,0.08330257647406818,11.614754381682268,1.5,0.51,1.8
Jordan Walker,Tulane Green Wave,2020,jordan walker,0,NA,NA,30,776,0.08481436459026719,11.6126866861043,0.1,0.522,1.5
Jaykwon Walton,Memphis Tigers,2024,jaykwon walton,0,NA,NA,32,887,0.08061128823909385,11.612388644001694,1,0.483,1.6
Keyshawn Woods,Charlotte 49ers,2015,keyshawn woods,0,NA,NA,32,813,0.08027411669792334,11.603069937618688,0.3,0.594,1.8
Everett Winchester,Florida Atlantic Owls,2022,everett winchester,0,NA,NA,34,715,-0.08826564638641045,11.59739062705767,-1.2,0.52,1.6
Jordan Jones,Kennesaw State Owls,2017,jordan jones,0,NA,NA,32,614,0.08278648362871932,11.58606365917414,-5.1,0.488,1
Dakarai Henderson,Sam Houston Bearkats,2015,dakarai henderson,0,NA,NA,35,734,0.09325721610652124,11.585997681783097,-0.5,0.486,2.6
Jacobi Boykins,Louisiana Tech Bulldogs,2016,jacobi boykins,0,NA,NA,33,889,0.08281510651053788,11.576022310471732,-0.5,0.535,2.3
Jacques Streeter,UTEP Miners,2013,jacques streeter,0,NA,NA,32,1099,0.18052103489303853,11.574767695717243,2.7,0.559,3.1
Jarred Dixon,Missouri State Bears,2018,jarred dixon,0,NA,NA,33,951,0.11788693853222204,11.571341491861872,0,0.513,2.4
Keanu Dawes,Rice Owls,2024,keanu dawes,0,NA,NA,32,754,0.0871622510321819,11.563022171285464,-1.6,0.514,1.1
Todd Mayo,Marquette Golden Eagles,2012,todd mayo,0,NA,NA,35,737,0.06471769102054294,11.549037170001233,2.2,0.539,1.9
Mike Saunders Jr.,Cincinnati Bearcats,2022,mike saunders,0,NA,NA,33,670,0.07117011626466853,11.52944163338836,0.2,0.505,1.6
Dexter Fields,UAB Blazers,2011,dexter fields,0,NA,NA,31,696,0.06586644919345544,11.52834405440063,NA,0.5659499689890429,NA
Kyle Anderson,Delaware Blue Hens,2014,kyle anderson,0,NA,NA,35,1216,0.11357688918410544,11.523953335555833,0.6,0.553,2.8
El Ellis,Louisville Cardinals,2022,el ellis,0,NA,NA,32,655,0.10127664289670306,11.520927758234288,0.6,0.509,1.1
Brandon Johnson,DePaul Blue Demons,2022,brandon johnson,0,NA,NA,31,1039,0.1709390503823161,11.50949867447451,0,0.499,2.2
Ash Yacoubou,Saint Louis Billikens,2016,ash yacoubou,0,NA,NA,32,962,0.2181394417632095,11.504331474272984,-0.7,0.493,1.3
Luke Frampton,Western Kentucky Hilltoppers,2022,luke frampton,0,NA,NA,32,988,0.07886263131459115,11.504152473600303,0.3,0.573,2.5
Isaiah Barnes,Tulsa Golden Hurricane,2024,isaiah barnes,0,NA,NA,31,915,0.09204169757912713,11.501157159435076,-0.6,0.555,1.9
DeAndre Brown,Louisiana Tech Bulldogs,2011,deandre brown,0,NA,NA,32,921,0.2158922277063792,11.499509638032803,-0.9,0.483,1.6
Jimmy Drew,DePaul Blue Demons,2011,jimmy drew,0,NA,NA,31,745,0.09874715631525062,11.49608347233004,1.5,0.512,1.3
Emmanuel Akot,Western Kentucky Hilltoppers,2023,emmanuel akot,0,NA,NA,33,916,0.07377757029147956,11.492036572514856,-2.1,0.499,1.5
Brandon Stroud,Kennesaw State Owls,2022,brandon stroud,0,NA,NA,31,702,0.06029408252979922,11.490145819951154,-2.9,0.465,1.5
Jovante' Spivey,Sam Houston Bearkats,2016,jovante spivey,0,NA,NA,34,837,0.0743765033522237,11.489065387298467,-3.7,0.495,2
Keith Pickens,Missouri State Bears,2013,keith pickens,0,NA,NA,33,703,0.07407175933603906,11.488073115056364,-0.5,0.496,1.4
Shaq Thomas,Cincinnati Bearcats,2014,shaq thomas,0,NA,NA,34,779,0.09559697571572094,11.48706098743484,2.1,0.502,2.4
Karviar Shepherd,TCU Horned Frogs,2016,karviar shepherd,0,NA,NA,33,594,-0.16011035767620346,11.484895863451312,-0.9,0.451,0.8
Marcus Sasser,Houston Cougars,2020,marcus sasser,0,NA,NA,31,712,0.07624568512006878,11.483948814316737,5.2,0.511,2.5
Jarrod West,Marshall Thundering Herd,2018,jarrod west,0,NA,NA,36,1165,0.09366377697211298,11.478692085977343,0.1,0.587,2.5
Brandon Harris,Western Kentucky Hilltoppers,2014,brandon harris,0,NA,NA,32,550,0.11897981968001592,11.47046420938086,1.3,0.476,1.5
Amorie Archibald,Louisiana Tech Bulldogs,2021,amorie archibald,0,NA,NA,32,972,0.1307114725358174,11.467861471486335,0.7,0.474,2.6
Jalen Johnson,Saint Louis Billikens,2017,jalen johnson,0,NA,NA,33,791,0.1477051820495922,11.449168009863769,-0.5,0.516,1.4
Lu'Cye Patterson,Missouri State Bears,2022,lucye patterson,0,NA,NA,34,894,0.10137517822168424,11.44733895536638,0.2,0.528,2.3
Sean Newman Jr.,Louisiana Tech Bulldogs,2024,sean newman,0,NA,NA,32,830,0.09764762381969085,11.441716204972504,-1.8,0.488,2.2
RJ Nembhard Jr.,TCU Horned Frogs,2020,rj nembhard,0,NA,NA,32,930,0.5303523983530759,11.441699629318297,1.6,0.478,2.1
Keegan McDowell,Liberty Flames,2022,keegan mcdowell,0,NA,NA,33,944,0.12750396851689264,11.440640891684051,0.5,0.605,3.1
Raynere Thornton,Memphis Tigers,2018,raynere thornton,0,NA,NA,34,702,0.06309073153647272,11.423430724206796,0.3,0.542,1.5
Derric Jean,Louisiana Tech Bulldogs,2017,derric jean,0,NA,NA,33,941,0.07864583038456457,11.423277959739211,-0.6,0.489,2.5
Marcellus Brigham Jr.,Jacksonville State Gamecocks,2025,marcellus brigham,0,NA,NA,36,925,0.06276163237448194,11.422031703470417,-0.9,0.551,2.3
Jordan Rawls,Western Kentucky Hilltoppers,2023,jordan rawls,0,NA,NA,33,603,0.04902380731675284,11.40686383354542,-2.2,0.446,0.6
Amric Fields,TCU Horned Frogs,2011,amric fields,0,NA,NA,33,645,0.0187996543287372,11.403664319026817,-1.5,0.513,1.1
Sidy N'Dir,New Mexico State Aggies,2018,sidy ndir,0,NA,NA,34,886,0.08805220554598239,11.4027714601899,2.1,0.541,3
Marcus James,Sam Houston Bearkats,2012,marcus james,0,NA,NA,28,792,0.11067380464916722,11.399147223760728,-2.2,0.512,2.4
Jack Williams,Rice Owls,2019,jack williams,0,NA,NA,32,892,0.11656235881003509,11.396286516132967,-5,0.452,1
Sterling Taplin,Tulsa Golden Hurricane,2017,sterling taplin,0,NA,NA,32,935,0.08355589413195032,11.393214510829177,0.5,0.529,2
Giddy Potts,Middle Tennessee Blue Raiders,2015,giddy potts,0,NA,NA,36,648,0.05438215124140201,11.378615081570512,0.4,0.51,1.7
Eddie Davis III,Southern Miss Golden Eagles,2017,eddie davis,0,NA,NA,31,561,0.3538768571116244,11.374382084099846,-6.8,0.469,0.6
Rashad Smith,Tulsa Golden Hurricane,2015,rashad smith,0,NA,NA,34,962,0.14346569947668728,11.37050857513282,1.6,0.485,2.6
Drew Edwards,Charlotte 49ers,2020,drew edwards,0,NA,NA,29,924,0.09699362470427514,11.368543035518876,0.2,0.532,2.4
Kareem Brewton Jr.,Memphis Tigers,2018,kareem brewton,0,NA,NA,34,832,0.07663261911019137,11.367985338713074,-1.8,0.489,1.2
Chris Kendrix,Missouri State Bears,2015,chris kendrix,0,NA,NA,31,708,0.1284161657657369,11.36774142776928,1.1,0.564,1.7
Preston Purifoy,UAB Blazers,2012,preston purifoy,0,NA,NA,31,802,0.08680326503996498,11.367119342080256,NA,0.5944959030993944,NA
Tristan Spurlock,UCF Knights,2012,tristan spurlock,0,NA,NA,33,776,0.09273556498228226,11.362453929094412,2.5,0.479,2
Titus Rubles,Cincinnati Bearcats,2013,titus rubles,0,NA,NA,34,740,0.15663904453903577,11.351991685509306,2.9,0.415,2
Calvin Newell,UCF Knights,2013,calvin newell,0,NA,NA,29,754,0.08081561671821944,11.34810740660018,-1,0.506,1.5
Julian Washburn,UTEP Miners,2013,julian washburn,0,NA,NA,32,1106,0.13578976056510852,11.34228817310969,0.2,0.49,2.3
Brandon Betson,Tulsa Golden Hurricane,2023,brandon betson,0,NA,NA,30,782,0.11910261616565147,11.337292424871627,-1.8,0.559,0.8
John Dewey III,Sam Houston Bearkats,2018,john dewey,0,NA,NA,36,1063,0.13369572226254925,11.334745432457574,-2.4,0.503,2.3
Elijah Cain,DePaul Blue Demons,2016,elijah cain,0,NA,NA,30,860,0.24534726205636528,11.333282551523478,0.7,0.526,1.2
Jeremy Allen,Florida International Panthers,2011,jeremy allen,0,NA,NA,30,622,0.06001689353913421,11.322344254288394,-3,0.547,1.1
Evan Gilyard II,UTEP Miners,2018,evan gilyard,0,NA,NA,31,626,0.07151866510697567,11.320063448160433,-3.1,0.512,0.8
Emmanuel Bandoumel,SMU Mustangs,2022,emmanuel bandoumel,0,NA,NA,33,1017,0.09056920813877488,11.315683276789166,1.7,0.505,2.7
Paul Baxter,Sam Houston Bearkats,2017,paul baxter,0,NA,NA,34,821,0.03700442365782899,11.31289840260423,-2,0.495,2.2
Butta Johnson,UAB Blazers,2025,butta johnson,0,NA,NA,37,996,0.05561779593590917,11.309360914133189,NA,0.4889354066985646,NA
Leland Walker,Florida Atlantic Owls,2025,leland walker,0,NA,NA,34,941,0.08996019496379615,11.302568227228182,-2.3,0.469,1.2
Terrell Allen,UCF Knights,2019,terrell allen,0,NA,NA,33,1006,0.11333262655977604,11.30059462482644,3.1,0.537,3.1
Jackson Trapp,Florida Atlantic Owls,2015,jackson trapp,0,NA,NA,28,847,0.2115890594803221,11.296845567924263,0.4,0.624,2.3
John Newman III,Cincinnati Bearcats,2022,john newman,0,NA,NA,33,829,0.10197681293492468,11.294735614602327,2.2,0.479,2.2
Derrick Gordon,Western Kentucky Hilltoppers,2012,derrick gordon,0,NA,NA,35,1165,0.1862901354392,11.291947498871789,-0.6,0.472,2.2
Tyrone Watson,New Mexico State Aggies,2012,tyrone watson,0,NA,NA,35,1015,0.10448850202848282,11.285029623914252,1.9,0.526,2.5
Dionte Bostick,New Mexico State Aggies,2025,dionte bostick,0,NA,NA,32,717,0.07418159436528653,11.282064867194093,-0.6,0.461,1.6
Jeremy Bynum,Jacksonville State Gamecocks,2011,jeremy bynum,0,NA,NA,30,848,0.17807140052130024,11.279699881240418,-1.9,0.531,2
Forrest Robinson,DePaul Blue Demons,2015,forrest robinson,0,NA,NA,32,635,0.06494533191154545,11.278382626166826,1,0.57,1.2
Jae'Lyn Withers,Louisville Cardinals,2023,jaelyn withers,0,NA,NA,32,805,0.1500488967550294,11.270918011687876,-1.2,0.554,0.8
Peyton Siva,Louisville Cardinals,2012,peyton siva,0,NA,NA,40,1203,0.12740601802515855,11.270111114128529,2.6,0.485,3.1
Elijah Cain,DePaul Blue Demons,2018,elijah cain,0,NA,NA,31,1040,0.14597952772612394,11.26719889695372,1.1,0.437,1.5
Rob Loe,Saint Louis Billikens,2011,rob loe,0,NA,NA,31,524,0.05138643988293242,11.266758330150653,-1.1,0.484,0.9
Jonathan Stark,Tulane Green Wave,2015,jonathan stark,0,NA,NA,31,984,0.11364416348270388,11.262528470982696,0.4,0.457,2.2
Denver Anglin,Rice Owls,2025,denver anglin,0,NA,NA,32,697,0.08097966032089633,11.25475965960857,-0.7,0.532,1.6
Shawn Williams,SMU Mustangs,2013,shawn williams,0,NA,NA,32,1081,0.0967536923713188,11.249796817363324,0.9,0.546,2.9
Ashton Williamson,Florida International Panthers,2026,ashton williamson,0,NA,NA,32,589,0.05857875762815406,11.24630234065444,-4.5,0.48,0.7
Walyn Napper,Southern Miss Golden Eagles,2022,walyn napper,0,NA,NA,33,861,0.08065415847292899,11.245534490100011,-4.1,0.472,0.7
David Simmons,Middle Tennessee Blue Raiders,2018,david simmons,0,NA,NA,33,573,0.05165419541795146,11.244180653494483,1.7,0.577,1.7
Isiah Osborne,UTEP Miners,2018,isiah osborne,0,NA,NA,31,781,0.1570689563904127,11.244065221978214,-1.2,0.486,1.5
Tre Drye,Tulane Green Wave,2014,tre drye,0,NA,NA,34,1023,0.1471252706123091,11.242036580984838,-2.2,0.524,1.9
Marvin Roberts,Florida International Panthers,2011,marvin roberts,0,NA,NA,30,792,0.10593372592626904,11.238961380107892,-4.9,0.488,0.8
Kain Harris,Tulane Green Wave,2017,kain harris,0,NA,NA,31,535,0.05480401340538223,11.237668706642342,-2.9,0.507,0.4
Charles McKinney,DePaul Blue Demons,2013,charles mckinney,0,NA,NA,32,599,0.05189990486182189,11.23639012058248,0.4,0.541,0.8
Antonio Robinson,East Carolina Pirates,2014,antonio robinson,0,NA,NA,34,738,0.08702168481696354,11.22936582215733,-1.7,0.463,1.3
Vasean Allette,TCU Horned Frogs,2025,vasean allette,0,NA,NA,32,934,0.1274506537865167,11.210637885090748,1.4,0.433,0.8
Brandon Harris,Western Kentucky Hilltoppers,2013,brandon harris,0,NA,NA,36,1065,0.2004111705766557,11.209211112353156,2,0.493,2.9
Malik Martin,Charlotte 49ers,2019,malik martin,0,NA,NA,29,791,0.20367817431944604,11.20866548265438,-0.6,0.523,1.5
Kaosi Ezeagu,Sam Houston Bearkats,2023,kaosi ezeagu,0,NA,NA,34,638,0.0718760954178819,11.196743142613272,-2.3,0.58,2.1
James Thomas,Sam Houston Bearkats,2014,james thomas,0,NA,NA,35,942,0.08686644849308303,11.196683298397556,-4.1,0.548,2.2
Shemarri Allen,UCF Knights,2024,shemarri allen,0,NA,NA,33,909,0.09357209507909184,11.186124637179365,2.8,0.446,1.9
JaMonta' Black,Missouri State Bears,2022,jamonta black,0,NA,NA,34,962,0.0947561236392095,11.185913757550434,1.6,0.581,2.7
Devin Gage,DePaul Blue Demons,2019,devin gage,0,NA,NA,36,987,0.11780450755064728,11.179724642816184,-0.6,0.473,1.4
Mika Adams-Woods,Cincinnati Bearcats,2022,mika adamswoods,0,NA,NA,33,908,0.0832033987748213,11.175236022232166,1.8,0.45,2.2
Dallan Coleman,UCF Knights,2025,dallan coleman,0,NA,NA,37,866,0.08811545608066718,11.171290292143851,2.6,0.475,1.5
Sandy Cohen III,Marquette Golden Eagles,2016,sandy cohen,0,NA,NA,33,745,0.08088243989334032,11.162304599815595,2.7,0.574,1.8
Eric Lovett,Florida International Panthers,2022,eric lovett,0,NA,NA,32,681,0.04477082439383438,11.161207732675944,-4.1,0.482,0.9
Braxton Ogbueze,Charlotte 49ers,2017,braxton ogbueze,0,NA,NA,30,893,0.08728388271075974,11.1578585608149,-2.2,0.536,1.3
Lucas Kuipers,Rice Owls,2011,lucas kuipers,0,NA,NA,31,672,0.04488061057351749,11.156570933296184,0.1,0.542,1.5
Cam Hayes,East Carolina Pirates,2025,cam hayes,0,NA,NA,33,991,0.10414076671784483,11.142075208728883,-3.6,0.468,1.7
Sion James,Tulane Green Wave,2022,sion james,0,NA,NA,29,1020,0.10874513706406104,11.141315547014395,1.3,0.509,2.1
Scottie Haralson,Tulsa Golden Hurricane,2012,scottie haralson,0,NA,NA,31,969,0.0998834264885529,11.138497820575555,3.4,0.563,2.9
Connell Crossland,TCU Horned Frogs,2013,connell crossland,0,NA,NA,32,744,0.218609349484987,11.137973260048522,-1.5,0.496,1.4
Dainan Swoope,Sam Houston Bearkats,2020,dainan swoope,0,NA,NA,31,769,0.11887032443510918,11.137811634504306,-1.7,0.544,1.9
Austin McBroom,Saint Louis Billikens,2015,austin mcbroom,0,NA,NA,32,646,0.14286969850717213,11.136682769465043,1.3,0.524,1.3
Isaac Mbuyamba,Kennesaw State Owls,2019,isaac mbuyamba,0,NA,NA,32,730,0.10558651465957572,11.136403193697346,-2.7,0.481,1.1
Kyle Cassity,Saint Louis Billikens,2011,kyle cassity,0,NA,NA,31,978,0.2281045075431657,11.136130548927811,2.2,0.538,2.7
Cobie Montgomery,Southern Miss Golden Eagles,2024,cobie montgomery,0,NA,NA,32,683,0.09387817340936676,11.135343850649589,-1.4,0.508,1.3
Cavan Reilly,Delaware Blue Hens,2024,cavan reilly,0,NA,NA,33,940,0.08360568227154992,11.120169389154457,-0.9,0.552,2.1
Isaiah Folkes,Charlotte 49ers,2023,isaiah folkes,0,NA,NA,36,645,0.04630989556831342,11.119926456737582,0,0.621,1.5
Junior Cadougan,Marquette Golden Eagles,2013,junior cadougan,0,NA,NA,35,982,0.13289018614443318,11.117291139566891,2.3,0.497,2.1
A.J. Harris,New Mexico State Aggies,2018,aj harris,0,NA,NA,34,914,0.08733677575433327,11.11600174703312,0.4,0.475,2.7
Evan Gilyard II,UTEP Miners,2019,evan gilyard,0,NA,NA,29,914,-0.06492954652978543,11.111686036565798,-2.3,0.506,2
Jailyn Ingram,Florida Atlantic Owls,2017,jailyn ingram,0,NA,NA,30,722,0.0768067826092957,11.109446431386822,-4.3,0.466,0.9
Brandon Gibson,Louisiana Tech Bulldogs,2013,brandon gibson,0,NA,NA,34,675,0.04703359843452591,11.106456213567254,-0.1,0.471,1.9
Krys Faber,DePaul Blue Demons,2011,krys faber,0,NA,NA,31,745,0.1051324550637733,11.09522037534756,-2.9,0.523,0.9
Sterling Brown,SMU Mustangs,2014,sterling brown,0,NA,NA,37,719,0.06632734332183692,11.08904949291575,4.4,0.544,2.1
Jalen Benjamin,UAB Blazers,2020,jalen benjamin,0,NA,NA,32,861,0.09000992469326369,11.086401139684533,NA,0.5475427350427351,NA
Isaiah Banks,Florida International Panthers,2022,isaiah banks,0,NA,NA,32,704,0.0630757729738535,11.080452626103783,-2.1,0.557,1.6
Johnathon Wilkins,New Mexico State Aggies,2016,johnathon wilkins,0,NA,NA,34,699,0.09058077173248748,11.076835541234628,-0.9,0.556,2
Trent Lockett,Marquette Golden Eagles,2013,trent lockett,0,NA,NA,35,931,0.09744823038138618,11.074680452179791,3.5,0.519,2.4
Cazmon Hayes,Delaware Blue Hens,2016,cazmon hayes,0,NA,NA,29,1020,0.24876293051365725,11.073823206624825,-0.6,0.473,1.2
P.J. Gaynor,UCF Knights,2011,pj gaynor,0,NA,NA,33,558,0.04167506430528645,11.072143392404705,0.3,0.6,1.5
Caleb White,East Carolina Pirates,2017,caleb white,0,NA,NA,33,1020,0.0773966719040011,11.071260379480837,0.8,0.526,2.7
Mangok Mathiang,Louisville Cardinals,2015,mangok mathiang,0,NA,NA,36,636,0.03504225766567175,11.069935222949628,3.2,0.416,1.9
Derrick Cook,Jacksonville State Gamecocks,2020,derrick cook,0,NA,NA,32,705,0.17764825795273806,11.065271062796649,-2.1,0.533,1.6
B.J. Tyson,East Carolina Pirates,2017,bj tyson,0,NA,NA,33,627,0.2816297695436989,11.063490642597833,-1.4,0.451,1
Jordan Swing,UAB Blazers,2012,jordan swing,0,NA,NA,31,874,0.11600456658002424,11.061569017291603,NA,0.5472793397677997,NA
Colin Porter,Liberty Flames,2024,colin porter,0,NA,NA,32,997,0.07563744120387543,11.052962660279787,-0.9,0.542,3.1
Chico Carter Jr.,DePaul Blue Demons,2024,chico carter,0,NA,NA,32,841,0.1737595847536738,11.05092881922767,-2.3,0.504,0
Demarkus Lampley,Sam Houston Bearkats,2022,demarkus lampley,0,NA,NA,33,926,0.08963796708350837,11.046652033994322,-0.7,0.507,2.8
Daryl Edwards,UTEP Miners,2020,daryl edwards,0,NA,NA,32,1092,0.09825046048448836,11.033286851528532,-0.2,0.572,2.7
Justin Jenifer,Cincinnati Bearcats,2018,justin jenifer,0,NA,NA,36,704,0.04803099727214479,11.0326190795174,3.8,0.53,2.8
Dayvion McKnight,Western Kentucky Hilltoppers,2021,dayvion mcknight,0,NA,NA,29,713,0.06197401833326635,11.032278294623945,-0.5,0.468,1.5
Tyler Harris,Memphis Tigers,2019,tyler harris,0,NA,NA,36,923,0.07350290025790455,11.01898443350758,0.4,0.513,2
Marcellus Brigham Jr.,Jacksonville State Gamecocks,2024,marcellus brigham,0,NA,NA,32,778,0.06063666270497162,11.016324184813415,-2.3,0.519,1.9
Nick Cook,Jacksonville State Gamecocks,2014,nick cook,0,NA,NA,31,736,0.12271754679804582,11.013782984578276,-4.6,0.474,1
Preston Purifoy,UAB Blazers,2013,preston purifoy,0,NA,NA,32,699,0.04087741382884562,11.003817617149208,NA,0.5514035727305869,NA
Aaron Anderson,Kennesaw State Owls,2011,aaron anderson,0,NA,NA,30,818,0.12797087794780715,11.00277586153444,-4,0.512,1.2
Jaevin Cumberland,Cincinnati Bearcats,2020,jaevin cumberland,0,NA,NA,30,661,0.048296027826605,10.999392067246305,2.1,0.52,1.8
Jeremy Watson,Jacksonville State Gamecocks,2016,jeremy watson,0,NA,NA,29,705,0.1283717020848405,10.993380424903869,-4.9,0.508,1.2
Jordan Rawls,Western Kentucky Hilltoppers,2021,jordan rawls,0,NA,NA,29,643,0.07630804207159572,10.990264643076262,-0.8,0.498,1.4
Jajuan Johnson,Marquette Golden Eagles,2015,jajuan johnson,0,NA,NA,32,673,0.0948825464073577,10.981581928610591,0.8,0.448,0.7
Tremont Robinson-White,East Carolina Pirates,2022,tremont robinsonwhite,0,NA,NA,30,776,0.09342678535749371,10.968184508532463,0.4,0.491,1.2
Clyde Trapp,Charlotte 49ers,2022,clyde trapp,0,NA,NA,31,898,0.121992470847161,10.962589110059508,-3,0.503,1.1
Damien Mayo Jr.,Missouri State Bears,2024,damien mayo,0,NA,NA,33,694,0.08263699249167838,10.94990930543896,0.9,0.584,1.7
Demarius Jacobs,Saint Louis Billikens,2020,demarius jacobs,0,NA,NA,31,663,0.07265156248837543,10.948288990972156,2.8,0.545,2
John Dawson,Liberty Flames,2017,john dawson,0,NA,NA,34,970,0.16831037427154014,10.948244945212394,-1.9,0.518,2.2
Kyle Rode,Liberty Flames,2020,kyle rode,0,NA,NA,34,610,0.06469222023758399,10.947849530341172,1.3,0.576,2.5
Dorrian Williams,Missouri State Bears,2016,dorrian williams,0,NA,NA,31,573,0.07023437932831388,10.947353502780382,-2.3,0.433,0.8
Davell Roby,Saint Louis Billikens,2018,davell roby,0,NA,NA,33,1067,0.09813439103108804,10.94417784612945,0.4,0.529,2.7
Delbert Love,Kennesaw State Owls,2012,delbert love,0,NA,NA,30,1102,0.12677525190184735,10.942368634979976,-3.3,0.542,0.9
Rashad Ray,Tulsa Golden Hurricane,2013,rashad ray,0,NA,NA,33,675,0.08049956640797393,10.941722625150344,-0.6,0.523,1.2
Corey Camper Jr.,UTEP Miners,2024,corey camper,0,NA,NA,34,936,0.07421256267237272,10.940107477450365,-1.5,0.504,2.1
Derrio Green,Charlotte 49ers,2011,derrio green,0,NA,NA,30,1063,0.17671163571005763,10.936504451384565,-0.8,0.471,1.6
JJ Traynor,Louisville Cardinals,2023,jj traynor,0,NA,NA,32,815,0.1489587249498279,10.933039706928607,-0.3,0.546,1
Kyan Anderson,TCU Horned Frogs,2013,kyan anderson,0,NA,NA,32,1084,0.22276432432550877,10.927716153356712,1.1,0.517,2
Elijah Cuffee,Liberty Flames,2019,elijah cuffee,0,NA,NA,36,962,0.07663600506267607,10.922370201343549,0.9,0.61,3.2
Shawn Williams,East Carolina Pirates,2019,shawn williams,0,NA,NA,31,900,0.1271193430312268,10.922330783624847,-0.6,0.528,1.7
Marcus Tarrance,Middle Tennessee Blue Raiders,2015,marcus tarrance,0,NA,NA,36,733,0.05863141113934909,10.918827659168963,0.8,0.572,2.2
Jordan Callahan,Tulane Green Wave,2012,jordan callahan,0,NA,NA,31,1022,0.09593107076437904,10.91196654515628,-0.3,0.502,2.4
London Giles,SMU Mustangs,2012,london giles,0,NA,NA,32,922,0.12743982276628166,10.908479706101655,0.3,0.571,2.3
Curran Scott,Tulsa Golden Hurricane,2019,curran scott,0,NA,NA,32,791,0.07808908947459951,10.9084721283473,0,0.547,1.6
Tyler Kolek,Marquette Golden Eagles,2022,tyler kolek,0,NA,NA,32,936,0.1334537284797507,10.907384247723089,1,0.437,1.6
Avery Latrez Moore,Jacksonville State Gamecocks,2015,avery latrez moore,0,NA,NA,31,800,0.08807897220723783,10.905502879897504,NA,0.5050505050505051,NA
Antonio Barton,Memphis Tigers,2012,antonio barton,0,NA,NA,35,743,0.07125287193672027,10.890287205748235,3.3,0.588,2.1
Marcus Jordan,UCF Knights,2012,marcus jordan,0,NA,NA,33,1112,0.21778273374896231,10.88981538973738,0.1,0.497,2.7
Max Guercy,Rice Owls,2014,max guercy,0,NA,NA,30,930,0.11670739041537276,10.887530142000696,-1.5,0.495,1.5
Scottie Haralson,Tulsa Golden Hurricane,2013,scottie haralson,0,NA,NA,33,1092,0.11291568604321316,10.880698213763118,0.7,0.514,2.5
Antonio Robinson,East Carolina Pirates,2015,antonio robinson,0,NA,NA,33,800,0.11054754850223796,10.88025990636559,-0.2,0.434,1.5
Anthony Mosley,Delaware Blue Hens,2016,anthony mosley,0,NA,NA,29,929,0.17675459697044948,10.873082745571391,-3,0.556,1.3
Jerome Frink,Florida International Panthers,2014,jerome frink,0,NA,NA,31,912,0.01789287144926578,10.872669669528516,-3.7,0.516,1.8
Terrence Williams,Charlotte 49ers,2014,terrence williams,0,NA,NA,31,937,0.0841846939598306,10.864871542304943,-1.4,0.466,1.6
Jerrold Brooks,Southern Miss Golden Eagles,2014,jerrold brooks,0,NA,NA,35,943,0.0809545819115917,10.862869106010946,1.2,0.501,2.7
Derek St. Hilaire,Jacksonville State Gamecocks,2020,derek st hilaire,0,NA,NA,32,629,0.08006912398832362,10.859864596773916,-3.6,0.471,1.3
Salim London,UAB Blazers,2026,salim london,0,NA,NA,32,627,0.05357987375228469,10.856004004760544,NA,0.4761904761904761,NA
Mike Marra,Louisville Cardinals,2011,mike marra,0,NA,NA,35,635,0.04733148606773794,10.855723441196474,3.8,0.459,1.6
Shamarr Bowden,East Carolina Pirates,2012,shamarr bowden,0,NA,NA,31,605,0.06891989130689197,10.85395378305616,1.8,0.562,1.4
Cooper Robb,Charlotte 49ers,2020,cooper robb,0,NA,NA,29,615,0.0673556073932393,10.848147094193552,1.8,0.551,1.6
Kamdyn Curfman,Marshall Thundering Herd,2024,kamdyn curfman,0,NA,NA,33,1101,0.13689169376186455,10.846000029856942,-3.1,0.493,1.2
Jacob Conner,Marshall Thundering Herd,2024,jacob conner,0,NA,NA,33,874,0.13013990880989118,10.82623037553538,-1.9,0.465,1.2
Spencer Elliott,Charlotte 49ers,2026,spencer elliott,0,NA,NA,34,586,0.01976889808236604,10.822944282138446,-1.8,0.501,0.9
Gabe Watson,Southern Miss Golden Eagles,2020,gabe watson,0,NA,NA,31,1104,0.1242159785754204,10.821133046333143,-3.3,0.472,1.1
James Gallman,Middle Tennessee Blue Raiders,2011,james gallman,0,NA,NA,31,648,0.08251426883028304,10.8204927912715,-0.7,0.538,1.9
Dorian Finister,Sam Houston Bearkats,2025,dorian finister,0,NA,NA,32,615,0.10580779841679312,10.818130068600404,-4.1,0.429,0.7
Dennis Mavin,Florida International Panthers,2014,dennis mavin,0,NA,NA,31,1017,0.02504708832858648,10.81031864078987,-3.8,0.478,1.5
LeRon Barnes,Houston Cougars,2015,leron barnes,0,NA,NA,32,1083,0.15652308364999318,10.81023884481177,0.4,0.515,2.7
Ceasar DeJesus,UCF Knights,2020,ceasar dejesus,0,NA,NA,30,789,0.08600079892596983,10.807768838355692,-1.7,0.568,1.4
Jaylen Fisher,TCU Horned Frogs,2017,jaylen fisher,0,NA,NA,39,1031,0.11374704026027666,10.80487553094978,1.7,0.514,1.8
Damian Dunn,Houston Cougars,2024,damian dunn,0,NA,NA,37,649,0.04146116629542266,10.8029919204047,2.4,0.473,2
Kevin Anderson,Delaware Blue Hens,2019,kevin anderson,0,NA,NA,33,1016,0.11633048906389516,10.799492610155816,-5.2,0.501,1.3
Francisco Farabello,TCU Horned Frogs,2022,francisco farabello,0,NA,NA,34,645,0.103591415541556,10.781308110874576,5.3,0.583,2
Elijah Joiner,Tulsa Golden Hurricane,2020,elijah joiner,0,NA,NA,31,792,0.10336614989898885,10.778495283088867,2,0.502,2.1
Connor Cashaw,Rice Owls,2016,connor cashaw,0,NA,NA,32,956,0.08946888940447328,10.768262197646438,-2.8,0.539,1.2
Ryan Allen,Delaware Blue Hens,2020,ryan allen,0,NA,NA,33,1112,0.10168172821180704,10.75429428980725,-3.4,0.521,2
Justin Haynes,SMU Mustangs,2011,justin haynes,0,NA,NA,34,632,0.05877255035489005,10.7525640001359,-0.6,0.602,1.6
Sydney Curry,Louisville Cardinals,2023,sydney curry,0,NA,NA,32,562,0.0743370661120668,10.752434454268696,-3.6,0.537,0.5
Nick Russell,SMU Mustangs,2013,nick russell,0,NA,NA,32,1159,0.1514795876598302,10.746721871281489,-2,0.467,1.8
Nick Guadarrama,Florida International Panthers,2023,nick guadarrama,0,NA,NA,32,613,0.08466888343833154,10.745788331561506,-1.1,0.499,0.8
Brandon Huntley-Hatfield,Louisville Cardinals,2023,brandon huntleyhatfield,0,NA,NA,32,615,0.1331199775077123,10.737288917657464,-1.5,0.537,0.5
Jaylen Fenner,Louisiana Tech Bulldogs,2026,jaylen fenner,0,NA,NA,34,688,0.02487814794368257,10.736523885204091,-2.9,0.493,1.7
Austin McBroom,Saint Louis Billikens,2014,austin mcbroom,0,NA,NA,34,730,0.08944033653989263,10.728147477798275,2,0.518,2.2
Willy Kouassi,Kennesaw State Owls,2014,willy kouassi,0,NA,NA,31,546,0.2131221831948547,10.725562377720392,-5.2,0.526,0.6
Galen Robinson Jr.,Houston Cougars,2018,galen robinson,0,NA,NA,35,859,0.0900583326102726,10.724054679874582,3.3,0.501,2.4
Keaton Hervey,Missouri State Bears,2021,keaton hervey,0,NA,NA,24,643,0.09210125801257432,10.72389481703993,0.5,0.632,2
Greg Tucker,Jacksonville State Gamecocks,2017,greg tucker,0,NA,NA,35,1064,0.10049401596674735,10.718301709818787,-2.4,0.52,2.3
Bryan Greenlee,Florida Atlantic Owls,2023,bryan greenlee,0,NA,NA,39,961,0.06651885351517642,10.714715961182918,1.9,0.545,2.7
Dominique Ferguson,Florida International Panthers,2011,dominique ferguson,0,NA,NA,30,534,0.0571626452106268,10.710859839962012,-3.5,0.464,0.7
Paul Baxter,Sam Houston Bearkats,2013,paul baxter,0,NA,NA,34,741,0.07034459348962818,10.703079777349023,-1.3,0.466,1.9
Dominique Williams,Florida International Panthers,2015,dominique williams,0,NA,NA,33,708,0.1000147631136666,10.6983416414076,-3.1,0.496,1.5
Terrence Hargrove Jr.,Saint Louis Billikens,2022,terrence hargrove,0,NA,NA,35,753,0.09190522442492564,10.691495762793773,1.4,0.491,1.7
Jaleel Wheeler,Tulsa Golden Hurricane,2017,jaleel wheeler,0,NA,NA,32,876,0.13239129380303058,10.679199419258184,0.9,0.545,1.6
David Minaya,Liberty Flames,2011,david minaya,0,NA,NA,30,813,0.11579410321171112,10.671356469288789,-3.1,0.49,2.6
Marcus James,Sam Houston Bearkats,2011,marcus james,0,NA,NA,28,472,0.06975881620401508,10.671053648861076,-5.2,0.47,0.9
Kenyon McNeail,Louisiana Tech Bulldogs,2012,kenyon mcneail,0,NA,NA,34,740,0.0865272663154814,10.669873343887298,-1.3,0.499,1.4
Israel Hart,Southern Miss Golden Eagles,2026,israel hart,0,NA,NA,35,735,0.07923336316667474,10.665520606382302,-2.7,0.482,1.2
Greg Tucker,Jacksonville State Gamecocks,2016,greg tucker,0,NA,NA,29,743,0.08737256916489416,10.649206163864353,-3.2,0.515,1.1
Matt Williams Jr.,UCF Knights,2014,matt williams,0,NA,NA,31,608,0.05529766645427252,10.645935244311776,1,0.57,1.4
Yann Farell,East Carolina Pirates,2025,yann farell,0,NA,NA,33,591,0.03859378861241879,10.63074191379522,-1.3,0.522,1.3
Pablo Bertone,Florida Atlantic Owls,2013,pablo bertone,0,NA,NA,31,739,0.04511596553159317,10.624442406357858,-3.2,0.525,1.4
Moses Wood,Tulane Green Wave,2019,moses wood,0,NA,NA,31,560,0.04558001065921052,10.614560276439017,-0.9,0.52,0.8
Julian DeBose,Rice Owls,2013,julian debose,0,NA,NA,30,971,0.04623927828325496,10.611125731607965,-3.2,0.527,1.1
Tamir Jackson,Rice Owls,2012,tamir jackson,0,NA,NA,35,1016,0.08456951791756112,10.60840097094234,-2.2,0.483,1.9
Traci Carter,Marquette Golden Eagles,2016,traci carter,0,NA,NA,33,790,0.06883651270217932,10.6071022275695,-0.2,0.474,1.3
Connor Frizzelle,Rice Owls,2012,connor frizzelle,0,NA,NA,35,939,0.09389847789568086,10.595290689270692,0.2,0.515,1.9
A.J. Rompza,UCF Knights,2011,aj rompza,0,NA,NA,33,760,0.08374322932543747,10.593044555105791,0.4,0.509,1.9
Damien Wilson,Kennesaw State Owls,2015,damien wilson,0,NA,NA,32,598,0.19110289940959832,10.586820501633309,-7.3,0.446,0.1
Durrell McDonald,DePaul Blue Demons,2014,durrell mcdonald,0,NA,NA,33,647,0.0749523323998148,10.584321710754548,1.4,0.512,1
Rashad Ray,Tulsa Golden Hurricane,2016,rashad ray,0,NA,NA,31,545,0.0466624288507167,10.584000484236553,1.9,0.455,1.2
Shawn Williams,SMU Mustangs,2012,shawn williams,0,NA,NA,32,554,0.07485581977736946,10.583255883742131,0.7,0.449,1.2
Zaxton King,Missouri State Bears,2025,zaxton king,0,NA,NA,32,983,0.1346587679398792,10.572848619284796,-1.2,0.544,2
Denzel Ingram,Charlotte 49ers,2014,denzel ingram,0,NA,NA,31,756,0.09091391714505602,10.56977233230201,0.6,0.561,1.7
Kylan Blackmon,Charlotte 49ers,2025,kylan blackmon,0,NA,NA,33,845,0.06752988397125523,10.563762337482528,-2,0.529,1.5
Shaquille Johnson,Marshall Thundering Herd,2011,shaquille johnson,0,NA,NA,34,861,0.06414847961621567,10.53298736071106,0.5,0.507,2.1
Jeantal Cylla,Florida Atlantic Owls,2016,jeantal cylla,0,NA,NA,32,848,-0.01290907721700998,10.525373847101733,-4.8,0.508,1
Najee Garvin,Charlotte 49ers,2018,najee garvin,0,NA,NA,29,658,0.13031149488312016,10.52504121804582,-5.3,0.501,0.5
Nick Russell,SMU Mustangs,2014,nick russell,0,NA,NA,37,1203,0.11697530980269567,10.51467912283576,1.8,0.525,3.2
Zaxton King,Missouri State Bears,2026,zaxton king,0,NA,NA,34,918,0.07229110152866054,10.512550654635916,-1.8,0.548,1.9
Cheikh Sane,Marshall Thundering Herd,2015,cheikh sane,0,NA,NA,32,574,0.03976795333204606,10.493034738813494,-4.3,0.472,1
Alex Lomax,Memphis Tigers,2019,alex lomax,0,NA,NA,36,700,0.06328453059672218,10.481596946633344,1.2,0.453,1.2
Jorell Saterfield,UTEP Miners,2022,jorell saterfield,0,NA,NA,34,692,0.06362760393702614,10.48110789484472,0.2,0.563,1.9
Quincy Clark,Jacksonville State Gamecocks,2024,quincy clark,0,NA,NA,32,786,0.08713584693606308,10.480695769175934,-3.3,0.456,1.4
Justin Massey,Florida Atlantic Owls,2015,justin massey,0,NA,NA,28,709,0.05844522294649937,10.461065592352584,0.4,0.562,1.8
JaMonta' Black,Missouri State Bears,2021,jamonta black,0,NA,NA,24,747,0.10067179809178478,10.456717034678787,0.2,0.56,1.9
Spencer Dixon,Kennesaw State Owls,2012,spencer dixon,0,NA,NA,30,1130,0.17113768197761148,10.428060979323302,-3.8,0.466,0.2
Paris Roberts-Campbell,East Carolina Pirates,2013,paris robertscampbell,0,NA,NA,31,805,0.06108347178390058,10.425564070718131,1.7,0.54,1.8
Corvonn Gaines,East Carolina Pirates,2011,corvonn gaines,0,NA,NA,33,1015,0.09371572858147892,10.424799756265951,1.6,0.504,2.5
Karviar Shepherd,TCU Horned Frogs,2015,karviar shepherd,0,NA,NA,33,784,0.1320163351082784,10.423759242523074,0.1,0.455,2
Isaac Mbuyamba,Kennesaw State Owls,2018,isaac mbuyamba,0,NA,NA,30,524,-0.05974832765811488,10.423282105406487,-5.8,0.445,0.6
Jared Ridder,Missouri State Bears,2021,jared ridder,0,NA,NA,24,606,0.09892378978398342,10.416445475560902,0.9,0.557,1.6
Demaree King,Jacksonville State Gamecocks,2021,demaree king,0,NA,NA,27,552,0.06969360072887439,10.414984210997252,-1.4,0.584,1.4
Jeremiah Eason,Southern Miss Golden Eagles,2014,jeremiah eason,0,NA,NA,35,685,0.02508392953767254,10.41363585636114,-2.3,0.513,1.9
Mekhi Mason,Rice Owls,2023,mekhi mason,0,NA,NA,35,1014,0.0725172937240219,10.411784397675564,-3.7,0.525,1.2
Robert Goff,Marshall Thundering Herd,2012,robert goff,0,NA,NA,35,851,0.0532120402349937,10.411188903029164,0.8,0.467,1.8
Tyler Harris,Memphis Tigers,2020,tyler harris,0,NA,NA,31,640,0.08125993818311805,10.40003003649336,2.1,0.531,1.7
Oliver Powell,Louisiana Tech Bulldogs,2019,oliver powell,0,NA,NA,33,813,0.06715404851912223,10.382781715928331,-3.3,0.52,1.8
Conor Enright,DePaul Blue Demons,2025,conor enright,0,NA,NA,34,693,0.120862064624301,10.375932578624516,-2.3,0.508,0.8
Drae Murray,Sam Houston Bearkats,2011,drae murray,0,NA,NA,28,772,0.14706756260545703,10.374777841244406,-0.9,0.472,2.2
Jordair Jett,Saint Louis Billikens,2011,jordair jett,0,NA,NA,31,748,0.06712959470288501,10.372375024962531,0.8,0.46,1
Jaden Harris,New Mexico State Aggies,2025,jaden harris,0,NA,NA,32,564,0.05012255810441631,10.371814686745257,-0.3,0.501,1.5
Melvin Frazier Jr.,Tulane Green Wave,2016,melvin frazier,0,NA,NA,34,662,0.06547965386060031,10.371557032836328,0.6,0.472,1.1
Lawson Korita,Tulsa Golden Hurricane,2020,lawson korita,0,NA,NA,31,765,0.08520001416563741,10.369242350467989,3.1,0.553,2.1
Javaunte Hawkins,Florida International Panthers,2021,javaunte hawkins,0,NA,NA,26,441,-0.04278939431416369,10.35108732086026,-4.7,0.514,0.6
Kyan Anderson,TCU Horned Frogs,2012,kyan anderson,0,NA,NA,33,915,0.09016142367503184,10.349392245876636,0,0.524,1.5
Quinton Campbell,Southern Miss Golden Eagles,2016,quinton campbell,0,NA,NA,29,661,0.09186189886283257,10.344886287792573,-1.7,0.54,1.1
Brandon Cyrus,DePaul Blue Demons,2018,brandon cyrus,0,NA,NA,31,848,0.08347355225707692,10.3403702881855,1.6,0.494,1.4
"Pat Swilling, Jr.",Tulsa Golden Hurricane,2013,"pat swilling,",0,NA,NA,33,670,0.07793985108524824,10.337690736541465,0.1,0.541,1.3
Lawson Korita,Tulsa Golden Hurricane,2019,lawson korita,0,NA,NA,32,729,0.08478016966639049,10.330108119898044,2.3,0.489,1.5
Hakeem Baxter,UAB Blazers,2017,hakeem baxter,0,NA,NA,33,800,0.07332705312574628,10.327696744391591,NA,0.5221989162733788,NA
Michael Douglas,Florida International Panthers,2018,michael douglas,0,NA,NA,32,678,0.01570018834450476,10.326024490460892,-1.9,0.492,1.5
Jarrod West,Louisville Cardinals,2022,jarrod west,0,NA,NA,32,899,0.13122378131918438,10.3252042519863,1.8,0.505,1.8
Dago Pena,Marshall Thundering Herd,2012,dago pena,0,NA,NA,35,726,0.04110029470146099,10.317661254412624,2.3,0.523,1.7
Petar Krivokapic,Florida International Panthers,2024,petar krivokapic,0,NA,NA,33,652,0.03892573051309486,10.317310322977573,-5.4,0.504,0.7
Tyson Jackson,Middle Tennessee Blue Raiders,2020,tyson jackson,0,NA,NA,31,632,0.06274558842179352,10.315221721376052,-5.9,0.512,0.7
Sacar Anim,Marquette Golden Eagles,2018,sacar anim,0,NA,NA,35,944,0.06489577265602714,10.311597162475902,-0.7,0.524,1.3
Jaron Pierre Jr.,Southern Miss Golden Eagles,2021,jaron pierre,0,NA,NA,25,587,0.07413044059443398,10.305673099687764,-1.5,0.486,0.9
Jeremiah Kelly,DePaul Blue Demons,2011,jeremiah kelly,0,NA,NA,31,983,0.12586647340008875,10.297038895700302,0.7,0.508,1.2
L.J. Owens,Delaware Blue Hens,2023,lj owens,0,NA,NA,33,792,0.09252653478242188,10.288534343298556,-3.8,0.522,1.4
DK Eldridge,New Mexico State Aggies,2015,dk eldridge,0,NA,NA,34,880,0.05973567784963445,10.267872849210017,-0.8,0.48,2.4
Kasen Jennings,Kennesaw State Owls,2023,kasen jennings,0,NA,NA,35,786,0.11104037565500052,10.259092573611523,-1.2,0.559,2
Javaunte Hawkins,Florida International Panthers,2023,javaunte hawkins,0,NA,NA,32,619,0.04847139905942247,10.25464786221928,-3.3,0.476,0.8
James Hawthorne,Middle Tennessee Blue Raiders,2019,james hawthorne,0,NA,NA,32,748,0.00970004342958017,10.24814706412092,-3.5,0.514,1
Isaiah Barnes,Tulsa Golden Hurricane,2025,isaiah barnes,0,NA,NA,33,743,0.1012933211115334,10.241395750677816,-3.9,0.521,1
Larry Hughes II,Saint Louis Billikens,2024,larry hughes,0,NA,NA,33,722,0.06797200913437446,10.241005532111094,-1.6,0.505,0.6
Austin Ramljak,Rice Owls,2013,austin ramljak,0,NA,NA,30,845,0.17033917323314926,10.240180869043677,-1.7,0.556,1
Donovan Sims,Middle Tennessee Blue Raiders,2020,donovan sims,0,NA,NA,31,893,0.08165011273936772,10.232652745384629,-2.2,0.477,0.9
T.J. Price,Western Kentucky Hilltoppers,2012,tj price,0,NA,NA,35,836,0.12031112111657072,10.214232281620223,0,0.513,1.7
Eric Weary Jr.,Houston Cougars,2015,eric weary,0,NA,NA,32,558,0.069480864212216345,10.207261235142376,-1.4,0.439,1
Kassim Nicholson,UAB Blazers,2020,kassim nicholson,0,NA,NA,32,609,0.06588249065115427,10.203980482281056,NA,0.481685369468558,NA
Anthony Pritchard,Tulsa Golden Hurricane,2023,anthony pritchard,0,NA,NA,30,624,0.08402693377672854,10.198382487003968,-3.3,0.513,0.1
Ryan Manuel,SMU Mustangs,2015,ryan manuel,0,NA,NA,34,963,0.08111199276376617,10.195655012130333,2.1,0.546,2.8
Shaquille Harrison,Tulsa Golden Hurricane,2013,shaquille harrison,0,NA,NA,33,889,0.04765483512400102,10.191446198979389,-0.7,0.45,1.3
Tre Drye,Tulane Green Wave,2013,tre drye,0,NA,NA,35,796,0.06852853432282616,10.190318085596708,-0.8,0.555,1.8
C.J. Turman,Florida Atlantic Owls,2015,cj turman,0,NA,NA,28,508,0.00167156955231793,10.18202212569958,-4.6,0.577,0.9
Ash Yacoubou,Saint Louis Billikens,2015,ash yacoubou,0,NA,NA,32,834,0.198464251490307,10.177514282876306,-2.5,0.459,0.9
C.J. Cooper,UTEP Miners,2015,cj cooper,0,NA,NA,33,1018,0.10539942847083288,10.175559373792243,0.7,0.536,2.7
Nick Rutherford,Florida Atlantic Owls,2016,nick rutherford,0,NA,NA,32,831,0.13910328714477987,10.168388799411945,-3.4,0.467,0.5
Cedrick Alley Jr.,Houston Cougars,2019,cedrick alley,0,NA,NA,37,665,0.04683724882061474,10.16667655157812,3.5,0.48,2
Rob Loe,Saint Louis Billikens,2013,rob loe,0,NA,NA,35,803,0.0672543939937448,10.159591096100336,2.2,0.526,2.5
Jordan Lathon,UTEP Miners,2019,jordan lathon,0,NA,NA,29,889,0.01378186134358327,10.15379535761926,-0.4,0.502,1.7
Markel Crawford,Memphis Tigers,2015,markel crawford,0,NA,NA,32,682,0.07217448033000055,10.1517080868785,1.3,0.499,1.7
Jamar Briscoe,Charlotte 49ers,2012,jamar briscoe,0,NA,NA,30,614,0.06810925421172402,10.145242652007465,-0.7,0.466,0.9
Derrick Wilson,Marquette Golden Eagles,2015,derrick wilson,0,NA,NA,32,1053,0.1640384604255599,10.142388438575614,2.2,0.449,1.8
Seth Gearhart,Rice Owls,2013,seth gearhart,0,NA,NA,30,552,0.05476783201534339,10.137723059796109,-1.5,0.545,1
Mike James,Louisville Cardinals,2023,mike james,0,NA,NA,32,989,0.1609816693225254,10.137304899772618,-1.3,0.576,1
Mason Faulkner,Louisville Cardinals,2022,mason faulkner,0,NA,NA,32,569,0.06054223549962366,10.136916880471585,-0.7,0.504,1.1
Trey Touchet,UTEP Miners,2017,trey touchet,0,NA,NA,32,569,0.05291001848913775,10.135466207910689,0,0.59,1.4
Kimar Williams,Florida International Panthers,2016,kimar williams,0,NA,NA,31,616,0.06664041731562016,10.130989351878563,-3.5,0.424,1
Marcus Harris,Sam Houston Bearkats,2019,marcus harris,0,NA,NA,33,860,0.07753326699586845,10.118704701188808,-3.7,0.514,1.8
Quentin Diboundje,East Carolina Pirates,2023,quentin diboundje,0,NA,NA,33,592,0.04946197818598492,10.106256707543936,-1.1,0.504,1.1
David Minaya,Liberty Flames,2012,david minaya,0,NA,NA,32,912,0.11751223927424448,10.099735518068524,-5.2,0.461,1
Kelvin McNeil,Delaware Blue Hens,2011,kelvin mcneil,0,NA,NA,31,614,0.10166947285536428,10.095356643180423,-2.4,0.495,1.1
Lovell Cabbil Jr.,Liberty Flames,2016,lovell cabbil,0,NA,NA,31,953,0.1708765065600076,10.08906757170463,-2.5,0.527,1.6
Josh Hall,Missouri State Bears,2020,josh hall,0,NA,NA,33,712,0.0948754087568596,10.087949735888134,0,0.482,1.4
Ryan Kreklow,Missouri State Bears,2019,ryan kreklow,0,NA,NA,32,880,0.08466816898133869,10.082108385242028,-0.9,0.601,1.9
David Andoh,Liberty Flames,2015,david andoh,0,NA,NA,32,822,0.0983960695170448,10.081181897055838,-8.1,0.478,0.7
Davell Roby,Saint Louis Billikens,2016,davell roby,0,NA,NA,32,633,0.05725476881512739,10.074181142358686,-0.4,0.554,1.1
Jay Pal,Jacksonville State Gamecocks,2021,jay pal,0,NA,NA,27,658,0.09655203563428195,10.071146333618586,-0.9,0.497,1.5
Jamal Crook,Western Kentucky Hilltoppers,2012,jamal crook,0,NA,NA,35,877,0.1190447555644188,10.06513959448488,-1.9,0.452,1.1
Kevin Holland,Southern Miss Golden Eagles,2019,kevin holland,0,NA,NA,33,763,0.05196588715833845,10.062679946384774,1.4,0.611,2.1
Joseph Venzant,Liberty Flames,2022,joseph venzant,0,NA,NA,33,701,0.07443876605647837,10.057324647626912,-1.4,0.557,2.3
Max Guercy,Rice Owls,2016,max guercy,0,NA,NA,32,1074,0.11016804261159951,10.055420390605123,-5.2,0.545,1.1
Micah Peavy,TCU Horned Frogs,2022,micah peavy,0,NA,NA,34,716,0.06806583081412101,10.049937542592271,1.7,0.477,1.4
Kobe Johnson,Saint Louis Billikens,2025,kobe johnson,0,NA,NA,34,950,0.11805858901078592,10.049181642267913,0.8,0.65,2.2
Raheem Watts,Southern Miss Golden Eagles,2016,raheem watts,0,NA,NA,29,620,0.05595715600813043,10.044524749474622,-6.2,0.557,1
Albert Almanza,Sam Houston Bearkats,2019,albert almanza,0,NA,NA,33,721,0.04581961275360036,10.041758973243375,-2.6,0.519,1.9
Ryan Kemrite,Liberty Flames,2016,ryan kemrite,0,NA,NA,31,889,0.09644835793767668,10.039804643118474,-2.8,0.592,2.2
Chris Crawford,Memphis Tigers,2011,chris crawford,0,NA,NA,35,920,0.08630444290842845,10.036389205642749,2,0.438,1.6
Ako Adams,Rice Owls,2018,ako adams,0,NA,NA,31,921,0.0997014153289496,10.03632666800396,-2.8,0.515,1.1
Justin Raffington,Florida Atlantic Owls,2015,justin raffington,0,NA,NA,28,539,0.13417244032017103,10.031337860317548,-3.8,0.473,0.7
Corey Henderson,Tulsa Golden Hurricane,2017,corey henderson,0,NA,NA,32,718,0.05681851849721702,10.025713868725052,0.9,0.512,1.2
Kendle Moore,Missouri State Bears,2023,kendle moore,0,NA,NA,32,753,0.0833603302530043,10.018285589227162,-0.9,0.506,1.7
Tommy Hamilton IV,DePaul Blue Demons,2014,tommy hamilton,0,NA,NA,33,786,0.10377367657774147,10.018269619484643,-1.9,0.488,0.6
Delbert Love,Kennesaw State Owls,2015,delbert love,0,NA,NA,32,871,0.16434313900214478,10.017086281674832,-4.8,0.446,0.5
Bryson Pope,Tulsa Golden Hurricane,2011,bryson pope,0,NA,NA,32,697,0.06819212137693616,10.014111604315312,0.3,0.53,1.3
Payton Hulsey,Florida Atlantic Owls,2018,payton hulsey,0,NA,NA,31,724,0.07721239077350625,10.010167656609074,-3,0.425,0.9
Koby McEwen,Marquette Golden Eagles,2021,koby mcewen,0,NA,NA,27,809,0.09301412493655796,10.006595426549431,0.5,0.518,1.6
Jordan Rawls,New Mexico State Aggies,2024,jordan rawls,0,NA,NA,32,932,0.08166652359156257,9.991413720027364,-4.7,0.459,0.8
Cornelius Taylor,Florida Atlantic Owls,2020,cornelius taylor,0,NA,NA,32,890,0.05066284316161937,9.99063125807936,-3.3,0.471,1.3
Cazmon Hayes,Delaware Blue Hens,2017,cazmon hayes,0,NA,NA,33,884,0.107141901995882,9.983948739697274,-3.6,0.448,0.5
Jamal Bieniemy,UTEP Miners,2021,jamal bieniemy,0,NA,NA,24,752,0.08201258321115644,9.982155914131663,-0.6,0.465,1.4
Chris Harrison-Docks,Western Kentucky Hilltoppers,2015,chris harrisondocks,0,NA,NA,32,1076,0.11308595677464048,9.96919820538897,-0.6,0.533,2.4
Tavares Speaks,Liberty Flames,2012,tavares speaks,0,NA,NA,32,979,0.1160875301325893,9.966482942658391,-5.2,0.496,1.1
Isaiah Folkes,Charlotte 49ers,2024,isaiah folkes,0,NA,NA,31,587,0.05158897837546927,9.966268588032666,-1.9,0.489,0.9
Tyrik Dixon,Middle Tennessee Blue Raiders,2018,tyrik dixon,0,NA,NA,33,720,0.05768097149821033,9.95749114185699,1.3,0.49,2
Dayon Griffin,UCF Knights,2018,dayon griffin,0,NA,NA,32,877,0.09652878878756165,9.95229245477142,3.2,0.468,2
Jaqawn Raymond,Middle Tennessee Blue Raiders,2014,jaqawn raymond,0,NA,NA,33,695,0.05845655724808686,9.943365290385978,0.8,0.546,2.1
Tanksley Efianayi,UCF Knights,2017,tanksley efianayi,0,NA,NA,36,836,0.07341011368886287,9.931230353566754,1,0.507,2.2
Boogie Ellis,Memphis Tigers,2020,boogie ellis,0,NA,NA,31,759,0.05922546036961911,9.918090620935692,1.7,0.457,2
Delbert Love,Kennesaw State Owls,2013,delbert love,0,NA,NA,30,1074,0.09788410502382552,9.91636012963856,-3.6,0.474,0.7
Alem Huseinovic,Rice Owls,2024,alem huseinovic,0,NA,NA,32,852,0.05060716025679431,9.916140927721887,-2.2,0.573,1.1
Jeantal Cylla,Florida Atlantic Owls,2017,jeantal cylla,0,NA,NA,30,659,0.05665442440972253,9.91391719180653,-4.1,0.481,0.9
David Terrell Jr.,UTEP Miners,2024,david terrell,0,NA,NA,34,660,0.03307358170843474,9.902450379852969,-2.8,0.499,1.2
Eric McClellan,Tulsa Golden Hurricane,2012,eric mcclellan,0,NA,NA,31,694,0.07058141194718769,9.901468917012156,-1,0.543,1.1
Ben Cherry,Charlotte 49ers,2014,ben cherry,0,NA,NA,31,673,0.04817858637049996,9.897254081421996,0,0.648,1.8
Julian Washburn,UTEP Miners,2012,julian washburn,0,NA,NA,32,1055,0.10052074926535733,9.894848422793274,0.5,0.496,1.6
Ryan Kreklow,Missouri State Bears,2016,ryan kreklow,0,NA,NA,31,596,0.07541142608263178,9.890334280497884,-0.1,0.504,0.9
Michael Perez,UTEP Miners,2012,michael perez,0,NA,NA,32,957,0.1006287150558301,9.88991747577382,0.3,0.523,1.7
Deion Lavender,UAB Blazers,2017,deion lavender,0,NA,NA,33,773,0.07468575095759931,9.885977625057537,NA,0.4735025191267027,NA
Jeremy Sheppard,East Carolina Pirates,2017,jeremy sheppard,0,NA,NA,33,797,0.04412236183705839,9.875029025134836,-0.3,0.486,1.2
Jarrid Rhodes,Missouri State Bears,2017,jarrid rhodes,0,NA,NA,33,731,0.07909417609862107,9.85322032323939,-1,0.533,1.4
D'Andre Wright,Tulsa Golden Hurricane,2015,dandre wright,0,NA,NA,34,730,0.05376287025038948,9.850423768334402,-2,0.475,1.8
Troy D'Amico,DePaul Blue Demons,2025,troy damico,0,NA,NA,34,848,0.08143238495055023,9.849796876613503,0.5,0.604,1.7
D.J. Foreman,Saint Louis Billikens,2019,dj foreman,0,NA,NA,36,740,0.05594132043307753,9.831271283781026,-2.5,0.515,1.5
A.J. Davis,UCF Knights,2017,aj davis,0,NA,NA,36,1012,0.10225867854743548,9.826119212190656,2.1,0.472,2.8
V.J. King,Louisville Cardinals,2018,vj king,0,NA,NA,36,915,0.08355197564137198,9.818712104172622,-0.4,0.493,1.6
Matt Milon,UCF Knights,2020,matt milon,0,NA,NA,30,663,0.05918258454927563,9.818649760844623,1.2,0.493,1.4
C.J. Cooper,UTEP Miners,2014,cj cooper,0,NA,NA,34,1075,0.08630082018379008,9.817376203093463,-0.4,0.533,2.6
Justin Begg,Sam Houston Bearkats,2026,justin begg,0,NA,NA,34,578,0.06809964975846365,9.790273275718867,-4,0.51,0.6
L.J. Bernard Rose,Houston Cougars,2015,lj bernard rose,0,NA,NA,32,657,0.10835322924882956,9.783489829893645,NA,0.4729454841334418,NA
Jalen Coleman-Lands,DePaul Blue Demons,2020,jalen colemanlands,0,NA,NA,32,969,0.08903640245011332,9.766467140388189,0.8,0.5,1.9
Jaden Walker,East Carolina Pirates,2023,jaden walker,0,NA,NA,33,948,0.08512795594836163,9.762124636719848,-1,0.467,1.3
Jacques Streeter,UTEP Miners,2012,jacques streeter,0,NA,NA,32,1063,0.13408471446322665,9.751446991035824,1.5,0.531,2.4
Hakeem Baxter,UAB Blazers,2015,hakeem baxter,0,NA,NA,36,940,0.06695319140128815,9.746016357107928,NA,0.5088726513569937,NA
Javarris Barnett,Charlotte 49ers,2011,javarris barnett,0,NA,NA,30,853,0.12385654420582484,9.735004264236307,-0.2,0.557,1.4
Bryson Lockley,Kennesaw State Owls,2019,bryson lockley,0,NA,NA,32,961,0.17536230101212916,9.733778807555083,-5.9,0.417,0.4
Collin Mangrum,SMU Mustangs,2011,collin mangrum,0,NA,NA,34,798,0.05972809766026642,9.73148342832113,0.2,0.524,2
Kevin Johnson,Cincinnati Bearcats,2017,kevin johnson,0,NA,NA,36,1017,0.05748684381592601,9.714315535741388,2.7,0.498,2.7
Alex Tucker,Florida Atlantic Owls,2012,alex tucker,0,NA,NA,29,709,0.06983181264165696,9.70641208897706,-2.3,0.474,1
Isaac Sosa,UCF Knights,2011,isaac sosa,0,NA,NA,33,835,0.06431886289926575,9.695971549720497,1.8,0.559,2.1
Koby McEwen,Marquette Golden Eagles,2020,koby mcewen,0,NA,NA,30,829,0.12477768845308625,9.692717013466035,0.8,0.509,1.7
Colby Rogers,Memphis Tigers,2025,colby rogers,0,NA,NA,35,1060,0.04942091259405476,9.689691527280663,0.6,0.508,2
Vander Blue,Marquette Golden Eagles,2011,vander blue,0,NA,NA,37,703,0.04015115330530177,9.673299352831046,0.1,0.445,1.1
Keonte Kennedy,UTEP Miners,2021,keonte kennedy,0,NA,NA,24,755,0.10613755656399285,9.668676361651782,-0.8,0.442,1.1
Eric Nottage,Florida International Panthers,2016,eric nottage,0,NA,NA,31,642,0.06592523197803511,9.662880933555476,-2.6,0.552,1.2
Kyle Cassity,Saint Louis Billikens,2012,kyle cassity,0,NA,NA,34,609,0.0618247527871982,9.649241866012307,5.3,0.515,2
Clayton Henry,New Mexico State Aggies,2022,clayton henry,0,NA,NA,34,611,0.0914994932922517,9.646630340362568,2.9,0.532,1.8
Jordan Cornish,Tulane Green Wave,2018,jordan cornish,0,NA,NA,31,937,0.07333374792957159,9.645802732257357,-2.4,0.486,0.8
Jaye Nash,Jacksonville State Gamecocks,2026,jaye nash,0,NA,NA,32,824,0.0478230729026765,9.638841956133945,-4.4,0.447,1.6
Dequon Miller,Missouri State Bears,2016,dequon miller,0,NA,NA,31,1073,0.05757108108886157,9.631906016757409,-2.9,0.475,0.9
Elijah Cuffee,Liberty Flames,2020,elijah cuffee,0,NA,NA,34,1060,0.096505652274897,9.61758668461771,0.1,0.53,3.7
Spencer Dixon,Kennesaw State Owls,2011,spencer dixon,0,NA,NA,30,1053,0.16649744875264083,9.61749389631067,-5.8,0.45,0.5
Joe Richard,Tulsa Golden Hurricane,2011,joe richard,0,NA,NA,32,783,0.0580533373131646,9.611085549062295,1.4,0.558,1.9
Paul Thomas,UTEP Miners,2018,paul thomas,0,NA,NA,31,774,0.01846422066455148,9.610494462696224,-4.2,0.485,1
Jackson Trapp,Florida Atlantic Owls,2014,jackson trapp,0,NA,NA,31,884,0.06177660809390399,9.5904238474245,-1.7,0.467,1.4
Kevin Johnson,Cincinnati Bearcats,2016,kevin johnson,0,NA,NA,33,700,0.04220860664638767,9.584336233329296,1.3,0.473,1.7
Junior Cadougan,Marquette Golden Eagles,2012,junior cadougan,0,NA,NA,35,972,0.0832130595529868,9.58389416453984,1.2,0.464,1.8
Michael Zangari,East Carolina Pirates,2016,michael zangari,0,NA,NA,31,631,0.06439695590049102,9.57258942403896,-2.6,0.505,1.3
Jalyn Pennie,New Mexico State Aggies,2016,jalyn pennie,0,NA,NA,34,917,0.05551766849279032,9.561108940540828,0.3,0.51,2.5
Justin Bufford,Middle Tennessee Blue Raiders,2022,justin bufford,0,NA,NA,37,693,0.02671605792286159,9.558633755018478,-0.3,0.516,1.8
An'Juan Wilderness,Charlotte 49ers,2011,anjuan wilderness,0,NA,NA,30,862,0.11178405037898928,9.555773275806478,-1.1,0.497,1.2
Adam Leonard,Missouri State Bears,2011,adam leonard,0,NA,NA,35,1178,0.12438469805567082,9.550494234401391,1.8,0.53,2.7
Austin Ruder,Missouri State Bears,2014,austin ruder,0,NA,NA,33,981,0.08225055197932296,9.54295711553743,0.3,0.571,2.1
Jeremiah Samarrippas,SMU Mustangs,2011,jeremiah samarrippas,0,NA,NA,34,1040,0.08980921297286369,9.540850165491351,-0.1,0.541,2.2
Dominique Ferguson,Florida International Panthers,2012,dominique ferguson,0,NA,NA,29,845,-0.0964888526239128,9.536980652772074,-3.8,0.452,0.8
Camron Justice,Western Kentucky Hilltoppers,2020,camron justice,0,NA,NA,30,748,0.06338871264880747,9.51396844030753,-2.7,0.516,1.1
Daiquan Walker,UCF Knights,2015,daiquan walker,0,NA,NA,30,702,0.01195973336265743,9.510690053203405,-2.2,0.497,0.6
Damion Baugh,Memphis Tigers,2020,damion baugh,0,NA,NA,31,641,0.06866253483722491,9.50505000724426,1.9,0.48,1.5
Davon Marshall,Liberty Flames,2014,davon marshall,0,NA,NA,32,939,0.12024800616638688,9.503517818141212,-3,0.475,1.6
Antonio Daye,Florida International Panthers,2019,antonio daye,0,NA,NA,34,872,0.03498078199107262,9.50111850100338,-5.6,0.459,0.7
Alem Huseinovic,Rice Owls,2025,alem huseinovic,0,NA,NA,32,799,0.07897650453399811,9.500177909857936,-0.8,0.528,1.5
Chris Harrison-Docks,Western Kentucky Hilltoppers,2014,chris harrisondocks,0,NA,NA,32,631,0.11198100090937,9.4875928741848,-1.5,0.532,1.3
Nikola Cerina,TCU Horned Frogs,2011,nikola cerina,0,NA,NA,33,664,-0.33470019407133256,9.476566496509744,-1.8,0.495,0.9
Noah Locke,Louisville Cardinals,2022,noah locke,0,NA,NA,32,836,0.0855889873631053,9.470195447204905,0.4,0.481,1.1
Darian Thibodeaux,Houston Cougars,2011,darian thibodeaux,0,NA,NA,30,1052,0.05910992630558388,9.460101106866157,0.4,0.613,2.1
Jeremiah Bell,UAB Blazers,2019,jeremiah bell,0,NA,NA,35,911,0.08476349054487207,9.448320354871637,NA,0.5098957546457169,NA
Cameron Corcoran,Florida International Panthers,2020,cameron corcoran,0,NA,NA,32,623,0.04620550496341959,9.445915168637232,-2.2,0.49,1.1
J.J. Thompson,Houston Cougars,2013,jj thompson,0,NA,NA,33,608,0.04724739548067996,9.444547417541385,-4.9,0.521,0.8
Anthony Wrzeszcz,New Mexico State Aggies,2026,anthony wrzeszcz,0,NA,NA,32,787,0.03756298006482219,9.44204496070178,-2.3,0.529,1.6
Spencer Rodgers,Kennesaw State Owls,2023,spencer rodgers,0,NA,NA,35,907,0.1025074089782883,9.438444462291448,-0.7,0.485,1.8
D.J. Magley,Tulsa Golden Hurricane,2012,dj magley,0,NA,NA,31,676,0.06646788136543991,9.435941662675402,0.6,0.464,1.6
Brendan Wenzel,TCU Horned Frogs,2025,brendan wenzel,0,NA,NA,32,628,0.0883032538935522,9.432775821436351,2.7,0.479,1.3
Paul Baxter,Sam Houston Bearkats,2015,paul baxter,0,NA,NA,35,952,0.04404379033441021,9.43227104200136,-1.2,0.503,2.9
DeMarcus Gatlin,Sam Houston Bearkats,2012,demarcus gatlin,0,NA,NA,28,867,-0.08144450464612188,9.431860103977794,-1.4,0.459,2
Makhtar Gueye,UAB Blazers,2020,makhtar gueye,0,NA,NA,32,785,0.07251830805749308,9.42736501076889,NA,0.49572494087684194,NA
Mika Adams-Woods,Cincinnati Bearcats,2020,mika adamswoods,0,NA,NA,30,623,0.06441702983959958,9.412628005300116,2.5,0.568,1.6
Brandon Stroud,Kennesaw State Owls,2021,brandon stroud,0,NA,NA,24,532,0.08233014348967826,9.387916468035144,-5.1,0.449,0.8
Jaylin Jackson-Posey,New Mexico State Aggies,2024,jaylin jacksonposey,0,NA,NA,32,597,0.10202137964954168,9.381830023704474,-5.3,0.51,0.7
RJ Smith,DePaul Blue Demons,2026,rj smith,0,NA,NA,32,885,0.10243887313100734,9.373913420801957,1.2,0.493,1.6
Jamal Johnson,Memphis Tigers,2018,jamal johnson,0,NA,NA,34,901,0.06134614660097731,9.366735980661588,-0.2,0.504,1.6
Ebby Asamoah,Delaware Blue Hens,2023,ebby asamoah,0,NA,NA,33,698,0.06178244783190363,9.359349856283098,-3.4,0.537,1.2
LaShay Page,Southern Miss Golden Eagles,2012,lashay page,0,NA,NA,34,1213,0.10867769490613163,9.348570323467191,2.3,0.525,3.2
Jackson Threadgill,Charlotte 49ers,2022,jackson threadgill,0,NA,NA,31,743,0.05621069873095548,9.34768668494326,-2.3,0.593,1.2
Shaq Thomas,Cincinnati Bearcats,2015,shaq thomas,0,NA,NA,34,766,0.06997010595816056,9.34757061145814,0.8,0.495,1.8
Hudson Price,Charlotte 49ers,2017,hudson price,0,NA,NA,30,585,0.01358343287305984,9.33743821648993,-2.1,0.573,0.9
Mike Crawford,Saint Louis Billikens,2017,mike crawford,0,NA,NA,33,1030,0.13199997544032602,9.326302507044272,-2,0.46,0.9
Cavit Ege Havsa,Rice Owls,2021,cavit ege havsa,0,NA,NA,28,504,0.05664255906518661,9.321496725679848,-3.5,0.516,0.6
Hassan Hussein,Florida International Panthers,2018,hassan hussein,0,NA,NA,32,559,0.03984872314954377,9.32066405770537,-5.4,0.478,0.8
Kahlil McDonald,Western Kentucky Hilltoppers,2012,kahlil mcdonald,0,NA,NA,35,838,0.08165858476971204,9.3133872789628,-0.6,0.494,1.8
Carl Baptiste,Delaware Blue Hens,2013,carl baptiste,0,NA,NA,33,616,0.09906277136972264,9.309672894946848,-2.8,0.569,1.2
Elijah Joiner,Tulsa Golden Hurricane,2019,elijah joiner,0,NA,NA,32,733,0.06154701745516627,9.307166461931034,0.9,0.507,1.5
Jayhlon Young,UCF Knights,2023,jayhlon young,0,NA,NA,34,632,0.05135246903246843,9.28574789193397,1,0.52,1.4
Hakeem Baxter,UAB Blazers,2016,hakeem baxter,0,NA,NA,33,803,0.05016904301736818,9.279536192389712,NA,0.5052860696517413,NA
Raymond Taylor,Florida Atlantic Owls,2012,raymond taylor,0,NA,NA,29,750,0.04283224140588369,9.276895671995328,-2.1,0.435,0.9
Bishop Mency,Rice Owls,2018,bishop mency,0,NA,NA,31,973,0.08460578878018549,9.273776260141666,-2.4,0.505,1.4
Jackson Trapp,Florida Atlantic Owls,2016,jackson trapp,0,NA,NA,32,904,0.05628874319301389,9.273034660875863,-1.9,0.543,1.2
Kobe Magee,UTEP Miners,2018,kobe magee,0,NA,NA,31,581,0.06988623110668254,9.254191440172818,-1,0.576,1
Jaden Ray,Sam Houston Bearkats,2024,jaden ray,0,NA,NA,33,760,0.09765228385668336,9.248383059222144,-2.3,0.463,1.2
Tomasz Gielo,Liberty Flames,2013,tomasz gielo,0,NA,NA,36,698,0.09089255810073094,9.241514763056706,-5.5,0.484,0.7
Ceasar DeJesus,UCF Knights,2018,ceasar dejesus,0,NA,NA,32,877,0.11477211022817004,9.240604743352383,0.2,0.507,1.8
Joe Retic,Liberty Flames,2014,joe retic,0,NA,NA,32,590,0.06114353952524896,9.23329696980982,-6.9,0.522,0.7
Cam Carroll,Rice Owls,2026,cam carroll,0,NA,NA,31,728,0.05760031079761455,9.23169792686151,-4.6,0.458,0.8
Joe Hanel,DePaul Blue Demons,2017,joe hanel,0,NA,NA,32,823,0.08099859957188929,9.228860746653131,-1,0.628,1.3
D'Andre Wright,Tulsa Golden Hurricane,2016,dandre wright,0,NA,NA,31,552,0.03731950278134291,9.22708813774128,-3.3,0.531,1
Konner Tucker,UTEP Miners,2013,konner tucker,0,NA,NA,32,762,0.06676263587016361,9.22696737532594,0,0.584,1.7
Derrick Wilson,Marquette Golden Eagles,2014,derrick wilson,0,NA,NA,32,987,0.28404534604305887,9.217473659978497,1.9,0.42,1.8
Orlando Coleman,Kennesaw State Owls,2015,orlando coleman,0,NA,NA,32,760,0.06271301607168078,9.217392215669278,-5.9,0.452,0
Kyle Anderson,Delaware Blue Hens,2013,kyle anderson,0,NA,NA,33,1095,0.11796142758861566,9.212018921622892,-0.1,0.516,2
Ivan Reynolds,Jacksonville State Gamecocks,2024,ivan reynolds,0,NA,NA,32,794,0.08820122916001112,9.207290940648162,-1.2,0.52,1.7
Denzell Watts,UAB Blazers,2015,denzell watts,0,NA,NA,36,658,0.04668596964109672,9.193306320927585,NA,0.490625,NA
Marquel McKinney,Sam Houston Bearkats,2013,marquel mckinney,0,NA,NA,34,685,0.04961557548898158,9.167067552255874,-2.8,0.494,1.8
Drew Peterson,Rice Owls,2019,drew peterson,0,NA,NA,32,632,0.05556805011549863,9.166372036043752,-3.6,0.47,0.7
Michael Forrest,Florida Atlantic Owls,2019,michael forrest,0,NA,NA,33,938,0.08426170806485699,9.16368249026879,-2.9,0.496,1.7
Avery Woodson,Memphis Tigers,2015,avery woodson,0,NA,NA,32,872,0.02770381331165222,9.155399312165038,1.1,0.529,2.4
Simeon Lepichev,Florida Atlantic Owls,2019,simeon lepichev,0,NA,NA,33,773,0.06928903418501793,9.155008802541309,-3.2,0.475,1.6
Undra Mitchem,Jacksonville State Gamecocks,2014,undra mitchem,0,NA,NA,31,642,0.04335676519781321,9.153393020257456,-4.3,0.495,0.6
Matt Williams Jr.,UCF Knights,2016,matt williams,0,NA,NA,30,778,0.6459899594663314,9.147923495785376,0.1,0.508,1.3
Rashard McGill,Southern Miss Golden Eagles,2013,rashard mcgill,0,NA,NA,37,745,0.02023666685803783,9.139883570679045,-0.1,0.517,1.9
Jordan Lathon,UTEP Miners,2020,jordan lathon,0,NA,NA,32,765,0.09135202884667576,9.134486408707351,-0.3,0.418,1.4
Darius Johnson,UCF Knights,2022,darius johnson,0,NA,NA,30,710,0.06118060267761897,9.121504247258155,-1.2,0.438,1
Joe Retic,Liberty Flames,2015,joe retic,0,NA,NA,32,560,0.13684528038767682,9.118045883306706,-4.1,0.471,0.4
Tony Toney,UAB Blazers,2024,tony toney,0,NA,NA,35,606,0.0455114738729438,9.115868484361805,NA,0.4897159647404505,NA
William Pfister,Florida Atlantic Owls,2018,william pfister,0,NA,NA,31,794,0.0553749779694889,9.115568975935831,-2.6,0.522,1.8
Robert Williams,UAB Blazers,2012,robert williams,0,NA,NA,31,716,0.06938462398296572,9.11388521767246,NA,0.5708895949166005,NA
Charles McKinney,DePaul Blue Demons,2012,charles mckinney,0,NA,NA,31,542,0.02676718925211045,9.100153160729716,-1.4,0.497,0.4
Kedren Johnson,Memphis Tigers,2015,kedren johnson,0,NA,NA,32,634,0.03855893876003516,9.099867360167554,-0.8,0.539,1.4
Dorrian Williams,Missouri State Bears,2014,dorrian williams,0,NA,NA,33,889,0.17607747035855853,9.092784554425972,-1.2,0.474,1.5
Ryan Kreklow,Missouri State Bears,2018,ryan kreklow,0,NA,NA,33,656,0.05904304052351614,9.089064465607946,-0.7,0.472,1.4
Kasen Jennings,Kennesaw State Owls,2021,kasen jennings,0,NA,NA,24,412,0.07165507487251987,9.079137045869826,-6.2,0.465,0.6
Trey Stanton,Rice Owls,2011,trey stanton,0,NA,NA,31,588,0.03961470110377462,9.07844761230612,-3,0.471,0.9
Nafis Richardson,Sam Houston Bearkats,2011,nafis richardson,0,NA,NA,28,591,-0.02388632458197459,9.063186950670998,-4.5,0.483,1.1
Bryson Lockley,Kennesaw State Owls,2020,bryson lockley,0,NA,NA,29,882,0.3573472674818389,9.059478388314172,-6.1,0.471,0.1
Marquel Curtis,Tulsa Golden Hurricane,2015,marquel curtis,0,NA,NA,34,931,0.1200703484049478,9.052867555790703,0.6,0.528,2
Aaron Simpson,DePaul Blue Demons,2015,aaron simpson,0,NA,NA,32,544,0.05376345580834386,9.05132726256252,-0.3,0.512,0.6
Dimitrije Spasojevic,East Carolina Pirates,2018,dimitrije spasojevic,0,NA,NA,30,717,0.11579175778217914,9.049707371916876,-4.6,0.548,0.6
Jermaine Sanders,Cincinnati Bearcats,2015,jermaine sanders,0,NA,NA,34,711,0.05200732344054151,9.046605227667383,2.4,0.48,2.1
Niccolo Moretti,Florida Atlantic Owls,2026,niccolo moretti,0,NA,NA,33,865,0.07004730172827446,9.0332876883191,-2.7,0.539,1.3
Ken Evans Jr.,Florida Atlantic Owls,2025,ken evans,0,NA,NA,34,901,0.05370709821085488,9.015972730623089,-2.5,0.463,1.2
Zach Nutall,SMU Mustangs,2022,zach nutall,0,NA,NA,33,792,0.06823614306641398,9.012215939883424,0.2,0.472,1.6
Johnny Mayhane,Tulane Green Wave,2011,johnny mayhane,0,NA,NA,30,629,0.03824288591750282,9.008422742296116,-1.6,0.542,1.2
Josiah Hammons,Sam Houston Bearkats,2025,josiah hammons,0,NA,NA,32,694,0.04288322800004341,9.000158394782302,-1.4,0.542,1.2
Noah Waterman,Louisville Cardinals,2025,noah waterman,0,NA,NA,35,631,0.04675903328063069,8.99596455789012,0.7,0.471,1.3
Dorrian Williams,Missouri State Bears,2015,dorrian williams,0,NA,NA,31,918,0.18970430250477344,8.992110749399668,-2.8,0.443,0.9
Christian Gore,TCU Horned Frogs,2014,christian gore,0,NA,NA,31,551,0.05679854172076584,8.973622142018689,-1.4,0.504,0.7
Dakarai Henderson,Sam Houston Bearkats,2017,dakarai henderson,0,NA,NA,34,915,0.08504626615430418,8.968715885266871,-3.9,0.462,1.3
Ty Hudson,Jacksonville State Gamecocks,2020,ty hudson,0,NA,NA,32,727,0.05560782359473597,8.965656660545251,-5.5,0.461,1.1
Jamal Crook,Western Kentucky Hilltoppers,2011,jamal crook,0,NA,NA,32,629,0.07600020391293898,8.958251984815501,-3.2,0.416,0.7
Galen Robinson Jr.,Houston Cougars,2017,galen robinson,0,NA,NA,32,1031,0.1038038718575105,8.957400039520866,0.6,0.428,2
Jacob Johnson,Middle Tennessee Blue Raiders,2024,jacob johnson,0,NA,NA,33,941,0.0261844668989255,8.957273424420002,-2.9,0.519,1.6
Jaleel Wheeler,Tulsa Golden Hurricane,2018,jaleel wheeler,0,NA,NA,31,568,0.05277315918176201,8.956612959334812,-1,0.476,0.9
Christian Kabongo,New Mexico State Aggies,2011,christian kabongo,0,NA,NA,32,827,0.06819574223409633,8.946069974240226,-2.4,0.464,1.1
William Pfister,Florida Atlantic Owls,2017,william pfister,0,NA,NA,30,515,0.01708245747339927,8.944204126710975,-4.9,0.477,0.9
Brandon Parrish,TCU Horned Frogs,2015,brandon parrish,0,NA,NA,33,618,0.12742610297433868,8.9402466714991,1.3,0.491,1.3
Kyle Clarke,Kennesaw State Owls,2018,kyle clarke,0,NA,NA,30,517,0.01982983461138787,8.936151607446606,-5.5,0.433,0.1
Ahmad Ibrahim,Rice Owls,2012,ahmad ibrahim,0,NA,NA,35,614,0.02588507369886701,8.908838998522059,-2.1,0.457,0.8
Paul Thomas,UTEP Miners,2019,paul thomas,0,NA,NA,29,787,0.2598450623448146,8.902466366602814,-1.7,0.499,1.5
Jaden Walker,East Carolina Pirates,2024,jaden walker,0,NA,NA,33,760,0.0595678111149698,8.889448347649516,-2.2,0.457,0.7
Bryan Greenlee,Florida Atlantic Owls,2024,bryan greenlee,0,NA,NA,34,854,0.03255637223308498,8.87317048713697,-0.4,0.503,1.4
Terrell Brown,New Mexico State Aggies,2020,terrell brown,0,NA,NA,31,696,0.04719026644402033,8.866215250502059,-0.4,0.507,2
Ray Ona Embo,Tulane Green Wave,2017,ray ona embo,0,NA,NA,31,743,0.04985161212488199,8.86352951387009,-3.2,0.467,0.6
Durrell McDonald,DePaul Blue Demons,2015,durrell mcdonald,0,NA,NA,32,764,0.08080933285331873,8.839528527604955,0.8,0.479,0.8
Jarrod West,Marshall Thundering Herd,2019,jarrod west,0,NA,NA,37,1059,0.05979944814890326,8.839307572438903,-1.5,0.462,1.2
Aaron Simpson,DePaul Blue Demons,2016,aaron simpson,0,NA,NA,30,694,0.2218992248613296,8.830309025774683,0.6,0.511,0.9
Nick Banyard,UCF Knights,2017,nick banyard,0,NA,NA,36,1021,0.0918058205476537,8.811042116508613,2.1,0.531,2.6
A.C. Reid,Liberty Flames,2016,ac reid,0,NA,NA,31,723,0.09283615583604236,8.79242715501647,-3.6,0.5,0.7
Nigel Hawkins,UTEP Miners,2019,nigel hawkins,0,NA,NA,29,914,0.05816366526436313,8.780153519553162,-2.9,0.467,1.1
Riley Abercrombie,Rice Owls,2021,riley abercrombie,0,NA,NA,28,668,0.05978982654314391,8.776921214219854,-2.9,0.523,0.9
Junior Cadougan,Marquette Golden Eagles,2011,junior cadougan,0,NA,NA,37,712,0.06746678708882314,8.766710936688717,0.6,0.493,1.1
Darian Thibodeaux,Houston Cougars,2012,darian thibodeaux,0,NA,NA,30,853,0.06536679285649895,8.764786784566887,-1.1,0.491,1.3
Tyler Millin,Middle Tennessee Blue Raiders,2022,tyler millin,0,NA,NA,37,714,0.03816945962914429,8.74733983146384,-2.2,0.552,1.6
Jaqawn Raymond,Middle Tennessee Blue Raiders,2016,jaqawn raymond,0,NA,NA,35,829,0.05406889413861123,8.739867306212172,-0.6,0.539,1.8
KJ Thomas,UTEP Miners,2026,kj thomas,0,NA,NA,31,884,0.2249091822118471,8.706582202973589,-4.9,0.517,1.2
Adrick McKinney,TCU Horned Frogs,2012,adrick mckinney,0,NA,NA,33,580,0.10828825150553506,8.702754550286476,-3.7,0.43,0.3
Tremont Robinson-White,East Carolina Pirates,2020,tremont robinsonwhite,0,NA,NA,31,564,0.0603460001010038,8.693140613873814,-3.5,0.517,0.4
Edward Simpson,Middle Tennessee Blue Raiders,2016,edward simpson,0,NA,NA,35,651,0.0512978820013372,8.682174813275635,-1.1,0.482,1.3
Marcus Jackson,Rice Owls,2014,marcus jackson,0,NA,NA,30,697,0.10639699550057762,8.676487768460484,-3.4,0.45,0.5
Jhery Matos,Charlotte 49ers,2021,jhery matos,0,NA,NA,25,811,0.09153114394573754,8.66880273065334,-1.8,0.479,1
Brandon Parrish,TCU Horned Frogs,2016,brandon parrish,0,NA,NA,33,1022,-0.22337456029323652,8.652957337793323,1.2,0.528,1.5
Damion Baugh,Memphis Tigers,2021,damion baugh,0,NA,NA,28,509,0.0676419504521984,8.636813744411699,2.7,0.476,1.3
Fred Thatch Jr.,Saint Louis Billikens,2019,fred thatch,0,NA,NA,36,699,0.02084648573724955,8.620694500002175,0,0.456,1.6
Curt Lewis,Southern Miss Golden Eagles,2026,curt lewis,0,NA,NA,35,813,0.06459179187262037,8.617913786619855,-1.7,0.527,1.5
Chris McNeal,Western Kentucky Hilltoppers,2016,chris mcneal,0,NA,NA,34,952,0.07981551138323101,8.611226474102464,-2.2,0.457,1
Kevin Zhang,Tulane Green Wave,2020,kevin zhang,0,NA,NA,30,575,0.03176423567003855,8.602956743187214,-2.7,0.507,0.8
Kelvin Penn,Florida Atlantic Owls,2012,kelvin penn,0,NA,NA,29,535,0.09728504680713668,8.602935925345218,-1.1,0.483,0.7
JaQuail Townser,Jacksonville State Gamecocks,2015,jaquail townser,0,NA,NA,31,737,0.11502233564471144,8.596071961047086,-4.1,0.456,0.5
Brennen Burns,Sam Houston Bearkats,2025,brennen burns,0,NA,NA,32,632,0.05418332739894848,8.591539703704186,-4.6,0.491,0.6
Francisco Farabello,TCU Horned Frogs,2020,francisco farabello,0,NA,NA,32,617,0.06105697121175371,8.581082878368035,2.3,0.565,1.3
Sacar Anim,Marquette Golden Eagles,2019,sacar anim,0,NA,NA,34,1025,0.08104299326301971,8.57070066049854,1.2,0.506,2.1
Kevin Easley Jr.,TCU Horned Frogs,2021,kevin easley,0,NA,NA,26,508,0.07827321296522567,8.569100267773242,-0.8,0.486,0.6
LaDavius Draine,Southern Miss Golden Eagles,2021,ladavius draine,0,NA,NA,25,700,0.09176519992399398,8.562623276883693,-3.6,0.485,1
Darius Perry,Louisville Cardinals,2020,darius perry,0,NA,NA,31,604,0.03382652337685758,8.561857262618012,1.4,0.495,1.4
Paris Roberts-Campbell,East Carolina Pirates,2012,paris robertscampbell,0,NA,NA,31,606,0.0274615319797484,8.552232882206622,-0.4,0.458,1.1
Damien Mayo Jr.,Missouri State Bears,2023,damien mayo,0,NA,NA,32,641,0.05872149995673564,8.545319406930172,-2.1,0.469,1.1
Malcolm Drumwright,Jacksonville State Gamecocks,2015,malcolm drumwright,0,NA,NA,31,653,0.0830211035530742,8.543416431758867,-4.7,0.478,0.8
Jaqawn Raymond,Middle Tennessee Blue Raiders,2015,jaqawn raymond,0,NA,NA,36,1088,0.114382512308374,8.538808174847093,-0.5,0.52,2.2
Robert Martin,Rice Owls,2018,robert martin,0,NA,NA,31,618,0.06937581330963324,8.536579514525167,-4.7,0.508,0.4
Tyler Hooker,Kennesaw State Owls,2020,tyler hooker,0,NA,NA,29,820,0.293608918558075,8.524979323313525,-6.7,0.451,-0.5
Jailyn Ingram,Florida Atlantic Owls,2018,jailyn ingram,0,NA,NA,31,787,0.03613910146503459,8.523039397705052,-5.5,0.456,0.6
Craig Randall II,Memphis Tigers,2017,craig randall,0,NA,NA,32,579,0.0307094696731101,8.516955843586867,-1.6,0.464,0.7
Moses Morgan,DePaul Blue Demons,2013,moses morgan,0,NA,NA,32,548,-0.04695808335938795,8.489528818250989,-0.9,0.438,0.3
Jake Thomas,Marquette Golden Eagles,2014,jake thomas,0,NA,NA,32,957,0.2585473257676078,8.481363099978703,2.2,0.555,2.1
K.J. Davis,East Carolina Pirates,2019,kj davis,0,NA,NA,31,788,0.06512456272810516,8.47765654038833,-2,0.422,0.7
Justin Bufford,Middle Tennessee Blue Raiders,2024,justin bufford,0,NA,NA,33,988,0.03905458345215253,8.473825990471624,-3.4,0.441,1.3
Tre Drye,Tulane Green Wave,2015,tre drye,0,NA,NA,31,750,0.06802153681514375,8.462022805787374,-2.6,0.49,1.5
Jordan Brinson,UAB Blazers,2020,jordan brinson,0,NA,NA,32,562,0.05537446505102623,8.445638013207613,NA,0.44067475360121305,NA
Nic Thomas,Tulane Green Wave,2020,nic thomas,0,NA,NA,30,576,0.04641105949188432,8.445312083542653,-2.3,0.494,0.5
Christian Watson,Southern Miss Golden Eagles,2025,christian watson,0,NA,NA,33,940,0.08191568467510128,8.432701777775431,-5.9,0.425,0.6
Chris Mullins,Rice Owls,2022,chris mullins,0,NA,NA,33,888,-0.00318801837814583,8.43262050234036,-5,0.457,0.8
Philmon Gebrewhit,DePaul Blue Demons,2023,philmon gebrewhit,0,NA,NA,33,665,0.0777686826290141,8.423420381464915,-0.9,0.522,0.6
Eric Lockett,Florida International Panthers,2017,eric lockett,0,NA,NA,31,795,0.04442241386092053,8.416029174374275,-3.8,0.494,0.8
Terrel de Rouen,New Mexico State Aggies,2013,terrel de rouen,0,NA,NA,35,627,0.05484920085099108,8.399534336424509,-1.4,0.506,1.4
Jaden Harris,New Mexico State Aggies,2024,jaden harris,0,NA,NA,32,761,0.02888453035361375,8.396853809354516,-5.2,0.499,0.8
Kyle Anderson,Delaware Blue Hens,2012,kyle anderson,0,NA,NA,32,949,0.06750239977959845,8.378369205954726,-0.9,0.513,1.6
Brandon Cyrus,DePaul Blue Demons,2017,brandon cyrus,0,NA,NA,32,840,0.08275562604094268,8.363814261469456,-1.5,0.453,0.6
Isiah Warfield,Liberty Flames,2023,isiah warfield,0,NA,NA,36,625,0.0253625430468308,8.362015173096216,-0.4,0.557,1.9
Mike Walker,SMU Mustangs,2011,mike walker,0,NA,NA,34,947,0.04807155505275815,8.352466771731569,-0.7,0.579,2.2
Jordan Rawls,Western Kentucky Hilltoppers,2020,jordan rawls,0,NA,NA,30,828,0.05078399368171138,8.350181022635903,-3.2,0.485,1
Myles Hamilton,Kennesaw State Owls,2014,myles hamilton,0,NA,NA,29,489,-0.44544256746431127,8.332853233534232,-6.9,0.481,0.2
Jalen Jackson,Western Kentucky Hilltoppers,2025,jalen jackson,0,NA,NA,32,658,0.02693374524336063,8.332625028019772,-2.5,0.417,1
Mo Arnold,Southern Miss Golden Eagles,2023,mo arnold,0,NA,NA,33,789,0.04743599029598823,8.321291680284773,-2.7,0.4,1.5
Nat Dixon,SMU Mustangs,2019,nat dixon,0,NA,NA,32,751,0.05637850534537075,8.317960421142784,-0.7,0.496,1.1
Jalen Terry,DePaul Blue Demons,2022,jalen terry,0,NA,NA,31,846,0.12030388747945513,8.293095492108206,-1.4,0.506,1.1
Tione Womack,Houston Cougars,2014,tione womack,0,NA,NA,33,620,0.02954399321102356,8.287391572799988,-1.3,0.516,0.7
Austin Ajukwa,Charlotte 49ers,2018,austin ajukwa,0,NA,NA,29,799,0.02544579864559401,8.276340158468537,-5.4,0.515,0.3
Speedy Smith,Louisiana Tech Bulldogs,2012,speedy smith,0,NA,NA,34,878,0.09016553931120784,8.276246080417975,-1.8,0.433,1
Kevin Holland,Southern Miss Golden Eagles,2018,kevin holland,0,NA,NA,34,1126,0.0719728601981211,8.25394913161177,-2.2,0.579,1.8
Myles Hamilton,Kennesaw State Owls,2013,myles hamilton,0,NA,NA,30,693,0.4047816813210545,8.249517626784177,-4.5,0.437,0.2
Darrick Wood,DePaul Blue Demons,2016,darrick wood,0,NA,NA,30,504,0.11655940609758328,8.23423632224095,-1.4,0.407,0.1
Lonnie Smith,Louisiana Tech Bulldogs,2011,lonnie smith,0,NA,NA,32,704,0.08083482810697065,8.214309341248804,0,0.527,1.5
Zeke Moore,Saint Louis Billikens,2017,zeke moore,0,NA,NA,33,604,0.11152121650203298,8.214188310093515,-1.5,0.522,0.8
Cory Pflieger,Rice Owls,2011,cory pflieger,0,NA,NA,31,652,0.06339866419563212,8.198227973248308,0.9,0.522,1.1
Darian Bryant,Delaware Blue Hens,2017,darian bryant,0,NA,NA,33,880,0.06276491335864595,8.19747719644863,-6.1,0.511,0.4
Kosta Jankovic,Kennesaw State Owls,2019,kosta jankovic,0,NA,NA,32,666,0.124426510060929,8.192470672790293,-6.1,0.45,-0.1
Davell Roby,Saint Louis Billikens,2015,davell roby,0,NA,NA,32,768,0.11778426521999733,8.174214692584226,-2.1,0.485,1
Cooper Robb,Charlotte 49ers,2019,cooper robb,0,NA,NA,29,645,0.16063664657122367,8.16005888612143,-2.7,0.488,0.7
Angelo Johnson,Southern Miss Golden Eagles,2012,angelo johnson,0,NA,NA,34,1174,0.0907868377071674,8.158241488043076,-0.5,0.449,2.2
Maros Zeliznak,Jacksonville State Gamecocks,2023,maros zeliznak,0,NA,NA,31,592,0.01776019465306933,8.158173956950934,-5.1,0.472,0.6
Darian Bryant,Delaware Blue Hens,2019,darian bryant,0,NA,NA,33,1108,0.09024419599718549,8.157857353236258,-4.1,0.512,1.1
Nikola Gacesa,TCU Horned Frogs,2011,nikola gacesa,0,NA,NA,33,573,0.6285747752533839,8.130314795530964,-1,0.487,0.8
Michael Bizoukas,Missouri State Bears,2012,michael bizoukas,0,NA,NA,32,1005,0.1210220976441765,8.119457395083316,-0.1,0.422,1.7
Mo Arnold,Southern Miss Golden Eagles,2024,mo arnold,0,NA,NA,32,921,0.09686214444259283,8.111267747042703,-4.8,0.432,1.2
Chase Martin,Missouri State Bears,2025,chase martin,0,NA,NA,32,737,0.02659634397271154,8.107610426722422,-5,0.445,0.6
Jordan Jones,Kennesaw State Owls,2016,jordan jones,0,NA,NA,31,590,0.05233578800838343,8.102703024591367,-4.8,0.431,0.5
Corvonn Gaines,East Carolina Pirates,2012,corvonn gaines,0,NA,NA,31,688,0.04056626347699012,8.100994313487845,0.8,0.469,1.1
Corey Caulker,East Carolina Pirates,2026,corey caulker,0,NA,NA,31,953,0.10640412986776572,8.098930478880371,-4.3,0.439,0.7
Lamarr Kimble,Louisville Cardinals,2020,lamarr kimble,0,NA,NA,31,676,0.06273347003689744,8.091021917106449,2.2,0.445,1.3
Omer Yurtseven,Tulane Green Wave,2016,omer yurtseven,0,NA,NA,34,617,0.03541553413126134,8.090580312678059,NA,0.4420432220039292,NA
Brian Williams,Jacksonville State Gamecocks,2011,brian williams,0,NA,NA,30,524,0.05364223024406606,8.090017539530294,-4.6,0.47,0.5
Matthew Lee,Missouri State Bears,2024,matthew lee,0,NA,NA,33,796,0.08546917772151787,8.086773559890139,-5.1,0.475,0.5
Shaheed Davis,UCF Knights,2016,shaheed davis,0,NA,NA,30,581,-0.1198885402516195,8.084378271927616,-3.9,0.445,0.3
Terrell Allen,UCF Knights,2018,terrell allen,0,NA,NA,32,960,0.09924211520779971,8.08235051807715,0.6,0.479,2.1
Devonne Pinkard,Delaware Blue Hens,2017,devonne pinkard,0,NA,NA,33,662,0.02955425568171439,8.078076608752001,-4.8,0.48,0.6
Tola Akomolafe,Florida International Panthers,2013,tola akomolafe,0,NA,NA,32,752,0.05468636731415642,8.052272511832722,-2.1,0.471,1.2
Darious Hall,DePaul Blue Demons,2020,darious hall,0,NA,NA,32,586,0.05977341565233098,8.050133572548104,-1.7,0.435,0.7
Elijah Cuffee,Liberty Flames,2018,elijah cuffee,0,NA,NA,37,892,0.04993793176285676,8.045176873728328,-2.5,0.519,1.8
Quincy Taylor,UAB Blazers,2013,quincy taylor,0,NA,NA,32,700,0.04402785197405254,8.043430288153221,NA,0.5259802358941664,NA
Pat Birt,Tulsa Golden Hurricane,2017,pat birt,0,NA,NA,32,960,0.08972003168416255,8.037533190993518,0.2,0.444,1.2
Jay Malone,Southern Miss Golden Eagles,2020,jay malone,0,NA,NA,31,540,0.06231594082038764,8.036439491471532,-4.3,0.441,0.4
Konner Tucker,Sam Houston Bearkats,2012,konner tucker,0,NA,NA,28,914,0.3564632853434428,8.02205829486925,-1.9,0.497,2.3
Terrance McBride,Rice Owls,2022,terrance mcbride,0,NA,NA,33,681,0.03592335143252559,8.01476029920743,-3.8,0.479,0.7
Cian Medley,Saint Louis Billikens,2024,cian medley,0,NA,NA,33,748,0.06947011777238994,8.011682392836855,-4.7,0.465,0.2
Erin Straughn,East Carolina Pirates,2011,erin straughn,0,NA,NA,33,810,0.06733307955812304,7.993469185001309,-0.8,0.499,1.3
C.J. Bobbitt,New Mexico State Aggies,2020,cj bobbitt,0,NA,NA,31,583,0.04080297827688228,7.95530472561033,-2.7,0.469,1.6
Tamron Manning,Marshall Thundering Herd,2014,tamron manning,0,NA,NA,33,729,0.04347394560088746,7.949840802772696,-2.8,0.451,1.3
Kelvin Penn,Florida Atlantic Owls,2013,kelvin penn,0,NA,NA,31,645,0.10322382636241335,7.936860501359145,-1.3,0.397,0.9
Jalen Gaffney,Florida Atlantic Owls,2023,jalen gaffney,0,NA,NA,39,854,0.05014519269039965,7.9169112169447375,0.2,0.456,2
Danny Lewis,Kennesaw State Owls,2019,danny lewis,0,NA,NA,32,554,0.03574517699412188,7.890133620573352,-7.9,0.445,-0.2
Carlous Williams,Tulsa Golden Hurricane,2024,carlous williams,0,NA,NA,31,761,0.05509531781330343,7.887322712682963,-3.2,0.547,1.1
Kelvin McConnell,Kennesaw State Owls,2011,kelvin mcconnell,0,NA,NA,30,951,0.09418590639130292,7.868869062909003,-5.1,0.551,0.9
Artur Konontsuk,Southern Miss Golden Eagles,2020,artur konontsuk,0,NA,NA,31,763,0.05282587263147198,7.86305427843641,-3.8,0.521,0.7
Gianmarco Arletti,Delaware Blue Hens,2023,gianmarco arletti,0,NA,NA,33,710,0.0710379825566499,7.8516498131591215,-4.2,0.448,0.3
Jeremiah Samarrippas,SMU Mustangs,2012,jeremiah samarrippas,0,NA,NA,32,990,0.08831881261105501,7.8478625850241714,-2.5,0.48,1.5
Anthony Pritchard,Tulsa Golden Hurricane,2022,anthony pritchard,0,NA,NA,31,562,0.0477793710393141,7.846122202924629,-2.6,0.412,0.3
Terrence Williams,Charlotte 49ers,2013,terrence williams,0,NA,NA,33,770,0.15371105350561942,7.837595018604342,-2.5,0.427,0.8
David Early,Marshall Thundering Herd,2022,david early,0,NA,NA,33,602,0.03261592923781317,7.837000828651706,-3.8,0.504,0.6
Tim Peete,Tulsa Golden Hurricane,2012,tim peete,0,NA,NA,31,833,0.09251891838221,7.834468869709454,0.8,0.49,1.4
Kris Gulley,Florida International Panthers,2015,kris gulley,0,NA,NA,33,657,0.04908383673865132,7.818247969608825,-2.5,0.481,1.1
Trent Rogers,Tulane Green Wave,2012,trent rogers,0,NA,NA,31,616,0.04099807245277663,7.816121999535365,-1.7,0.527,1.2
Seth Gearhart,Rice Owls,2014,seth gearhart,0,NA,NA,30,847,0.05516288184570848,7.813510033329535,-2.6,0.495,1
Loomis Gerring,Missouri State Bears,2015,loomis gerring,0,NA,NA,31,593,0.15134590393962905,7.809634457478086,-4.7,0.42,0.5
D'Andre Johnson,Florida Atlantic Owls,2014,dandre johnson,0,NA,NA,31,709,0.04986588144355376,7.80857047288992,-4.2,0.5,0.9
Emmanuel Bandoumel,SMU Mustangs,2020,emmanuel bandoumel,0,NA,NA,30,683,0.03492192893445196,7.77424793587272,-1.9,0.481,1.1
Michael Ramey,Southern Miss Golden Eagles,2016,michael ramey,0,NA,NA,29,488,0.05048397517204889,7.771173136166692,-4.7,0.519,0.4
Bandja Sy,New Mexico State Aggies,2011,bandja sy,0,NA,NA,32,561,0.04686169635004582,7.765752214834594,-1.8,0.493,0.8
Cam Hayes,East Carolina Pirates,2024,cam hayes,0,NA,NA,33,575,0.05051699999688097,7.75722746092581,-3.3,0.44,0.3
Kamari Lands,Louisville Cardinals,2023,kamari lands,0,NA,NA,32,674,0.1229431909623946,7.730469870328953,-2.9,0.471,0.3
Jackson Threadgill,Charlotte 49ers,2024,jackson threadgill,0,NA,NA,31,765,0.050645706121875383,7.670611850563184,-2.4,0.483,1.2
Yonel Brown,Kennesaw State Owls,2014,yonel brown,0,NA,NA,31,650,-0.11545417875454436,7.661327595935427,-6.7,0.5,0.3
Nobal Days,Tulane Green Wave,2020,nobal days,0,NA,NA,30,647,0.03371341342672776,7.653262901072198,-2.5,0.509,0.9
Nathan Scheer,Missouri State Bears,2011,nathan scheer,0,NA,NA,35,717,0.0380351847697167,7.630115705680897,-0.2,0.593,1.6
Deonte Houston,Southern Miss Golden Eagles,2014,deonte houston,0,NA,NA,35,628,0.0280322598491753,7.6221292379321826,-0.4,0.453,1.4
Kenyon McNeail,Louisiana Tech Bulldogs,2011,kenyon mcneail,0,NA,NA,32,942,0.13880684530839116,7.615442898368735,-2.8,0.493,1.2
Edward Simpson,Middle Tennessee Blue Raiders,2017,edward simpson,0,NA,NA,36,865,0.0703541139089395,7.59028468861511,1.3,0.515,2.1
Exavian Christon,Louisiana Tech Bulldogs,2021,exavian christon,0,NA,NA,32,627,0.05358678222097973,7.557435710893916,1,0.466,1.5
Austin Ruder,Missouri State Bears,2015,austin ruder,0,NA,NA,31,967,0.12494511544907055,7.549507303056153,-1.7,0.474,1.2
Jackson Trapp,Florida Atlantic Owls,2013,jackson trapp,0,NA,NA,31,614,0.1498920493681379,7.538884831090717,-2.4,0.468,0.5
Kevin Johnson,Cincinnati Bearcats,2015,kevin johnson,0,NA,NA,34,742,0.01980221558019385,7.536606810296805,0.3,0.509,1.7
Kevin Kaspar,Western Kentucky Hilltoppers,2013,kevin kaspar,0,NA,NA,36,745,-0.4117142341142573,7.53211062642567,-1.7,0.493,1.3
Mo Jeffers,Delaware Blue Hens,2016,mo jeffers,0,NA,NA,29,660,0.02975341764519324,7.5306951891808,NA,0.4658385093167702,NA
Terence Jones,UAB Blazers,2013,terence jones,0,NA,NA,32,838,0.05407620670996154,7.502068832098952,NA,0.4504971002485501,NA
Jaron Pierre Jr.,Southern Miss Golden Eagles,2022,jaron pierre,0,NA,NA,33,741,-0.03851509033671673,7.496162852732859,-6,0.462,-0.2
Anthony Adger,Florida Atlantic Owls,2018,anthony adger,0,NA,NA,31,623,0.05051326438679175,7.470528082734235,-6.6,0.414,0.4
Kevin Zhang,Tulane Green Wave,2019,kevin zhang,0,NA,NA,31,674,0.08619346907391431,7.465014216327889,-3.2,0.45,0.1
Tim Peete,Tulsa Golden Hurricane,2013,tim peete,0,NA,NA,33,611,0.05852286811415668,7.443780754943159,-1.1,0.418,0.8
Brian Johnson,Delaware Blue Hens,2011,brian johnson,0,NA,NA,31,524,0.01672804348968007,7.443384695115119,-3,0.516,0.7
Jackson Threadgill,Charlotte 49ers,2023,jackson threadgill,0,NA,NA,36,1068,0.07221168222459914,7.442593047989015,-2.3,0.504,1.6
Yuri Collins,Saint Louis Billikens,2020,yuri collins,0,NA,NA,31,969,0.09120447305765109,7.423089907498888,-1.6,0.446,1.3
Elias Harden,Jacksonville State Gamecocks,2020,elias harden,0,NA,NA,32,821,0.04241263845523098,7.416449946942867,-6,0.447,1.1
Brandon Younger,Charlotte 49ers,2019,brandon younger,0,NA,NA,29,588,-0.08333448587283773,7.394267294792789,-3.5,0.464,0.4
Taryn Todd,TCU Horned Frogs,2021,taryn todd,0,NA,NA,26,457,0.03912684610190399,7.381157877543437,-1,0.509,0.3
Richardson Maitre,Florida Atlantic Owls,2019,richardson maitre,0,NA,NA,33,710,0.06262918175686155,7.346266484188956,-3.3,0.415,1
Ben Emelogu II,SMU Mustangs,2017,ben emelogu,0,NA,NA,35,725,0.01972475105333252,7.332061495529034,0.6,0.423,1.6
J.J. Miles,East Carolina Pirates,2020,jj miles,0,NA,NA,31,699,0.03993683932249016,7.327568718587168,-2.6,0.473,0.6
Marcus Bartley,Saint Louis Billikens,2015,marcus bartley,0,NA,NA,32,612,0.03450228841390914,7.312228298716778,-2.2,0.565,0.8
Gabe Pickens,New Mexico State Aggies,2026,gabe pickens,0,NA,NA,32,645,0.02931348218028791,7.30943041451235,-5.2,0.465,0.6
Justin Bufford,Middle Tennessee Blue Raiders,2025,justin bufford,0,NA,NA,34,833,0.03045794687285049,7.284661868169115,-2.2,0.458,1.1
Ray Rodriguez,Florida International Panthers,2015,ray rodriguez,0,NA,NA,33,675,0.04395897921490969,7.2435431955352785,-4.2,0.537,1
Nathan Scheer,Missouri State Bears,2013,nathan scheer,0,NA,NA,33,743,0.01107527040954919,7.230533471026348,-0.9,0.508,1
Brandon Parrish,TCU Horned Frogs,2014,brandon parrish,0,NA,NA,31,917,0.02996674580334848,7.203640127799314,-3,0.459,0.3
Peter Moller,Liberty Flames,2015,peter moller,0,NA,NA,32,630,0.13727751839081942,7.192622872094063,-6.5,0.51,0.5
K.C. Ross-Miller,New Mexico State Aggies,2013,kc rossmiller,0,NA,NA,35,693,0.0330505514409407,7.190046223750076,-2.4,0.471,1.1
Chris Mullins,Rice Owls,2020,chris mullins,0,NA,NA,32,766,0.0405546580929478,7.180867586373161,-6.6,0.46,0.4
Solomon Poole,Florida Atlantic Owls,2015,solomon poole,0,NA,NA,28,635,0.02200184465139505,7.166445754442916,-5.5,0.435,-0.2
Nigel Pruitt,Kennesaw State Owls,2013,nigel pruitt,0,NA,NA,30,567,0.49481565974097425,7.134174404221634,-4.8,0.47,0.1
Donte Powers,Sam Houston Bearkats,2022,donte powers,0,NA,NA,33,664,0.04007686220731046,7.117200023222143,-3.8,0.468,1.2
Jalin Barnes,Sam Houston Bearkats,2016,jalin barnes,0,NA,NA,34,642,0.04678360049422307,7.097789296431693,-4.3,0.457,0.7
Keith Washington,Rice Owls,2014,keith washington,0,NA,NA,30,600,0.08174068375024962,7.051437780816728,-6.1,0.47,-0.2
Michael Ramey,Southern Miss Golden Eagles,2017,michael ramey,0,NA,NA,31,679,-0.23340338506749383,7.032190568562502,-5,0.492,0.6
Sterling Gaston-Chapman,Tulsa Golden Hurricane,2023,sterling gastonchapman,0,NA,NA,30,536,0.02739113770461236,7.031172456463967,-5.8,0.396,0
Alex Kazanecki,Delaware Blue Hens,2026,alex kazanecki,0,NA,NA,31,890,0.05461225958835675,7.008524596078096,-4,0.586,0.7
Johnathon Wilkins,New Mexico State Aggies,2015,johnathon wilkins,0,NA,NA,34,589,0.03806583692613739,6.98961718764988,-1.6,0.493,1.2
Omega Harris,UTEP Miners,2015,omega harris,0,NA,NA,33,883,0.05530605342805947,6.984841692253594,-1.8,0.499,1.2
Jordan Crawford,Louisiana Tech Bulldogs,2023,jordan crawford,0,NA,NA,33,770,0.02361919867395021,6.979650390656541,-6.3,0.4,0.4
Dravon Mangum,Charlotte 49ers,2019,dravon mangum,0,NA,NA,29,560,0.02938062152276533,6.962073692289512,-4.5,0.481,0.4
D'Angelo Richardson,Southern Miss Golden Eagles,2018,dangelo richardson,0,NA,NA,34,661,0.0205919991424817,6.955876069557327,-6.4,0.485,0.5
Jalen Smith,SMU Mustangs,2023,jalen smith,0,NA,NA,32,849,0.04490313148594511,6.95563396777273,-2.5,0.52,0.8
C.J. Washington,Kennesaw State Owls,2020,cj washington,0,NA,NA,29,538,-0.1276053480573922,6.823902489368596,-6.1,0.444,0
James Johnson,Liberty Flames,2015,james johnson,0,NA,NA,32,569,0.02596174529591127,6.813294276213766,-10.3,0.54,0.2
Jeremiah Oden,DePaul Blue Demons,2024,jeremiah oden,0,NA,NA,32,901,0.03257421953460919,6.792070316315831,-4.7,0.453,-0.8
Bishop Mency,Rice Owls,2015,bishop mency,0,NA,NA,32,934,0.05297906330764934,6.706161672829258,-2.7,0.494,1
Garlon Green,TCU Horned Frogs,2013,garlon green,0,NA,NA,32,965,0.0520214617000108,6.694652437806405,-3.5,0.45,0.6
Mason Leggett,Jacksonville State Gamecocks,2013,mason leggett,0,NA,NA,28,543,-0.2305470297377939,6.681388128723682,-3.2,0.412,0.5
JaMonta' Black,Missouri State Bears,2020,jamonta black,0,NA,NA,33,624,0.05104469402164261,6.678831702761279,-0.6,0.518,1.1
Caden Dickerson,Western Kentucky Hilltoppers,2011,caden dickerson,0,NA,NA,32,905,0.06615938458177817,6.668775637108382,-2.4,0.549,1.4
Jayce Johnson,Middle Tennessee Blue Raiders,2019,jayce johnson,0,NA,NA,32,864,0.0968819770987553,6.665540522473789,-4.5,0.426,0.4
Jake Flaggert,UTEP Miners,2017,jake flaggert,0,NA,NA,32,908,0.05998582855344995,6.663893215075719,-1,0.585,1.9
E. Victor Nickerson,Charlotte 49ers,2013,e victor nickerson,0,NA,NA,33,674,0.06248500389480908,6.663150154081201,-2.1,0.458,0.7
Raheem Watts,Southern Miss Golden Eagles,2017,raheem watts,0,NA,NA,31,671,0.01523833851579208,6.654358715457607,-8.3,0.508,0.1
Shunn Buchanan,New Mexico State Aggies,2020,shunn buchanan,0,NA,NA,31,635,0.05397795226527356,6.598417218759601,-1.8,0.448,1.3
Anthony Fields,Liberty Flames,2016,anthony fields,0,NA,NA,31,746,0.06792938160879568,6.5873218187650515,-6.7,0.52,0.7
Caden Dickerson,Western Kentucky Hilltoppers,2014,caden dickerson,0,NA,NA,32,748,0.05346884138906848,6.586975701448217,-1.5,0.543,1.2
PJ Fuller II,TCU Horned Frogs,2020,pj fuller,0,NA,NA,32,627,-0.06590045322958667,6.577171335533687,-1.8,0.454,0.5
Curtis Haywood II,Tulsa Golden Hurricane,2022,curtis haywood,0,NA,NA,31,687,0.04722969718485713,6.551034921136807,-0.3,0.456,0.6
Philmon Gebrewhit,DePaul Blue Demons,2022,philmon gebrewhit,0,NA,NA,31,716,0.03377577276471655,6.531196667164988,-1.8,0.465,0.8
Edric Dennis,TCU Horned Frogs,2020,edric dennis,0,NA,NA,32,671,-0.00512180659804062,6.513337470606941,-1.5,0.437,0.6
Darian Bryant,Delaware Blue Hens,2018,darian bryant,0,NA,NA,33,919,0.06833224410987859,6.483170321827874,-4.3,0.46,0.3
Denzel Ingram,Charlotte 49ers,2013,denzel ingram,0,NA,NA,33,813,0.07873144500350929,6.448038325125887,-1.5,0.456,0.9
Isaiah Mbeng,East Carolina Pirates,2026,isaiah mbeng,0,NA,NA,31,715,0.06862300994450005,6.409508976236133,-4.6,0.442,0.1
A.C. Reid,Liberty Flames,2017,ac reid,0,NA,NA,34,727,0.03488978140074732,6.405243441598325,-3.6,0.478,0.9
Bernard Morena,Kennesaw State Owls,2014,bernard morena,0,NA,NA,30,539,0.6087045058878424,6.400654467755683,-8.6,0.479,-0.3
Nate Butler Lind,TCU Horned Frogs,2013,nate butler lind,0,NA,NA,32,839,0.11563994583633076,6.397517784954046,NA,0.44311862835959226,NA
Ountae Campbell,UTEP Miners,2019,ountae campbell,0,NA,NA,29,542,0.0414531060436764,6.330670623577399,-1.7,0.45,0.9
Matt Taylor,New Mexico State Aggies,2016,matt taylor,0,NA,NA,34,874,0.06991265825005029,6.327424740228515,-3.2,0.431,1.2
Devonne Pinkard,Delaware Blue Hens,2015,devonne pinkard,0,NA,NA,30,568,0.06860786833477493,6.323154048183076,-3.9,0.454,0.3
Jake Barnett,Saint Louis Billikens,2014,jake barnett,0,NA,NA,34,823,0.03610457324787326,6.266673847788429,0.9,0.473,1.9
Isaiah Hill,Tulsa Golden Hurricane,2020,isaiah hill,0,NA,NA,31,634,0.0319494257735765,6.2631475339076985,-1.8,0.431,0.6
Quincy Taylor,UAB Blazers,2011,quincy taylor,0,NA,NA,31,559,0.02409992052246068,6.194772723065106,NA,0.42764678687008784,NA
Sean Thurston,Jacksonville State Gamecocks,2011,sean thurston,0,NA,NA,30,554,-0.03025263071421306,6.189446286957948,-5.4,0.463,0.4
Anthony Boswell,Florida International Panthers,2016,anthony boswell,0,NA,NA,31,794,0.0331139895930804,6.1789985116388415,-5.1,0.514,1.1
Aaron Hines,Saint Louis Billikens,2017,aaron hines,0,NA,NA,33,940,0.08883217687729421,6.145334420360554,-4.2,0.422,0.3
Lew Evans,Tulsa Golden Hurricane,2014,lew evans,0,NA,NA,34,699,0.01275531466656398,6.130338855882883,-3.6,0.442,1
Edward Simpson,Middle Tennessee Blue Raiders,2018,edward simpson,0,NA,NA,33,595,0.03664870502094686,6.127268524356742,1.7,0.52,1.2
Darius Gatson,Sam Houston Bearkats,2012,darius gatson,0,NA,NA,28,967,0.24028486488989692,6.113088769170958,-3.3,0.431,1.7
Gavin Thurman,Missouri State Bears,2013,gavin thurman,0,NA,NA,33,657,0.1065183878891608,6.1046434046244995,-4.3,0.42,-0.2
Khalid Lewis,Delaware Blue Hens,2012,khalid lewis,0,NA,NA,32,946,0.05247991180376227,6.005494068807057,-3.9,0.456,0.6
Elijah Landrum,SMU Mustangs,2018,elijah landrum,0,NA,NA,33,561,0.03098832841583566,5.978277032903171,-1.5,0.382,0.8
PJ Fuller II,TCU Horned Frogs,2021,pj fuller,0,NA,NA,26,593,0.03631421018956723,5.964145045746041,-2.7,0.5,0.2
Mason Leggett,Jacksonville State Gamecocks,2012,mason leggett,0,NA,NA,31,532,0.05478179391049632,5.959279608179978,-4.5,0.476,0.7
Curtis Williams,Louisville Cardinals,2024,curtis williams,0,NA,NA,32,565,0.03116157012291624,5.933214201978423,-3.8,0.427,-0.2
Nick Masterson,Kennesaw State Owls,2016,nick masterson,0,NA,NA,31,696,-0.02782857468419609,5.922346194210544,-6.5,0.46,0.1
Keljin Blevins,Southern Miss Golden Eagles,2016,keljin blevins,0,NA,NA,29,648,-0.00435637507757803,5.901745685191515,-8.5,0.435,-0.1
Kyle Clarke,Kennesaw State Owls,2017,kyle clarke,0,NA,NA,32,681,0.0400426319995026,5.891503060819432,-8.3,0.444,-0.1
Jermaine Haley,New Mexico State Aggies,2017,jermaine haley,0,NA,NA,34,656,0.01534960582157425,5.857724369692404,-3.6,0.482,1
Elijah Joiner,Tulsa Golden Hurricane,2018,elijah joiner,0,NA,NA,31,522,0.03000875075735049,5.848762490226254,-3.3,0.449,0.5
Ge'Lawn Guyn,Cincinnati Bearcats,2014,gelawn guyn,0,NA,NA,34,647,0.00843597975287071,5.848564108759166,-0.5,0.429,1.2
Kyle Clarke,Kennesaw State Owls,2019,kyle clarke,0,NA,NA,32,654,0.01695703177951744,5.840072076481831,-7.8,0.395,-0.4
Junior Farquhar,Middle Tennessee Blue Raiders,2019,junior farquhar,0,NA,NA,32,633,0.01278315057962518,5.782255420716141,-4,0.406,0.4
Aliaksei Patsevich,SMU Mustangs,2012,aliaksei patsevich,0,NA,NA,32,547,0.00933354388450934,5.77812782095652,-2.1,0.424,0.6
Jordan Cornish,Tulane Green Wave,2019,jordan cornish,0,NA,NA,31,934,0.05649843985232177,5.718675860557667,-6,0.408,-1
Brandon Dawson,Kennesaw State Owls,2012,brandon dawson,0,NA,NA,30,524,-0.00333466188262388,5.692233119510974,-8,0.453,0
Rashad Bolden,Southern Miss Golden Eagles,2022,rashad bolden,0,NA,NA,33,878,-0.02079279056228588,5.678679426855604,-8.1,0.44,-0.3
Von Julien,Tulane Green Wave,2016,von julien,0,NA,NA,34,588,0.04926021827312991,5.662862771743058,-4,0.436,0.5
Devonne Pinkard,Delaware Blue Hens,2016,devonne pinkard,0,NA,NA,29,520,0.04592494997277031,5.652095590609519,-4.3,0.448,0.3
Ugo Obineke,Kennesaw State Owls,2020,ugo obineke,0,NA,NA,29,715,-0.3028223125796257,5.627484547118235,-7.8,0.422,-0.3
Exavian Christon,Louisiana Tech Bulldogs,2022,exavian christon,0,NA,NA,34,789,0.04362692163374807,5.562711183339539,-1.5,0.467,1.2
E. Victor Nickerson,Charlotte 49ers,2012,e victor nickerson,0,NA,NA,30,506,-0.01073728961011458,5.547185973827618,-3.2,0.389,0.2
Anthony Boswell,Florida International Panthers,2014,anthony boswell,0,NA,NA,31,553,-0.00287598770469739,5.502541053082808,-6.3,0.541,0.4
Michael Williams,TCU Horned Frogs,2016,michael williams,0,NA,NA,33,743,0.767490411300563,5.4867417460801,-1.5,0.439,0.7
D.J. Boney,Delaware Blue Hens,2011,dj boney,0,NA,NA,31,633,0.02149759536782289,5.467498774424885,-2.4,0.469,0.6
Aaron Hines,Saint Louis Billikens,2018,aaron hines,0,NA,NA,33,747,0.0850065038842738,5.4305628094305876,-3.5,0.421,0.5
Kevin Holland,Southern Miss Golden Eagles,2017,kevin holland,0,NA,NA,31,857,-0.18017351513888177,5.4044755579573085,-6.1,0.438,0.5
J.J. Thompson,Houston Cougars,2012,jj thompson,0,NA,NA,30,738,0.03081077966144081,5.367787498252191,-5.3,0.44,0.1
Deng Riak,East Carolina Pirates,2017,deng riak,0,NA,NA,33,702,0.03229424590271847,5.305329075229605,-4.1,0.432,0.7
Kobe Magee,UTEP Miners,2019,kobe magee,0,NA,NA,29,604,0.07566264575160224,5.276587724519963,-3.6,0.47,0.7
Khwan Fore,Louisville Cardinals,2019,khwan fore,0,NA,NA,34,657,0.03210651628095636,5.144313234620485,1.7,0.422,0.8
Jaylan McGill,Charlotte 49ers,2019,jaylan mcgill,0,NA,NA,29,729,0.17940889897310297,5.105332858025355,-4.3,0.53,0.6
Ronnie Rousseau III,Missouri State Bears,2018,ronnie rousseau,0,NA,NA,33,582,0.02160659227885012,5.036972981470348,-4.2,0.434,0.5
Dimitrije Spasojevic,East Carolina Pirates,2019,dimitrije spasojevic,0,NA,NA,31,541,0.01422893777445282,5.031215077919847,-6,0.41,0
Devonne Pinkard,Delaware Blue Hens,2014,devonne pinkard,0,NA,NA,35,601,0.00445186809645942,4.890472259098421,-2.8,0.434,0.6
Daiquan Walker,UCF Knights,2013,daiquan walker,0,NA,NA,29,617,0.02447136036358919,4.87483000466452,-4.3,0.491,0.4
Bitumba Baruti,East Carolina Pirates,2020,bitumba baruti,0,NA,NA,31,675,0.01110569247217343,4.864878991454715,-5.4,0.408,0.1
Junior Lomomba,Western Kentucky Hilltoppers,2017,junior lomomba,0,NA,NA,32,921,-0.07346171722275403,4.761173760114935,-8,0.447,-0.3
Quincy Taylor,UAB Blazers,2012,quincy taylor,0,NA,NA,31,956,0.06774272235703178,4.631579170193602,NA,0.5192050022331398,NA
Shakwon Barrett,Tulane Green Wave,2019,shakwon barrett,0,NA,NA,31,669,0.0035548121613664,4.62036452702612,-6.9,0.441,-0.5
Ross Wilson,Rice Owls,2013,ross wilson,0,NA,NA,30,542,-0.03008498642377749,4.539846962546556,-8.8,0.52,-0.2
Dorrian Williams,Missouri State Bears,2013,dorrian williams,0,NA,NA,33,688,0.00629835721367723,4.5102529785767675,-4,0.413,-0.1
Keith Washington,Rice Owls,2013,keith washington,0,NA,NA,30,577,0.06725976694615979,4.458992216051382,-8.3,0.387,-0.9
Kahlil McDonald,Western Kentucky Hilltoppers,2011,kahlil mcdonald,0,NA,NA,32,730,0.00797124151065058,4.449131262382157,-6.2,0.425,0.4
Bishop Mency,Rice Owls,2016,bishop mency,0,NA,NA,32,743,0.00469628014663411,4.40382525065086,-5.3,0.409,-0.2
Aaron Harwell,Sam Houston Bearkats,2012,aaron harwell,0,NA,NA,28,531,-0.02467720587838038,4.299518669590511,-5.1,0.407,0.8
Adili Kuerban,Kennesaw State Owls,2020,adili kuerban,0,NA,NA,29,512,0.07239566009148758,4.258578329811038,-7.8,0.433,-0.2
Andrew Osemhen,Kennesaw State Owls,2014,andrew osemhen,0,NA,NA,31,526,-0.2665200415354082,4.098907102810211,-8.9,0.444,0
Aleksa Nikolic,Marshall Thundering Herd,2015,aleksa nikolic,0,NA,NA,32,833,0.03229919595921115,3.904776947619579,-6.9,0.334,-0.5
Omer Yurtseven,Tulane Green Wave,2014,omer yurtseven,0,NA,NA,34,603,-0.03723487382978182,3.136250275627708,NA,0.37520203186331097,NA
Romain Henry,Kennesaw State Owls,2012,romain henry,0,NA,NA,30,636,0.05702523048498001,2.918418690153086,-9,0.462,-0.7
Kevin Holland,Southern Miss Golden Eagles,2015,kevin holland,0,NA,NA,29,563,-0.03259136185201002,1.76579572297618,-7.7,0.331,-0.5
Yonel Brown,Kennesaw State Owls,2013,yonel brown,0,NA,NA,30,712,0.08697364874901506,1.7189667986331971,-9.3,0.363,-1
Shawn Roundtree,Missouri State Bears,2015,shawn roundtree,0,NA,NA,31,536,0.18710533609348037,1.6040656387656251,-6.8,0.355,-0.5
