rk,player,pos,g,gs,mp,per,ts_percent,x3p_ar,f_tr,p_prod,orb_percent,drb_percent,trb_percent,ast_percent,stl_percent,blk_percent,tov_percent,usg_percent,ows,dws,ws,ws_40,obpm,dbpm,bpm,awards,team_slug,season
1,Keith Clanton,F,33,33,1006,25.8,0.596,0.181,0.568,452,10.1,19.2,14.9,12.6,2,6.1,16.2,24.5,3,2.2,5.1,0.205,4.2,2.8,7,NA,central-florida,2011
2,Marcus Jordan,G,31,28,980,18.5,0.543,0.381,0.604,462,1.7,8.3,5.2,23.8,1.7,0.2,17.1,27.9,2.3,1.2,3.5,0.145,2.2,-0.5,1.7,NA,central-florida,2011
3,Isaac Sosa,G,33,15,835,11.7,0.559,0.699,0.164,224,1.2,6.8,4.2,5.8,1.2,0.2,12.3,16.9,1.2,0.9,2.1,0.102,1.5,0.4,1.8,NA,central-florida,2011
4,A.J. Rompza,G,31,19,760,12.7,0.509,0.479,0.405,228,2.3,7.9,5.3,26.4,2.7,0.1,23.6,17.6,0.8,1.1,1.9,0.098,-0.6,1,0.4,NA,central-florida,2011
5,P.J. Gaynor,F,33,13,558,13,0.6,0.357,0.322,159,6.5,15,11,11.7,1.3,2.6,26.2,16.9,0.6,0.9,1.5,0.107,-1.3,1.6,0.3,NA,central-florida,2011
6,Isaiah Sykes,G,32,1,525,13.9,0.548,0,0.701,137,9.6,13.4,11.6,9.8,2.9,0.2,21.1,14.7,0.6,0.9,1.5,0.116,-0.5,2.2,1.7,NA,central-florida,2011
7,Tom Herzog,C,29,14,464,20.8,0.566,0,0.393,147,7.6,17.8,13,2.5,1.7,13,15.7,19.4,0.7,1.1,1.8,0.154,-0.5,5.1,4.6,NA,central-florida,2011
8,A.J. Tyler,F,26,1,448,16.1,0.489,0.481,0.214,137,8.7,10.7,9.8,5.2,1.1,5,4.6,17.7,0.9,0.7,1.6,0.142,2.2,1.2,3.4,NA,central-florida,2011
9,Dwight McCombs,F,32,19,386,16.2,0.645,0,0.75,96,9.8,16.5,13.3,2.7,1.3,6.6,20,12.9,0.7,0.7,1.4,0.145,-1.5,2.3,0.7,NA,central-florida,2011
10,Dave Diakite,G,25,18,262,12.8,0.489,0.317,0.73,82,7.2,16.6,12.2,6.3,3.3,1.2,19.8,21.2,0.1,0.5,0.6,0.099,-4.1,2,-2.1,NA,central-florida,2011
11,Taylor Young,G,24,2,180,2.9,0.331,0.85,0.2,35,0,5.6,3,18.8,1.4,0,15.4,15.1,-0.1,0.2,0.1,0.02,-6.6,-0.3,-6.9,NA,central-florida,2011
12,Jarvis Davis,G,16,0,93,8.6,0.475,0,0.765,30,9.5,13.2,11.4,29.8,2,0,42.3,22.7,-0.1,0.1,0,0.003,-3.4,-0.7,-4,NA,central-florida,2011
13,Jeff Jordan,G,2,2,58,21.5,0.583,0.333,0.476,30,6.5,5.8,6.1,28.3,1.1,0,18.9,28.7,0.2,0.1,0.2,0.169,3.1,-1.5,1.6,NA,central-florida,2011
14,Amara Thompson,G,11,0,24,22.4,0.621,0.167,1,10,5.2,13.9,9.9,20.1,0,0,10.2,21.5,0.1,0,0.1,0.195,-0.5,-0.1,-0.7,NA,central-florida,2011
15,Dogukan Kuzucan,G,12,0,21,6.3,0.471,0.25,1.25,5,0,21.3,11.3,0,2.9,4.9,32,23.4,-0.1,0,0,-0.017,-1.3,4.3,3,NA,central-florida,2011
NA,Team Totals,,33,33,6600,NA,0.55,0.344,0.464,NA,NA,NA,NA,NA,NA,NA,NA,NA,10.8,10.8,21.6,0.131,0.6,1.4,2,NA,central-florida,2011
1,Marcus Jordan,G,31,31,1112,13.8,0.497,0.477,0.438,396,0.8,8.8,4.6,14.1,1.1,0.1,12.1,22.8,1.9,0.8,2.7,0.097,0.9,-0.8,0.1,NA,central-florida,2012
2,Keith Clanton,F,33,33,1085,23.2,0.528,0.304,0.398,468,10.3,19.9,14.8,13.4,2,6,14.8,25.6,2.4,1.9,4.3,0.158,4.3,1.7,6,NA,central-florida,2012
3,Isaiah Sykes,G,33,32,1012,19.8,0.559,0.072,0.521,406,10.5,15,12.6,15.1,2.2,1.5,20.5,23.6,1.8,1.4,3.1,0.124,2.4,0.4,2.8,NA,central-florida,2012
4,Tristan Spurlock,F,33,6,776,14,0.479,0.512,0.326,227,6.2,16.9,11.2,6.2,1.4,3.1,12.4,19,0.9,1,2,0.101,1.6,0.9,2.5,NA,central-florida,2012
5,A.J. Rompza,G,21,20,654,16,0.496,0.604,0.254,175,1.6,8.6,4.9,28.2,4.8,0.3,16.2,14.3,1.1,1,2.1,0.128,1.2,4.1,5.3,NA,central-florida,2012
6,Josh Crittle,C,31,25,548,10.8,0.489,0,0.354,146,8.9,11.2,10,4.9,1.8,1.6,16.8,16.9,0.5,0.6,1.1,0.081,-3.4,0.9,-2.4,NA,central-florida,2012
7,P.J. Gaynor,F,31,3,492,11.2,0.528,0.286,0.48,124,6.2,16.2,10.9,5.8,1,2.2,20.5,16,0.4,0.6,1,0.08,-2.1,0.8,-1.3,NA,central-florida,2012
8,Jeff Jordan,G,13,1,276,6.1,0.42,0.429,0.4,41,0,4.2,2,16.3,2.9,0.4,27.8,10.9,-0.1,0.3,0.2,0.022,-3.9,2.1,-1.7,NA,central-florida,2012
9,Kasey Wilson,F,29,1,216,22.1,0.571,0.353,0.309,80,12.1,24.4,17.9,1.1,1.7,5.1,13.3,21.7,0.5,0.4,0.9,0.168,2.1,0.2,2.3,NA,central-florida,2012
10,Rod Days,F,23,7,197,4.3,0.328,0.675,0.3,32,4,15,9.2,4.8,1.3,0.6,14.9,14.2,-0.2,0.2,0,0.008,-4.9,-0.9,-5.8,NA,central-florida,2012
11,Dwight McCombs,F,15,6,188,11.1,0.498,0,0.517,36,7.9,16.4,11.9,2.1,1.3,7,18.1,12.2,0.1,0.3,0.4,0.079,-4.3,2,-2.3,NA,central-florida,2012
12,Wayne Martin,F,11,0,37,9.4,0.465,0.333,1.667,5,3.1,13.9,8.2,4.9,1.7,5.9,27.1,10.4,0,0,0,0.044,-3.4,-1.3,-4.7,NA,central-florida,2012
13,Bobby Horodyski,G,6,0,7,-9.3,NA,NA,NA,0,0,0,0,0,0,0,100,7.4,0,0,0,-0.151,-3.3,-0.4,-3.7,NA,central-florida,2012
NA,Team Totals,,33,33,6600,NA,0.511,0.333,0.406,NA,NA,NA,NA,NA,NA,NA,NA,NA,9.2,8.5,17.8,0.108,0.7,1,1.7,NA,central-florida,2012
1,Keith Clanton,F,31,31,1096,22.7,0.578,0.179,0.567,460,9.6,19.6,14.5,15.2,1.9,5.8,19.5,23,2.6,1.6,4.2,0.152,2.3,1.4,3.6,NA,central-florida,2013
2,Isaiah Sykes,G,31,31,1079,23.3,0.509,0.126,0.472,539,8.9,17.4,13,29.3,4,1.3,18.3,28.3,2.4,1.7,4.2,0.154,3.3,1.4,4.7,NA,central-florida,2013
3,Tristan Spurlock,F,28,28,919,18.6,0.55,0.458,0.438,315,6.8,14.9,10.7,10.8,1.9,2.5,11.3,18.2,2.3,1,3.3,0.145,3.4,0,3.3,NA,central-florida,2013
4,Calvin Newell,G,25,23,811,13.2,0.506,0.506,0.295,269,2,5.7,3.8,16.4,2.7,0.2,16.7,20.8,1,0.6,1.5,0.076,-0.4,-0.6,-1,NA,central-florida,2013
5,Kasey Wilson,F,31,17,764,17.2,0.603,0.431,0.41,244,6,16.4,11.1,4,1.6,2.5,13.4,18,1.7,0.8,2.5,0.133,1.1,-0.2,0.9,NA,central-florida,2013
6,Daiquan Walker,G,31,18,648,6.2,0.491,0.62,0.107,132,1.6,9.4,5.4,14.1,1.2,0.2,27,13.7,0,0.4,0.4,0.023,-3,-1.3,-4.3,NA,central-florida,2013
7,Matt Williams,G,26,0,405,12.3,0.554,0.857,0.116,111,1.4,8,4.6,6.8,1.5,0.2,8.5,16.3,0.8,0.2,1,0.1,0.1,-0.9,-0.8,NA,central-florida,2013
8,Staphon Blair,F,29,1,210,11,0.626,0,0.417,47,5,8.9,6.9,1.9,0.9,6.7,21.8,13.4,0.2,0.2,0.4,0.074,-4,0.3,-3.7,NA,central-florida,2013
9,Rod Days,F,20,4,176,9.5,0.456,0.739,0.304,27,2.7,14.1,8.2,9,3.8,1.2,21,9.7,0,0.2,0.3,0.065,-2.5,2.4,-0.1,NA,central-florida,2013
10,Dylan Karell,F,20,0,87,14.6,0.733,0,1.125,16,6.7,14.3,10.4,6.6,2.1,2.3,24.6,9.6,0.1,0.1,0.2,0.09,0.1,0.4,0.5,NA,central-florida,2013
11,Bobby Horodyski,G,10,1,19,7.8,0.75,1,0,4,12.4,13.1,12.7,9.4,0,0,50,10.8,0,0,0,0.03,0.5,-2,-1.4,NA,central-florida,2013
12,Tyler Coons,G,7,0,19,11.9,0.75,1,0,4,0,13.1,6.4,28.1,3.2,0,50,10.8,0,0,0,0.067,-2,0.7,-1.3,NA,central-florida,2013
13,Isaac Lang,G,6,0,11,3.9,0.75,0.5,0,3,10.7,0,5.5,0,0,0,50,18.6,0,0,0,-0.066,-14.1,-11.5,-25.7,NA,central-florida,2013
14,Robert King,F,2,0,5,-14.2,0.127,0.333,0.667,1,23.5,24.8,24.1,0,0,0,0,40.4,0,0,0,-0.212,-16,-2.5,-18.5,NA,central-florida,2013
NA,Team Totals,,31,31,6249,NA,0.544,0.363,0.401,NA,NA,NA,NA,NA,NA,NA,NA,NA,11.1,6.9,18,0.115,1,0.2,1.2,NA,central-florida,2013
1,Isaiah Sykes,G,30,29,958,21.6,0.504,0.077,0.475,527,9.9,15.4,12.6,25.5,3.1,0.5,17.7,31.5,1.4,1.2,2.6,0.107,3.8,0.6,4.4,NA,central-florida,2014
2,Tristan Spurlock,F,31,28,883,18.9,0.537,0.504,0.308,322,6.8,14.6,10.6,8.3,2.5,3.7,11.2,19.6,1.8,1.1,2.9,0.132,3.3,1.1,4.4,NA,central-florida,2014
3,Calvin Newell,G,30,29,839,12.9,0.471,0.415,0.367,311,2.7,6.7,4.6,20,3.6,0.2,18.2,22.9,0.4,0.8,1.2,0.059,-1.3,0.6,-0.7,NA,central-florida,2014
4,Kasey Wilson,F,31,22,827,14.9,0.535,0.447,0.359,272,6.4,17.7,11.9,4.2,1.8,1.9,14,19,1.1,1,2.1,0.101,0.2,0.3,0.5,NA,central-florida,2014
5,Matt Williams,G,31,2,608,11.6,0.57,0.924,0.07,166,2.5,11.3,6.8,8.9,1.3,0.3,13.3,15.1,0.9,0.4,1.4,0.09,1.4,-0.4,1,NA,central-florida,2014
6,Staphon Blair,F,31,18,557,14,0.564,0,0.446,148,10.3,10.9,10.6,1,0.4,8.4,17.6,14.4,0.6,0.5,1.1,0.082,-1.8,1,-0.8,NA,central-florida,2014
7,Daiquan Walker,G,30,5,436,9.9,0.476,0.442,0.221,127,1.5,8.9,5.1,20.4,0.9,0.7,18.3,17.1,0.3,0.2,0.5,0.049,-2,-1.2,-3.3,NA,central-florida,2014
8,Brandon Goodwin,G,28,9,412,9.8,0.481,0.286,0.778,103,3.7,10.8,7.1,20.6,1.9,0.2,25.8,13.7,0.2,0.3,0.5,0.048,-2.3,-0.1,-2.5,NA,central-florida,2014
9,Eugene McCrory,F,26,6,371,17.3,0.546,0,0.678,131,12.5,9.9,11.2,4.2,0.8,4,9.9,17.3,0.8,0.3,1.1,0.123,0.6,-0.4,0.2,NA,central-florida,2014
10,Justin McBride,C,15,1,140,21.9,0.655,0,0.684,57,13.1,18.8,15.9,0,0.4,4.3,16.6,21,0.3,0.2,0.5,0.141,1.4,-0.8,0.6,NA,central-florida,2014
11,Dylan Karell,F,17,5,117,6.3,0.389,0,0.6,15,9.2,10.8,10,4.3,1,5.9,31.8,7.8,-0.1,0.1,0.1,0.019,-4.7,0.4,-4.3,NA,central-florida,2014
12,Steven Haney,G,24,0,114,8.8,0.563,0.9,0.2,30,0,7,3.4,4.9,1,0,10.9,15.7,0.2,0.1,0.2,0.076,-2.2,-1.2,-3.5,NA,central-florida,2014
13,Isaac Lang,G,14,1,38,9.1,0.521,0.833,0.083,10,2.8,6,4.4,0,0,0,7.4,17.3,0,0,0,0.053,-8.3,-5.3,-13.6,NA,central-florida,2014
NA,Team Totals,,31,31,6300,NA,0.52,0.351,0.384,NA,NA,NA,NA,NA,NA,NA,NA,NA,8.1,6.3,14.3,0.091,0.5,0.2,0.7,NA,central-florida,2014
1,Adonys Henriquez,G,30,30,1050,14.2,0.584,0.66,0.224,303,2.4,8.5,5.5,13,1.1,0.6,14.3,16.5,1.9,0.1,2,0.078,2.2,-1.8,0.4,NA,central-florida,2015
2,Brandon Goodwin,G,30,30,1013,14.1,0.503,0.263,0.494,348,4.3,9.1,6.8,26.9,2.3,0.4,22.4,20.9,0.9,0.4,1.3,0.051,-0.3,-1.5,-1.8,NA,central-florida,2015
3,B.J. Taylor,G,26,26,855,15.8,0.497,0.451,0.371,319,1.4,8.9,5.3,17,1.8,0.2,8.7,23.2,1.6,0.2,1.8,0.085,1.4,-1.4,0,NA,central-florida,2015
4,Staphon Blair,F,30,17,746,17.6,0.604,0.006,0.519,216,9.9,14.4,12.2,0.9,0.8,5,14.1,16.3,1.4,0.4,1.8,0.098,0,-1.1,-1.1,NA,central-florida,2015
5,Daiquan Walker,G,30,2,702,11.5,0.497,0.455,0.123,213,1.2,7.8,4.6,17.3,2,1.1,17.4,20.7,0.4,0.2,0.6,0.033,-0.7,-1.5,-2.2,NA,central-florida,2015
6,Kasey Wilson,F,29,22,680,14.2,0.517,0.436,0.33,219,6.7,17.5,12.2,9.6,1,2.3,16.2,20.5,0.7,0.4,1.2,0.069,-0.6,-1.4,-1.9,NA,central-florida,2015
7,Justin McBride,C,29,11,398,20.6,0.546,0,0.366,166,12.1,24.7,18.6,1.9,1.7,6.6,20.1,28.2,0.3,0.6,0.9,0.089,-2.3,-0.2,-2.5,NA,central-florida,2015
8,Shaheed Davis,F,24,6,333,10.2,0.43,0.277,0.465,104,8,16.8,12.5,5.2,1.9,4.1,21.1,25.3,-0.4,0.3,-0.1,-0.015,-4.2,-1.7,-5.9,NA,central-florida,2015
9,Dylan Karell,F,29,5,283,6.4,0.449,0,0.8,39,6.8,11.7,9.3,6.7,1.8,3.1,30.3,9.4,-0.1,0.2,0.1,0.011,-4.1,0.7,-3.4,NA,central-florida,2015
10,Myles Davis,G,18,1,73,7.7,0.573,0.6,0.1,11,0,9.4,4.8,10.9,3.4,4,27.6,10.7,0,0.1,0.1,0.04,-6.3,2.9,-3.5,NA,central-florida,2015
11,Matt Williams,G,1,0,9,16.2,0.408,1,1.333,4,0,12.7,6.5,0,0,10.9,0,29.3,0,0,0,0.097,-3.3,1.4,-1.9,NA,central-florida,2015
12,Djordjije Mumin,G,5,0,6,-15.5,0,1,0,0,0,0,0,0,0,0,0,17.9,0,0,0,-0.268,-11.7,-8.6,-20.2,NA,central-florida,2015
13,Marshall Holmes,G,3,0,2,0,NA,NA,NA,0,0,0,0,0,0,0,NA,0,0,0,0,-0.023,-4.1,-2.6,-6.7,NA,central-florida,2015
NA,Team Totals,,30,30,6150,NA,0.523,0.356,0.356,NA,NA,NA,NA,NA,NA,NA,NA,NA,6.7,2.9,9.6,0.062,-0.3,-1.3,-1.5,NA,central-florida,2015
1,A.J. Davis,F,30,30,943,15,0.509,0.306,0.552,375,4.4,15.3,10.2,19.5,1.7,1.5,19.3,23.5,0.9,1.2,2.1,0.089,0.2,1,1.2,NA,central-florida,2016
2,Daiquan Walker,G,30,23,833,13.6,0.505,0.42,0.302,277,2.3,10.3,6.6,27.9,2.3,0.5,20.4,18.4,0.8,0.9,1.8,0.084,0.1,1,1.1,NA,central-florida,2016
3,Adonys Henriquez,G,26,26,824,12.8,0.529,0.626,0.274,250,2.8,7.3,5.2,12.7,1.1,0.4,10.2,16.9,1.3,0.6,1.8,0.089,1.4,-0.2,1.2,NA,central-florida,2016
4,Matt Williams,G,30,18,778,9.9,0.508,0.752,0.153,214,1.8,8.7,5.4,6.9,1,0.1,9.5,17.1,0.8,0.6,1.3,0.068,0.3,-0.2,0.1,NA,central-florida,2016
5,Shaheed Davis,F,30,12,581,8.8,0.445,0.446,0.303,176,7.3,16.4,12.2,7.2,0.5,1,19,21.5,-0.3,0.6,0.3,0.019,-2.6,-1.3,-3.9,NA,central-florida,2016
6,Tacko Fall,C,30,26,529,25.3,0.724,0,0.406,192,11.8,23.2,17.9,4.6,0.3,12.8,24.3,19.2,1,1,2.1,0.155,0.9,4.3,5.1,NA,central-florida,2016
7,Chance McSpadden,G,30,7,484,12.8,0.574,0.374,0.415,169,2.1,8.5,5.5,20,1.9,0.6,25.4,20.6,0.4,0.5,0.8,0.067,-0.9,0.2,-0.7,NA,central-florida,2016
8,Tanksley Efianayi,G,28,4,381,10.2,0.44,0.44,0.43,106,4.8,7.6,6.3,7.8,2.2,0.8,9.7,17.7,0.2,0.4,0.6,0.061,-1.9,0.8,-1.2,NA,central-florida,2016
9,Justin McBride,C,28,3,344,20.7,0.591,0,0.587,161,11.7,21.6,17,5.3,0.9,5,21.7,29,0.3,0.6,0.9,0.103,-2.3,0.5,-1.8,NA,central-florida,2016
10,Staphon Blair,F,28,1,263,14.4,0.527,0,0.484,79,11.4,18.3,15.1,0.8,1.1,4.8,18.6,18.6,0.1,0.4,0.5,0.076,-3,0.7,-2.3,NA,central-florida,2016
11,Chad Brown,F,15,0,75,2.9,0.224,0,0.455,11,15.4,6.7,10.7,0,0,3.9,7,9.7,0,0.1,0,0.007,-5.7,-1.4,-7.1,NA,central-florida,2016
12,Djordjije Mumin,G,6,0,15,-5.3,0.286,0.571,0,3,0,13.4,7.2,0,0,0,12.5,26.9,-0.1,0,0,-0.13,-15.5,-5.2,-20.8,NA,central-florida,2016
NA,Team Totals,,30,30,6050,NA,0.526,0.391,0.372,NA,NA,NA,NA,NA,NA,NA,NA,NA,5.4,6.7,12.1,0.08,-0.5,0.6,0.1,NA,central-florida,2016
1,Matt Williams,G,36,36,1315,14.9,0.553,0.721,0.163,486,1.5,10.4,6.4,12,1.1,0.1,11.7,21.9,2.6,2.5,5.1,0.154,3.3,2,5.3,NA,central-florida,2017
2,B.J. Taylor,G,29,28,1056,18.4,0.523,0.353,0.439,489,1.3,9.9,6,23.1,1.8,0.1,11.7,26.9,2.4,2.2,4.6,0.173,3.2,2.9,6.1,NA,central-florida,2017
3,Nick Banyard,F,36,22,1021,10,0.531,0.362,0.255,239,5.6,16.5,11.6,11.8,1,1,25.7,14.4,0.3,2.3,2.6,0.101,-0.9,3,2.1,NA,central-florida,2017
4,A.J. Davis,F,31,29,1012,11.1,0.472,0.3,0.587,285,5.1,17.2,11.8,14.8,1.6,1.1,21.1,17.7,0.3,2.4,2.8,0.109,-1.4,3.5,2.1,NA,central-florida,2017
5,Tacko Fall,C,36,36,947,26.2,0.671,0.004,0.506,373,16.5,22.5,19.8,5.4,0.6,11,23.6,20.9,1.9,2.8,4.7,0.2,3,4.7,7.6,NA,central-florida,2017
6,Tanksley Efianayi,G,34,23,842,11.3,0.507,0.374,0.404,271,3.9,10.8,7.7,11.3,1.1,0.5,18.2,20.7,0.5,1.6,2.2,0.104,-0.9,2,1,NA,central-florida,2017
7,Chad Brown,F,36,1,466,16.7,0.545,0,1.143,160,13.5,16,14.9,2.7,1,6.2,18.1,19.1,0.7,1.2,1.9,0.16,-2.1,3,0.9,NA,central-florida,2017
8,Nathan Laing,G,32,5,346,-2.7,0.269,0.526,0.474,38,1.8,6,4.1,12.5,1,0,41.5,11.9,-0.8,0.6,-0.2,-0.027,-8.4,1.8,-6.6,NA,central-florida,2017
9,Djordjije Mumin,G,26,0,193,4.7,0.464,0.825,0.05,34,3.1,11.9,7.9,2.1,1.3,0,19.6,13.7,-0.1,0.4,0.3,0.065,-3.7,2.3,-1.4,NA,central-florida,2017
10,Brock Stephenson,G,11,0,17,-13.8,0,0.833,0,1,7.1,5.9,6.4,0,0,0,0,18.3,-0.1,0,-0.1,-0.165,-14.2,-3.3,-17.5,NA,central-florida,2017
11,Anthony Catotti,F,4,0,6,20.9,1,0,0,1,0,16.6,9.1,0,0,0,0,8.7,0,0,0,0.204,3.5,4.5,8,NA,central-florida,2017
12,Tate Morse,G,2,0,4,-13,0,1,0,1,0,0,0,43.8,0,0,0,26,0,0,0,-0.205,-10.9,-6.1,-17,NA,central-florida,2017
NA,Team Totals,,36,36,7225,NA,0.535,0.394,0.399,NA,NA,NA,NA,NA,NA,NA,NA,NA,7.7,16.1,23.8,0.132,0.4,2.9,3.2,NA,central-florida,2017
1,A.J. Davis,F,31,31,1023,18.1,0.542,0.333,0.59,386,7.1,19.6,13.5,15.6,1.7,1.3,15.7,21.8,1.7,2.3,4,0.156,2.5,3.2,5.7,NA,central-florida,2018
2,Terrell Allen,G,32,22,960,9.2,0.479,0.192,0.372,206,2.6,8.9,5.9,19.4,2.8,0,23.1,13.4,0.2,1.9,2.1,0.086,-3.4,4.1,0.6,NA,central-florida,2018
3,Ceasar DeJesus,G,32,32,877,10.5,0.507,0.199,0.412,269,1.9,7.7,4.9,15.4,1.7,0,18.4,20.3,0.3,1.5,1.8,0.082,-1.9,2.1,0.2,NA,central-florida,2018
4,Dayon Griffin,G,32,4,877,11.2,0.468,0.642,0.196,259,3,14.1,8.7,10.1,1.8,1.1,12.4,20.7,0.2,1.8,2,0.09,0.5,2.6,3.2,NA,central-florida,2018
5,Chad Brown,F,32,15,597,16.4,0.535,0,0.845,170,11.5,17.2,14.4,1.9,1.7,6.2,14.4,16.2,0.7,1.5,2.2,0.147,-1.3,3.4,2.2,NA,central-florida,2018
6,B.J. Taylor,G,16,14,495,17.8,0.51,0.333,0.502,243,0.7,6.7,3.8,27.4,1,0,10.1,30.1,1,0.7,1.7,0.14,3.8,0.1,3.9,NA,central-florida,2018
7,Tacko Fall,C,16,15,351,28.2,0.714,0,0.485,149,13.7,25.1,19.5,4.6,0.9,9.6,24.9,25.8,0.6,1,1.6,0.179,2.1,5.1,7.2,NA,central-florida,2018
8,Djordjije Mumin,G,29,21,338,6.9,0.54,0.893,0.053,71,1.8,5.8,3.8,3.2,0.4,0,10.5,13.7,0.3,0.4,0.7,0.084,-1,0.8,-0.2,NA,central-florida,2018
9,Chance McSpadden,G,18,3,303,9.4,0.453,0.351,0.266,93,5.6,14.7,10.2,7.8,2.6,0.7,22.1,24.1,-0.4,0.7,0.3,0.041,-3.7,1.8,-1.9,NA,central-florida,2018
10,Rokas Ulvydas,F,26,2,277,10.3,0.506,0,0.652,60,7.4,17.7,12.7,0.8,0.4,8.6,21,14.8,0,0.6,0.6,0.093,-5.5,3.8,-1.7,NA,central-florida,2018
11,Myles Douglas,F,31,1,276,-1,0.362,0.426,0.5,59,1.7,12,7,7,0.2,0.4,22.9,21.2,-0.7,0.4,-0.3,-0.039,-8.1,0.2,-7.8,NA,central-florida,2018
12,Nathan Laing,G,20,0,51,-8,0,0.5,0,1,0,11.2,5.7,7.3,0,0,50,8.4,-0.2,0.1,-0.1,-0.069,-12.3,1,-11.2,NA,central-florida,2018
NA,Team Totals,,32,32,6425,NA,0.512,0.331,0.431,NA,NA,NA,NA,NA,NA,NA,NA,NA,3.7,12.9,16.6,0.103,-0.9,2.7,1.8,NA,central-florida,2018
1,B.J. Taylor,G,33,33,1135,18.4,0.553,0.453,0.663,515,1.2,6.1,3.8,19,1.5,0,10.2,24.4,3.3,1.6,4.9,0.172,4.1,1,5.1,NA,central-florida,2019
2,Aubrey Dawkins,G,33,33,1101,19.5,0.59,0.463,0.248,456,3.7,12.6,8.5,9.2,1.8,1,11,23.3,2.8,2,4.8,0.174,5,2,7,NA,central-florida,2019
3,Terrell Allen,G,33,33,1006,12.4,0.537,0.358,0.324,270,0.8,10.1,5.8,26.1,2.5,0,21.3,13.6,1.3,1.8,3.1,0.123,-0.2,3.3,3.1,NA,central-florida,2019
4,Tacko Fall,C,33,33,822,25.6,0.647,0,0.791,330,12.5,21.2,17.2,4.2,0.6,11.5,17.2,21.8,1.9,2,3.9,0.189,3.2,3.9,7.2,NA,central-florida,2019
5,Collin Smith,C,33,32,728,13.3,0.506,0.156,0.486,274,7.5,18.2,13.3,13.5,1.5,1.4,19.9,23.4,0.4,1.5,2,0.107,-1.6,2.2,0.6,NA,central-florida,2019
6,Chad Brown,F,33,1,571,16.6,0.538,0.009,0.617,157,10,21.5,16.2,4,1,6.6,13.2,14.6,0.8,1.3,2.2,0.153,0.8,3.2,4,NA,central-florida,2019
7,Dayon Griffin,G,28,0,475,11.5,0.497,0.703,0.212,129,2.8,10.3,6.9,12,2.4,1.6,13.9,16.6,0.4,0.9,1.3,0.106,1,3.4,4.5,NA,central-florida,2019
8,Frank Bertz,G,33,0,380,11.8,0.504,0.773,0.093,100,5.1,8,6.7,7.5,3.1,0.6,11.4,15.7,0.4,0.7,1.1,0.115,1.4,3.6,4.9,NA,central-florida,2019
9,Ceasar DeJesus,G,28,0,315,10.1,0.56,0.268,0.408,92,1.9,6.6,4.5,12.4,1.3,1.1,23.5,18.4,0.1,0.4,0.6,0.076,-1,0.9,-0.1,NA,central-florida,2019
10,Chance McSpadden,G,7,0,51,3.8,0.305,0.571,0.857,9,7.2,20.4,14.3,10.2,1.2,0,23.3,13.2,-0.1,0.1,0,0.029,-4.3,1.8,-2.5,NA,central-florida,2019
11,Ryan Anders,F,7,0,15,-4.8,0.143,0.286,0,3,8.1,13.9,11.2,12.1,0,0,0,24.4,-0.1,0,0,-0.102,-9.6,-3.9,-13.5,NA,central-florida,2019
12,Levy Renaud,G,6,0,13,-21,0,0,0,0,0,0,0,0,0,0,25,16.1,-0.1,0,-0.1,-0.209,-20.4,-2.7,-23.1,NA,central-florida,2019
13,Xavier Grant,G,6,0,13,18.8,0.886,0.667,0.667,5,0,16,8.6,0,0,0,33.6,23.9,0,0,0,0.128,3.5,1.9,5.4,NA,central-florida,2019
NA,Team Totals,,33,33,6625,NA,0.557,0.356,0.453,NA,NA,NA,NA,NA,NA,NA,NA,NA,11.2,12.5,23.7,0.143,1.8,2.5,4.3,NA,central-florida,2019
1,Dazon Ingram,G,29,26,815,17.1,0.535,0.227,0.791,287,5.4,22.5,14,25.4,1.7,1.8,21.4,17.8,1.4,1.4,2.9,0.142,1.4,2.9,4.3,NA,central-florida,2020
2,Ceasar DeJesus,G,30,24,789,12.1,0.568,0.192,0.254,270,0.6,5.5,3.1,19.2,1.7,0.1,23,21,0.6,0.8,1.4,0.07,-1.4,-0.3,-1.7,NA,central-florida,2020
3,Collin Smith,C,30,30,788,19.2,0.52,0.056,0.561,380,9.3,18.1,13.7,16.1,1.8,2.7,17.7,28.5,1.2,1.3,2.5,0.129,0.4,1.3,1.8,NA,central-florida,2020
4,Darin Green Jr.,G,30,14,717,16.6,0.61,0.697,0.128,252,4.4,4.9,4.6,4.2,1.4,0.6,9.5,19.5,1.8,0.6,2.4,0.134,4.2,-0.2,4,NA,central-florida,2020
5,Brandon Mahan,G,30,14,672,14.1,0.531,0.545,0.22,210,4.7,14.1,9.4,8.8,2.2,0.8,13.9,18.5,0.8,1,1.8,0.109,1.3,1.4,2.7,NA,central-florida,2020
6,Matt Milon,G,30,18,663,10.8,0.493,0.706,0.111,166,2.4,10.3,6.4,5.3,2,0.5,8.2,15.8,0.6,0.8,1.4,0.086,0.4,0.8,1.2,NA,central-florida,2020
7,Frank Bertz,G,28,5,485,12.4,0.487,0.655,0.112,126,6.7,8.7,7.7,10.7,2,0.7,10.3,14.3,0.6,0.6,1.2,0.1,1.2,1.4,2.6,NA,central-florida,2020
8,Dre Fuller Jr.,G,20,13,380,15,0.481,0.336,0.193,130,7,11.7,9.4,15.9,2.8,3.2,16.7,20.9,0.3,0.6,0.9,0.095,0.4,2.3,2.7,NA,central-florida,2020
9,Avery Diggs,C,27,3,365,10.5,0.528,0.099,0.185,93,6.3,14.7,10.5,8.2,1.6,4.2,24.8,16.3,0.1,0.6,0.6,0.068,-3.8,2.1,-1.7,NA,central-florida,2020
10,Tony Johnson Jr.,G,20,2,233,7.3,0.399,0.439,0.305,82,1,16.1,8.6,25.6,3,0.9,23,26.6,-0.3,0.4,0.1,0.012,-5.2,0.8,-4.4,NA,central-florida,2020
11,Ibrahim Famouke Doumbia,F,23,1,132,13.7,0.453,0.188,0.438,40,12.3,23.3,17.8,9,0.9,10.1,23.7,19.5,0,0.3,0.2,0.073,-4,1.9,-2.1,NA,central-florida,2020
12,Ryan Anders,F,3,0,7,26.4,0.75,1,0,3,16.5,16.3,16.4,0,0,0,0,14.5,0,0,0,0.227,10.6,-1.8,8.9,NA,central-florida,2020
13,Xavier Grant,G,2,0,4,-15,0,0.5,0,0,0,57,28.7,0,0,0,0,25.4,0,0,0,-0.244,-24.3,-6.6,-30.9,NA,central-florida,2020
NA,Team Totals,,30,30,6050,NA,0.526,0.385,0.309,NA,NA,NA,NA,NA,NA,NA,NA,NA,7.1,8.4,15.5,0.103,0.4,1.2,1.6,NA,central-florida,2020
1,Darin Green Jr.,G,23,23,730,12.8,0.519,0.607,0.074,228,2.7,7.9,5.3,7,1.7,0.8,9.1,19.6,1,0.6,1.5,0.084,2.3,0.1,2.3,NA,central-florida,2021
2,Brandon Mahan,G,21,19,673,18.5,0.615,0.494,0.356,245,3.8,14.2,9.1,12.8,2.1,1,14.3,18.9,1.8,0.8,2.6,0.152,4.9,1.4,6.3,NA,central-florida,2021
3,Dre Fuller Jr.,G,23,14,631,11.1,0.494,0.278,0.459,178,3.6,16.3,10.1,18.1,2.2,1.3,25,17.7,0.1,0.8,0.9,0.06,-0.5,1.6,1.1,NA,central-florida,2021
4,Darius Perry,G,19,13,602,18.2,0.555,0.523,0.3,274,2,11.1,6.7,24.6,2.4,0.8,16.6,25.9,1.3,0.7,2,0.132,3.8,0.6,4.5,NA,central-florida,2021
5,Isaiah Adams,F,22,12,547,15.7,0.533,0.365,0.303,208,6,12.5,9.3,13.9,3,1.3,18.8,23.7,0.5,0.7,1.2,0.089,1.4,1,2.4,NA,central-florida,2021
6,C.J. Walker,F,21,15,540,14.8,0.482,0.113,0.5,153,7.6,15,11.4,7.3,2.1,7.6,15.4,17.4,0.4,0.8,1.2,0.088,-0.2,2.5,2.4,NA,central-florida,2021
7,Sean Mobley,F,23,6,441,4.6,0.476,0.475,0.361,84,4.9,7.9,6.4,12.6,1.2,1,32.2,12.4,-0.1,0.3,0.2,0.018,-2.8,0.6,-2.2,NA,central-florida,2021
8,Jamille Reynolds,F,20,13,256,13,0.54,0.013,0.461,97,10.4,16.2,13.4,5.3,0.9,3.6,24.5,24.8,0.1,0.3,0.4,0.057,-3.3,-0.5,-3.8,NA,central-florida,2021
9,Avery Diggs,C,16,0,158,14.5,0.601,0.056,0.083,47,9.2,10.2,9.7,14,0.7,1.5,15.8,14.6,0.3,0.1,0.4,0.114,0.1,-0.2,-0.1,NA,central-florida,2021
10,Ibrahim Famouke Doumbia,F,5,0,32,-2.6,0.125,0.5,0,3,7.6,25.3,16.6,5.6,0,3.6,0,12.9,-0.1,0,0,-0.031,-8.7,0.7,-8,NA,central-florida,2021
11,Tony Johnson Jr.,G,1,0,15,22.4,0.808,1,0.5,7,0,7.7,3.9,14.7,3.9,0,28.8,24,0,0,0.1,0.175,5.6,5.8,11.4,NA,central-florida,2021
12,Levy Renaud,G,1,0,0,NA,NA,NA,NA,NA,NA,NA,NA,NA,NA,NA,NA,NA,0,0,0,NA,NA,NA,NA,NA,central-florida,2021
NA,Team Totals,,23,23,4625,NA,0.535,0.402,0.307,NA,NA,NA,NA,NA,NA,NA,NA,NA,5.3,5.2,10.5,0.091,1.2,1,2.1,NA,central-florida,2021
1,Darin Green Jr.,G,29,29,896,14.9,0.542,0.671,0.119,336,2.7,6.7,4.7,11.3,1.4,0.8,8.7,22.1,1.8,0.8,2.6,0.116,3.5,-0.5,3,NA,central-florida,2022
2,Darius Perry,G,30,29,889,17.1,0.521,0.513,0.265,375,2.6,12.3,7.4,31,3.2,0.7,18.3,23.7,1.5,1.3,2.8,0.126,2.6,1.6,4.3,NA,central-florida,2022
3,C.J. Walker,F,30,19,755,15.9,0.533,0.186,0.521,241,7,18.7,12.8,7.8,0.6,4.1,11,17.7,1.3,1,2.3,0.123,1.4,0.6,2,NA,central-florida,2022
4,Cheikh Mbacke Diong,F,30,30,735,17.6,0.599,0,0.365,211,11.3,16.6,13.9,6,1.5,7,19.1,14.8,1.2,1.2,2.4,0.129,0.5,1.7,2.2,NA,central-florida,2022
5,Darius Johnson,G,30,13,710,9.6,0.438,0.446,0.272,220,2.5,13.6,8,23.9,2.5,0.2,21.1,19.9,0,1,1,0.057,-2.4,1.2,-1.2,NA,central-florida,2022
6,Brandon Mahan,G,25,20,669,16.8,0.534,0.671,0.254,244,4.9,12.9,8.8,12.7,3.4,0.9,13.4,20.9,1.2,1.1,2.2,0.134,3,2.3,5.3,NA,central-florida,2022
7,Isaiah Adams,F,27,9,392,7.7,0.437,0.429,0.259,112,3.1,14.1,8.5,13.9,2.5,2.8,23.7,21.3,-0.4,0.6,0.2,0.022,-3.6,1.3,-2.4,NA,central-florida,2022
8,Tyem Freeman,F,28,1,372,18.2,0.644,0.258,0.355,139,9,8.7,8.8,14.8,1.1,0.3,16.8,17.8,1.1,0.3,1.4,0.149,2.8,-0.2,2.7,NA,central-florida,2022
9,Dre Fuller Jr.,G,24,0,294,14.2,0.522,0.305,0.232,91,5.7,16,10.8,9.7,2.6,1.2,14.9,18.5,0.3,0.5,0.8,0.107,0.4,1.6,2,NA,central-florida,2022
10,Jamille Reynolds,F,25,0,241,13.6,0.541,0.016,0.607,81,9.7,13.8,11.8,3.4,1.2,5.5,21.1,21,0.2,0.3,0.5,0.083,-3,0.2,-2.8,NA,central-florida,2022
11,Tony Johnson Jr.,G,4,0,27,7.9,0.462,0.538,0,10,4.1,8.5,6.3,7.9,2.2,0,18.8,30.1,0,0,0,0,2,-1.6,0.4,NA,central-florida,2022
12,Sean Mobley,F,2,0,24,6.2,0.513,1,2,2,0,9.6,4.7,6.8,2.4,0,0,4.1,0,0,0.1,0.092,-2.2,3.2,1,NA,central-florida,2022
13,Ryan Anders,F,6,0,11,25.5,0.833,0.667,0,3,0,0,0,0,5.3,0,0,13.8,0,0,0.1,0.192,8.1,4.4,12.5,NA,central-florida,2022
14,Levy Renaud,G,6,0,10,0,NA,NA,NA,0,0,0,0,0,0,0,NA,0,0,0,0,0.009,-4.5,-0.3,-4.9,NA,central-florida,2022
15,Ed'Xavior Rhodes,F,1,0,0,NA,NA,NA,NA,NA,NA,NA,NA,NA,NA,NA,NA,NA,0,0,0,NA,NA,NA,NA,NA,central-florida,2022
NA,Team Totals,,30,30,6025,NA,0.528,0.431,0.285,NA,NA,NA,NA,NA,NA,NA,NA,NA,8.1,8.2,16.3,0.108,1,1,2.1,NA,central-florida,2022
1,Taylor Hendricks,F,34,34,1179,22.5,0.589,0.403,0.286,474,8.1,16.2,12.1,8.6,1.6,6.2,9.9,21.2,3.5,2.2,5.7,0.195,5.4,2.5,7.9,NA,central-florida,2023
2,Ithiel Horton,G,34,34,1053,14.4,0.495,0.561,0.12,385,4.4,10.1,7.3,11,2.7,0.2,11.3,23.3,1.4,1.7,3.1,0.116,1.9,1.5,3.4,NA,central-florida,2023
3,C.J. Kelly,G,34,26,1039,19.2,0.6,0.542,0.386,428,2,12.1,7,19.4,2.9,2.6,17.7,22.8,2.5,1.9,4.4,0.169,4,3.4,7.4,NA,central-florida,2023
4,Darius Johnson,G,25,22,773,14.6,0.489,0.45,0.216,276,2.6,9.3,5.9,27.8,4.3,0.3,19.3,21.1,0.8,1.5,2.3,0.12,-0.2,3.5,3.3,NA,central-florida,2023
5,Jayhlon Young,G,33,12,633,10.1,0.52,0.449,0.415,166,2.4,11.1,6.7,19.1,2.2,0.4,24.6,15.3,0.4,1,1.4,0.091,-1.5,2.5,1,NA,central-florida,2023
6,Brandon Suggs,F,32,8,619,14.9,0.582,0.241,0.603,205,5.8,14.3,10,9.7,2.3,0.8,19.2,18.7,1,1.1,2.1,0.134,0.4,2.3,2.7,NA,central-florida,2023
7,Michael Durr,F,25,23,534,14.4,0.51,0.07,0.374,154,12.7,12.9,12.8,7.7,0.7,5.3,12.9,15,0.9,0.8,1.7,0.129,-0.4,1.7,1.3,NA,central-florida,2023
8,Lahat Thioune,F,34,10,456,8.7,0.486,0,0.165,100,11.8,15.2,13.4,4.2,1.3,0.3,22.8,13.4,0.1,0.7,0.8,0.073,-3,0.8,-2.2,NA,central-florida,2023
9,Tyem Freeman,F,26,1,305,12.8,0.472,0.256,0.41,96,6.3,16.7,11.4,17.6,1,0,13.9,18.3,0.4,0.5,0.8,0.108,0.1,1.2,1.3,NA,central-florida,2023
10,Thierno Sylla,C,27,0,168,13.7,0.579,0.673,0.122,52,7.1,14.4,10.7,5.1,1.1,8,16.2,19,0.2,0.3,0.5,0.124,-2.3,2.7,0.4,NA,central-florida,2023
11,P.J. Edwards,G,19,0,126,9.6,0.457,0.657,0,33,7.6,9.6,8.6,11,1.9,0,12.5,16.4,0.1,0.2,0.3,0.09,-1.9,1.9,0.1,NA,central-florida,2023
12,C.J. Walker,F,4,0,76,6.2,0.439,0.316,0.421,20,6.3,16,11.1,5.1,2.4,4.9,26,20.9,-0.1,0.2,0,0.024,-5.6,5.1,-0.6,NA,central-florida,2023
13,Poohpha Warakulnukroh,G,7,0,14,34,0.759,0.333,0.667,10,0,0,0,44.3,0,0,11.2,32.8,0.1,0,0.1,0.311,8.9,1.5,10.4,NA,central-florida,2023
NA,Team Totals,,34,34,6975,NA,0.54,0.422,0.289,NA,NA,NA,NA,NA,NA,NA,NA,NA,11.2,12.1,23.4,0.134,1.3,2.4,3.7,NA,central-florida,2023
1,Darius Johnson,G,33,32,1077,17.7,0.548,0.46,0.35,492,1.7,10,5.7,24.4,3.9,0.3,16.8,25,1.9,2,3.9,0.145,2.8,3.8,6.6,NA,central-florida,2024
2,Jaylin Sellers,G,33,32,1053,18,0.54,0.424,0.368,476,4.7,7.9,6.2,7.6,1.9,0.5,8,24.6,2.6,1.5,4,0.153,3.8,1.3,5.1,NA,central-florida,2024
3,Shemarri Allen,G,31,30,913,11.4,0.446,0.206,0.435,251,3.7,11.4,7.4,17,3.5,2.4,17.6,16.5,0.2,1.8,1.9,0.085,-1.7,4.5,2.8,NA,central-florida,2024
4,Ibrahima Diallo,F,32,19,608,19.2,0.555,0,0.659,205,11.6,21.7,16.5,4.3,2.2,11.4,18.8,18,0.7,1.5,2.2,0.143,-0.2,4.6,4.3,NA,central-florida,2024
5,Marchelus Avery,F,31,2,549,18.4,0.511,0.512,0.268,228,9,16.7,12.7,8.9,2.3,1.8,8.7,22.6,1.1,1,2.1,0.152,4.3,1.7,6,NA,central-florida,2024
6,Omar Payne,F,33,14,499,15.7,0.595,0.124,0.412,140,8.4,18.1,13,6.7,2,11,22.7,14.7,0.5,1.1,1.6,0.129,-2.4,5,2.6,NA,central-florida,2024
7,Thierno Sylla,C,32,10,477,12.4,0.477,0.484,0.278,136,8.7,20.7,14.5,3.3,1.2,3.6,12.8,16.8,0.3,0.9,1.2,0.1,0,1.5,1.5,NA,central-florida,2024
8,C.J. Walker,F,19,15,428,11.7,0.472,0.218,0.391,138,4.5,19.5,11.7,4.7,1.3,2.8,12.7,20.7,0.1,0.8,0.9,0.085,-0.8,2.1,1.3,NA,central-florida,2024
9,Antwann Jones,G,24,3,319,12.9,0.518,0.352,0.295,104,3.3,11.3,7.1,16.6,2,0.8,14.5,18,0.3,0.5,0.8,0.104,0.4,2.3,2.6,NA,central-florida,2024
10,DeMarr Langford Jr.,G,23,8,245,6.7,0.435,0.029,0.529,45,7,7.6,7.3,7.3,2.8,0.5,27.3,11.7,-0.1,0.4,0.3,0.041,-3,2.9,-0.1,NA,central-florida,2024
11,Nils Machowski,G,25,0,233,11,0.452,0.673,0.224,57,4.6,9,6.7,16.4,3.2,0.5,15.6,13.5,0.1,0.4,0.5,0.093,-1.1,3.4,2.3,NA,central-florida,2024
12,Tyler Hendricks,G,14,0,106,10.3,0.604,0.538,0.308,32,5,12,8.4,3.7,1.1,0,19,17,0.1,0.1,0.3,0.103,-2.4,1.2,-1.2,NA,central-florida,2024
13,Comeh Emuobor,G,10,0,59,8.2,0.434,0.3,0.2,17,1.8,15.7,8.5,3.4,1,0,4.4,19,0,0.1,0.1,0.076,-4.1,1.9,-2.2,NA,central-florida,2024
14,Mintautas Mockus,G,8,0,30,3.5,0.369,0.667,0.111,7,3.6,19.3,11.1,6.5,1.9,0,17.4,18.8,0,0.1,0,0.008,-7.7,1.6,-6.1,NA,central-florida,2024
15,Poohpha Warakulnukroh,G,6,0,10,9.4,0.253,0.333,0.667,3,0,11.6,5.6,32.4,0,12.2,0,19.4,0,0,0,0.059,-4.1,3.4,-0.7,NA,central-florida,2024
16,Charlie May,G,6,0,10,-2.9,0,0,0,0,0,34.8,16.7,0,5.8,0,50,9.8,0,0,0,-0.039,-15.4,7.5,-7.9,NA,central-florida,2024
17,Michael Kalina,G,5,0,9,-0.8,0.5,0.333,0,2,0,0,0,0,0,13.5,40,27.2,0,0,0,-0.124,-4.4,-0.7,-5,NA,central-florida,2024
NA,Team Totals,,33,33,6625,NA,0.517,0.359,0.372,NA,NA,NA,NA,NA,NA,NA,NA,NA,7.6,12.2,19.8,0.12,0.6,3,3.7,NA,central-florida,2024
1,Darius Johnson,G,37,37,1271,19,0.58,0.495,0.354,634,2.3,8.4,5.3,25.4,3.6,0.6,16.4,24.8,2.9,1.2,4.1,0.128,4.1,2.2,6.3,NA,central-florida,2025
2,Keyshawn Hall,G,33,33,1104,19.3,0.558,0.289,0.555,600,6.5,16.3,11.4,14.8,1.3,1.4,15.1,28.2,2.4,0.9,3.3,0.12,4,0.1,4.1,NA,central-florida,2025
3,Jordan Ivy-Curry,G,34,25,992,16.1,0.542,0.561,0.282,417,2.7,9.6,6.1,14.6,2.6,0.3,9.9,21.8,1.9,0.8,2.7,0.11,3.1,1.5,4.7,NA,central-florida,2025
4,Moustapha Thiam,C,34,34,977,17.4,0.557,0.281,0.267,343,9.8,14.2,12,5,0.9,9.1,12.4,17.6,1.6,1,2.5,0.104,1.8,2.2,4,NA,central-florida,2025
5,Dallan Coleman,G,37,30,863,10.6,0.475,0.623,0.377,213,6.4,12.8,9.6,7.3,2.6,0.5,11.2,12.8,0.7,0.8,1.5,0.072,0.6,2,2.6,NA,central-florida,2025
6,Benny Williams,F,35,1,455,11.1,0.463,0.187,0.244,134,6.5,10.5,8.5,11.4,1.6,4.2,13.3,16.5,0.2,0.4,0.6,0.05,-0.8,1.6,0.8,NA,central-florida,2025
7,Nils Machowski,G,31,9,384,14.7,0.583,0.576,0.318,118,5.8,13.3,9.5,11.6,2.7,0.8,14.1,14.1,0.7,0.4,1,0.109,2.8,2.4,5.2,NA,central-florida,2025
8,JJ Taylor,F,25,0,345,10.1,0.53,0.494,0.568,109,4.3,13.2,8.7,10.8,1.4,2,21.4,18,0.1,0.3,0.4,0.046,-0.3,1.1,0.7,NA,central-florida,2025
9,Tyler Hendricks,G,26,8,321,12.6,0.55,0.5,0.273,85,6.9,14.9,10.9,7.1,1,2.5,7.4,11.9,0.5,0.2,0.8,0.098,1.5,1.2,2.8,NA,central-florida,2025
10,Dior Johnson,G,35,0,297,12.2,0.545,0.271,0.235,103,2.1,10.6,6.3,18.5,1.9,0,17.5,18.3,0.3,0.2,0.5,0.069,-0.1,1,1,NA,central-florida,2025
11,Mikey Williams,G,18,5,252,10.8,0.462,0.36,0.225,86,2.9,12,7.4,9.8,1.8,1.6,10,20.6,0.1,0.2,0.3,0.05,0.2,0.8,1,NA,central-florida,2025
12,Rokas Jocius,C,25,2,214,6.6,0.459,0.26,0.14,53,7.9,12.2,10,5.8,0,2.4,15.8,14,0,0.1,0.1,0.028,-3.2,-0.2,-3.5,NA,central-florida,2025
13,Jaylin Sellers,G,3,1,47,8.8,0.602,0.357,0.143,16,2.3,6.9,4.6,12.5,1.2,0,28.6,21.2,0,0,0,0.008,-2.2,-1,-3.3,NA,central-florida,2025
14,Poohpha Warakulnukroh,G,4,0,4,6.3,0,NA,NA,1,0,54.2,26.8,38,13.8,0,51.3,23.1,0,0,0,-0.16,-11.6,16.7,5.1,NA,central-florida,2025
NA,Team Totals,,37,37,7526,NA,0.543,0.417,0.356,NA,NA,NA,NA,NA,NA,NA,NA,NA,11.5,6.5,17.9,0.095,2,1.5,3.5,NA,central-florida,2025
1,Themus Fulks,G,33,33,1084,15.1,0.531,0.134,0.294,528,2.3,8.2,5.2,36.3,1.3,0.1,20.4,24.2,1.6,0.7,2.3,0.086,2.3,-0.4,1.9,NA,central-florida,2026
2,Jordan Burks,F,33,33,929,18.5,0.581,0.488,0.306,383,5.4,14.1,9.7,4.2,2.1,2,7.1,21.1,2.2,1,3.3,0.141,5.2,2.1,7.3,NA,central-florida,2026
3,Riley Kugel,G,31,31,896,15.3,0.519,0.387,0.219,420,3.8,8.5,6.1,15.9,2,0.9,11.2,25.9,1.4,0.8,2.2,0.098,2.7,1.5,4.2,NA,central-florida,2026
4,Jamichael Stillwell,F,31,30,879,19.7,0.562,0.147,0.429,388,13.1,19.5,16.2,13.3,2.1,0.6,13.5,20.2,2.1,1.1,3.2,0.144,4,2.2,6.2,NA,central-florida,2026
5,John Bol,F,33,33,619,16.7,0.704,0.009,0.46,185,10.9,22.7,16.7,2.7,0.8,6.2,21.6,13.6,1,0.8,1.8,0.119,0.8,2.9,3.7,NA,central-florida,2026
6,Devan Cambridge,G,33,3,573,14.6,0.556,0.466,0.466,180,7,16.3,11.5,7.8,1.8,3.7,10.6,15,1,0.7,1.7,0.117,1.7,3.1,4.8,NA,central-florida,2026
7,Chris Johnson,G,32,2,502,15,0.55,0.525,0.247,197,1.5,8.7,5.1,20.3,1.8,1.1,10.4,19.3,1,0.4,1.4,0.115,3.4,2.2,5.6,NA,central-florida,2026
8,Carmelo Pacheco,G,31,0,482,10.1,0.592,0.924,0.051,120,2.1,7.4,4.7,3.6,0.7,0,4,12.5,0.8,0.2,1.1,0.088,2.8,1,3.7,NA,central-florida,2026
9,Jeremy Foumena,C,26,0,249,14.3,0.545,0.014,0.329,87,10.2,17.6,13.8,4.3,0.7,2.2,10.6,18.2,0.4,0.2,0.6,0.096,-0.5,0.6,0.1,NA,central-florida,2026
10,George Beale,G,25,0,205,10.3,0.477,0.674,0.202,81,1.6,11.2,6.3,6.7,0.8,1.1,6.7,24.5,0.2,0.2,0.4,0.068,-0.2,-0.4,-0.6,NA,central-florida,2026
11,Kris Parker,G,22,0,131,5.3,0.592,0.292,0.708,37,5.1,8.8,6.9,6.1,0.4,0.8,31.9,17.3,-0.1,0.1,0,0.002,-4.8,-0.3,-5.2,NA,central-florida,2026
12,Elijah Hulsewe,C,17,0,80,14.3,0.652,0,0.8,21,13.8,20.2,16.9,3.8,2.8,1.4,17.9,10.1,0.2,0.1,0.3,0.138,-0.7,2.8,2.2,NA,central-florida,2026
13,Zachary Johnson,G,7,0,14,-0.6,0,1,0,0,0,16.5,8.1,0,0,0,0,3.4,0,0,0,-0.019,-5.3,0.4,-4.9,NA,central-florida,2026
14,Poohpha Warakulnukroh,G,4,0,7,-10.6,0.333,0,0,2,0,32.9,16.1,0,0,0,40,34.3,-0.1,0,-0.1,-0.29,-21.5,-7.6,-29.1,NA,central-florida,2026
NA,Team Totals,,33,33,6650,NA,0.556,0.348,0.305,NA,NA,NA,NA,NA,NA,NA,NA,NA,11.7,6.5,18.1,0.109,2.5,1.5,4,NA,central-florida,2026
1,Derrio Green,G,30,27,1062,13.4,0.471,0.577,0.329,400,1.2,10.4,5.9,25.2,2.4,0.3,17.7,25.1,0.7,0.8,1.6,0.059,0,-0.7,-0.8,NA,charlotte,2011
2,Jamar Briscoe,G,29,28,968,14.5,0.52,0.422,0.329,354,1.4,12.3,6.9,21.6,2.8,0,19.8,23.7,0.9,0.9,1.8,0.074,-0.4,0.1,-0.2,NA,charlotte,2011
3,An'Juan Wilderness,F,29,28,862,11.2,0.497,0.127,0.358,209,7.4,9.3,8.4,12.7,2.1,0.6,19.2,14.6,0.6,0.6,1.2,0.055,-1.4,0.3,-1.1,NA,charlotte,2011
4,Javarris Barnett,F,30,25,853,11.7,0.557,0.603,0.176,216,3.4,17.5,10.6,6.9,1.4,1,19.4,16.6,0.6,0.8,1.4,0.066,0,-0.2,-0.2,NA,charlotte,2011
5,Chris Braswell,F,30,28,824,17.3,0.518,0.092,0.618,332,10.4,19.4,15,9.2,1.6,2.8,18.9,25.5,1,0.9,1.9,0.092,-1.1,-0.5,-1.6,NA,charlotte,2011
6,Kj Sherrill,F,20,2,462,12.4,0.516,0.02,0.582,128,9.4,9.7,9.5,2.9,1.2,3.6,17.8,17.4,0.4,0.3,0.7,0.061,-1.6,-0.5,-2,NA,charlotte,2011
7,Gokhan Sirin,F,29,1,329,10.3,0.609,0.867,0.107,81,3.3,9,6.2,4.1,0.9,1.7,20.2,15.9,0.3,0.2,0.5,0.057,0.3,-1.1,-0.8,NA,charlotte,2011
8,Phil Jones,C,15,1,323,22.3,0.6,0.039,0.468,112,12.7,17.5,15.1,6.9,1.1,9.6,14.5,18,0.8,0.4,1.2,0.153,1.5,2,3.5,NA,charlotte,2011
9,Charles Dewhurst,G,14,5,278,10.3,0.429,0.111,0.259,43,11.3,17.4,14.4,11.4,2,3.6,31.6,8.4,0.1,0.3,0.4,0.057,-1.6,1.6,0,NA,charlotte,2011
10,Shamari Spears,F,5,5,165,20.4,0.598,0.264,0.717,73,3.7,7.9,5.8,4.7,1.5,1.3,12.3,25.9,0.5,0.1,0.6,0.14,2.9,-1.4,1.5,NA,charlotte,2011
11,Colby Lewis,G,17,0,116,8.2,0.538,0.808,0,27,4.2,5.1,4.6,9.5,1.1,0,13.3,13.7,0.1,0,0.2,0.059,-1.5,-1.2,-2.7,NA,charlotte,2011
12,Ray Morgenstern,G,3,0,8,7.6,0.526,NA,NA,1,0,14.7,7.5,23.2,7.6,0,51.3,12.9,0,0,0,0.035,-10.6,4.7,-5.9,NA,charlotte,2011
NA,Team Totals,,30,30,6250,NA,0.52,0.372,0.376,NA,NA,NA,NA,NA,NA,NA,NA,NA,6,5.4,11.4,0.073,-0.5,-0.1,-0.6,NA,charlotte,2011
1,Javarris Barnett,F,30,28,956,15.4,0.551,0.49,0.185,327,5.1,16,10.2,9.6,0.9,0.6,12,19.6,1.7,0.9,2.6,0.108,2.2,-0.6,1.6,NA,charlotte,2012
2,DeMario Mayfield,G,29,28,887,16.3,0.475,0.317,0.478,334,6.7,20.9,13.3,18.7,1.9,1,13.4,22.3,1,1.2,2.3,0.102,0.9,0.7,1.6,NA,charlotte,2012
3,Chris Braswell,F,29,27,863,23.6,0.587,0.155,0.479,420,9.2,21.2,14.8,10.2,2.4,4.7,18.8,27.8,1.9,1.4,3.3,0.153,2.3,1.4,3.7,NA,charlotte,2012
4,Pierria Henry,G,28,28,845,13.6,0.48,0.261,0.564,234,4.4,10,7,23.1,5,1.5,24.3,16.4,0.3,1.4,1.7,0.079,-1.8,4.1,2.2,NA,charlotte,2012
5,Jamar Briscoe,G,30,11,614,11.6,0.466,0.505,0.274,203,2.3,10.1,6,12.2,2.5,0,12.6,22,0.3,0.6,0.9,0.062,-1.2,0.5,-0.7,NA,charlotte,2012
6,E. Victor Nickerson,G,30,4,506,6.3,0.389,0.204,0.57,103,5.4,9.1,7.1,9.2,2.6,1.3,21.3,14.9,-0.4,0.6,0.2,0.015,-4.6,1.4,-3.2,NA,charlotte,2012
7,Derrio Green,G,25,19,471,11.7,0.454,0.601,0.272,160,1.4,7.1,4.1,20,3.1,0.7,16,22.6,0.1,0.5,0.6,0.053,-0.7,0.7,0,NA,charlotte,2012
8,Terrence Williams,G,29,2,397,8.1,0.456,0.264,0.556,93,3.8,20.7,11.7,15.5,1.2,1.4,26,15.5,-0.1,0.5,0.4,0.038,-4.2,1.1,-3.2,NA,charlotte,2012
9,Kj Sherrill,F,25,3,327,7.5,0.544,0,0.5,67,5,7.6,6.2,2.5,1.2,3.5,22.8,12.8,0.1,0.3,0.4,0.047,-4.1,0.9,-3.2,NA,charlotte,2012
10,Luka Voncina,G,8,0,125,4.3,0.462,0.64,0.08,24,1.7,4,2.8,12.8,1.4,0.9,27.8,14.4,-0.1,0.1,0,-0.007,-3.8,-0.6,-4.4,NA,charlotte,2012
11,Ilija Ivankovic,C,8,0,49,8.1,0.782,0,0.25,8,6.7,12.7,9.5,8,0,0,0,4.6,0.1,0,0.1,0.118,-4.1,1.1,-3,NA,charlotte,2012
12,Colby Lewis,G,4,0,6,22.9,0.429,1,0,5,0,0,0,69.6,0,0,0,58.4,0,0,0,0.118,-7.2,-9,-16.1,NA,charlotte,2012
13,Mike Thorne,C,1,0,3,-14.1,0,0,0,0,0,0,0,0,0,0,0,16.7,0,0,0,-0.228,-10.6,-6.2,-16.8,NA,charlotte,2012
14,Lamar Bradbury,F,1,0,1,181.2,1.5,1,0,3,0,100,58,0,0,0,0,50.1,0.1,0,0.1,2.411,109.4,30.7,140.1,NA,charlotte,2012
NA,Team Totals,,30,30,6050,NA,0.504,0.351,0.39,NA,NA,NA,NA,NA,NA,NA,NA,NA,5,7.5,12.5,0.083,-0.6,1.1,0.5,NA,charlotte,2012
1,Pierria Henry,G,33,32,1086,17.6,0.514,0.213,0.544,367,4.3,15.8,9.9,22.9,4.5,2.1,22.1,19.3,1.2,2,3.2,0.118,1,4.5,5.5,NA,charlotte,2013
2,Denzel Ingram,G,33,28,813,7.7,0.456,0.448,0.177,186,1.4,6.8,4,12.3,2,0.1,17.1,15.3,0.2,0.7,0.9,0.045,-2.6,1.1,-1.5,NA,charlotte,2013
3,Chris Braswell,F,32,10,784,21.1,0.544,0.18,0.486,367,9.7,17.1,13.3,13.7,1.8,3.5,17.5,26.7,1.7,1.1,2.8,0.143,2.8,1.2,3.9,NA,charlotte,2013
4,Terrence Williams,G,33,24,770,9.5,0.427,0.223,0.371,254,4,15,9.4,14.8,1.9,1,18.5,23.2,-0.1,0.9,0.8,0.042,-3.1,0.6,-2.5,NA,charlotte,2013
5,Willie Clayton,F,33,33,755,18.6,0.567,0,0.559,271,15.6,17,16.2,2.1,1.4,2.6,16.8,19.4,1.4,1,2.4,0.126,1.6,-0.2,1.4,NA,charlotte,2013
6,E. Victor Nickerson,G,30,15,674,8,0.458,0.311,0.53,173,3.8,10.4,7,9.8,1.7,0.7,20.9,17.5,0,0.6,0.7,0.039,-2.6,0.5,-2.1,NA,charlotte,2013
7,Darion Clark,F,32,18,562,14.3,0.527,0,0.639,189,10.4,21.3,15.7,5.4,0.8,3.8,23,21.4,0.2,0.8,1,0.07,-2,0,-2,NA,charlotte,2013
8,DeMario Mayfield,G,18,2,475,19.4,0.584,0.385,0.552,195,2.9,13.7,8.1,16.9,2.8,0.7,18.1,22.9,1.1,0.6,1.7,0.143,2.2,2.2,4.4,NA,charlotte,2013
9,J.T. Thompson,F,20,1,295,15,0.512,0.095,0.284,88,7,13.4,10.1,11.9,1.4,1.5,9.7,15.6,0.6,0.3,0.9,0.122,0.5,0.7,1.2,NA,charlotte,2013
10,Ivan Benkovic,G,30,0,292,9.1,0.548,0.877,0.231,67,1.6,8,4.7,3.3,1.2,0.8,8.8,13.4,0.4,0.2,0.7,0.09,-0.4,0.6,0.2,NA,charlotte,2013
11,Mike Thorne,C,17,0,112,14.8,0.51,0,0.179,31,14.4,9.9,12.2,0,1.6,2,9,14.7,0.2,0.1,0.3,0.107,0.9,-0.5,0.4,NA,charlotte,2013
12,Colby Lewis,G,9,1,26,3.8,0.409,0.909,0,7,0,9.5,4.6,0,0,0,8.3,22.8,0,0,0,0.015,-0.7,-1.8,-2.5,NA,charlotte,2013
13,Ilija Ivankovic,C,2,0,5,-4.8,0,0,0,1,46.1,49.3,47.6,0,0,0,0,29.6,0,0,0,-0.159,-13.4,-14.7,-28.1,NA,charlotte,2013
14,Lamar Bradbury,F,2,0,1,0,NA,NA,NA,0,0,0,0,0,0,0,NA,0,0,0,0,0.002,-6.5,-3.3,-9.8,NA,charlotte,2013
NA,Team Totals,,33,33,6650,NA,0.509,0.236,0.448,NA,NA,NA,NA,NA,NA,NA,NA,NA,6.9,8.4,15.3,0.092,-0.3,1.3,1,NA,charlotte,2013
1,Pierria Henry,G,30,28,1013,17.9,0.508,0.323,0.426,428,4.5,12,8.3,34,3.6,2.3,21.4,22.3,1.2,1.8,3.1,0.122,1.8,2.6,4.4,NA,charlotte,2014
2,Terrence Williams,G,31,31,937,11.4,0.466,0.198,0.451,329,3.4,14.4,9,14.9,1.9,0.7,17.3,22,0.2,1.4,1.6,0.068,-2,0.6,-1.4,NA,charlotte,2014
3,Willie Clayton,F,31,30,914,17.7,0.574,0,0.776,338,14.4,18.7,16.6,5.3,1.6,2.1,19.1,19.3,1.3,1.5,2.8,0.123,0.1,-0.2,-0.1,NA,charlotte,2014
4,Mike Thorne,C,31,30,759,14.9,0.513,0.004,0.339,268,11.4,18.6,15.1,3.3,0.7,3.2,15.7,20.9,0.6,1.2,1.7,0.09,-1.6,-0.8,-2.4,NA,charlotte,2014
5,Shawn Lester,G,31,1,757,15.1,0.538,0.527,0.3,332,2.8,16,9.5,13.7,1.8,0.3,18.1,27,0.6,1.1,1.8,0.094,0.6,-0.1,0.6,NA,charlotte,2014
6,Denzel Ingram,G,28,10,756,11,0.561,0.508,0.213,212,1.6,7.1,4.4,13.1,1.4,0.3,15.2,15.3,0.9,0.8,1.7,0.092,-0.1,0.7,0.6,NA,charlotte,2014
7,Ben Cherry,G,31,25,673,10.3,0.648,0.793,0.252,165,0.8,4.2,2.5,6,0.9,0,10.6,12.3,1.3,0.6,1.8,0.108,0.3,-0.2,0,NA,charlotte,2014
8,Marcus Bryan,F,31,0,384,10,0.488,0,0.296,109,7.8,14.2,11,7.1,0.9,1.1,18.9,17.5,0.1,0.5,0.6,0.06,-2.9,-0.4,-3.3,NA,charlotte,2014
9,Cameron Blakley,F,15,0,47,-7.6,0.084,0.636,0.182,3,4.7,11.6,8.2,3.4,0,2.2,14.3,14.5,-0.2,0.1,-0.1,-0.101,-11.9,-3.3,-15.2,NA,charlotte,2014
10,Gavin Wilson,G,5,0,6,-33.7,0,0.667,0,0,0,0,0,0,0,0,25,32.6,-0.1,0,-0.1,-0.464,-20.7,-7.8,-28.4,NA,charlotte,2014
11,Reid Aube,F,4,0,4,10.5,NA,NA,NA,1,27.8,0,13.8,0,0,0,NA,0,0,0,0,0.097,4.7,-3.9,0.7,NA,charlotte,2014
NA,Team Totals,,31,31,6250,NA,0.527,0.295,0.395,NA,NA,NA,NA,NA,NA,NA,NA,NA,6,9,15,0.096,-0.4,0.4,0,NA,charlotte,2014
1,Pierria Henry,G,32,30,1003,20.8,0.509,0.286,0.436,399,5,14.2,9.6,31.7,4.5,2.5,19.7,20.1,2,1.6,3.6,0.145,3.1,3.1,6.3,NA,charlotte,2015
2,Braxton Ogbueze,G,32,32,899,14.1,0.544,0.494,0.31,290,2.5,7,4.7,11.1,2,0.1,11.6,17.9,1.8,0.6,2.3,0.104,1.7,-0.3,1.4,NA,charlotte,2015
3,Torin Dorn,G,32,16,880,17.2,0.57,0.271,0.33,340,3.3,12.1,7.7,9.4,1.4,0.5,14.9,22.7,1.6,0.6,2.3,0.103,2.5,-1.5,1,NA,charlotte,2015
4,Mike Thorne,C,32,30,836,19.2,0.539,0.004,0.402,316,11.9,20.8,16.3,6.1,0.3,3.9,12.3,20.6,1.7,0.9,2.6,0.123,1.5,-1.4,0.1,NA,charlotte,2015
5,Terrence Williams,G,32,27,826,14.6,0.522,0.256,0.443,315,4.7,14.7,9.7,16.2,2,0.4,19.5,22.6,1,0.8,1.8,0.088,-0.3,-0.7,-1,NA,charlotte,2015
6,Keyshawn Woods,G,32,3,813,13.2,0.594,0.417,0.161,239,2,8.7,5.4,9.2,1.2,0.4,14.7,16.5,1.4,0.5,1.8,0.09,1.2,-1,0.3,NA,charlotte,2015
7,Willie Clayton,F,32,22,725,14.4,0.529,0,0.639,246,16,16.1,16,4.3,1.6,1.4,23.1,19.9,0.5,0.7,1.2,0.068,-1.6,-2,-3.6,NA,charlotte,2015
8,Ivan Benkovic,G,27,0,277,11.1,0.575,0.918,0.178,82,3,8.4,5.7,7.9,1.1,0.4,13.2,16.6,0.5,0.2,0.7,0.095,0.6,-0.5,0,NA,charlotte,2015
9,Bernard Sullivan,F,13,0,175,14.6,0.508,0.039,0.412,58,8.7,14.6,11.6,2.2,1.4,1.9,15.3,20.8,0.2,0.2,0.3,0.072,0,-1.5,-1.6,NA,charlotte,2015
10,Cameron Blakley,F,21,0,149,12.1,0.595,0.784,0.189,41,2.4,14.8,8.6,4.9,1.2,3.8,18.2,16.7,0.2,0.1,0.3,0.087,-0.1,0.2,0.2,NA,charlotte,2015
11,Cameron Pappas,G,4,0,5,32,0.306,0.667,1.333,4,23.4,46.3,34.9,61.5,0,0,0,49.5,0,0,0,0.223,-2,-0.9,-2.9,NA,charlotte,2015
12,Gavin Wilson,G,5,0,5,-19.4,0.25,0.833,0,2,0,46.3,23.3,0,0,0,14.3,70.7,-0.1,0,0,-0.395,-26.4,-13.5,-39.8,NA,charlotte,2015
13,Reid Aube,F,4,0,5,33.9,0.5,0,0,3,46.7,69.5,58.1,0,0,0,0,20.2,0,0,0,0.321,1.4,-2.7,-1.3,NA,charlotte,2015
14,Mitch Warner,G,3,0,2,-44.1,0,0,0,0,0,0,0,0,0,0,0,50.5,0,0,0,-0.668,-17.6,-10,-27.6,NA,charlotte,2015
NA,Team Totals,,32,32,6600,NA,0.542,0.288,0.37,NA,NA,NA,NA,NA,NA,NA,NA,NA,10.7,6.2,17,0.103,1.2,-0.4,0.7,NA,charlotte,2015
1,Braxton Ogbueze,G,33,32,1131,15.5,0.578,0.666,0.172,438,1.7,6,3.8,14.1,0.8,0.2,8.4,19.2,2.8,0.2,3,0.105,3.4,-1.8,1.6,NA,charlotte,2016
2,Jon Davis,G,33,30,1064,14.6,0.524,0.268,0.374,422,2.1,8.1,4.9,25.9,2.1,0.8,18.9,20.5,1.4,0.6,2,0.075,-0.3,-0.7,-1,NA,charlotte,2016
3,Joseph Uchebo,C,33,28,922,26.7,0.584,0,0.419,432,14.5,32.5,23.1,6.9,2,2.4,10.6,21.7,2.8,1.2,4,0.173,4.2,-0.6,3.5,NA,charlotte,2016
4,Andrien White,G,33,31,863,15.4,0.552,0.583,0.279,311,2.2,12.7,7.2,7.4,3.4,0.7,11.6,20.2,1.3,0.8,2.1,0.098,-0.2,1.1,1,NA,charlotte,2016
5,Curran Scott,G,33,18,815,14.4,0.597,0.258,0.665,319,1.4,9.4,5.2,9.6,1.2,0.1,15.9,20.4,1.6,0.3,1.9,0.092,-0.9,-1.3,-2.2,NA,charlotte,2016
6,Anthony Vanhook,F,29,6,707,15.3,0.51,0.027,0.269,249,7.2,12.3,9.7,20.2,2,1.4,15.7,16.9,1.1,0.5,1.6,0.09,-0.3,0.4,0.1,NA,charlotte,2016
7,Ridell Camidge,G,28,6,404,4.7,0.394,0.704,0.133,111,2.4,13.1,7.5,9.3,1,0,14.8,20.1,-0.4,0.2,-0.2,-0.021,-4.8,-2.5,-7.2,NA,charlotte,2016
8,Benas Griciunas,C,27,4,254,15.8,0.541,0.157,0.213,104,12.6,20.4,16.3,5.4,0.9,3.6,19.7,23.1,0.2,0.2,0.4,0.067,-3,-1.7,-4.7,NA,charlotte,2016
9,Bernard Sullivan,F,10,9,250,13.5,0.43,0.038,0.343,109,9.4,16,12.5,12.3,0.7,3.6,12.8,26.9,0,0.2,0.2,0.031,-1.8,-1,-2.8,NA,charlotte,2016
10,Reid Aube,F,26,1,182,7.4,0.707,0,0.75,29,8.8,13.6,11.1,1.7,0.6,2.8,26.9,5.9,0.2,0.1,0.3,0.072,-5,0.4,-4.6,NA,charlotte,2016
11,Cameron Pappas,G,12,0,64,11.6,0.56,0.5,0.714,20,0,12.9,6.1,7.7,1.7,0,13.8,16.3,0.1,0,0.1,0.081,-4.6,-1.1,-5.7,NA,charlotte,2016
12,Cameron Blakley,F,10,0,36,-18.7,0.078,0.636,0.364,2,3,3.3,3.1,0,1.5,2.8,18.9,21.2,-0.2,0,-0.2,-0.237,-24.3,-4.8,-29.1,NA,charlotte,2016
13,Gavin Wilson,G,4,0,6,-23.9,0,0.5,0,0,0,0,0,0,0,0,33.3,24,-0.1,0,-0.1,-0.39,-22.4,-12.3,-34.8,NA,charlotte,2016
14,Mitch Warner,G,2,0,2,-58,0,1,0,0,0,0,0,0,0,0,0,48.1,0,0,0,-0.654,-64,-20.7,-84.7,NA,charlotte,2016
NA,Team Totals,,33,33,6700,NA,0.54,0.337,0.332,NA,NA,NA,NA,NA,NA,NA,NA,NA,10.7,4.3,15.1,0.09,0.1,-0.8,-0.6,NA,charlotte,2016
1,Jon Davis,G,30,30,1056,21.1,0.592,0.317,0.462,584,0.9,9.8,5.4,24.9,1.7,0.7,15.9,27.4,2.6,0.7,3.3,0.125,3.5,-1.6,1.9,NA,charlotte,2017
2,Braxton Ogbueze,G,30,27,927,10.9,0.536,0.638,0.147,279,1.7,6.4,4,6.2,0.9,0.3,8.1,16.3,1,0.3,1.3,0.057,0.3,-2.4,-2.2,NA,charlotte,2017
3,Andrien White,G,29,20,692,18.3,0.57,0.599,0.356,306,3.5,15.1,9.3,8.4,3.3,1.5,14.3,23.8,1,0.8,1.9,0.108,1.7,0.1,1.8,NA,charlotte,2017
4,Anthony Vanhook,F,27,19,653,19.1,0.531,0.005,0.479,287,7.8,19.9,13.9,21.8,2.4,2,15.7,20.5,1.2,0.8,2,0.125,0.3,0.6,0.9,NA,charlotte,2017
5,Hudson Price,G,28,2,597,9.3,0.573,0.716,0.207,137,2.2,9.6,5.9,4.6,1.4,1.2,13.6,12.1,0.5,0.4,0.9,0.059,-1.3,-0.8,-2.1,NA,charlotte,2017
6,Austin Ajukwa,G,21,17,567,15.6,0.551,0.307,0.312,217,2.7,16.7,9.7,4.8,1.6,2.1,11.8,21.2,0.7,0.5,1.2,0.085,0.1,-0.9,-0.8,NA,charlotte,2017
7,Quentin Jackson,G,30,5,512,9.9,0.451,0.225,0.319,170,1.7,10.5,6.1,13.7,2.7,1.8,16.7,21.2,-0.2,0.5,0.2,0.019,-4.8,-0.4,-5.2,NA,charlotte,2017
8,Najee Garvin,F,29,12,482,9.7,0.522,0.016,0.325,149,5.3,19.2,12.3,4.7,0,1.7,18.5,18.1,0.1,0.3,0.4,0.037,-4.4,-2,-6.4,NA,charlotte,2017
9,Benas Griciunas,C,20,7,190,11.3,0.503,0.058,0.308,62,6.4,14.5,10.5,5.9,1.1,2,11.8,17.4,0.2,0.2,0.3,0.066,-3.5,-1,-4.5,NA,charlotte,2017
10,Reid Aube,F,22,3,158,6.2,0.551,0,0.538,27,11.2,11.2,11.2,1,1,3.5,32.9,7.5,0.1,0.1,0.2,0.052,-6.8,-0.8,-7.6,NA,charlotte,2017
11,J.C. Washington,F,9,8,157,10.9,0.496,0.025,0.125,49,7.8,19.6,13.7,13.1,1,3.6,23.5,17.3,0,0.2,0.2,0.043,-5.5,-0.8,-6.3,NA,charlotte,2017
12,Lukas Bergang,F,9,0,30,3.5,1.053,NA,NA,4,0,0,0,0,1.8,6.2,34.5,4.7,0,0,0.1,0.08,-7.8,4.1,-3.6,NA,charlotte,2017
13,Corey Bias,G,3,0,4,22,1.053,NA,NA,2,0,0,0,0,0,0,0,11.6,0,0,0,0.304,-0.2,1.1,0.9,NA,charlotte,2017
NA,Team Totals,,30,30,6025,NA,0.548,0.349,0.341,NA,NA,NA,NA,NA,NA,NA,NA,NA,7.3,4.8,12.1,0.08,-0.5,-1,-1.5,NA,charlotte,2017
1,Jon Davis,G,29,28,1051,16.7,0.517,0.36,0.446,550,2.7,9.3,6,33.5,1.4,0.9,18.8,28.4,1.4,0.4,1.8,0.07,1.8,-3,-1.2,NA,charlotte,2018
2,Austin Ajukwa,G,29,21,799,8.6,0.515,0.374,0.327,235,2.3,11.8,7,6,2.2,1.3,22.1,19.3,-0.2,0.6,0.3,0.017,-4.4,-1,-5.4,NA,charlotte,2018
3,Andrien White,G,25,22,682,21.2,0.563,0.482,0.435,346,4.3,16.1,10.2,10.5,3.4,0.9,12.4,27.5,1.5,0.7,2.2,0.13,2.5,0.6,3.1,NA,charlotte,2018
4,Najee Garvin,F,29,13,658,10.9,0.501,0.023,0.45,203,4.8,20.5,12.6,6.6,1.3,1.1,18.5,19.1,0.1,0.5,0.5,0.033,-4,-1.2,-5.3,NA,charlotte,2018
5,Milos Supica,F,28,8,568,12.4,0.5,0.007,0.427,183,12.2,15.2,13.7,3.7,0.8,2,17.7,18.1,0.3,0.3,0.6,0.041,-2.8,-2.7,-5.5,NA,charlotte,2018
6,Jailan Haslem,C,29,28,505,12.8,0.579,0,0.51,154,13.5,15.5,14.5,3.2,0.4,2.6,20.3,14.9,0.6,0.3,0.9,0.07,-2.7,-2,-4.6,NA,charlotte,2018
7,Luka Vasic,G,24,9,405,6.9,0.51,0.548,0.438,91,2.2,15.7,8.9,9.7,1.2,0,22.1,13.8,0,0.2,0.2,0.022,-4.4,-1.9,-6.3,NA,charlotte,2018
8,Ryan Murphy,G,19,5,379,9.9,0.548,0.708,0.071,113,0.3,6.4,3.3,9.8,1.5,0,13.4,17.5,0.3,0.1,0.4,0.044,-0.3,-1.3,-1.7,NA,charlotte,2018
9,Jaylan McGill,G,28,1,360,5.3,0.504,0.831,0.07,69,0.3,4.2,2.2,7.2,1.1,0,14.1,11.7,0.1,0,0.2,0.017,-2.9,-1.7,-4.7,NA,charlotte,2018
10,Hudson Price,G,9,9,258,16.7,0.749,0.412,0.431,80,2.6,16.5,9.5,7.2,1.9,0.4,18.6,14.4,0.6,0.2,0.8,0.119,0.8,0,0.8,NA,charlotte,2018
11,Bryant Thomas,F,10,0,127,9.6,0.507,0,0.75,23,4.5,18.2,11.3,2.9,0.9,6.5,18.7,10.4,0,0.1,0.1,0.043,-2.3,-0.9,-3.2,NA,charlotte,2018
12,Bo Blight,F,7,0,14,8.5,0.333,0,0,2,8.1,33,20.5,0,0,0,0,10.6,0,0,0,0.025,-2.9,-4.2,-7.1,NA,charlotte,2018
13,Corey Bias,G,6,1,14,6.7,0.5,0,0,2,0,16.5,8.2,13.4,0,0,0,7,0,0,0,0.054,-5.6,-0.9,-6.5,NA,charlotte,2018
NA,Team Totals,,29,29,5820,NA,0.533,0.345,0.39,NA,NA,NA,NA,NA,NA,NA,NA,NA,4.7,3.4,8.1,0.056,-1.5,-1.5,-3,NA,charlotte,2018
1,Jon Davis,G,29,29,1076,21.9,0.585,0.49,0.465,609,1.3,13.7,7.6,29.4,1.4,1.4,18.4,33.7,2.5,1,3.4,0.128,4.3,-1.3,2.9,NA,charlotte,2019
2,Malik Martin,G,25,20,791,12.7,0.523,0.495,0.395,224,2.4,13.6,8.1,8.1,2.2,2.1,13.8,18.2,0.6,0.9,1.5,0.075,-0.9,0.3,-0.6,NA,charlotte,2019
3,Jaylan McGill,G,28,22,729,5.8,0.53,0.632,0.175,121,1,7,4,5.8,0.8,0.5,15.1,11,0.2,0.4,0.6,0.033,-3.1,-1.2,-4.3,NA,charlotte,2019
4,Milos Supica,F,29,18,651,13.7,0.56,0,0.456,217,6.5,19.6,13.1,11.1,1.7,3,23.9,21.6,0.2,0.8,1.1,0.066,-3.6,-0.4,-4,NA,charlotte,2019
5,Cooper Robb,G,22,20,645,9.2,0.488,0.558,0.225,155,2.4,14,8.3,15.4,2.2,2,20.3,16.4,-0.1,0.7,0.7,0.042,-3.1,0.4,-2.7,NA,charlotte,2019
6,Brandon Younger,G,25,11,588,8.4,0.464,0.39,0.213,139,2.6,14.1,8.4,7.5,1.4,2.8,16.2,17.3,-0.2,0.6,0.4,0.029,-3.1,-0.3,-3.5,NA,charlotte,2019
7,Dravon Mangum,F,29,14,560,7.9,0.481,0.504,0.513,140,5.5,11.3,8.4,4.9,1.1,3.4,19.4,17.7,-0.1,0.5,0.4,0.027,-3.4,-1.1,-4.5,NA,charlotte,2019
8,Jailan Haslem,C,27,11,360,11,0.516,0.014,0.31,105,13.5,18.9,16.2,15.5,0.7,3.9,28.8,17.5,0.1,0.4,0.5,0.05,-5,-0.5,-5.6,NA,charlotte,2019
9,Bo Blight,F,23,0,230,5.2,0.357,0.457,0.171,31,3.9,21,12.6,5.5,1.1,4.5,19.2,11.2,-0.2,0.3,0.1,0.012,-5.3,-0.1,-5.5,NA,charlotte,2019
10,John Kitoko,G,20,0,170,-1.3,0.236,0.714,0.057,19,2.2,10.9,6.6,5,1.1,0.8,16.3,13.9,-0.4,0.1,-0.3,-0.073,-7.8,-2.6,-10.4,NA,charlotte,2019
NA,Team Totals,,29,29,5800,NA,0.525,0.426,0.363,NA,NA,NA,NA,NA,NA,NA,NA,NA,2.6,5.7,8.3,0.057,-1.9,-0.6,-2.5,NA,charlotte,2019
1,Jahmir Young,G,29,29,937,19.4,0.552,0.455,0.386,363,2.3,18.1,10.5,19.7,2.9,1.3,14.1,22.3,1.8,1.7,3.5,0.149,2.5,1.6,4.1,NA,charlotte,2020
2,Drew Edwards,G,29,29,924,13,0.532,0.498,0.388,286,3.6,12.9,8.4,10.9,2.3,1.6,17,19.2,0.9,1.5,2.4,0.102,-0.7,0.8,0.2,NA,charlotte,2020
3,Jordan Shepherd,G,27,27,908,15.3,0.53,0.251,0.398,395,1.5,10.5,6.1,29.2,1.5,1,20.7,27,0.9,1.1,2.1,0.092,-0.3,-1.5,-1.8,NA,charlotte,2020
4,Malik Martin,G,29,28,862,16.6,0.593,0.481,0.374,238,3.3,12,7.7,5.2,3.3,2.9,11.3,15.7,1.5,1.6,3.1,0.142,1.4,2.3,3.7,NA,charlotte,2020
5,Cooper Robb,G,29,2,615,12.3,0.551,0.491,0.284,136,1.7,14.7,8.4,6.6,4.5,1,18,14.3,0.3,1.3,1.6,0.105,-2,3.8,1.8,NA,charlotte,2020
6,Amidou Bamba,F,29,29,565,16.4,0.596,0,0.424,183,8.8,17.6,13.3,11.4,0.6,5.7,20.6,18.3,0.8,0.9,1.7,0.123,-1.5,0.8,-0.7,NA,charlotte,2020
7,Milos Supica,F,29,0,438,18.2,0.641,0,0.404,164,12.2,19.8,16.1,11.4,1.2,2.8,26.2,21,0.7,0.7,1.4,0.131,-1.3,0,-1.3,NA,charlotte,2020
8,Brice Williams,G,27,0,246,9.3,0.465,0.484,0.194,58,2.7,17.9,10.5,3.4,1.5,3.5,14,17.5,0,0.4,0.4,0.057,-2.9,0.6,-2.3,NA,charlotte,2020
9,Luka Vasic,G,19,1,214,8.4,0.543,0.558,0.615,68,1.3,14.7,8.2,9.1,0.3,0.6,22,22,0,0.2,0.3,0.053,-4.5,-1.7,-6.3,NA,charlotte,2020
10,Tyler Bertram,G,12,0,111,-5.9,0.153,0.909,0.091,9,2.4,9.1,5.8,4.9,0.5,0,17.9,13.8,-0.4,0.1,-0.3,-0.091,-10.9,-2.5,-13.5,NA,charlotte,2020
11,Anzac Rissetto,F,8,0,27,0.1,0.576,0,0.333,4,0,4.7,2.4,7.5,2.2,4.6,53.5,15.1,-0.1,0,0,-0.052,-9.5,0.8,-8.7,NA,charlotte,2020
12,Brandon Younger,G,10,0,23,-1.3,0.404,0.667,0.5,6,0,32.8,16.9,9,0,0,21.2,22.4,0,0,0,-0.015,-12.8,-0.3,-13.1,NA,charlotte,2020
13,Bo Blight,F,3,0,5,-1,NA,NA,NA,1,0,25.1,13,35,0,0,100,10.9,0,0,0,-0.08,-7.2,0.4,-6.8,NA,charlotte,2020
NA,Team Totals,,29,29,5875,NA,0.55,0.368,0.38,NA,NA,NA,NA,NA,NA,NA,NA,NA,6.5,9.6,16.1,0.11,-0.6,0.9,0.3,NA,charlotte,2020
1,Jahmir Young,G,25,25,938,20.6,0.56,0.402,0.456,430,2.7,14.2,8.5,17.6,1.7,0.9,13.2,27.8,2.3,1.1,3.4,0.144,4.1,-0.8,3.3,NA,charlotte,2021
2,Jordan Shepherd,G,25,25,858,15.4,0.545,0.232,0.509,297,0.8,12.2,6.6,20.2,2.5,1.7,18.7,22,0.9,1.1,2.1,0.098,-1.1,0,-1.1,NA,charlotte,2021
3,Jhery Matos,G,25,25,829,9.9,0.479,0.503,0.106,200,2.9,14.3,8.7,15.8,1.9,2,20.4,16.9,-0.1,1.1,1,0.05,-2.1,0.4,-1.8,NA,charlotte,2021
4,Brice Williams,G,25,14,722,15.8,0.581,0.396,0.313,222,3.7,14,8.9,8.4,1.6,1.8,11.4,18.4,1.3,0.9,2.2,0.122,0.9,-0.2,0.7,NA,charlotte,2021
5,Milos Supica,F,20,20,428,16.6,0.618,0,0.429,134,12.1,21.2,16.7,9,1.4,1.7,23.5,17.3,0.7,0.6,1.3,0.123,-1.1,-0.8,-1.9,NA,charlotte,2021
6,Anzac Rissetto,F,25,5,395,5.2,0.495,0.017,0.78,90,8.7,8.7,8.7,7.2,1.1,2.7,30.2,16.5,-0.2,0.4,0.2,0.018,-8.6,-0.8,-9.4,NA,charlotte,2021
7,Jackson Threadgill,G,15,1,310,5.1,0.441,0.648,0.148,50,1.7,7.4,4.6,6.8,1,0,12.2,11.9,0,0.2,0.2,0.028,-2.8,-0.7,-3.5,NA,charlotte,2021
8,Marvin Cannon,F,13,10,240,8,0.415,0.447,0.5,44,2.8,21.3,12.2,11.1,1.5,2.5,21.7,14,-0.1,0.4,0.2,0.036,-3,0.5,-2.4,NA,charlotte,2021
9,Jared Garcia,F,21,0,203,13.9,0.5,0.391,0.297,73,9.8,24.6,17.3,7.3,0.9,4.2,18,24.6,0.1,0.3,0.4,0.076,-3,-0.5,-3.5,NA,charlotte,2021
10,Caleb Stone-Carrawell,G,13,0,127,1.6,0.377,0.259,0.481,25,3.1,16.1,9.7,5,0,1.9,23.2,19.1,-0.3,0.1,-0.1,-0.045,-7.4,-2.2,-9.6,NA,charlotte,2021
11,Isaiah Folkes,G,8,0,36,8.9,0.457,0,0.2,7,7.4,21.3,14.5,17.5,0,0,26.8,11.7,0,0,0,0.05,-2.2,-0.8,-3,NA,charlotte,2021
12,Caleb Byrd,G,9,0,32,-2.3,0.44,0.571,0.286,6,0,0,0,0,0,0,27.4,19.2,-0.1,0,-0.1,-0.073,-4,-2.5,-6.6,NA,charlotte,2021
13,Regin Larson,G,4,0,7,0.4,0,1,0,0,0,54.8,27.9,0,0,0,0,8,0,0,0,-0.041,-9.7,1.5,-8.3,NA,charlotte,2021
14,Luka Vasic,G,1,0,0,NA,NA,NA,NA,NA,NA,NA,NA,NA,NA,NA,NA,NA,0,0,0,NA,NA,NA,NA,NA,charlotte,2021
NA,Team Totals,,25,25,5125,NA,0.532,0.35,0.384,NA,NA,NA,NA,NA,NA,NA,NA,NA,4.5,6.3,10.9,0.085,-1.1,-0.4,-1.4,NA,charlotte,2021
1,Jahmir Young,G,31,31,1111,25.1,0.585,0.365,0.33,589,2.4,18,10.3,23.3,1.8,1.4,11.3,28.7,3.8,1,4.8,0.173,5.7,-0.6,5.1,NA,charlotte,2022
2,Austin Butler,G,31,31,1018,17.7,0.6,0.31,0.317,371,5.8,16.8,11.4,9.3,1.6,0.2,12.6,20,2.3,0.7,3.1,0.12,1.3,-1.4,-0.1,NA,charlotte,2022
3,Clyde Trapp Jr.,G,30,28,898,11.9,0.503,0.424,0.208,278,2.3,20.6,11.6,16.2,1.3,0.9,18.5,20,0.4,0.7,1.1,0.049,-1.8,-1.2,-3,NA,charlotte,2022
4,Aly Khalifa,F,31,30,749,17,0.551,0.298,0.267,291,7.7,13.8,10.8,28,1.4,3.5,20.4,19.6,1.5,0.6,2.1,0.113,1,0.2,1.2,NA,charlotte,2022
5,Jackson Threadgill,G,30,23,743,10.2,0.593,0.474,0.175,157,1,7.3,4.2,6.2,1.1,0.9,10.8,12.2,0.9,0.3,1.2,0.063,-1.1,-1.3,-2.3,NA,charlotte,2022
6,Robert Braswell,F,31,10,616,17.3,0.665,0.661,0.195,211,2.7,6.2,4.5,5.3,1.3,3.2,11.6,19,1.5,0.3,1.9,0.121,2.6,-1.3,1.4,NA,charlotte,2022
7,Marvin Cannon,F,29,1,314,11.3,0.581,0.529,0.49,70,2.8,11,7,4.6,1.5,3.2,17.1,13.1,0.3,0.2,0.5,0.067,-0.4,-0.2,-0.6,NA,charlotte,2022
8,Luka Vasic,G,30,0,292,4.2,0.405,0.457,0.326,52,3.5,9.7,6.7,10,1,0.8,20.9,12.5,-0.1,0.1,0,0.001,-5.3,-1.5,-6.8,NA,charlotte,2022
9,Musa Jallow,G,10,0,162,10,0.484,0.432,0.364,51,4.7,17.5,11.2,9.2,2.2,2.1,21.3,22,0,0.2,0.1,0.033,-3.8,0.3,-3.5,NA,charlotte,2022
10,Jared Garcia,F,19,0,140,9.2,0.486,0.171,0.22,47,5.5,15,10.3,15.7,0,3.2,21,22.3,0,0.1,0.1,0.021,-5.1,-1.9,-7,NA,charlotte,2022
11,Perry Francois,F,18,1,86,2.2,0.297,0.105,0.316,18,8.9,14.3,11.7,6,1.4,1.3,18.6,17,-0.1,0.1,-0.1,-0.037,-8.1,-2.6,-10.7,NA,charlotte,2022
12,Isaiah Folkes,G,15,0,56,2.8,0.336,0.231,0.308,11,2.3,2.2,2.2,9.3,4.3,0,21.2,18.4,-0.1,0,-0.1,-0.043,-8,0.5,-7.5,NA,charlotte,2022
13,Regin Larson,G,7,0,11,-12.8,0,0.667,0,0,0,0,0,0,0,0,0,14.8,-0.1,0,-0.1,-0.225,-13.4,-8.2,-21.6,NA,charlotte,2022
14,Eli Bennett,G,3,0,4,-3.5,0.256,1,2,1,0,0,0,0,0,0,0,26.5,0,0,0,-0.134,-13.2,-8.5,-21.6,NA,charlotte,2022
NA,Team Totals,,31,31,6200,NA,0.564,0.398,0.28,NA,NA,NA,NA,NA,NA,NA,NA,NA,10.4,4.3,14.6,0.094,0.5,-0.9,-0.4,NA,charlotte,2022
1,Montre' Gipson,G,36,36,1078,14.4,0.59,0.422,0.165,278,4.3,11.8,8.2,12.8,2.3,0.1,13.3,14.1,2,1.5,3.5,0.13,1.3,1.2,2.4,NA,charlotte,2023
2,Jackson Threadgill,G,36,36,1068,8.7,0.504,0.445,0.165,232,0.4,7.7,4.2,10,1.1,0.9,13.6,15.1,0.5,1.1,1.6,0.062,-1.7,-0.6,-2.3,NA,charlotte,2023
3,Lu'Cye Patterson,G,36,25,1019,17.8,0.586,0.272,0.484,379,1.9,13.8,8.1,20.1,1.7,0.6,14.3,21.2,2.5,1.4,3.9,0.153,1.3,0.4,1.7,NA,charlotte,2023
4,Brice Williams,G,36,13,976,23.9,0.604,0.411,0.324,446,4.1,22,13.3,10,1.3,1.6,10.1,27.6,3,1.6,4.6,0.189,5.1,-0.2,4.9,NA,charlotte,2023
5,Aly Khalifa,F,34,34,972,23.2,0.6,0.405,0.138,418,8.4,21.3,15.1,21.7,1.5,2.8,14.2,23.5,2.9,1.6,4.6,0.188,5.1,1.1,6.2,NA,charlotte,2023
6,Igor Milicic Jr.,G,35,22,748,16.9,0.596,0.592,0.194,244,5.3,20.8,13.3,5.9,1.9,2.8,16.7,21.4,1,1.3,2.3,0.125,1.1,0.4,1.4,NA,charlotte,2023
7,Isaiah Folkes,G,35,11,643,13.1,0.621,0.205,0.244,165,0.7,8.3,4.6,14.2,2.7,2.1,22.9,16.9,0.5,1,1.5,0.092,-1.5,1.6,0,NA,charlotte,2023
8,Josh Aldrich,G,28,2,332,11.5,0.559,0.5,0.25,93,5.5,11.2,8.5,9.9,0.4,2.2,10.1,16,0.6,0.4,1,0.122,-0.7,-0.1,-0.8,NA,charlotte,2023
9,Nik Graves,G,22,0,184,8.6,0.483,0.515,0.273,42,0.8,7.9,4.5,18.3,3.5,0,21.2,15.2,0,0.3,0.3,0.072,-4.3,2.1,-2.2,NA,charlotte,2023
10,Daylen Berry,G,21,0,147,7.9,0.388,0.441,0.206,32,4.8,12.6,8.8,7.8,4.9,0.8,21.1,19.1,-0.2,0.3,0.1,0.021,-6.1,1.7,-4.4,NA,charlotte,2023
11,Robert Braswell,F,10,1,141,10.1,0.468,0.553,0.191,48,11,5.6,8.3,3,0.9,5.3,14.9,25.3,0,0.2,0.2,0.053,-6,-2.3,-8.4,NA,charlotte,2023
12,Regin Larson,G,7,0,11,-1.9,0.25,0.25,0,2,0,24.1,12.4,0,0,0,0,21.5,0,0,0,-0.079,-13.2,-4,-17.2,NA,charlotte,2023
13,Tyler Fearne,G,4,0,7,3.9,0.375,1,0,2,0,19,9.8,0,0,0,0,33.8,0,0,0,-0.024,-12.1,-7.6,-19.7,NA,charlotte,2023
NA,Team Totals,,36,36,7326,NA,0.576,0.413,0.249,NA,NA,NA,NA,NA,NA,NA,NA,NA,12.9,10.7,23.6,0.129,1,0.5,1.5,NA,charlotte,2023
1,Igor Milicic Jr.,G,31,30,998,20.7,0.632,0.558,0.371,375,5.8,25.9,16.2,11.3,1.4,4,16.3,21.1,2.3,1.9,4.1,0.166,3.7,1.7,5.4,NA,charlotte,2024
2,Lu'Cye Patterson,G,31,31,992,18.6,0.541,0.331,0.385,431,2.8,10.1,6.6,17.5,2,0.8,8.5,25.8,2.3,1.2,3.5,0.142,2.4,0.6,3,NA,charlotte,2024
3,Nik Graves,G,30,30,890,17.3,0.59,0.347,0.649,319,2.2,10.3,6.4,19.3,2.1,0.5,11.1,18.7,2.3,1.1,3.4,0.154,1.3,1.5,2.9,NA,charlotte,2024
4,Dishon Jackson,C,30,30,795,22.5,0.584,0.062,0.444,336,8.1,19.9,14.2,14.5,1.4,3.9,11.8,23.3,2.1,1.3,3.4,0.171,2.9,1.5,4.4,NA,charlotte,2024
5,Jackson Threadgill,G,29,13,764,8.3,0.483,0.542,0.216,161,2.5,7.9,5.3,7.7,1.3,0.8,9.6,13.7,0.5,0.7,1.2,0.062,-2.3,-0.1,-2.4,NA,charlotte,2024
6,Isaiah Folkes,G,30,19,590,10.8,0.489,0.065,0.154,155,4.8,9.5,7.2,22.3,2.4,0.6,22.8,16.3,0.1,0.7,0.9,0.059,-2.8,0.9,-1.9,NA,charlotte,2024
7,Dean Reiber,F,31,1,474,8.5,0.435,0.604,0.132,107,5.4,10,7.8,9.7,1.3,2.4,11.1,15,0.1,0.5,0.7,0.057,-2,0.6,-1.3,NA,charlotte,2024
8,Robert Braswell,F,27,1,452,14.6,0.561,0.681,0.17,151,6.5,6.3,6.4,3.3,1,2,8.4,20.6,0.8,0.4,1.2,0.103,1.9,-1.2,0.7,NA,charlotte,2024
9,Daylen Berry,G,16,0,133,2.2,0.392,0.533,0.133,25,0,9.8,5.1,10.1,2.4,0,25.6,18.1,-0.3,0.2,-0.1,-0.037,-6.4,0.1,-6.4,NA,charlotte,2024
10,Iaroslav Niagu,F,12,0,86,5.5,0.542,0.235,0.294,24,7.5,18,12.9,13.5,0.7,6.7,43.6,22.4,-0.2,0.1,0,-0.023,-7.7,1.1,-6.6,NA,charlotte,2024
11,Sterling Young,G,5,0,37,12.7,0.432,0.667,0.333,11,0,6.4,3.3,11,5.1,0,0,21.1,0,0.1,0.1,0.095,-19.4,-0.6,-20,NA,charlotte,2024
12,Rich Rolf,F,3,0,34,14.5,0.5,0.625,0,8,11.3,7,9.1,0,3.7,3.4,11.1,14.8,0,0.1,0.1,0.094,-4.9,-9.2,-14.1,NA,charlotte,2024
13,Andrew Bailey,F,2,0,4,14.3,0.5,0,0,1,0,0,0,0,0,0,0,28,0,0,0,0.039,-35.7,-21.7,-57.5,NA,charlotte,2024
NA,Team Totals,,31,31,6249,NA,0.552,0.384,0.348,NA,NA,NA,NA,NA,NA,NA,NA,NA,10.2,8.2,18.4,0.118,0.6,0.8,1.3,NA,charlotte,2024
1,Nik Graves,G,33,33,1132,20.7,0.562,0.462,0.578,556,3.8,11.9,7.7,19,1.7,0.9,8.1,26.5,3.3,0.6,4,0.14,4.7,-1,3.7,NA,charlotte,2025
2,Jaehshon Thomas,G,33,26,872,12.3,0.54,0.416,0.302,291,2.5,13.4,7.7,10.9,1.3,0.3,12.6,20.6,0.9,0.4,1.3,0.06,-1.1,-1.7,-2.8,NA,charlotte,2025
3,Giancarlo Rosado,F,29,23,849,17.8,0.587,0.112,0.712,355,4.1,21,12.2,26.2,0.9,0.7,19.1,22.5,1.6,0.6,2.1,0.1,1.8,-0.9,0.9,NA,charlotte,2025
4,Kylan Blackmon,G,32,16,846,10.9,0.529,0.567,0.335,232,4.4,8.2,6.2,8,1.4,0.4,6.6,15.3,1.2,0.3,1.5,0.071,-1,-1,-2,NA,charlotte,2025
5,Robert Braswell,F,33,28,827,17.2,0.606,0.488,0.443,317,4.2,8.7,6.3,4.5,1.9,3.1,10,21.5,1.9,0.5,2.4,0.116,1.6,-0.7,0.9,NA,charlotte,2025
6,Rich Rolf,F,30,7,517,8.4,0.426,0.545,0.203,118,5.1,15.2,9.9,6,1.1,1.3,6.3,15,0.1,0.3,0.4,0.031,-3.1,-1.9,-4.9,NA,charlotte,2025
7,Nika Metskhvarishvili,F,26,20,476,8.8,0.507,0.526,0.247,112,5.5,11.3,8.3,5.6,1.5,1.2,12.9,14.1,0.3,0.3,0.6,0.048,-3.3,-1.2,-4.5,NA,charlotte,2025
8,Isaiah Folkes,G,31,2,411,9.1,0.463,0.11,0.28,108,4.6,14.1,9.2,24.4,3.3,0.3,29,17.1,-0.3,0.4,0.1,0.01,-5.5,0,-5.5,NA,charlotte,2025
9,Dean Reiber,F,31,10,408,9.5,0.437,0.462,0.097,100,5.8,15.7,10.6,16.5,1.2,2.7,15.6,15.2,0,0.3,0.3,0.029,-3.5,-0.8,-4.3,NA,charlotte,2025
10,Ben Bradford,G,25,0,213,9.9,0.424,0.228,0.596,65,5,13.3,9,13.1,2,3.1,13.1,21.2,-0.1,0.2,0.1,0.017,-3.5,-0.8,-4.3,NA,charlotte,2025
11,Aleksander Szymczyk,F,20,0,97,-1.8,0.363,0.519,0.259,21,2.4,17.2,9.5,6.4,0,0,20.9,21.2,-0.3,0,-0.2,-0.093,-11.1,-4.9,-16,NA,charlotte,2025
12,Nick Richart,C,8,0,58,8.9,0.452,0,0.417,16,10.2,6.6,8.5,10.8,2.1,3.8,21.8,17,0,0,0,0.02,-9.7,-1.3,-11.1,NA,charlotte,2025
13,Tyler Fearne,G,8,0,11,15.9,0.667,0.333,0,4,10.8,11.7,11.2,23.7,0,0,25,19.5,0,0,0,0.075,7,0.9,8,NA,charlotte,2025
14,Andrew Bailey,F,7,0,8,7.6,0.345,1,4,2,14.9,0,7.7,0,0,0,0,19.5,0,0,0,0.009,-8.8,-6.8,-15.7,NA,charlotte,2025
NA,Team Totals,,33,33,6725,NA,0.536,0.412,0.425,NA,NA,NA,NA,NA,NA,NA,NA,NA,8.6,3.9,12.6,0.075,-0.4,-1.1,-1.5,NA,charlotte,2025
1,Ben Bradford,G,34,34,960,17.2,0.56,0.329,0.476,431,5,11.3,8.2,12,2.2,0.4,14.4,26.5,1.7,0.7,2.4,0.101,1,-1.3,-0.3,NA,charlotte,2026
2,Dezayne Mingo,G,33,16,916,19.4,0.561,0.467,0.368,450,3.2,11.4,7.4,35.5,2,0.1,15.1,25.3,2.5,0.6,3.1,0.137,3.8,-0.7,3.1,NA,charlotte,2026
3,Anton Bonke,C,34,32,870,22.8,0.616,0.155,0.4,361,14.9,24,19.6,8.9,0.6,6.9,15.4,21.1,2.2,1,3.2,0.148,3.1,-0.3,2.8,NA,charlotte,2026
4,Arden Conyers,G,32,26,624,12.6,0.58,0.783,0.19,202,2.4,7.2,4.9,4.9,0.8,1.3,9.2,19.4,1.1,0.2,1.3,0.082,1.8,-2,-0.3,NA,charlotte,2026
5,Damoni Harrison,G,30,1,623,16.8,0.627,0.755,0.198,245,3,9.6,6.4,8.4,0.8,0.8,11.1,22.3,1.5,0.2,1.7,0.112,5.2,-2.1,3.1,NA,charlotte,2026
6,Spencer Elliott,F,34,17,586,11.1,0.501,0.231,0.41,152,6.7,11.8,9.3,11.1,1.2,4.2,14.7,14.9,0.5,0.4,0.9,0.06,-2,0.2,-1.8,NA,charlotte,2026
7,Major Freeman,G,28,22,480,13,0.524,0.57,0.255,168,2.4,11.3,7,15.3,1.8,0.2,12.6,21.2,0.6,0.3,0.9,0.074,0.3,-1.2,-0.9,NA,charlotte,2026
8,Jarne Elouna Eyenga,F,24,12,439,7.4,0.525,0.386,0.329,90,5.4,13.9,9.8,7.6,1.3,0.8,20.6,12.4,0.2,0.3,0.5,0.041,-3.7,-0.2,-3.9,NA,charlotte,2026
9,Raúl Villar,G,32,1,382,14.6,0.561,0.403,0.806,121,5.3,10.8,8.1,18.6,2.9,0.3,16.3,15.4,0.8,0.3,1.1,0.113,-0.5,1.1,0.6,NA,charlotte,2026
10,Ethan Butler,F,27,7,373,10.4,0.588,0.339,0.435,93,6.4,11.3,9,9,1,2.8,20.3,13.4,0.4,0.2,0.6,0.069,-1.7,-0.3,-2,NA,charlotte,2026
11,Kylan Blackmon,G,29,2,330,5.4,0.425,0.69,0.414,65,5.3,7.8,6.6,6.4,1.1,0.4,14.7,13.1,0,0.1,0.1,0.016,-3.5,-1.9,-5.4,NA,charlotte,2026
12,Nick Richart,C,24,0,152,6,0.513,0,2,14,6.6,17.8,12.4,6.6,0.8,3.9,33.9,4.1,0,0.1,0.2,0.047,-4.3,1.4,-3,NA,charlotte,2026
13,Kuluel Mading,F,18,0,147,14.9,0.648,0.357,0.214,50,6.9,10.4,8.7,1.5,0.4,4.8,16.3,20,0.2,0.1,0.3,0.085,-1.1,-0.7,-1.8,NA,charlotte,2026
14,David Gomez,F,2,0,39,15.3,0.714,0.429,0,8,3.2,18.1,10.9,5,1.6,9.1,12.5,10.9,0.1,0.1,0.1,0.12,1.8,3.1,4.9,NA,charlotte,2026
15,Andrew Bailey,F,5,0,3,-41.9,0,NA,NA,0,0,0,0,0,0,0,51.3,34.6,0,0,0,-0.656,-36.4,-9.8,-46.1,NA,charlotte,2026
NA,Team Totals,,34,34,6924,NA,0.567,0.453,0.366,NA,NA,NA,NA,NA,NA,NA,NA,NA,11.7,4.7,16.4,0.095,0.9,-0.8,0.1,NA,charlotte,2026
1,Yancy Gates,F,34,27,944,23.3,0.533,0.044,0.42,376,9.2,21.3,15.1,10.3,1.8,5.1,10.4,23.4,2.4,2.2,4.5,0.192,3.7,3.2,6.8,NA,cincinnati,2011
2,Dion Dixon,G,35,29,938,19.7,0.539,0.425,0.384,379,5,8.3,6.6,15,2.4,0.1,10.5,23.4,2.7,1.5,4.2,0.18,4.7,2.4,7,NA,cincinnati,2011
3,Rashad Bishop,F,35,32,931,16.7,0.533,0.454,0.225,283,4.8,11,7.9,13.1,2.3,2.4,12.1,17.6,1.9,1.7,3.6,0.154,3.7,3.5,7.3,NA,cincinnati,2011
4,Cashmere Wright,G,35,33,889,17.8,0.539,0.386,0.479,335,1.3,9.9,5.5,31.5,3.3,0.3,20.1,21.3,1.8,1.7,3.5,0.157,2.2,3.4,5.5,NA,cincinnati,2011
5,Sean Kilpatrick,G,35,1,720,21.9,0.558,0.467,0.345,314,6.9,11.9,9.3,16.2,2.4,0.3,12.4,25.1,2.2,1.3,3.5,0.193,5.8,2.1,7.9,NA,cincinnati,2011
6,Ibrahima Thomas,F,35,30,664,17.6,0.528,0.178,0.446,206,13,20.7,16.7,6.8,1.7,3.5,13.2,17.2,1.3,1.5,2.8,0.167,-0.3,2.5,2.2,NA,cincinnati,2011
7,Larry Davis,G,35,5,565,10.4,0.492,0.593,0.147,150,3.5,4.2,3.9,11.6,1.9,0,13.5,17.1,0.7,0.8,1.4,0.1,-0.2,1.7,1.5,NA,cincinnati,2011
8,Darnell Wilks,F,35,11,525,13.6,0.526,0.368,0.547,141,8.8,12.3,10.5,13.8,2.4,3.4,22.6,15.4,0.6,1,1.6,0.126,-0.1,3.9,3.9,NA,cincinnati,2011
9,Justin Jackson,F,35,0,452,11.5,0.496,0.041,0.446,96,7.8,15.9,11.8,10.3,3.6,4.4,28.6,14.5,-0.1,1.1,1,0.089,-3,5.6,2.7,NA,cincinnati,2011
10,Jaquon Parker,G,23,1,196,6,0.29,0.408,0.49,46,7.2,17.7,12.3,16.5,1.6,0.6,17.7,19.5,-0.2,0.4,0.1,0.025,-4.7,0.7,-4,NA,cincinnati,2011
11,Anthony McClain,C,27,1,166,16.6,0.561,0,0.923,47,15.6,17.9,16.7,4.6,0,3.4,13.8,13.6,0.4,0.3,0.7,0.158,0.9,1.3,2.2,NA,cincinnati,2011
12,Eddie Tyree,G,8,0,13,-8.4,0.288,0,0.333,2,0,0,0,0,0,0,22.3,18,0,0,0,-0.102,-11.5,-1.3,-12.9,NA,cincinnati,2011
13,Anthony McBride,G,8,0,12,-3.8,0,0.5,0,1,0,10.3,5,13.8,0,0,0,8.7,0,0,0,-0.029,-9.6,-0.3,-9.9,NA,cincinnati,2011
14,Alex Eppensteiner,G,7,0,10,24.7,0.678,0,1,3,0,0,0,0,6.3,0,0,15.4,0,0,0.1,0.261,1.6,7,8.6,NA,cincinnati,2011
NA,Team Totals,,35,35,7025,NA,0.526,0.336,0.383,NA,NA,NA,NA,NA,NA,NA,NA,NA,13.6,13.4,27,0.153,2.1,2.9,5,NA,cincinnati,2011
1,Sean Kilpatrick,G,37,37,1277,20.4,0.557,0.567,0.204,484,4.5,11.7,7.8,13,2.4,1,10.6,21.5,3.5,1.9,5.4,0.17,6,2.2,8.2,NA,cincinnati,2012
2,Dion Dixon,G,37,37,1266,16.8,0.474,0.42,0.387,472,5.8,5.9,5.9,12.2,3,1.4,11.7,23.5,2,1.7,3.7,0.117,2.7,1.9,4.6,NA,cincinnati,2012
3,Cashmere Wright,G,37,36,1156,18.8,0.512,0.467,0.173,431,2.7,12.3,7.1,30,4,0.2,17.4,21.3,2.2,2.1,4.3,0.148,2.7,3.5,6.2,NA,cincinnati,2012
4,Yancy Gates,F,31,29,993,20.7,0.498,0.015,0.322,361,10.8,22.9,16.4,4.8,1.4,3.1,8.2,21.5,2.1,1.9,4,0.162,3.2,1.3,4.5,NA,cincinnati,2012
5,Jaquon Parker,G,30,24,798,17.2,0.506,0.294,0.353,274,7.5,18,12.4,9.7,1.3,0.3,10,20,1.7,1.2,2.9,0.146,2.7,0.8,3.4,NA,cincinnati,2012
6,Justin Jackson,F,37,20,780,16,0.526,0.047,0.439,205,10.1,13.7,11.8,9.7,2.6,8.3,23.5,15.5,0.6,1.5,2.2,0.111,-1.9,4.8,2.9,NA,cincinnati,2012
7,Ge'Lawn Guyn,G,32,0,322,9,0.476,0.478,0.203,71,1.7,8.3,4.8,11.7,3.5,0,20.1,15.2,0.1,0.5,0.6,0.07,-4.4,3.4,-1.1,NA,cincinnati,2012
8,Cheikh Mbodji,C,28,1,271,10.3,0.39,0.019,0.34,55,11.7,14.6,13,2.7,0.7,7.4,10.2,13.1,0.1,0.4,0.6,0.082,-2.8,2.4,-0.4,NA,cincinnati,2012
9,Jermaine Sanders,F,28,0,238,8.6,0.475,0.452,0.429,52,5.5,11.2,8.2,10.7,0.3,0.9,20.5,13.8,0.1,0.2,0.4,0.06,-1.2,-0.3,-1.5,NA,cincinnati,2012
10,Jeremiah Davis,G,27,0,213,12.6,0.484,0.47,0.136,64,2.6,11.9,6.9,13.3,3.8,0.5,18.5,20.9,0.1,0.4,0.5,0.085,-2.7,2.1,-0.6,NA,cincinnati,2012
11,Kelvin Gaines,C,17,1,145,12.1,0.392,0,0.4,18,8.3,23.7,15.4,2.4,2.2,16.7,30.9,9.2,-0.1,0.4,0.3,0.082,-6.6,6.3,-0.3,NA,cincinnati,2012
12,Octavius Ellis,F,3,0,25,16.7,0.507,0,0.8,7,4.4,20.4,11.8,7.5,5,8.4,30.3,20.5,0,0.1,0.1,0.085,-2.4,7,4.6,NA,cincinnati,2012
13,Alex Eppensteiner,G,8,0,17,9.1,0.606,0.5,0.5,6,0,15,6.9,23.6,0,0,28.8,21.1,0,0,0,0.084,-7.2,-1.6,-8.8,NA,cincinnati,2012
NA,Team Totals,,37,37,7501,NA,0.505,0.348,0.293,NA,NA,NA,NA,NA,NA,NA,NA,NA,12.5,12.3,24.8,0.132,1.8,2.4,4.3,NA,cincinnati,2012
1,Sean Kilpatrick,G,34,33,1169,20.6,0.518,0.547,0.297,519,4.2,14,8.8,13.2,2.2,0.7,10.7,26.9,3.2,2.2,5.4,0.184,5.8,2.2,8,NA,cincinnati,2013
2,Jaquon Parker,G,34,33,1019,15.3,0.492,0.323,0.465,361,7.6,11.2,9.3,12,1.5,0.1,12.5,21.4,1.8,1.6,3.4,0.134,2.8,1.5,4.3,NA,cincinnati,2013
3,Cashmere Wright,G,33,33,977,19.4,0.533,0.571,0.229,399,1.7,8.3,4.8,25.1,3.3,0.1,13.3,23.4,2.6,1.8,4.4,0.182,4.3,3.2,7.4,NA,cincinnati,2013
4,Titus Rubles,F,34,12,740,13.8,0.415,0.221,0.497,229,8.6,23.9,15.7,18.6,3.2,1.3,21,20.8,0.1,1.9,2,0.109,-1.1,4,2.9,NA,cincinnati,2013
5,Cheikh Mbodji,C,34,32,715,16.3,0.523,0.016,0.622,175,10.7,15.6,13,2.3,0.5,13.4,15,13.7,1,1.6,2.6,0.147,-1.8,5.4,3.6,NA,cincinnati,2013
6,Justin Jackson,F,30,22,564,14,0.441,0.1,0.391,138,9.5,22.9,15.7,15.8,3.2,7.8,29.3,16.5,-0.2,1.6,1.4,0.1,-2.4,6.3,3.9,NA,cincinnati,2013
7,Jermaine Sanders,F,34,1,440,11.4,0.448,0.466,0.311,111,6.4,12.8,9.4,12.1,1.5,0.7,15.1,16,0.4,0.7,1.1,0.1,0.5,1.8,2.3,NA,cincinnati,2013
8,David Nyarsuk,C,33,2,373,14,0.588,0,0.227,84,10.2,15.4,12.7,4,0.3,8.3,23.1,12.9,0.4,0.7,1.1,0.118,-2.4,3.3,0.9,NA,cincinnati,2013
9,Shaq Thomas,F,33,0,356,14.5,0.439,0.079,0.267,102,9.2,14.4,11.6,9.8,2.9,1.8,14.3,18.8,0.2,0.8,1,0.111,0.4,3.1,3.5,NA,cincinnati,2013
10,Ge'Lawn Guyn,G,33,0,335,7.6,0.49,0.521,0.247,73,0.7,9,4.5,8.4,2,1.6,18.1,15,0.2,0.6,0.7,0.088,-3.7,3,-0.7,NA,cincinnati,2013
11,Kelvin Gaines,C,22,0,131,7.9,0.317,0,0.5,16,11.7,16.3,13.8,1.4,2.4,12.2,34.2,10.1,-0.2,0.3,0.2,0.051,-6.5,5.3,-1.1,NA,cincinnati,2013
12,Jeremiah Davis,G,4,0,43,18.7,0.528,0.5,0.333,21,2.5,26.2,13.6,28.2,0,0,16.1,29.2,0.1,0.1,0.2,0.189,-2.7,-0.5,-3.2,NA,cincinnati,2013
13,Alex Eppensteiner,G,7,1,13,22.1,0.303,0.25,0.5,4,0,9.6,4.5,46.3,9.5,0,0,19.2,0,0,0.1,0.181,0.5,8.5,8.9,NA,cincinnati,2013
NA,Team Totals,,34,34,6875,NA,0.493,0.371,0.355,NA,NA,NA,NA,NA,NA,NA,NA,NA,9.6,14,23.6,0.138,1.1,3.3,4.4,NA,cincinnati,2013
1,Sean Kilpatrick,G,34,33,1149,26.2,0.577,0.528,0.421,631,3.6,11.5,7.5,18.5,2.6,0.1,10.3,30.6,4.7,2.4,7.2,0.25,8.8,3,11.7,"AA-2,AP-AA-1,NABC-AA-2,SN-AA-1,USBWA-AA-2,W-AA-1",cincinnati,2014
2,Titus Rubles,F,34,33,985,16.3,0.486,0.015,0.527,285,10.2,17.7,13.9,13.4,2.8,3.3,16.3,16.2,1.3,2.6,3.9,0.157,0.4,4.4,4.8,,cincinnati,2014
3,Justin Jackson,F,34,33,944,25.8,0.524,0,0.419,382,13.6,17.4,15.5,14.8,3.7,12,15.7,23.5,1.6,3,4.6,0.193,3,6.7,9.7,,cincinnati,2014
4,Shaq Thomas,F,34,33,779,13.3,0.502,0.097,0.378,222,5.5,8.8,7.1,8.6,2.3,1.8,13.5,17.8,0.8,1.6,2.4,0.124,-0.6,2.7,2.1,,cincinnati,2014
5,Jermaine Sanders,F,34,0,725,14.6,0.548,0.581,0.238,191,6.7,10.4,8.6,9.4,1.4,1.4,8.2,13.9,1.5,1.4,2.9,0.158,3,2.5,5.5,,cincinnati,2014
6,Troy Caupain,G,34,0,650,14.5,0.522,0.408,0.521,199,2.3,12.2,7.2,23,3,0.4,19.2,17.5,0.9,1.5,2.4,0.146,-0.4,3.7,3.3,,cincinnati,2014
7,Ge'Lawn Guyn,G,34,33,647,6.9,0.429,0.566,0.157,148,2.9,9.6,6.2,10.1,2.1,1.1,16.4,17.1,-0.1,1.3,1.2,0.075,-3.2,2.6,-0.5,,cincinnati,2014
8,Jermaine Lawrence,F,26,0,391,5.5,0.359,0,0.405,82,9.5,13.2,11.3,6.4,1.1,4.7,21.2,16.9,-0.4,0.8,0.4,0.041,-6.2,2.1,-4.1,,cincinnati,2014
9,Kevin Johnson,F,33,0,338,14.6,0.525,0.466,0.291,117,4.8,6.7,5.8,13.2,2.4,1.4,12.7,20.6,0.6,0.7,1.3,0.153,-0.2,2.5,2.3,,cincinnati,2014
10,David Nyarsuk,C,22,0,148,13.5,0.625,0,0.381,32,11,12.2,11.6,2.6,0.9,9.4,24.4,11.5,0.2,0.3,0.5,0.135,-3.9,3.2,-0.7,,cincinnati,2014
11,Jeremiah Davis,G,6,0,30,12.7,0.606,0.25,0.5,7,7.8,8,7.9,12.7,2.1,0,16.8,10.3,0.1,0.1,0.1,0.155,-3.2,3,-0.3,,cincinnati,2014
12,Zack Tobler,F,8,0,13,-10.6,0,0.5,0,0,9,9.2,9.1,0,0,0,0,16,-0.1,0,0,-0.112,-12.1,-4.6,-16.7,,cincinnati,2014
13,Derek Cox,G,3,0,2,-13.4,0,0,0,0,0,60,29.5,0,0,0,0,26,0,0,0,-0.17,-20.1,-1.8,-22,,cincinnati,2014
NA,Team Totals,,34,34,6801,NA,0.519,0.309,0.387,NA,NA,NA,NA,NA,NA,NA,NA,NA,11.1,15.6,26.7,0.157,1.4,3.6,4.9,,cincinnati,2014
1,Troy Caupain,G,34,33,1065,17.4,0.563,0.315,0.432,344,2.1,11.6,7.2,25.2,2.6,0.6,19.9,19.3,2.1,2.1,4.2,0.16,2.5,2.9,5.4,NA,cincinnati,2015
2,Octavius Ellis,F,34,34,975,23,0.595,0.005,0.616,341,12.8,18.3,15.7,10.6,1.9,7.9,21.2,20.8,2,2.5,4.5,0.186,2.5,4.1,6.6,NA,cincinnati,2015
3,Gary Clark,F,34,34,945,22.9,0.543,0.024,0.343,289,13.4,18.9,16.3,13.9,2.5,5.5,13.5,16.9,2.2,2.4,4.7,0.197,4.6,4.1,8.7,NA,cincinnati,2015
4,Farad Cobb,G,34,9,821,16.3,0.513,0.614,0.185,268,2.9,9.6,6.5,13.8,2.7,0.6,11.6,22,1.5,1.6,3.1,0.151,3,2.5,5.5,NA,cincinnati,2015
5,Shaq Thomas,F,34,21,765,12.2,0.495,0.096,0.372,206,6.8,10.1,8.6,5.7,1.8,2.5,18.1,20,0.3,1.4,1.8,0.092,-0.8,1.6,0.8,NA,cincinnati,2015
6,Kevin Johnson,F,34,24,742,10,0.509,0.631,0.226,204,1.1,6.3,3.9,13.4,2.5,0.6,20,20.6,0.4,1.3,1.7,0.09,-1.3,1.6,0.3,NA,cincinnati,2015
7,Jermaine Sanders,F,34,13,711,11.7,0.48,0.618,0.271,157,6,11.6,9,8.6,1.5,0.5,10.5,14.5,0.9,1.2,2.1,0.119,0.9,1.5,2.4,NA,cincinnati,2015
8,Coreontae DeBerry,C,34,0,360,20.1,0.567,0,0.576,126,9.3,15.3,12.5,2.1,0.4,10.5,16,23.6,0.6,0.8,1.4,0.159,-1,3.1,2.1,NA,cincinnati,2015
9,Deshaun Morman,G,24,0,241,12.2,0.462,0.176,0.541,86,5.6,5.4,5.5,16.2,3.3,1,17.7,26.5,0.1,0.5,0.6,0.098,-2.9,2.3,-0.6,NA,cincinnati,2015
10,Quadri Moore,F,26,0,213,7,0.451,0.25,0.268,53,3.8,12.1,8.2,6.2,2.2,2.2,23.1,21.8,-0.2,0.4,0.3,0.048,-5.6,1.7,-3.9,NA,cincinnati,2015
11,Ge'Lawn Guyn,G,2,2,43,-0.5,0.251,0.462,0.154,8,3.1,8.2,5.8,14.5,0,0,6.7,19.7,-0.1,0.1,0,-0.016,-6.9,-0.4,-7.2,NA,cincinnati,2015
12,Zack Tobler,F,8,0,11,-19,0.203,0.4,1,3,0,10.7,5.7,0,0,0,11.9,43.1,-0.1,0,-0.1,-0.292,-25.9,-10.1,-35.9,NA,cincinnati,2015
13,Rob Blissitt Jr.,G,5,0,7,21.7,0.678,0.5,1,4,0,0,0,35,0,0,25.3,31.9,0,0,0,0.173,7.1,-2.4,4.7,NA,cincinnati,2015
14,Jamaree Strickland,C,1,0,0,NA,NA,NA,NA,NA,NA,NA,NA,NA,NA,NA,NA,NA,0,0,0,NA,NA,NA,NA,NA,cincinnati,2015
NA,Team Totals,,34,34,6899,NA,0.527,0.297,0.371,NA,NA,NA,NA,NA,NA,NA,NA,NA,10,14.3,24.3,0.141,1.2,2.7,3.9,NA,cincinnati,2015
1,Troy Caupain,G,33,33,1104,17.5,0.495,0.449,0.298,447,1.6,10.8,6.3,29,2,1.3,12.2,22.8,2.4,1.9,4.3,0.156,3.6,2.4,6.1,NA,cincinnati,2016
2,Gary Clark,F,33,32,1002,24.3,0.578,0.103,0.473,367,12.7,19.6,16.2,13.9,2.5,5.4,12.4,17.3,2.9,2.5,5.4,0.215,4.7,4.3,9,NA,cincinnati,2016
3,Octavius Ellis,F,33,32,835,21.4,0.577,0,0.65,323,12.7,20.4,16.6,9.3,1.9,6.6,20.5,21.5,1.4,2.1,3.5,0.168,0.7,3.4,4.1,NA,cincinnati,2016
4,Farad Cobb,G,31,31,831,16.5,0.543,0.637,0.085,286,1.9,5.6,3.8,11.9,3.1,0.1,8.4,20.6,1.7,1.4,3.1,0.15,2.9,2.6,5.5,NA,cincinnati,2016
5,Jacob Evans,G,33,8,806,16.8,0.497,0.534,0.221,269,5,13.6,9.4,13.1,2,3.7,8.2,19.3,1.6,1.6,3.2,0.158,2.9,3.3,6.2,NA,cincinnati,2016
6,Kevin Johnson,F,33,2,700,10.7,0.473,0.663,0.163,201,3.9,5.4,4.6,14.8,2.6,0.3,15.2,18.2,0.6,1.1,1.7,0.095,-0.7,2,1.3,NA,cincinnati,2016
7,Shaq Thomas,F,28,25,573,14.9,0.496,0.233,0.327,178,7.9,12.6,10.2,13.3,2.1,2.9,16.4,18.5,0.6,1.1,1.7,0.119,0.4,2.2,2.6,NA,cincinnati,2016
8,Coreontae DeBerry,C,33,2,485,23.4,0.599,0,0.617,183,9.5,18.5,14,3,1.5,7.5,9.5,20,1.4,1.1,2.5,0.209,1.4,2.9,4.3,NA,cincinnati,2016
9,Justin Jenifer,G,27,0,232,13.1,0.489,0.517,0.345,73,1,7.6,4.3,27.3,3.7,0,20.1,18.6,0.2,0.4,0.7,0.115,-2.7,2.2,-0.5,NA,cincinnati,2016
10,Quadri Moore,F,26,0,190,8.6,0.468,0.222,0.352,55,7.7,12.2,10,2,2.6,1.2,22.2,21.8,-0.1,0.4,0.3,0.053,-5.5,0.2,-5.3,NA,cincinnati,2016
11,Zack Tobler,F,5,0,17,20.3,0.511,0,1.6,10,19.9,0,9.9,11.5,0,0,10.2,29.4,0.1,0,0.1,0.184,-1.9,-4.5,-6.3,NA,cincinnati,2016
NA,Team Totals,,33,33,6775,NA,0.527,0.366,0.332,NA,NA,NA,NA,NA,NA,NA,NA,NA,12.7,13.7,26.4,0.156,1.9,2.8,4.7,NA,cincinnati,2016
1,Troy Caupain,G,36,36,1162,17.4,0.5,0.458,0.3,410,2.3,14.5,8.3,24.4,2.2,1.1,11.3,18.9,2.5,2.3,4.8,0.165,2.9,3.6,6.6,NA,cincinnati,2017
2,Jacob Evans,G,36,36,1138,22.6,0.597,0.465,0.315,464,5.5,9.7,7.7,16.2,2.5,3.1,9.9,20.6,3.8,2.2,6,0.211,6.6,4,10.5,NA,cincinnati,2017
3,Gary Clark,F,36,35,1031,25.2,0.585,0.178,0.431,411,12.3,19.5,16,14,2.1,4.8,11.2,18.8,3.4,2.5,5.9,0.228,5.8,4,9.9,NA,cincinnati,2017
4,Kevin Johnson,F,36,36,1017,11.1,0.498,0.607,0.157,266,3,5.8,4.4,7.9,2.7,0.5,12,16.6,1,1.7,2.7,0.107,-0.2,2.9,2.7,NA,cincinnati,2017
5,Kyle Washington,F,36,35,889,24.2,0.559,0.116,0.316,420,10.3,21,15.9,7.6,0.9,5.5,11.5,27.3,2.4,2,4.4,0.198,3.3,2,5.2,NA,cincinnati,2017
6,Jarron Cumberland,G,35,0,669,21.8,0.602,0.532,0.433,275,6.3,8.3,7.3,14.9,3.1,1.6,12.6,21.4,2,1.3,3.3,0.2,4.6,3.7,8.3,NA,cincinnati,2017
7,Justin Jenifer,G,35,0,445,13.2,0.507,0.5,0.156,120,2.1,6.7,4.6,26.1,2.2,0,14.2,13.1,0.8,0.7,1.5,0.136,-0.4,2.3,2,NA,cincinnati,2017
8,Tre Scott,F,34,0,356,18.8,0.509,0.033,0.356,109,7.9,20.7,14.4,10.4,2.9,4.9,13.2,17.6,0.5,0.9,1.4,0.159,0.2,4,4.3,NA,cincinnati,2017
9,Nysier Brooks,C,33,0,279,12.2,0.549,0,0.755,75,8.4,13.6,11.1,1.3,0.9,9.2,20.9,16.9,0.2,0.6,0.8,0.11,-5.3,2.9,-2.4,NA,cincinnati,2017
10,Quadri Moore,F,28,1,215,8.2,0.453,0.416,0.247,74,6.6,13.4,10,6,1.7,1.6,18.9,25.5,-0.1,0.4,0.3,0.06,-5.5,0.3,-5.2,NA,cincinnati,2017
11,Zack Tobler,F,13,1,28,18.2,0.479,0.385,0.769,16,8.4,20.6,14.6,6.8,4.4,0,14.5,38.3,0,0.1,0.1,0.159,-6.4,-0.2,-6.7,NA,cincinnati,2017
12,Jackson Bart,F,8,0,11,-11.9,0,1,0,0,0,0,0,0,0,0,0,9.4,0,0,0,-0.086,-13.2,-3.4,-16.7,NA,cincinnati,2017
13,John Koz,G,6,0,10,2.6,0,1,0,1,0,23,11.6,29.9,0,0,0,10.3,0,0,0,0.016,-5.6,0.4,-5.2,NA,cincinnati,2017
NA,Team Totals,,36,36,7250,NA,0.547,0.361,0.325,NA,NA,NA,NA,NA,NA,NA,NA,NA,16.5,14.8,31.3,0.172,2.7,3.2,5.9,NA,cincinnati,2017
1,Jacob Evans,G,36,36,1107,20.5,0.543,0.43,0.302,461,5.2,12,8.7,20,2.6,3.7,12.7,22.5,2.8,3.1,5.9,0.213,4.7,5.2,9.9,NA,cincinnati,2018
2,Jarron Cumberland,G,36,36,1040,16.9,0.529,0.525,0.341,410,5,10.5,7.8,18.9,2.2,1.5,14,22,2.1,2.6,4.8,0.183,2.6,3.9,6.5,NA,cincinnati,2018
3,Gary Clark,F,36,36,1025,29.6,0.612,0.204,0.52,462,12.1,22.3,17.3,14.8,3,5,8.7,20.4,4.3,3.5,7.8,0.303,7.9,6.4,14.4,NA,cincinnati,2018
4,Kyle Washington,F,36,34,838,21.3,0.56,0.171,0.235,345,8.3,18.2,13.3,3.6,0.6,7,11,24.5,1.8,2.3,4.2,0.2,2.5,3.4,5.9,NA,cincinnati,2018
5,Justin Jenifer,G,36,33,704,12.1,0.53,0.613,0.416,195,1.3,4.6,3,22.1,1.5,0,12.8,13.4,1.4,1.4,2.8,0.162,0.5,3.3,3.8,NA,cincinnati,2018
6,Cane Broome,G,34,3,698,17.2,0.568,0.4,0.317,272,2.7,5.7,4.2,26.2,2.7,0.3,17.8,20.7,1.5,1.6,3.2,0.181,2,3.4,5.5,NA,cincinnati,2018
7,Tre Scott,F,36,0,449,17.8,0.571,0.014,0.635,131,12.9,19.3,16.2,12.6,2,1.8,18.6,13.3,0.9,1.3,2.2,0.194,1.4,4.2,5.6,NA,cincinnati,2018
8,Trevor Moore,G,35,0,419,10.9,0.491,0.781,0.324,110,3.9,12.5,8.3,5.8,2.6,0.6,11,16.3,0.5,1.1,1.6,0.15,-1.7,4.1,2.4,NA,cincinnati,2018
9,Nysier Brooks,C,35,2,340,13.7,0.507,0,0.377,93,10.9,16,13.5,4.3,2.1,6.9,19.5,16.7,0.2,1,1.2,0.145,-3.8,4.8,1.1,NA,cincinnati,2018
10,Keith Williams,G,33,0,326,8.3,0.424,0.26,0.308,97,5.3,8.5,7,8.1,2.8,1.8,18.5,22.6,-0.3,0.8,0.6,0.072,-5.3,2.8,-2.5,NA,cincinnati,2018
11,Eliel Nsoseme,F,29,0,166,10.5,0.426,0,0.952,33,14,19.4,16.7,5.1,1.1,7.8,26.5,12.6,-0.1,0.5,0.4,0.105,-4.1,4,-0.1,NA,cincinnati,2018
12,Mamoudou Diarra,F,7,0,46,18.9,0.438,0.1,0.3,20,12.6,19.3,16,8.6,1.3,12.8,14.9,29.4,0,0.1,0.2,0.149,-3.3,2.1,-1.2,NA,cincinnati,2018
13,Sam Martin,G,10,0,18,-13.3,0.168,0.4,0.4,3,0,6.2,3.1,16.9,0,0,25.2,22.2,-0.1,0,0,-0.101,-18.2,-0.7,-19,NA,cincinnati,2018
14,Jackson Bart,F,12,0,15,13.7,0.5,0.833,0,5,7.7,7.4,7.6,0,0,0,0,20.1,0,0,0.1,0.165,3.4,-1.6,1.8,NA,cincinnati,2018
15,John Koz,G,8,0,9,16,1,0,0,2,12.9,12.3,12.6,20.4,0,0,50,11.2,0,0,0,0.136,1.9,3.1,5,NA,cincinnati,2018
NA,Team Totals,,36,36,7200,NA,0.543,0.353,0.36,NA,NA,NA,NA,NA,NA,NA,NA,NA,15.2,19.6,34.8,0.193,2.2,4.3,6.5,NA,cincinnati,2018
1,Jarron Cumberland,G,35,35,1136,23,0.537,0.402,0.412,631,4.1,12.4,8.2,25.6,2.2,1.6,13.6,32,3.6,1.9,5.5,0.194,6.7,2.4,9.1,NA,cincinnati,2019
2,Tre Scott,F,35,35,1071,17.4,0.525,0.147,0.362,333,9,18,13.4,9.7,1.7,2.3,11.2,16.8,2.1,2,4.1,0.153,2.4,2.7,5.1,NA,cincinnati,2019
3,Keith Williams,G,35,32,903,16.8,0.522,0.264,0.319,322,6,8.8,7.4,8.9,2.7,4.5,13.1,21.7,1.4,1.6,3.1,0.137,1.4,3.4,4.8,NA,cincinnati,2019
4,Justin Jenifer,G,34,34,889,16.7,0.604,0.616,0.21,283,0.8,7.3,4,21.7,1.5,0,9.4,15.4,2.6,1.1,3.7,0.169,3.8,2.3,6.1,NA,cincinnati,2019
5,Nysier Brooks,C,35,35,803,21,0.568,0,0.719,283,13.8,19.3,16.5,3.5,1,8.4,11.1,17.9,2.1,1.7,3.8,0.189,1.2,2.9,4.2,NA,cincinnati,2019
6,Cane Broome,G,35,4,742,15.1,0.5,0.404,0.336,285,1.7,7.7,4.7,21.4,1.8,0.2,12.7,23,1.3,1,2.4,0.128,1.5,1.6,3,NA,cincinnati,2019
7,Trevor Moore,G,34,0,404,8.1,0.442,0.8,0.106,81,4.1,10,7,8.1,2.1,0.3,10.1,12.6,0.3,0.6,0.9,0.093,-1.8,2.8,1,NA,cincinnati,2019
8,Eliel Nsoseme,F,33,0,361,10.8,0.404,0,0.842,55,10.8,25,17.8,1.9,1.5,6.6,17.1,9.1,0.1,0.8,0.9,0.102,-2.2,2.8,0.6,NA,cincinnati,2019
9,Rashawn Fredericks,G,35,0,358,11.5,0.448,0.42,0.247,86,9.5,16.7,13.1,4.2,1.7,1.8,11.7,14.7,0.3,0.6,1,0.107,-1.1,1.7,0.6,NA,cincinnati,2019
10,Logan Johnson,G,32,0,225,15.6,0.538,0.245,0.408,70,7.8,12.5,10.1,18.1,3,4.1,24.5,17.7,0.2,0.5,0.7,0.123,-0.4,3.5,3.1,NA,cincinnati,2019
11,Mamoudou Diarra,F,20,0,137,19.2,0.462,0.048,0.333,46,9.5,24.1,16.6,8.9,2.2,7.7,7.6,19.8,0.2,0.3,0.6,0.168,-0.3,3.6,3.3,NA,cincinnati,2019
12,Sam Martin,G,6,0,12,30.7,1.01,0,0.5,6,0,0,0,55.3,0,0,0,10.6,0.1,0,0.1,0.353,4,2.9,6.9,NA,cincinnati,2019
13,John Koz,G,5,0,9,3.2,0.5,0,0,2,0,27.2,13.3,0,0,0,33.3,17.1,0,0,0,-0.014,-6.7,-0.5,-7.2,NA,cincinnati,2019
NA,Team Totals,,35,35,7050,NA,0.528,0.333,0.376,NA,NA,NA,NA,NA,NA,NA,NA,NA,14.4,12.3,26.8,0.152,2.1,2.6,4.7,NA,cincinnati,2019
1,Tre Scott,F,30,30,1011,20,0.538,0.211,0.286,354,9.9,25.4,18,13.6,2.6,2.6,17.4,19.1,1.6,2.5,4.1,0.162,3.6,3.3,6.9,NA,cincinnati,2020
2,Jarron Cumberland,G,27,27,876,18.2,0.533,0.472,0.61,437,2.1,11.1,6.8,31.5,1.9,2.2,20.4,28.4,1.7,1.4,3.1,0.141,4.3,1.5,5.7,NA,cincinnati,2020
3,Keith Williams,G,30,29,864,18.6,0.525,0.252,0.323,357,6.1,12.1,9.3,11.9,2.5,3.4,12.4,24,1.7,1.6,3.4,0.155,3,2.7,5.6,NA,cincinnati,2020
4,Chris Vogt,C,30,29,856,20.1,0.64,0,0.481,306,11,12.7,11.9,6.4,0.7,5.8,16.5,18.1,2.1,1.4,3.5,0.164,2.2,2,4.2,NA,cincinnati,2020
5,Jaevin Cumberland,G,30,4,661,12.3,0.52,0.791,0.209,233,0.9,6.2,3.7,12.4,1.1,0.3,10.9,21.6,1,0.8,1.8,0.109,2.1,0,2.1,NA,cincinnati,2020
6,Mika Adams-Woods,G,29,19,623,10.4,0.568,0.536,0.355,146,1.5,9.9,5.9,13.4,1.6,1.4,19.4,12.9,0.7,0.9,1.6,0.105,-0.1,2.7,2.5,NA,cincinnati,2020
7,Chris McNeal,G,30,11,461,4.7,0.346,0.537,0.421,94,1.8,9.8,6,16.4,2.1,0.5,19.1,15.4,-0.4,0.7,0.3,0.027,-3.7,2.3,-1.4,NA,cincinnati,2020
8,Mamoudou Diarra,F,28,0,290,16.3,0.609,0.125,0.518,85,11.6,18.6,15.3,4.7,2,4,22.3,15.6,0.4,0.6,1,0.143,0.5,2.5,3,NA,cincinnati,2020
9,Zach Harvey,G,26,0,225,7,0.467,0.4,0.6,51,1.6,7.3,4.6,14.6,2.3,1.4,21.4,14.6,0,0.3,0.4,0.067,-3.5,3,-0.5,NA,cincinnati,2020
10,Jaume Sorolla,C,15,0,164,15.9,0.593,0,0.361,49,7.3,17.5,12.6,11.3,0.7,1.3,14.2,15.1,0.3,0.3,0.6,0.146,1.1,2.3,3.4,NA,cincinnati,2020
11,Jeremiah Davenport,G,18,0,123,6.5,0.46,0.467,0.567,34,5.9,10.7,8.4,3,2.8,0,22.4,20.1,-0.1,0.2,0.2,0.051,-5.7,1.7,-4,NA,cincinnati,2020
12,Trevor Moore,G,6,0,36,-1.3,0.375,0.875,0,7,0,27.5,14.4,14.9,1.6,0,38.5,18.2,-0.1,0.1,0,-0.022,-10.1,1.7,-8.3,NA,cincinnati,2020
13,John Koz,G,4,1,5,3.3,NA,NA,NA,0,0,22,11.5,0,0,0,NA,0,0,0,0,0.062,-4.8,3.1,-1.7,NA,cincinnati,2020
14,Rob Banks,F,3,0,3,-6,NA,NA,NA,0,0,0,0,0,0,0,NA,0,0,0,0,0.028,-11.9,1.5,-10.4,NA,cincinnati,2020
15,Sam Martin,G,2,0,2,0,NA,NA,NA,0,0,0,0,0,0,0,NA,0,0,0,0,0.023,-4.4,-0.3,-4.7,NA,cincinnati,2020
16,Prince Gillam Toyambi,F,0,0,0,NA,NA,NA,NA,NA,NA,NA,NA,NA,NA,NA,NA,NA,NA,NA,NA,NA,NA,NA,NA,NA,cincinnati,2020
NA,Team Totals,,30,30,6200,NA,0.536,0.361,0.396,NA,NA,NA,NA,NA,NA,NA,NA,NA,9.1,10.8,19.9,0.129,1.6,2.2,3.7,NA,cincinnati,2020
1,Mika Adams-Woods,G,23,17,684,11.6,0.526,0.453,0.342,190,1.6,8,4.7,12.6,1.9,1,12.6,15.3,0.9,0.6,1.5,0.088,0.3,1.2,1.6,NA,cincinnati,2021
2,Jeremiah Davenport,G,23,14,657,16.5,0.591,0.605,0.186,242,4.8,15.3,9.9,12.7,1.6,0.5,15.5,20.1,1.2,0.7,1.9,0.116,4,0.4,4.4,NA,cincinnati,2021
3,Keith Williams,G,23,22,627,18,0.483,0.282,0.426,322,6.1,11.2,8.6,21.3,2.4,2.8,13,30.6,0.9,0.8,1.6,0.104,3.1,0.9,3.9,NA,cincinnati,2021
4,David Dejulius,G,19,16,561,12,0.446,0.451,0.229,190,1,16.7,8.6,28.4,1.5,0.2,14.2,19.7,0.4,0.6,1,0.073,0.4,1.2,1.7,NA,cincinnati,2021
5,Tari Eason,F,23,8,451,18.3,0.502,0.2,0.324,177,12.6,21.8,17.1,14.3,3.4,7,23,23.5,0.1,0.9,1,0.093,-0.3,3,2.7,NA,cincinnati,2021
6,Chris Vogt,C,23,21,447,11.1,0.513,0,0.679,120,8.6,12,10.2,11,0.6,6.1,20.1,15.2,0.3,0.5,0.7,0.066,-2.6,1.8,-0.9,NA,cincinnati,2021
7,Mike Saunders Jr.,G,22,10,342,6.7,0.486,0.343,0.418,83,1.3,9.2,5.1,16.8,2.1,0,27.9,15.9,-0.1,0.3,0.2,0.022,-3.5,0.8,-2.7,NA,cincinnati,2021
8,Mason Madsen,G,15,0,294,11.7,0.525,0.72,0.268,87,1.1,16.7,8.7,11.4,1.7,1.1,14,17.8,0.3,0.3,0.6,0.082,0.2,0.9,1.2,NA,cincinnati,2021
9,Zach Harvey,G,12,0,196,13.6,0.611,0.444,0.352,64,2.2,6,4,8.5,1.4,0,12.5,17.9,0.4,0.1,0.5,0.104,1.9,0.8,2.7,NA,cincinnati,2021
10,Rapolas Ivanauskas,F,7,3,150,7.4,0.539,0.447,0.158,37,2.9,24.2,13.2,2.7,1.9,0,26.9,18.2,-0.1,0.2,0.1,0.022,-4,1,-3.1,NA,cincinnati,2021
11,Mamoudou Diarra,F,15,1,131,8.5,0.489,0.29,0.258,37,10.9,17,13.8,8.9,1.3,2.5,25.6,17.4,0,0.2,0.1,0.042,-3.7,0.4,-3.3,NA,cincinnati,2021
12,Rob Banks,F,8,1,36,-0.4,0,0.2,0,2,3,6.5,4.7,9,4.7,0,16.7,8.1,-0.1,0.1,0,-0.038,-7.3,3.2,-4.1,NA,cincinnati,2021
13,Gabe Madsen,G,2,0,12,8,0.5,1,0,3,9.1,9.8,9.4,0,4.7,0,25,16.3,0,0,0,0.041,-4.4,4.3,-0.1,NA,cincinnati,2021
14,Sam Martin,G,5,1,8,-14.3,NA,NA,NA,1,0,0,0,20.3,0,0,100,12.2,0,0,0,-0.198,-12.5,-4.5,-17,NA,cincinnati,2021
15,Adam Cook,F,4,1,4,11.2,NA,NA,NA,0,0,0,0,0,0,27.3,NA,0,0,0,0,0.069,1.7,6.3,7.9,NA,cincinnati,2021
NA,Team Totals,,23,23,4600,NA,0.512,0.391,0.33,NA,NA,NA,NA,NA,NA,NA,NA,NA,4,5.3,9.3,0.081,0.3,1.2,1.5,NA,cincinnati,2021
1,David Dejulius,G,33,33,945,17.5,0.511,0.395,0.258,446,1.4,9.1,5.2,21,1.5,0,10.3,27.7,1.9,1.2,3.1,0.133,3.1,0.5,3.6,NA,cincinnati,2022
2,Mika Adams-Woods,G,33,32,905,12.2,0.45,0.459,0.244,301,2.1,8.4,5.2,22,1.6,0.4,10.2,19.4,1,1.2,2.2,0.098,0.5,1.3,1.8,NA,cincinnati,2022
3,Jeremiah Davenport,G,32,32,860,18.1,0.533,0.631,0.208,379,6.4,15.7,10.9,6.2,1.3,1.3,9.5,25.8,1.8,1.4,3.2,0.15,4.1,0.3,4.4,NA,cincinnati,2022
4,John Newman III,G,32,31,824,12.3,0.479,0.366,0.254,230,5.6,12.1,8.7,12.7,2.3,0.9,12.6,15.9,0.8,1.4,2.2,0.105,-0.2,2.5,2.2,NA,cincinnati,2022
5,Mike Saunders Jr.,G,33,0,666,12.6,0.505,0.39,0.405,248,0.5,10.3,5.2,27,1.7,0,17.9,21.8,0.7,0.9,1.6,0.098,-0.8,1,0.2,NA,cincinnati,2022
6,Abdul Ado,F,32,32,556,15.1,0.514,0,0.727,99,10.1,17.9,13.9,6.1,3.4,8.7,25.3,8.9,0.3,1.4,1.8,0.126,-1.6,5.5,3.8,NA,cincinnati,2022
7,Ody Oguama,F,33,1,450,16.4,0.502,0.036,0.564,149,12.7,20.1,16.3,5.3,1.6,2.7,11.4,17.5,0.7,0.9,1.6,0.145,-0.5,1.2,0.7,NA,cincinnati,2022
8,Hayden Koval,C,33,2,409,14.7,0.47,0.447,0.351,104,7.1,19.2,13,4.2,0.9,6.4,3.5,13.9,0.6,0.8,1.4,0.135,0.4,2.3,2.7,NA,cincinnati,2022
9,Mason Madsen,G,30,1,349,11.8,0.514,0.714,0.054,105,0.9,11.4,6,12.2,2.2,1.4,13.5,19,0.3,0.6,0.8,0.095,0.1,2,2.1,NA,cincinnati,2022
10,Viktor Lakhin,F,29,0,317,19.5,0.549,0.075,0.43,120,12.5,22.3,17.2,4.8,3.5,2.9,20,22.1,0.3,0.8,1.1,0.14,-0.4,2.7,2.3,NA,cincinnati,2022
11,Jarrett Hensley,F,33,0,252,7.9,0.469,0.395,0.558,53,5.8,12.3,8.9,5.1,0.9,2,18.1,13.2,0.1,0.4,0.4,0.067,-2.8,1,-1.8,NA,cincinnati,2022
12,A.J. McGinnis,G,8,0,41,5,0.409,0.773,0,15,0,10.8,5.2,5.5,1.4,0,12,30.5,-0.1,0.1,0,-0.012,-4.6,-1,-5.5,NA,cincinnati,2022
13,CJ Anthony,G,10,0,15,5,0.275,0.778,0.444,7,13.9,14.7,14.3,27.7,0,0,8.4,39.7,0,0,0,-0.077,-1.9,-5.4,-7.2,NA,cincinnati,2022
14,Sam Martin,G,9,1,11,9.8,0.5,0,0,2,0,0,0,17.3,10.6,0,33.3,13.6,0,0,0,0.085,-10.9,13.3,2.4,NA,cincinnati,2022
NA,Team Totals,,33,33,6600,NA,0.499,0.424,0.296,NA,NA,NA,NA,NA,NA,NA,NA,NA,8.4,11.1,19.5,0.118,0.6,1.7,2.3,NA,cincinnati,2022
1,David Dejulius,G,36,36,1170,19.1,0.525,0.373,0.243,562,1.2,6.6,3.9,30.3,2,0.1,10.7,24,3.3,1.4,4.7,0.161,3.8,0.8,4.7,NA,cincinnati,2023
2,Landers Nolley II,G,36,36,1157,20.7,0.573,0.483,0.235,561,4.4,15.9,10.1,15.6,1.8,1.4,12.8,25.8,3,1.9,4.9,0.168,5.4,1.7,7.2,NA,cincinnati,2023
3,Mika Adams-Woods,G,36,36,1078,13,0.548,0.509,0.154,332,0.7,8.3,4.5,18,2.1,0.6,15,16.1,1.6,1.4,3.1,0.113,0.5,2.3,2.8,NA,cincinnati,2023
4,Jeremiah Davenport,G,36,15,923,14.5,0.503,0.729,0.177,315,4.6,13.8,9.2,9.7,1.7,1.2,6.9,18.6,1.7,1.4,3,0.132,2.6,1.8,4.4,NA,cincinnati,2023
5,Viktor Lakhin,F,33,32,777,26.5,0.616,0.016,0.453,345,10.9,22.9,16.9,4.4,2.9,5.8,11.9,22.4,2.2,1.8,4,0.208,3.6,3.8,7.4,NA,cincinnati,2023
6,Ody Oguama,F,36,21,741,14.1,0.577,0,0.389,211,12.2,17.3,14.7,3.9,1,1.6,15.4,13.4,1.3,1.1,2.4,0.129,-0.7,1.1,0.3,NA,cincinnati,2023
7,Daniel Skillings Jr.,G,35,0,510,12.3,0.449,0.396,0.203,179,7,18.3,12.6,6.9,1.3,2.9,12.8,22.7,0.1,0.9,1,0.077,-1.4,0.8,-0.5,NA,cincinnati,2023
8,Josh Reed,G,29,0,233,9.6,0.45,0.568,0.182,50,9.1,14.5,11.8,4.7,0.5,2.5,11.2,11.4,0.2,0.3,0.5,0.086,0.3,0.7,1,NA,cincinnati,2023
9,Kalu Ezikpe,F,29,4,227,19.7,0.63,0,0.525,89,9.8,21.9,15.8,4.9,1,7.4,20,20.6,0.4,0.5,0.9,0.158,-1.9,2.8,0.9,NA,cincinnati,2023
10,Rob Phinisee,G,12,0,195,6.9,0.313,0.613,0.065,32,2.9,9.8,6.3,16.9,3.2,1,22,10.3,-0.1,0.3,0.2,0.051,-4.6,2.5,-2.1,NA,cincinnati,2023
11,Jarrett Hensley,F,23,0,181,11.4,0.526,0.184,0.368,51,5.5,7.5,6.5,11.9,0.3,4.4,16.8,14.6,0.2,0.2,0.4,0.095,-1,1.6,0.6,NA,cincinnati,2023
12,CJ Anthony,G,14,0,26,5.2,0.443,0.667,0.667,8,0,17.3,8.6,18.4,0,0,20.2,18.7,0,0,0,0.042,-3.6,0.5,-3.1,NA,cincinnati,2023
13,Chase Kirkwood,G,9,0,11,-6.1,0,0.5,0.5,0,0,0,0,0,5.2,0,0,11.1,0,0,0,-0.091,-11.3,6.5,-4.8,NA,cincinnati,2023
14,John Newman III,G,1,0,11,6.5,NA,NA,NA,1,20.2,0,10.2,0,5.2,0,100,4.5,0,0,0,0.047,NA,NA,NA,NA,cincinnati,2023
15,Sage Tolentino,F,2,0,9,30.1,0.847,0,1,4,12.4,12.5,12.4,0,0,0,0,16.1,0,0,0.1,0.259,4.6,-0.5,4.2,NA,cincinnati,2023
NA,Team Totals,,36,36,7249,NA,0.542,0.392,0.26,NA,NA,NA,NA,NA,NA,NA,NA,NA,13.9,11.3,25.2,0.139,1.9,1.8,3.7,NA,cincinnati,2023
1,John Newman III,G,37,37,1083,15.5,0.573,0.367,0.273,337,6.2,15,10.5,10.6,2.4,0.9,14.8,15.9,1.9,2,3.8,0.142,1.8,3.7,5.5,NA,cincinnati,2024
2,Simas Lukosius,G,35,27,1055,13.6,0.551,0.68,0.183,393,1.8,10.1,5.8,17.5,1.1,0.6,15.8,20.6,1.7,1.4,3.1,0.119,3.5,1.6,5,NA,cincinnati,2024
3,Daniel Skillings Jr.,G,36,15,1002,18.6,0.498,0.343,0.287,451,9.7,16.6,13.1,11,1.9,2.7,11.4,25.8,1.7,1.9,3.6,0.143,3.6,2.4,5.9,NA,cincinnati,2024
4,Day Day Thomas,G,35,35,933,14.1,0.477,0.362,0.214,371,1.5,8.8,5.1,23.1,3.8,0.7,16.3,23.9,0.7,1.8,2.5,0.107,-0.2,3.9,3.6,NA,cincinnati,2024
5,Jizzle James,G,37,2,712,15.8,0.496,0.262,0.164,317,3.6,7.6,5.6,21.5,1.5,1.2,11.6,25.6,1.2,1,2.1,0.12,2.3,1.6,3.8,NA,cincinnati,2024
6,Aziz Bandaogo,C,29,26,695,18.8,0.624,0.019,0.934,193,10.5,25,17.6,4.2,1.4,7.5,15.5,12.8,1.3,1.6,2.9,0.167,1.6,4.6,6.2,NA,cincinnati,2024
7,Viktor Lakhin,F,29,24,628,21.5,0.54,0.247,0.279,273,12.3,19.4,15.8,15.1,1.5,3.9,12.7,22.2,1.4,1.2,2.7,0.169,3.9,2.9,6.8,NA,cincinnati,2024
8,Jamille Reynolds,F,28,1,398,16.9,0.581,0.065,0.486,147,10.6,21.5,15.9,5.1,0.6,4.8,18.6,19.9,0.6,0.8,1.4,0.136,0.4,2.6,3,NA,cincinnati,2024
9,Josh Reed,G,35,0,383,10,0.491,0.646,0.169,77,6.6,13.9,10.2,7.6,2.4,1.1,16.6,10.8,0.3,0.7,1,0.102,-1,3.9,2.9,NA,cincinnati,2024
10,CJ Fredrick,G,15,10,309,11.7,0.589,0.75,0.153,86,1.4,4.1,2.7,12.7,0.6,0.3,6.1,13.1,0.7,0.3,1,0.133,1.2,0.9,2.1,NA,cincinnati,2024
11,Ody Oguama,F,28,8,245,15.7,0.533,0.038,0.365,65,9.5,19.8,14.5,3.6,1.7,6.1,10.3,13.6,0.3,0.5,0.9,0.141,-1.1,3.5,2.4,NA,cincinnati,2024
12,CJ Anthony,G,11,0,29,16.5,0.42,0.6,0.4,16,11.4,16,13.7,19,2,0,10.1,33.6,0,0,0.1,0.124,-2.5,-0.3,-2.8,NA,cincinnati,2024
13,Sage Tolentino,F,5,0,11,-8.7,0,0.5,0,0,0,10.5,5.1,0,0,9.7,0,8.9,0,0,0,-0.044,-17.3,2.4,-14.9,NA,cincinnati,2024
14,Chase Kirkwood,G,6,0,9,1.9,0.513,0,2,2,0,12.9,6.3,0,0,0,33.9,16.1,0,0,0,0.002,-8.3,-1.1,-9.4,NA,cincinnati,2024
15,Landen Long,G,5,0,8,13.9,0.75,0.5,0,2,0,0,0,0,0,0,0,12.3,0,0,0,0.147,4,0.4,4.5,NA,cincinnati,2024
NA,Team Totals,,37,37,7500,NA,0.529,0.368,0.276,NA,NA,NA,NA,NA,NA,NA,NA,NA,12,13.1,25.1,0.134,1.8,2.9,4.7,NA,cincinnati,2024
1,Dillon Mitchell,F,35,35,983,21.2,0.606,0.135,0.303,343,8.6,20.3,14.3,11.9,2.9,2.4,12.8,17.3,2.1,2.1,4.3,0.174,3.4,4.3,7.7,NA,cincinnati,2025
2,Jizzle James,G,35,35,949,15.8,0.475,0.37,0.141,449,2.3,10.7,6.4,26.5,1.9,1.7,11.8,28.9,1.1,1.5,2.6,0.108,1.9,2,3.9,NA,cincinnati,2025
3,Aziz Bandaogo,C,35,35,896,18.8,0.678,0,0.539,258,9.8,17.9,13.8,5.1,1.3,6,16.2,13.1,1.9,1.7,3.7,0.164,1.5,3.5,5,NA,cincinnati,2025
4,Simas Lukosius,G,33,26,878,14.7,0.537,0.664,0.201,326,2.6,10.7,6.5,15.1,1.8,0.1,12.4,21.2,1.4,1.3,2.7,0.122,2.7,1.8,4.5,NA,cincinnati,2025
5,Day Day Thomas,G,32,15,814,16,0.51,0.378,0.159,324,3.4,9.1,6.2,19.7,4.1,0.8,15.2,23.8,0.9,1.6,2.4,0.12,1.6,4.4,6,NA,cincinnati,2025
6,Daniel Skillings Jr.,G,29,13,660,17.7,0.507,0.361,0.203,264,7.8,11.8,9.7,12.6,3.3,3.1,12.9,23.7,0.8,1.3,2.1,0.126,3.1,3.9,7,NA,cincinnati,2025
7,Josh Reed,G,33,9,581,13.4,0.529,0.478,0.254,158,5.3,11.6,8.4,7.4,2.4,1.3,6.8,14.3,1,1,1.9,0.134,0.9,3.5,4.4,NA,cincinnati,2025
8,Tyler Betsey,F,34,0,380,9.2,0.478,0.723,0.116,105,5.1,10.4,7.7,4.6,0.2,1.4,7.1,17.3,0.3,0.4,0.8,0.082,-0.4,0,-0.4,NA,cincinnati,2025
9,Arrinten Page,F,31,0,281,18.3,0.547,0.111,0.506,110,11,19.2,15,7.3,2.1,5.7,17.3,22.3,0.4,0.6,1,0.137,-1.3,3.2,1.9,NA,cincinnati,2025
10,Connor Hickman,G,13,7,257,8.2,0.445,0.565,0.032,55,1.3,13.5,7.3,9.9,1.9,0.4,11.3,14.2,0,0.4,0.4,0.07,-4.1,2.3,-1.8,NA,cincinnati,2025
11,CJ Fredrick,G,19,0,175,5.4,0.503,0.818,0.273,24,0,7.5,3.7,6.3,0.7,0.6,10.8,8.2,0.1,0.2,0.3,0.066,-2.2,2,-0.2,NA,cincinnati,2025
12,Rayvon Griffith,G,19,0,108,11,0.454,0.485,0.424,38,8.5,7.8,8.1,8,1.1,2,7,20.4,0.1,0.1,0.3,0.106,-3.4,0.7,-2.7,NA,cincinnati,2025
13,Halvine Dzellat,F,10,0,38,4.5,0.305,0,0.857,7,9,12.6,10.8,0,3.2,2.8,9.2,14.7,0,0.1,0,0.046,-8.1,2.1,-6,NA,cincinnati,2025
NA,Team Totals,,35,35,7000,NA,0.529,0.383,0.231,NA,NA,NA,NA,NA,NA,NA,NA,NA,10.1,12.4,22.5,0.128,1.4,3,4.5,NA,cincinnati,2025
1,Day Day Thomas,G,33,33,1004,13.4,0.531,0.587,0.242,381,2.2,9.2,5.7,21.5,1.8,1.9,13.7,20.6,1.3,2,3.2,0.129,1.6,3.6,5.3,NA,cincinnati,2026
2,Baba Miller,F,31,31,988,21,0.576,0.186,0.532,430,8.3,27.7,18,23.3,1.3,4.2,16.2,21.1,2,2.6,4.6,0.186,3.7,5.8,9.4,NA,cincinnati,2026
3,Moustapha Thiam,C,31,31,842,20.2,0.565,0.17,0.321,345,8.8,20.4,14.6,4.1,1.6,6.8,10.7,23.3,1.2,2.2,3.4,0.161,2.1,3.7,5.8,NA,cincinnati,2026
4,Jalen Celestine,G,32,14,762,14.4,0.585,0.772,0.103,244,4.4,10.2,7.3,10.5,2.2,1.2,8.9,16.9,1.2,1.6,2.8,0.147,3.5,4.3,7.8,NA,cincinnati,2026
5,Jizzle James,G,23,21,687,10.8,0.549,0.436,0.101,225,2.3,6,4.1,13.7,1.3,0.7,14.3,19.3,0.5,1.1,1.6,0.096,0.4,2.6,3,NA,cincinnati,2026
6,Sencire Harris,G,31,8,525,13.3,0.454,0.209,0.506,189,5.7,11.9,8.8,16.8,4,1.1,11.3,21,0.3,1.3,1.6,0.12,-2.2,5.7,3.4,NA,cincinnati,2026
7,Kerr Kriisa,G,19,12,397,9,0.497,0.924,0.114,121,0.6,6.5,3.5,25.6,1,0.6,17.8,16.9,0.2,0.6,0.9,0.086,-0.1,1.8,1.7,NA,cincinnati,2026
8,Keyshuan Tillery,G,31,0,386,9.4,0.479,0.444,0.278,130,1.7,9.2,5.5,26.6,2.4,1.2,23.2,20.5,-0.1,0.8,0.7,0.07,-2.3,3.3,1,NA,cincinnati,2026
9,Shon Abaev,G,24,12,381,10.7,0.459,0.652,0.368,157,3.8,16.4,10.1,13.3,1.4,1.5,13.7,27.6,-0.1,0.8,0.7,0.07,-1.2,1.9,0.7,NA,cincinnati,2026
10,Tyler McKinley,F,25,3,306,8.4,0.486,0.049,0.22,58,9.8,9.8,9.8,9,1.5,2.2,19.5,9.2,0.1,0.6,0.7,0.097,-2.6,3.9,1.3,NA,cincinnati,2026
11,Halvine Dzellat,F,26,0,216,12.1,0.591,0.026,0.474,60,14.3,11.9,13.1,2.5,1.1,1.6,19.1,13.3,0.3,0.4,0.7,0.125,-2.2,2,-0.2,NA,cincinnati,2026
12,Jordi Rodriguez,G,15,0,120,7.8,0.428,0.829,0.286,34,4.6,11.1,7.9,10.3,1.4,0,11.2,18.6,0,0.2,0.2,0.07,-2.5,1.5,-1,NA,cincinnati,2026
13,Grant Darbyshire,G,7,0,11,-16.7,0,0,0,1,10.1,0,5,0,0,0,20,22.6,-0.1,0,-0.1,-0.265,-17.3,-6.4,-23.7,NA,cincinnati,2026
NA,Team Totals,,33,33,6625,NA,0.531,0.438,0.294,NA,NA,NA,NA,NA,NA,NA,NA,NA,6.8,14.2,21,0.127,0.8,3.8,4.6,NA,cincinnati,2026
1,Jawan Carter,G,31,30,1105,19.2,0.574,0.63,0.484,465,2.1,9.9,6.1,16.4,1.6,0.1,13.1,24.8,3.1,0.7,3.8,0.136,3.7,-0.6,3.2,NA,delaware,2011
2,Devon Saddler,G,31,30,1036,15.6,0.536,0.266,0.423,404,3.3,11.7,7.6,22,1.3,0.4,20.4,25.7,1,0.7,1.7,0.065,0.8,-1.1,-0.3,NA,delaware,2011
3,Jamelle Hagins,F,29,28,853,17.8,0.498,0,0.375,237,6.8,22,14.6,4.8,1.4,10.5,14.9,18.7,0.6,1.5,2,0.096,-1.9,3.3,1.4,NA,delaware,2011
4,D.J. Boney,G,31,28,633,6.8,0.469,0.621,0.305,112,4.2,5.1,4.7,9.2,0.6,1,13.5,11,0.4,0.2,0.6,0.039,-2,-0.4,-2.4,NA,delaware,2011
5,Kelvin McNeil,F,31,10,614,12.4,0.495,0.008,0.484,158,7.3,22,14.8,6,0.8,1,15.6,16.8,0.5,0.7,1.1,0.073,-2.2,-0.2,-2.4,NA,delaware,2011
6,Brian Johnson,G,28,0,524,9.3,0.516,0.557,0.352,122,1.4,5.7,3.6,24.7,1.3,0.2,21.4,13.8,0.5,0.2,0.7,0.051,-2.3,-0.7,-3,NA,delaware,2011
7,Alphonso Dawson,G,20,0,473,9.1,0.433,0.524,0.146,141,4.9,10.5,7.7,5.1,0.7,0.4,9.8,22.7,0,0.2,0.3,0.024,-1.7,-2.1,-3.8,NA,delaware,2011
8,Josh Brinkley,F,20,10,449,14.4,0.512,0,0.513,146,8.6,18.2,13.6,6.1,0.4,1.8,15.2,21.1,0.5,0.4,0.9,0.077,-1.9,-0.9,-2.8,NA,delaware,2011
9,Hakim McCullar,F,20,12,326,9.8,0.471,0.013,0.5,92,8.6,10.2,9.4,3.5,0.8,1.9,13.4,18.9,0.2,0.2,0.4,0.054,-4.7,-0.8,-5.5,NA,delaware,2011
10,Kaleb Clyburn,G,17,0,104,4.5,0.41,0.615,0.462,17,3.5,7.8,5.7,13.7,1.8,0,20.2,10.5,0,0.1,0.1,0.029,-7.1,0.9,-6.2,NA,delaware,2011
11,Malcolm Hawkins,G,9,2,67,8.6,0.335,0.182,0.182,14,14.5,22.4,18.5,15.4,0.9,6.1,33.4,14.8,-0.1,0.1,0,0.017,-3.6,2.3,-1.3,NA,delaware,2011
12,Edwin Santiago,G,14,0,44,10.1,0.481,0.6,0.3,10,2.8,13.1,8.1,4.9,8.7,0,30.4,20.6,-0.1,0.1,0,0.034,-8.5,8,-0.5,NA,delaware,2011
13,Will Townsville,G,7,0,10,5.1,0.333,0.333,0,2,12.1,11.5,11.8,0,0,0,0,16.6,0,0,0,0.016,-6.9,-1.7,-8.5,NA,delaware,2011
14,Samer Madarani,G,7,0,8,22.7,0.588,0.4,0.4,4,0,0,0,0,0,0,14.4,48,0,0,0,-0.049,5.1,-3.3,1.8,NA,delaware,2011
15,Brendan McNulty,G,4,0,3,82.3,0.75,1,0,2,40.4,0,19.7,0,21.2,0,0,36.8,0,0,0,0.546,29.9,24.1,53.9,NA,delaware,2011
16,Billy Kidd,F,1,0,1,7,0,0,0,1,100,0,59.1,100,0,0,0,55.2,0,0,0,0.038,-29.4,4.2,-25.2,NA,delaware,2011
NA,Team Totals,,31,31,6250,NA,0.514,0.328,0.402,NA,NA,NA,NA,NA,NA,NA,NA,NA,6.7,5,11.7,0.075,-0.8,-0.1,-0.9,NA,delaware,2011
1,Devon Saddler,G,32,32,1130,17.5,0.514,0.385,0.4,557,2.3,10.5,6.5,12.4,1.3,0.9,14.8,31.5,1.7,1,2.7,0.095,1.6,-1.7,-0.1,NA,delaware,2012
2,Jamelle Hagins,F,32,31,998,24.5,0.575,0,0.456,391,10,29.5,20,6.7,1.3,8.8,17.5,21.6,2,2.3,4.3,0.172,1.7,2.5,4.2,NA,delaware,2012
3,Kyle Anderson,G,31,29,949,10.2,0.513,0.772,0.081,249,2.3,8.2,5.3,5.4,0.9,0.8,10.9,16.5,1,0.7,1.6,0.069,0.2,-1,-0.9,NA,delaware,2012
4,Khalid Lewis,G,32,32,946,7.3,0.456,0.272,0.43,194,1.8,5.1,3.5,17.2,2.1,0.5,25.7,13.4,-0.1,0.7,0.6,0.025,-3.8,-0.1,-3.9,NA,delaware,2012
5,Josh Brinkley,F,32,31,830,14.8,0.572,0,0.554,274,7.8,12.4,10.2,4.8,0.4,2,16.4,18.2,1.5,0.7,2.2,0.106,-0.8,-1.1,-2,NA,delaware,2012
6,Jarvis Threatt,G,31,3,742,23.8,0.563,0.409,0.727,340,4.2,14.1,9.3,20.8,3.3,1,14.2,24,2.2,1.1,3.4,0.181,4.5,1.7,6.3,NA,delaware,2012
7,Kelvin McNeil,F,32,1,450,6.7,0.438,0,0.794,87,6.7,17.1,12,5.6,0.7,0.2,20.2,12.5,0,0.5,0.5,0.044,-4.2,-0.4,-4.5,NA,delaware,2012
8,Hakim McCullar,F,29,0,263,6.7,0.423,0.026,0.513,45,4.8,12.5,8.8,5.2,0,2.8,11,10.7,0.1,0.2,0.3,0.048,-3.5,0.2,-3.3,NA,delaware,2012
9,Larry Savage,F,27,0,197,3.4,0.331,0.278,0.194,29,5.9,13.4,9.7,1,1.2,2.8,23.4,13.5,-0.3,0.2,-0.1,-0.019,-5.5,-0.3,-5.7,NA,delaware,2012
10,Samer Madarani,G,8,0,7,-1.7,0.223,1,0.25,5,0,0,0,66.6,0,0,0,66.1,0,0,0,-0.258,-3.4,-12.1,-15.4,NA,delaware,2012
11,Brendan McNulty,G,6,0,5,-15.6,0,0.5,0,1,23.1,0,11.3,0,0,0,0,20.7,0,0,0,-0.203,-16.7,-6.6,-23.3,NA,delaware,2012
12,Tommy Williams,F,6,0,4,4.1,0.526,NA,NA,1,28.9,0,14.1,0,0,0,51.3,25.2,0,0,0,-0.091,7.5,-4.1,3.3,NA,delaware,2012
13,Will Townsville,G,6,0,4,82.1,0.833,0.667,0,3,28.9,27.4,28.1,0,14.9,0,0,38.8,0,0,0.1,0.616,32.4,23.5,55.8,NA,delaware,2012
NA,Team Totals,,32,32,6525,NA,0.523,0.31,0.434,NA,NA,NA,NA,NA,NA,NA,NA,NA,7.9,7.5,15.4,0.095,-0.2,-0.1,-0.2,NA,delaware,2012
1,Devon Saddler,G,33,33,1246,20.5,0.545,0.329,0.406,617,2.6,10.9,6.8,18,1.5,0.5,15.1,29.2,3.2,0.9,4,0.13,3.5,-1.4,2.1,NA,delaware,2013
2,Kyle Anderson,G,33,32,1095,11.1,0.516,0.7,0.221,282,3.2,7.4,5.3,6.7,1.3,1.4,12.6,15.6,1.4,0.6,2,0.072,0.5,-0.6,-0.1,NA,delaware,2013
3,Jamelle Hagins,F,33,33,1092,22.8,0.586,0.004,0.432,387,10.9,25.8,18.5,7.2,1.6,7.1,19.1,18.9,2.3,1.9,4.2,0.154,1.8,1.6,3.4,NA,delaware,2013
4,Jarvis Threatt,G,30,27,1008,18.4,0.483,0.169,0.608,407,3.7,15.4,9.6,20.6,3.2,0.6,15.6,24.4,1.5,1.3,2.8,0.112,0.3,0.8,1.1,NA,delaware,2013
5,Josh Brinkley,F,31,25,723,14.3,0.555,0.006,0.579,222,9.5,9.6,9.6,2.4,0.3,1.9,12.9,16.5,1.5,0.3,1.8,0.099,-0.3,-1.6,-1.9,NA,delaware,2013
6,Carl Baptiste,F,33,8,616,10.9,0.569,0,0.511,137,7.9,17.7,12.9,3.3,1.4,2.1,24.1,12.8,0.5,0.7,1.2,0.076,-3.2,0.4,-2.8,NA,delaware,2013
7,Terrell Rogers,G,27,5,399,4.5,0.376,0.397,0.259,104,2,7.6,4.9,16,1.4,0,19.2,20.7,-0.4,0.2,-0.2,-0.018,-5.2,-1.8,-7,NA,delaware,2013
8,Larry Savage,F,23,0,225,10.2,0.351,0.167,0.208,45,10.3,13,11.7,6.2,2.1,3.1,10.2,13.4,0,0.2,0.2,0.044,-1.2,0.7,-0.4,NA,delaware,2013
9,Marvin King-Davis,F,24,0,213,10,0.423,0,0.333,52,12,10.5,11.3,1.9,0.3,4.6,13.9,15.5,0.1,0.1,0.2,0.041,-2.5,-1.3,-3.8,NA,delaware,2013
10,Will Townsville,G,13,2,72,-0.3,0.167,0.417,0,6,6.5,12.5,9.5,2.5,0,0,7.7,9.2,-0.1,0,-0.1,-0.034,-5.9,-2.3,-8.2,NA,delaware,2013
11,Brendan McNulty,G,4,0,5,-46.1,0,0.667,0,0,0,0,0,0,12,0,40,51.2,-0.1,0,-0.1,-0.722,-42.7,-3.8,-46.5,NA,delaware,2013
12,Tommy Williams,F,2,0,3,0,NA,NA,NA,0,0,0,0,0,0,0,NA,0,0,0,0,-0.009,-4.7,-1.3,-6.1,NA,delaware,2013
13,Troy Thomas,G,2,0,2,90.2,1.053,NA,NA,2,0,0,0,0,30,0,0,24.3,0,0,0,0.946,25.2,37.2,62.4,NA,delaware,2013
14,Thomas Allshouse,F,1,0,1,18.8,NA,NA,NA,0,0,100,57.1,0,0,0,NA,0,0,0,0,0.21,-2.5,5.4,2.9,NA,delaware,2013
NA,Team Totals,,33,33,6700,NA,0.518,0.254,0.42,NA,NA,NA,NA,NA,NA,NA,NA,NA,9.9,6.3,16.2,0.097,0.2,-0.3,0,NA,delaware,2013
1,Davon Usher,G,35,35,1282,22.4,0.583,0.489,0.455,632,4.2,13.5,8.8,9.7,2.7,1.1,10.9,24.9,3.7,1.5,5.2,0.162,4.7,0.5,5.2,NA,delaware,2014
2,Kyle Anderson,G,35,35,1216,12.2,0.553,0.713,0.199,351,2.6,8.7,5.7,4.7,1.3,0.9,7.7,15.1,2,0.9,2.8,0.092,1.1,-0.5,0.6,NA,delaware,2014
3,Devon Saddler,G,28,19,1037,20.2,0.534,0.296,0.406,542,3.1,9.2,6.1,20.2,1.3,0.7,10.6,27.2,2.6,0.7,3.3,0.127,3.8,-1.4,2.3,NA,delaware,2014
4,Carl Baptiste,F,35,34,965,19.7,0.596,0,0.338,378,9.4,21.5,15.4,2.9,0.6,5,14.7,19.3,2,1.3,3.3,0.135,0.1,-0.1,0,NA,delaware,2014
5,Jarvis Threatt,G,26,25,964,22.9,0.509,0.138,0.784,509,3.9,12.9,8.4,28,3.7,0.4,12.6,26.5,2.3,1.3,3.6,0.149,2.6,1.4,4,NA,delaware,2014
6,Devonne Pinkard,G,34,6,601,5.1,0.434,0.73,0.157,97,4.6,8.9,6.8,4.8,0.9,1.1,13.6,9,0.2,0.4,0.6,0.039,-2.7,-0.1,-2.8,NA,delaware,2014
7,Marvin King-Davis,F,27,19,440,14.8,0.536,0,0.569,147,11.1,13.2,12.1,0.8,0.4,4.9,9.8,15.9,0.8,0.4,1.2,0.113,-1.6,-1,-2.6,NA,delaware,2014
8,Cazmon Hayes,G,32,0,313,6.1,0.468,0.463,0.519,65,4.4,7.9,6.1,3.2,0.5,0.6,10.6,11.7,0.2,0.2,0.3,0.044,-4,-0.9,-4.9,NA,delaware,2014
9,Barnett Harris,F,29,1,92,4.1,0.759,0,0.667,16,11.6,11.7,11.6,1.8,1.2,3.2,47,7.9,0,0.1,0.1,0.061,-9.1,0.7,-8.4,NA,delaware,2014
10,Maurice Jeffers,F,18,0,84,8.4,0.627,0,0.625,15,7.6,9,8.3,0,0,3.5,0,6,0.2,0.1,0.2,0.097,-3.3,0,-3.2,NA,delaware,2014
11,Tommy Williams,F,9,1,12,-6.7,0,0,0,1,8.9,35.8,22.3,0,0,0,33.3,12.2,0,0,0,-0.098,-12.8,-2.7,-15.5,NA,delaware,2014
12,Sean Locke,G,7,0,8,-11.6,0.127,1,0.667,1,0,0,0,0,0,0,0,24.1,0,0,0,-0.225,-13.5,-8.2,-21.7,NA,delaware,2014
13,Dylan Miller,G,7,0,7,-10.7,NA,NA,NA,0,0,0,0,0,0,0,100,7,0,0,0,-0.138,-8.7,-4.3,-13,NA,delaware,2014
14,Thomas Allshouse,F,7,0,6,0,NA,NA,NA,0,0,0,0,0,0,0,NA,0,0,0,0,-0.001,-2.6,-2.3,-4.9,NA,delaware,2014
NA,Team Totals,,35,35,7027,NA,0.546,0.345,0.439,NA,NA,NA,NA,NA,NA,NA,NA,NA,13.8,6.8,20.6,0.117,1.3,-0.2,1.1,NA,delaware,2014
1,Kory Holden,G,29,28,990,13.3,0.5,0.216,0.456,391,1.8,8.3,5.1,33.3,1,0.4,20.9,24.2,0.9,0.2,1.1,0.043,-0.6,-3.1,-3.6,NA,delaware,2015
2,Cazmon Hayes,G,30,30,838,14.9,0.52,0.544,0.367,300,2.3,10.6,6.5,8.2,2,0.4,10.1,23,1.2,0.4,1.6,0.077,0.5,-0.8,-0.3,NA,delaware,2015
3,Kyle Anderson,G,23,23,788,13.7,0.489,0.543,0.179,298,1.7,11.3,6.5,14.3,1.3,1.1,11.7,25.7,0.6,0.4,1,0.051,-0.3,-2.1,-2.3,NA,delaware,2015
4,Chivarsky Corbett,F,30,1,725,16.8,0.556,0.557,0.259,236,4.2,15.1,9.6,7.6,1.8,2.6,11.2,19.4,1.3,0.6,1.8,0.101,2,-0.2,1.7,NA,delaware,2015
5,Maurice Jeffers,F,30,29,706,15.1,0.579,0,0.396,209,10,12.9,11.4,9.1,0.9,4.4,21.7,16.8,0.8,0.4,1.2,0.071,-1.5,-0.7,-2.1,NA,delaware,2015
6,Devonne Pinkard,G,29,7,568,7.2,0.454,0.578,0.293,116,2.6,13.7,8.1,8,0.5,1.2,13.1,14.1,0.1,0.2,0.3,0.023,-2.6,-1.3,-3.9,NA,delaware,2015
7,Marvin King-Davis,F,24,23,563,19.7,0.561,0,0.577,214,6.5,20.6,13.6,7.4,0.8,2.8,10.7,21.7,1.3,0.5,1.7,0.123,0.3,-1.1,-0.9,NA,delaware,2015
8,Barnett Harris,F,29,4,303,7.4,0.331,0,1.077,45,11.8,15.8,13.8,5.5,1.2,4.4,18.6,8.4,0.1,0.3,0.3,0.041,-5.4,0,-5.5,NA,delaware,2015
9,Anthony Mosley,G,26,2,224,7,0.38,0.108,0.892,57,3,6,4.5,31.7,3,1.5,30.4,17.8,-0.2,0.1,-0.1,-0.019,-5.6,-0.6,-6.2,NA,delaware,2015
10,Eric Carter,F,23,3,218,6.7,0.38,0,0.5,49,14.8,14.3,14.6,11,1.1,4.1,32.2,15,-0.2,0.2,0,-0.004,-7.6,-0.7,-8.3,NA,delaware,2015
11,Skye Johnson,F,19,0,134,10,0.457,0,0.684,28,8.3,14.1,11.2,10.5,1.8,4.1,26.3,13.4,0,0.1,0.1,0.03,-4.2,0.7,-3.5,NA,delaware,2015
12,Curtis McRoy,G,4,0,5,0,NA,NA,NA,0,0,0,0,0,0,0,NA,0,0,0,0,-0.017,-6.9,-1.6,-8.5,NA,delaware,2015
13,Sean Locke,G,5,0,5,12.1,NA,NA,NA,0,0,22.3,11.1,36,0,0,NA,0,0,0,0,0.094,-1.9,2,0.1,NA,delaware,2015
14,Matt Grassi,G,3,0,4,10.5,NA,NA,NA,0,0,0,0,45,0,0,NA,0,0,0,0,0.071,0.2,-0.3,0,NA,delaware,2015
15,Thomas Allshouse,F,3,0,4,4.6,NA,NA,NA,0,0,27.8,13.9,0,0,0,NA,0,0,0,0,0.033,-4.9,-0.2,-5,NA,delaware,2015
NA,Team Totals,,30,30,6075,NA,0.509,0.35,0.381,NA,NA,NA,NA,NA,NA,NA,NA,NA,5.8,3.4,9.1,0.06,-1.1,-1.2,-2.3,NA,delaware,2015
1,Kory Holden,G,30,27,1088,15.8,0.512,0.388,0.277,519,1.6,7.5,4.5,29.8,0.7,0.2,14.5,28.6,1.6,0,1.6,0.057,2.7,-3.5,-0.8,NA,delaware,2016
2,Cazmon Hayes,G,29,27,1020,12.2,0.473,0.599,0.27,301,2.3,13.7,8,8.6,1.7,1.1,8.7,19,0.7,0.5,1.2,0.047,0,-0.6,-0.6,NA,delaware,2016
3,Anthony Mosley,G,30,26,940,12.4,0.556,0.148,0.714,286,1.6,13.7,7.6,15.5,1.3,0.7,19.4,17.7,0.9,0.4,1.3,0.055,-2.2,-0.8,-3,NA,delaware,2016
4,Marvin King-Davis,F,29,29,936,20.1,0.506,0.006,0.466,422,10.4,19.9,15.1,8.5,0.5,2.3,9.4,25.6,1.9,0.5,2.4,0.102,1.8,-2.5,-0.7,NA,delaware,2016
5,Maurice Jeffers,F,29,16,660,8.3,0.456,0,0.855,163,8.7,14.3,11.5,4.7,0.6,6.1,26.1,17.2,-0.5,0.4,-0.1,-0.009,-5.2,-1.1,-6.3,NA,delaware,2016
6,Devonne Pinkard,G,22,13,558,6.7,0.448,0.643,0.226,112,3.3,12.2,7.7,6.2,0.7,0.7,11.2,13.1,0.1,0.1,0.3,0.019,-2.8,-1.5,-4.3,NA,delaware,2016
7,Skye Johnson,F,17,3,264,8.9,0.524,0,0.727,66,9.8,13.5,11.7,3.2,1.6,3.4,30.5,16.5,-0.1,0.2,0,0.006,-5,-0.8,-5.8,NA,delaware,2016
8,Barnett Harris,F,27,1,223,9.5,0.487,0,1.385,36,13,18.4,15.7,5.9,2.1,5.7,35.8,7.7,0.1,0.2,0.3,0.054,-5.1,1.3,-3.8,NA,delaware,2016
9,Curtis McRoy,G,27,3,166,0.6,0.353,1,0,13,0,10.4,5.2,6.8,1.4,0,26.1,7.1,-0.1,0,-0.1,-0.023,-7.1,0.3,-6.9,NA,delaware,2016
10,Chivarsky Corbett,F,4,4,120,14.9,0.476,0.618,0.235,36,6.3,14.4,10.4,11.4,1.5,2.1,5,17,0.2,0.1,0.2,0.074,0.1,-0.6,-0.4,NA,delaware,2016
11,Sean Locke,G,12,1,26,1.7,0.35,1,0.3,7,4.1,12.5,8.3,0,2.3,0,14.9,26.4,-0.1,0,0,-0.076,-7.9,-2.5,-10.4,NA,delaware,2016
12,Curtis Lochner,G,13,0,24,-0.6,0.101,0.5,0.5,2,4.5,4.5,4.5,7.5,2.5,0,0,10.5,0,0,0,-0.07,-8.3,-0.4,-8.7,NA,delaware,2016
NA,Team Totals,,30,30,6025,NA,0.497,0.311,0.421,NA,NA,NA,NA,NA,NA,NA,NA,NA,4.7,2.3,7,0.046,-1.1,-1.5,-2.6,NA,delaware,2016
1,Ryan Daly,G,32,21,1072,21.3,0.517,0.411,0.234,489,7.1,18.5,12.7,15.1,1.5,0.9,7.3,26.2,2.5,0.8,3.3,0.122,4.3,-1.6,2.7,NA,delaware,2017
2,Anthony Mosley,G,33,28,979,15.6,0.556,0.077,0.556,332,2.4,10.4,6.4,18,3.4,1.9,21.3,20.2,0.9,0.9,1.8,0.075,-2.2,1.1,-1.1,NA,delaware,2017
3,Cazmon Hayes,G,33,21,884,11.1,0.448,0.404,0.314,284,3.2,11.1,7.1,13.8,1.2,3.3,14,22,0,0.5,0.5,0.022,-2,-1.6,-3.6,NA,delaware,2017
4,Darian Bryant,G,32,19,880,9.1,0.511,0.288,0.255,237,1.9,9.9,5.9,13.5,0.9,1,19.9,17.7,0.1,0.3,0.4,0.019,-3.9,-2.3,-6.1,NA,delaware,2017
5,Eric Carter,F,33,24,695,15.1,0.548,0.006,0.59,238,9.9,19.5,14.7,13.4,1,2.5,21.9,19.4,0.7,0.6,1.3,0.075,-3.4,-1.2,-4.6,NA,delaware,2017
6,Devonne Pinkard,G,33,16,662,9,0.48,0.658,0.186,188,2.6,11.7,7.1,6.3,1.3,1.3,11.4,19.4,0.2,0.4,0.6,0.035,-3.5,-1.3,-4.8,NA,delaware,2017
7,Chivarsky Corbett,F,28,15,517,14,0.533,0.636,0.201,159,3.7,14.8,9.2,5.5,1.4,1.5,9.6,19,0.6,0.3,1,0.074,0.1,-1.4,-1.3,NA,delaware,2017
8,Jacob Cushing,F,27,8,314,2.4,0.34,0.547,0.219,47,2.5,14.8,8.6,3,0.2,1.2,10.2,13.2,-0.3,0.1,-0.2,-0.025,-6.1,-3,-9.1,NA,delaware,2017
9,Skye Johnson,F,26,0,258,12.5,0.559,0,0.284,84,11,13.9,12.4,6.2,2.3,3.4,29,21.8,-0.1,0.3,0.1,0.022,-6.7,-1.4,-8,NA,delaware,2017
10,Barnett Harris,F,28,9,253,14,0.571,0,1.261,58,8.5,18.3,13.4,16.8,2.9,6,27.6,10.6,0.3,0.4,0.7,0.106,-4.4,3.4,-1,NA,delaware,2017
11,Curtis McRoy,G,13,4,78,4.5,0,0.333,0,3,0,7.4,3.7,15.3,3.1,0,25,2.7,0,0.1,0,0.015,-6.9,1.1,-5.8,NA,delaware,2017
12,Curtis Lochner,G,10,0,33,-0.1,0.44,0.571,0.286,7,0,3.5,1.7,11.6,0,0,27.4,17.5,0,0,0,-0.058,-6.9,-4.6,-11.6,NA,delaware,2017
NA,Team Totals,,33,33,6625,NA,0.507,0.35,0.325,NA,NA,NA,NA,NA,NA,NA,NA,NA,4.9,4.5,9.5,0.057,-1.9,-1.1,-3,NA,delaware,2017
1,Ryan Allen,G,30,24,1072,12.9,0.531,0.551,0.162,403,0.9,7.3,4.1,8.5,0.8,0.6,10.2,23.4,1.4,0.3,1.7,0.064,0.2,-2.6,-2.4,NA,delaware,2018
2,Ryan Daly,G,28,28,1049,19.5,0.511,0.358,0.332,469,4.4,14.9,9.6,13.4,1.9,0.3,6.8,25.5,2.2,0.8,3,0.115,1.7,-1.1,0.7,NA,delaware,2018
3,Anthony Mosley,G,32,30,1035,15.5,0.543,0.026,0.651,350,3.2,12.1,7.6,16.7,2.3,1.2,17.2,18.5,1.4,0.8,2.3,0.087,-1.3,0,-1.3,NA,delaware,2018
4,Darian Bryant,G,31,15,919,7.1,0.46,0.425,0.171,186,1.8,8.4,5.1,10.2,1.4,0.7,17.3,13.5,-0.1,0.4,0.3,0.014,-3.5,-0.8,-4.3,NA,delaware,2018
5,Eric Carter,F,30,30,869,21.5,0.616,0.005,0.657,345,9.4,27.2,18.2,12,1.2,3.3,18.3,19.7,2,1,3.1,0.141,0.5,0,0.5,NA,delaware,2018
6,Chyree Walker,F,30,14,486,7.5,0.424,0.172,0.254,124,7.1,10.1,8.6,6.4,1.6,0.2,15.5,17.4,-0.2,0.3,0.1,0.008,-4.9,-1.8,-6.6,NA,delaware,2018
7,Kevin Anderson,G,11,11,365,19.8,0.572,0.465,0.333,149,3.5,13.8,8.6,17.3,2.1,2.5,12,21.5,0.9,0.3,1.2,0.132,3.2,0.1,3.3,NA,delaware,2018
8,Jacob Cushing,F,22,7,337,7.2,0.492,0.638,0.088,76,2,15.7,8.8,4.8,0.7,0.7,14.4,15.1,0.1,0.2,0.2,0.029,-3.9,-1.5,-5.4,NA,delaware,2018
9,Skye Johnson,F,30,3,335,22.8,0.656,0,0.466,145,15.8,14.7,15.3,5.6,1.1,3.1,17.6,20.3,1,0.3,1.3,0.153,0.7,-1.8,-1.1,NA,delaware,2018
10,Derrick Woods,F,9,3,135,17.7,0.61,0.057,0.457,51,9.4,29.6,19.4,7.6,0.4,3.4,23.4,21.5,0.2,0.2,0.3,0.091,-8.9,-2.3,-11.1,NA,delaware,2018
11,Connor Rufo,G,13,0,27,16.2,0.507,0.2,0.8,9,8.5,17.4,12.9,19.4,0,0,0,13.3,0.1,0,0.1,0.141,2.9,0.2,3.1,NA,delaware,2018
12,Curtis Lochner,G,11,0,21,-17.8,0.084,0.6,0.4,1,0,5.6,2.8,0,0,0,33.5,22.3,-0.2,0,-0.2,-0.313,-18.7,-9.6,-28.3,NA,delaware,2018
NA,Team Totals,,33,33,6650,NA,0.533,0.311,0.349,NA,NA,NA,NA,NA,NA,NA,NA,NA,8.8,4.6,13.4,0.081,-0.9,-1.1,-2,NA,delaware,2018
1,Darian Bryant,G,33,33,1108,9.3,0.512,0.34,0.237,248,3.4,7.9,5.8,12.7,1.4,1.3,19.7,13.4,0.7,0.5,1.1,0.041,-2.6,-1.5,-4.1,NA,delaware,2019
2,Ithiel Horton,G,33,23,1075,16.2,0.57,0.553,0.201,392,1.7,9.8,5.9,10.3,1.9,0.4,10.9,22.1,2,0.6,2.6,0.098,0.7,-2.2,-1.5,NA,delaware,2019
3,Eric Carter,F,32,32,1025,26.6,0.62,0.015,0.512,511,8.9,27.6,18.6,17.2,1.3,2.2,15.2,26,3.6,1.2,4.8,0.189,3,-1,1.9,NA,delaware,2019
4,Kevin Anderson,G,29,26,1015,12.2,0.501,0.382,0.333,344,2.5,11.8,7.3,21.1,2,1.2,21.2,21.4,0.6,0.7,1.3,0.051,-3,-2.2,-5.2,NA,delaware,2019
5,Ryan Allen,G,22,19,791,16,0.544,0.591,0.33,321,0.6,7.2,4,13.8,1.1,0.3,9.3,24.9,1.6,0.2,1.8,0.09,1.4,-2.8,-1.5,NA,delaware,2019
6,Matt Veretto,F,33,12,656,14.4,0.605,0.571,0.186,194,6,11,8.6,3.7,0.8,1,8.4,16.2,1.4,0.3,1.7,0.102,0.7,-2.8,-2.2,NA,delaware,2019
7,Ryan Johnson,G,33,12,537,11.8,0.545,0.506,0.448,125,4.3,16.1,10.4,9.3,1.3,1.3,13.2,12.5,0.7,0.4,1.1,0.084,-1.4,-0.6,-2,NA,delaware,2019
8,Collin Goss,F,33,7,314,16.3,0.609,0.39,0.208,103,9.3,24.9,17.4,7.3,0.4,5,21.4,19,0.4,0.3,0.8,0.1,-2.2,-1.3,-3.5,NA,delaware,2019
9,Jacob Cushing,F,21,1,217,14,0.678,0.796,0.222,73,3.5,11.4,7.6,8.4,0.6,1,23.2,19.8,0.4,0.1,0.4,0.081,2,-2.4,-0.5,NA,delaware,2019
10,Davis Long,G,12,0,42,5.7,0.5,0.5,0,10,3,11.3,7.3,17.7,0,0,33.3,15.8,0,0,0,-0.016,-3.3,-2.8,-6.1,NA,delaware,2019
11,Connor Rufo,G,8,0,16,27.7,0.909,0.5,0.5,6,7.9,7.4,7.7,0,0,0,16.8,20.6,0.1,0,0.1,0.161,-3.1,-5.7,-8.8,NA,delaware,2019
NA,Team Totals,,33,33,6796,NA,0.567,0.413,0.312,NA,NA,NA,NA,NA,NA,NA,NA,NA,11.4,4.4,15.8,0.093,-0.3,-1.9,-2.2,NA,delaware,2019
1,Nate Darling,G,32,32,1224,21.3,0.599,0.548,0.309,621,1.5,10.4,6.2,14.9,1.2,0.6,13.6,27.7,3.8,0.8,4.6,0.151,4.2,-2.2,2,NA,delaware,2020
2,Kevin Anderson,G,33,32,1148,15.2,0.575,0.372,0.283,400,1.9,11,6.7,19.4,2.3,1.5,20.7,18.9,1.8,1.1,2.9,0.102,-0.5,0,-0.5,NA,delaware,2020
3,Ryan Allen,G,33,32,1111,12.1,0.521,0.585,0.279,384,0.8,6.4,3.8,11.3,1.6,0.9,13.7,21,1.4,0.7,2,0.074,-1.6,-1.8,-3.4,NA,delaware,2020
4,Justyn Mutts,F,33,32,1048,20.5,0.574,0.06,0.339,424,8.1,22.8,15.9,13.6,2.3,3.7,19,21.6,2.1,1.6,3.7,0.143,-0.1,1,0.9,NA,delaware,2020
5,Collin Goss,F,33,18,645,17,0.636,0.092,0.255,194,6.6,19.7,13.6,6.8,0.6,3.1,15.9,15.3,1.3,0.7,2,0.122,0.1,-0.5,-0.4,NA,delaware,2020
6,Johnny McCoy,G,33,1,459,8,0.617,0.417,0.313,71,3.1,11.9,7.8,5.4,1.5,1,17.9,7.7,0.5,0.4,0.8,0.073,-1.5,0.9,-0.6,NA,delaware,2020
7,Dylan Painter,F,22,16,441,24.5,0.661,0.035,0.722,212,13.4,20.6,17.2,9.9,0.7,4.1,19.7,22.8,1.6,0.5,2.1,0.188,2,-1,1.1,NA,delaware,2020
8,Jacob Cushing,F,26,2,253,12,0.576,0.719,0.105,63,3.1,12.6,8.1,4.9,2.1,1.3,17.8,15.1,0.2,0.2,0.5,0.075,0.5,-0.2,0.2,NA,delaware,2020
9,Aleks Novakovich,F,16,0,151,7.9,0.464,0.645,0.161,33,6.8,10.5,8.8,3.4,1.2,0.7,8.2,12.6,0.1,0.1,0.2,0.064,-3.9,-0.2,-4.1,NA,delaware,2020
10,Ebby Asamoah,G,20,0,124,11.1,0.698,0.688,0.25,26,4.1,14.7,9.7,8.1,0.9,1.8,21.8,9.7,0.2,0.1,0.3,0.1,-1.6,-1.5,-3.1,NA,delaware,2020
11,Davis Long,G,6,0,14,-5.3,0,0.667,0,1,0,0,0,21.5,0,0,0,11.2,0,0,0,-0.104,-9,-5.5,-14.5,NA,delaware,2020
12,Fred Rullo IV,G,3,0,7,17.1,0.5,0.5,0,2,0,16.2,8.6,27.4,0,0,0,15,0,0,0,0.127,-16.2,-8.1,-24.4,NA,delaware,2020
NA,Team Totals,,33,33,6625,NA,0.582,0.385,0.316,NA,NA,NA,NA,NA,NA,NA,NA,NA,13,6.2,19.2,0.116,0.3,-0.7,-0.4,NA,delaware,2020
1,Ryan Allen,G,15,15,538,12.5,0.513,0.531,0.354,216,0.9,8,4.6,17.2,0.5,0.6,13.8,25.3,0.7,0.5,1.1,0.083,-1,-1.8,-2.8,NA,delaware,2021
2,Dylan Painter,F,15,15,454,23.7,0.571,0.007,0.632,214,13.6,30.3,22.3,15.1,0.7,3.8,18.8,25.1,1.2,0.9,2,0.178,2,0.2,2.2,NA,delaware,2021
3,Johnny McCoy,G,14,11,406,8.5,0.513,0.453,0.566,78,3,10.8,7.1,11.7,2.2,1.6,25.5,11.6,0.1,0.6,0.7,0.067,-4,2.1,-1.9,NA,delaware,2021
4,Andrew Carr,F,15,10,379,14.4,0.541,0.286,0.337,127,5.9,10.7,8.4,15.4,0.9,3.7,16.8,18.8,0.6,0.5,1.1,0.112,-1,0.5,-0.6,NA,delaware,2021
5,Kevin Anderson,G,11,10,363,13.7,0.536,0.474,0.237,132,1.4,9.9,5.8,20.1,2.8,0.9,20.6,23,0.3,0.5,0.8,0.088,-1.2,1,-0.2,NA,delaware,2021
6,Ebby Asamoah,G,15,5,362,17.8,0.671,0.686,0.302,111,2.7,11.8,7.5,6,2,2.4,9.2,15.6,1,0.5,1.5,0.167,1.1,1.2,2.3,NA,delaware,2021
7,Gianmarco Arletti,G,15,4,216,3.9,0.424,0.368,0.158,55,3.4,7.3,5.4,13.3,1.1,1,25.5,19.9,-0.3,0.2,-0.1,-0.014,-6.1,-1.7,-7.8,NA,delaware,2021
8,Aleks Novakovich,F,10,5,165,7.4,0.502,0.743,0.171,39,6,13,9.6,7.3,1.1,0.6,20.9,15.1,0,0.2,0.2,0.057,-5.2,-1.5,-6.8,NA,delaware,2021
9,Anthony Ochefu,F,14,0,111,14,0.606,0.3,0.5,31,8.9,29.4,19.6,7.5,1.1,1,22,14.9,0.2,0.2,0.4,0.128,-2.7,0.8,-1.9,NA,delaware,2021
10,Fred Rullo IV,G,2,0,3,-36.9,0,0,0,1,41.1,0,19.6,0,0,0,33.3,52.2,-0.1,0,-0.1,-0.702,-17.4,-5.9,-23.2,NA,delaware,2021
11,O.D. Ogunbo,F,1,0,3,20.9,0.526,NA,NA,2,41.1,37.5,39.2,0,0,35.6,51.3,33.9,0,0,0,0.045,-12.1,7.7,-4.4,NA,delaware,2021
12,Davis Long,G,1,0,0,NA,NA,NA,NA,NA,NA,NA,NA,NA,NA,NA,NA,NA,0,0,0,NA,NA,NA,NA,NA,delaware,2021
NA,Team Totals,,15,15,3000,NA,0.542,0.405,0.375,NA,NA,NA,NA,NA,NA,NA,NA,NA,3.6,4,7.7,0.102,-1.4,0.1,-1.3,NA,delaware,2021
1,Kevin Anderson,G,35,34,1213,14,0.532,0.472,0.236,401,1.7,9.4,5.7,19.3,2.4,1.1,16.7,18.3,1.7,1.2,2.9,0.096,0,0,0,NA,delaware,2022
2,Jameer Nelson Jr.,G,35,35,1144,17.2,0.554,0.404,0.265,466,4.6,13.3,9.1,13.7,2.9,0.9,17,23.7,1.9,1.4,3.3,0.114,0.6,-0.2,0.4,NA,delaware,2022
3,Ryan Allen,G,33,19,983,13,0.519,0.571,0.258,359,1.7,6.5,4.2,12.1,1.7,1.1,13.7,22.6,1.2,0.7,1.8,0.074,0,-1.8,-1.9,NA,delaware,2022
4,Andrew Carr,F,34,34,965,18.3,0.618,0.187,0.467,339,7.8,13.9,11,8.7,1.8,4.1,16.9,18,2.2,1.1,3.3,0.136,1.3,0.4,1.7,NA,delaware,2022
5,Dylan Painter,F,30,23,808,23.1,0.625,0.101,0.615,371,11.2,17.5,14.5,13.5,1.1,4,18,22.3,2.6,0.9,3.5,0.174,3,-0.5,2.5,NA,delaware,2022
6,Ebby Asamoah,G,33,20,794,13.3,0.612,0.816,0.331,211,2.2,15,8.9,5.2,1.9,1.9,12.5,14.2,1.4,0.9,2.3,0.117,0.8,0.2,1,NA,delaware,2022
7,Jyare Davis,F,31,4,614,23.6,0.622,0.048,0.351,278,7.3,18.1,12.9,10.4,0.7,2.3,11,23.3,2,0.6,2.6,0.172,3.7,-0.7,3,NA,delaware,2022
8,Gianmarco Arletti,G,27,6,259,12.7,0.581,0.482,0.321,71,3,19,11.3,7.1,3.4,0.4,22.7,16.9,0.2,0.4,0.6,0.088,-1.8,1.3,-0.5,NA,delaware,2022
9,Reggie Gardner,G,24,0,135,2.4,0.208,0.75,0,12,2.8,8.7,5.9,11.8,1.7,0,20,5.8,0,0.1,0.1,0.015,-6,-0.7,-6.8,NA,delaware,2022
10,Wes Peterson,G,11,0,74,3.7,0.287,0.526,0.211,17,8.6,12.6,10.7,11.4,1.6,0,16.1,17.6,-0.1,0.1,0,-0.018,-6.2,0.1,-6.2,NA,delaware,2022
11,Logan Curtis,G,4,0,24,25,0.791,0.667,0.333,10,0,9.8,5.1,16,2.5,4.5,12.6,17.3,0.1,0,0.1,0.232,-10.2,-7.1,-17.3,NA,delaware,2022
12,Davis Long,G,5,0,13,-0.8,0.375,0.75,0,4,9.8,0,4.7,13.5,0,0,33.3,24.2,0,0,0,-0.107,-12.5,-8.4,-20.9,NA,delaware,2022
13,Fred Rullo IV,G,4,0,9,16.6,0.513,1,2,2,0,65,33.9,0,0,0,0,11.3,0,0,0,0.172,-3.1,3.6,0.5,NA,delaware,2022
14,O.D. Ogunbo,F,3,0,9,-9.5,0.408,0.333,1.333,5,28.3,13,20.3,0,0,11.9,44.9,51.8,-0.1,0,-0.1,-0.294,-30.5,-11.5,-42.1,NA,delaware,2022
15,Anthony Ochefu,F,3,0,6,-12.4,0,NA,NA,1,21.2,0,10.2,0,0,0,67.8,12.9,0,0,0,-0.163,-15,-6.4,-21.5,NA,delaware,2022
NA,Team Totals,,35,35,7050,NA,0.57,0.388,0.339,NA,NA,NA,NA,NA,NA,NA,NA,NA,13,7.4,20.4,0.116,0.7,-0.3,0.3,NA,delaware,2022
1,Christian Ray,G,33,33,1101,18.8,0.593,0.084,0.509,358,10,21,15.4,12.6,1.6,1.4,13.4,14.7,2.7,1.3,4,0.146,0.8,-0.9,-0.1,NA,delaware,2023
2,Jyare Davis,F,31,31,1039,18.1,0.504,0.1,0.258,468,5.1,14.8,9.9,17.9,1.5,2.1,12.1,27.1,1.4,1.1,2.4,0.093,-0.1,-1.8,-1.9,NA,delaware,2023
3,Jameer Nelson Jr.,G,29,29,1022,25.3,0.56,0.374,0.47,582,3.7,11.9,7.8,23.8,4.1,1.9,14.3,32.1,2.7,1.5,4.2,0.164,4,1.1,5,NA,delaware,2023
4,L.J. Owens,G,26,24,791,11.1,0.522,0.596,0.197,231,1.8,7.9,4.8,8.5,1.1,1.1,9.8,17.6,0.9,0.5,1.4,0.069,-1.8,-2,-3.8,NA,delaware,2023
5,Gianmarco Arletti,G,33,15,707,8.4,0.448,0.37,0.243,177,2.2,14.4,8.2,11.3,1.8,4.1,21.9,18.4,-0.6,0.8,0.3,0.015,-4,-0.3,-4.2,NA,delaware,2023
6,Ebby Asamoah,G,29,25,699,10,0.537,0.739,0.267,183,2.7,10.8,6.7,6.2,1.7,1.7,14.2,15.9,0.6,0.6,1.2,0.07,-2.3,-1.1,-3.4,NA,delaware,2023
7,Cavan Reilly,G,29,0,500,11.3,0.601,0.625,0.2,139,1.9,6.7,4.3,5.9,1,0.6,12.6,15.8,0.7,0.3,1,0.081,-0.6,-2.2,-2.9,NA,delaware,2023
8,Johnny McCoy,G,24,7,392,8.9,0.581,0.673,0.364,68,1.2,6.4,3.8,4.2,2.1,3.3,17.8,10.5,0.2,0.4,0.6,0.059,-2.2,0.4,-1.8,NA,delaware,2023
9,Aleks Novakovich,F,18,0,184,4.9,0.378,0.758,0.091,27,2.6,8.5,5.5,3.9,2.3,5.3,12.7,11.3,-0.1,0.2,0.1,0.023,-6.5,0.7,-5.9,NA,delaware,2023
10,Nigel Shadd,F,17,1,80,12.6,0.555,0,1,17,5.9,35.9,20.7,0,0.7,10.8,27,14.6,0,0.2,0.1,0.07,-6.5,1.5,-5,NA,delaware,2023
11,Houston Emory,F,13,0,68,6.4,0.4,0.2,0,6,1.7,12.3,7,10.1,5.2,1.6,28.6,5.4,0,0.1,0.1,0.064,-8.4,3.4,-5,NA,delaware,2023
12,Logan Curtis,G,13,0,49,13.9,0.467,0.5,0.6,14,7.2,12.2,9.7,14.8,7.3,0,23.7,18.1,0,0.1,0.1,0.086,-5.2,3.8,-1.4,NA,delaware,2023
13,Fred Rullo IV,G,7,0,8,10.5,0.339,0,1,3,0,0,0,40.7,0,0,0,19.4,0,0,0,0.068,-1.9,-3,-4.9,NA,delaware,2023
14,O.D. Ogunbo,F,5,0,6,2.8,NA,NA,NA,0,0,19.9,9.9,0,0,0,NA,0,0,0,0,0.029,-4,-2.2,-6.2,NA,delaware,2023
15,Wes Peterson,G,1,0,6,-25.8,0,0.5,0,0,0,19.9,9.9,0,9.9,0,50,35.1,-0.1,0,-0.1,-0.484,NA,NA,NA,NA,delaware,2023
NA,Team Totals,,33,33,6652,NA,0.534,0.366,0.331,NA,NA,NA,NA,NA,NA,NA,NA,NA,8.4,7.1,15.5,0.093,-0.7,-0.7,-1.4,NA,delaware,2023
1,Jyare Davis,F,32,32,1063,21.8,0.544,0.182,0.364,533,5.9,19.3,12.9,15.2,1.3,2.4,10.3,27.5,2.6,1.7,4.3,0.163,2.2,0.3,2.6,NA,delaware,2024
2,Christian Ray,G,33,33,1008,19.6,0.611,0.102,0.413,343,10.4,21.9,16.4,13.8,1.6,1.9,13.4,14.7,2.6,1.7,4.3,0.172,1.2,1.1,2.4,NA,delaware,2024
3,Cavan Reilly,G,32,30,942,11.3,0.552,0.737,0.135,259,1.5,6.7,4.3,5.6,2.5,0.6,11.6,16.7,0.9,1.2,2.1,0.089,-1.6,0.7,-0.9,NA,delaware,2024
4,Gerald Drumgoole Jr.,G,33,19,939,17.6,0.558,0.573,0.323,429,2.7,12,7.6,16.5,0.8,0.7,11,25.6,2,1,3.1,0.131,3,-1.2,1.8,NA,delaware,2024
5,Jalun Trent,G,33,18,874,14.8,0.539,0.082,0.404,295,4,11.6,8,20.2,2.4,3.3,22,18.9,0.7,1.4,2.1,0.094,-1.8,1.5,-0.3,NA,delaware,2024
6,Niels Lane,G,33,33,860,14.3,0.57,0.17,0.279,303,3.4,9.7,6.7,11.7,1.5,1,14.1,19.7,1.3,1,2.3,0.109,-1.6,0.2,-1.4,NA,delaware,2024
7,Tyler Houser,C,33,0,506,10.2,0.535,0.607,0.143,149,4.5,11.9,8.4,5.7,1.1,1.4,14.3,17.9,0.4,0.6,1,0.079,-2.9,-0.7,-3.6,NA,delaware,2024
8,Kobe Jerome,G,21,0,205,5.9,0.461,0.903,0.032,37,1.8,7.5,4.7,15.6,0.9,0.5,20.3,10,0.1,0.2,0.3,0.05,-7.3,-1.6,-8.9,NA,delaware,2024
9,Wes Peterson,G,24,0,125,6.5,0.48,0.32,0.44,25,1,11.4,6.4,4.2,1.4,1.7,16.6,15.1,-0.1,0.2,0.1,0.031,-5.9,0.3,-5.5,NA,delaware,2024
10,Zion Bethea,G,3,0,43,-2.7,0.308,0.615,0,7,0,10.2,5.3,3.9,0,0,13.3,18.2,-0.1,0,-0.1,-0.062,-9.9,-3.7,-13.6,NA,delaware,2024
11,Houston Emory,F,11,0,36,-16.6,0,0,0,1,3.3,12.1,8,0,1.6,2.9,54.5,15.9,-0.2,0.1,-0.2,-0.201,-23.3,-0.9,-24.2,NA,delaware,2024
12,Brandon Baffone,G,5,0,16,-2.1,0,0.5,0.5,1,7.5,13.7,10.7,0,0,0,0,8,0,0,0,-0.053,-10.5,-2.9,-13.4,NA,delaware,2024
13,O.D. Ogunbo,F,3,0,9,0.7,0.375,0.25,0,2,0,12.1,6.4,0,0,0,0,23.1,0,0,0,0.005,-8.8,-3.1,-11.9,NA,delaware,2024
NA,Team Totals,,33,33,6626,NA,0.551,0.354,0.3,NA,NA,NA,NA,NA,NA,NA,NA,NA,10.1,9.2,19.3,0.117,-0.5,0.2,-0.3,NA,delaware,2024
1,John Camden,F,36,36,1233,20.4,0.617,0.55,0.343,563,3.7,14.5,9.4,11.6,1.9,1.1,8.8,22.3,3.6,1,4.6,0.148,4.2,-2,2.3,NA,delaware,2025
2,Cavan Reilly,G,33,32,1082,14.6,0.609,0.572,0.22,372,1.8,7.6,4.9,8.9,2.3,0.5,10.9,17.9,1.9,0.6,2.6,0.095,0.3,-1.5,-1.2,NA,delaware,2025
3,Erik Timko,G,35,33,1038,16.3,0.629,0.581,0.382,384,3.1,13.6,8.6,11,1.1,0.9,9.5,17.2,2.7,0.6,3.3,0.126,1.7,-2.4,-0.7,NA,delaware,2025
4,Izaiah Pasha,G,34,33,1012,16.3,0.587,0.194,0.354,438,3.3,12.6,8.2,24.3,1.6,2,20.8,22,1.6,0.7,2.3,0.091,0.3,-1.8,-1.5,NA,delaware,2025
5,Niels Lane,G,33,29,1001,16.8,0.584,0.18,0.256,440,5.2,11.5,8.5,14.1,2,1.8,18.1,24.2,1.3,0.7,2,0.082,0,-2.4,-2.5,NA,delaware,2025
6,Trent Middleton,G,32,2,557,12.6,0.531,0.348,0.355,189,2.2,15,8.9,17,2.3,0.9,17.9,18.5,0.5,0.5,1,0.071,-2.3,-0.3,-2.6,NA,delaware,2025
7,Macon Emory,F,34,6,527,11.2,0.548,0.667,0.2,132,5.6,14.5,10.3,6.3,2,3.9,14.8,13.2,0.5,0.5,1,0.076,-2.7,-0.7,-3.4,NA,delaware,2025
8,Tahron Allen,G,22,6,309,9.6,0.483,0.333,0.208,97,1.6,6.8,4.4,9.9,1.7,0.6,8.7,19.2,0.1,0.1,0.3,0.035,-3.3,-2.3,-5.6,NA,delaware,2025
9,Kevin Kogbara,F,24,2,140,4.5,0.375,0.163,0.047,43,11.5,21.4,16.7,12.3,1.6,2.1,30.2,23.1,-0.4,0.2,-0.2,-0.057,-9.1,-2.4,-11.5,NA,delaware,2025
10,Houston Emory,F,19,1,125,7.6,0.497,0,0.882,31,10.9,14.2,12.7,5.1,2.3,6.3,33.2,14.8,-0.1,0.1,0.1,0.027,-7.7,1.3,-6.4,NA,delaware,2025
11,Gabe Moss,F,16,0,113,12.3,0.575,0,0.265,40,7.7,6.9,7.3,3.5,1,1.8,13.6,20.1,0.1,0,0.2,0.059,-6.1,-3.5,-9.7,NA,delaware,2025
12,Kobe Jerome,G,10,0,46,3.7,0.305,0.818,0.091,10,0,7.2,3.8,21,1.2,0,14.8,15,-0.1,0,0,-0.037,-5.1,-2.8,-7.9,NA,delaware,2025
13,Brandon Baffone,G,6,0,12,6.7,0.5,0.667,0,2,0,9.3,4.9,0,0,0,0,12.8,0,0,0,0.024,-5.9,-4.7,-10.6,NA,delaware,2025
14,Alex McFadden,G,5,0,7,3.9,0.606,0.5,0.5,2,0,0,0,0,0,0,28.8,25.5,0,0,0,-0.043,2,-5.5,-3.5,NA,delaware,2025
NA,Team Totals,,36,36,7202,NA,0.585,0.408,0.3,NA,NA,NA,NA,NA,NA,NA,NA,NA,11.8,5.2,17,0.095,0.1,-1.8,-1.7,NA,delaware,2025
1,Christian Bliss,G,31,31,1233,19,0.581,0.465,0.446,580,2.5,13.1,8.2,33.7,2.8,0.3,17.7,25,2.6,1.1,3.7,0.12,1.7,-0.8,0.8,NA,delaware,2026
2,Macon Emory,F,31,31,1151,12.4,0.526,0.5,0.215,342,5,16.4,11.1,7.2,1.9,2,13.7,19.1,0.5,1,1.5,0.053,-2.1,-1.4,-3.5,NA,delaware,2026
3,Justyn Fernandez,G,28,28,1048,14.3,0.57,0.436,0.247,428,1.3,13.1,7.6,13.8,1.5,1.6,17.3,26.7,0.6,0.7,1.3,0.049,-0.9,-2.6,-3.5,NA,delaware,2026
4,Alex Kazanecki,G,31,13,891,7.1,0.586,0.764,0.142,140,0.8,7.9,4.6,4,1,1.4,12.9,9.9,0.4,0.3,0.7,0.032,-2.4,-1.6,-4,NA,delaware,2026
5,Tyler Houser,C,26,26,864,18.1,0.605,0.395,0.262,356,6.9,13.1,10.2,12.6,0.8,1.6,10.3,22.4,2,0.4,2.5,0.114,2.2,-2.3,0,NA,delaware,2026
6,Jayden Taylor,F,31,10,472,10.3,0.624,0.2,0.567,97,6.6,12.9,9.9,3,0.7,3.9,18.3,11.2,0.4,0.3,0.7,0.061,-3.2,-1.4,-4.6,NA,delaware,2026
7,Houston Emory,F,24,5,270,10.2,0.676,0.091,0.727,44,5.5,12.1,9,5.8,3,7.7,33.6,9.4,0.1,0.3,0.4,0.061,-4.6,1.9,-2.7,NA,delaware,2026
8,Mason Ellison,G,7,1,149,3,0.438,0.375,0.375,32,0,7,3.8,8.2,2.1,0,19.3,17.8,-0.2,0.1,-0.1,-0.035,-10.3,-2.5,-12.8,NA,delaware,2026
9,Jameel Brown,G,4,4,94,13.3,0.517,0.594,0.375,35,1.4,12.4,7.3,7.1,4.6,0,15.7,27,0,0.1,0.1,0.035,1.8,2.4,4.2,NA,delaware,2026
10,Bouna Kebe,F,14,5,81,9.5,0.415,0.4,0.05,16,0,20.2,10.8,10.5,0.8,7.5,8.9,15.8,-0.1,0.1,0,0.013,-4.6,0.6,-4.1,NA,delaware,2026
11,Nnanna Njoku,F,2,0,28,-6.3,0.225,0.143,0.571,4,0,12.5,6.7,0,2.2,4.3,18.3,22.1,-0.1,0,-0.1,-0.167,-15.8,-1.8,-17.6,NA,delaware,2026
12,Cavan Reilly,G,1,1,23,-8.3,0.168,0.625,0.25,3,0,5.1,2.7,8.3,2.7,0,18.3,27.1,-0.2,0,-0.1,-0.259,-14.9,-6.4,-21.2,NA,delaware,2026
13,Brandon Baffone,G,6,0,15,5.5,0.513,0,2,2,0,0,0,11.7,0,0,0,7.4,0,0,0,0.048,-3.6,-3.9,-7.5,NA,delaware,2026
14,Alex McFadden,G,7,0,8,30.3,0.513,0,2,5,16.9,0,7.8,28.1,7.8,0,0,27.7,0,0,0,0.241,9.7,4.8,14.6,NA,delaware,2026
NA,Team Totals,,31,31,6327,NA,0.566,0.46,0.306,NA,NA,NA,NA,NA,NA,NA,NA,NA,6.1,4.5,10.6,0.067,-1.1,-1.5,-2.5,NA,delaware,2026
1,Jeremiah Kelly,G,31,30,983,11.4,0.508,0.636,0.118,241,1.8,6.8,4.2,17.4,3.1,0.3,15.3,14,0.9,0.3,1.2,0.05,-0.1,0.9,0.7,NA,depaul,2011
2,Brandon Young,G,31,30,941,14.7,0.52,0.32,0.338,385,1.3,8.4,4.6,26.5,2,0.3,19.6,25,0.8,0.1,1,0.041,1.6,-1.7,0,NA,depaul,2011
3,Tony Freeland,F,31,8,764,13.7,0.486,0.004,0.631,294,10,14.3,12,7.2,1.4,1.7,16.1,24,0.5,0.3,0.8,0.041,-1.6,-1.8,-3.4,NA,depaul,2011
4,Jimmy Drew,G,31,17,745,12.7,0.512,0.697,0.191,207,4.2,12.6,8.1,16.9,2.3,0.8,13.8,15.1,1,0.3,1.3,0.069,1.1,0.4,1.5,NA,depaul,2011
5,Krys Faber,C,31,31,745,12.1,0.523,0.006,0.524,214,9.1,17.6,13,4,1.4,2.1,19.1,17.2,0.5,0.4,0.9,0.047,-1.9,-1,-2.9,NA,depaul,2011
6,Cleveland Melvin,F,27,18,708,24.4,0.544,0.003,0.288,337,9.4,13.3,11.2,7.1,2.1,5.3,10.4,28,1.6,0.4,2,0.112,4.6,0,4.6,NA,depaul,2011
7,Michael Bizoukas,G,28,0,449,7.3,0.388,0.286,0.286,61,2.2,9.1,5.4,19.5,3.4,0.8,29.5,7.6,0,0.2,0.2,0.02,-3.4,2.2,-1.3,NA,depaul,2011
8,Moses Morgan,F,28,1,392,11.8,0.501,0.591,0.276,134,3.7,12,7.6,10.9,1.5,1.9,17.8,22.3,0.2,0.1,0.3,0.028,0.7,-1.3,-0.6,NA,depaul,2011
9,Mike Stovall,G,27,15,369,11.4,0.439,0.265,0.259,141,3,9.6,6.1,18.7,2.4,1,17.5,27.2,-0.2,0.1,-0.1,-0.007,-1.8,-1.8,-3.5,NA,depaul,2011
10,Devin Hill,F,5,4,80,12.2,0.451,0.24,0.32,25,2.8,15.9,8.9,12.9,1.5,4.7,12.2,20.5,0,0,0.1,0.031,-1.6,-0.3,-1.9,NA,depaul,2011
11,Mario Stula,F,19,1,79,3.8,0.41,0.762,0.095,18,5.6,11.3,8.2,4.7,0.7,0,21.5,17.7,-0.1,0,-0.1,-0.042,-3,-3.2,-6.2,NA,depaul,2011
12,Edwind McGhee,G,9,0,16,20.8,0.649,0,6,7,13.9,0,7.4,45.6,0,0,20.6,15.2,0.1,0,0.1,0.156,5.2,-1.1,4.1,NA,depaul,2011
13,Joe Belcaster,G,5,0,4,3.9,0.526,NA,NA,1,0,0,0,0,0,0,0,11.9,0,0,0,0.05,-9.9,-2.7,-12.7,NA,depaul,2011
NA,Team Totals,,31,31,6275,NA,0.505,0.288,0.333,NA,NA,NA,NA,NA,NA,NA,NA,NA,5.3,2.3,7.6,0.048,0.1,-0.5,-0.4,NA,depaul,2011
1,Cleveland Melvin,F,31,30,995,19.6,0.488,0.143,0.28,487,8,20,13.4,5.2,1.4,3.1,11.1,29.8,1.3,0.7,2,0.081,1.8,-2,-0.3,NA,depaul,2012
2,Brandon Young,G,31,30,944,19.8,0.513,0.334,0.311,464,1.9,9,5,30.1,2.9,0.3,14.6,25.9,2.1,0.4,2.5,0.106,3.8,-0.5,3.4,NA,depaul,2012
3,Jeremiah Kelly,G,29,22,818,15.3,0.536,0.687,0.157,274,3.1,8.1,5.3,24,2.2,0.1,14.3,15.8,1.7,0.2,1.9,0.093,2.9,-0.4,2.5,NA,depaul,2012
4,Krys Faber,C,30,26,595,12.1,0.611,0,0.469,130,9.1,19.5,13.7,3,1.3,2.1,19.5,9.8,0.9,0.4,1.3,0.085,-1,-0.2,-1.2,NA,depaul,2012
5,Jamee Crockett,F,31,16,571,18.1,0.549,0.489,0.197,242,4.4,10,6.9,12.9,2.2,1.6,10.6,22.7,1.3,0.3,1.6,0.112,3.9,-0.1,3.8,NA,depaul,2012
6,Charles McKinney,G,31,15,542,9.7,0.497,0.225,0.396,144,6,8.7,7.2,13.1,2.9,0.5,25,15.4,0.1,0.3,0.4,0.028,-2,0.6,-1.4,NA,depaul,2012
7,Worrel Clahar,G,31,4,521,14.6,0.605,0.264,0.403,190,3,8.3,5.3,20.7,4.4,0.2,29.4,19.9,0.5,0.4,0.9,0.07,-0.7,1.7,1,NA,depaul,2012
8,Moses Morgan,F,26,7,510,14.4,0.5,0.629,0.113,212,5.9,8.9,7.3,9.6,1.6,1.4,12.1,24.7,0.7,0.1,0.8,0.065,3,-1.9,1.1,NA,depaul,2012
9,Donnavan Kirk,F,23,4,415,12.2,0.491,0.123,0.274,85,7.8,19.2,12.9,2,1.3,7,11.8,10.7,0.4,0.4,0.7,0.071,-1.4,1.6,0.2,NA,depaul,2012
10,Derrell Robertson,C,29,1,247,5.9,0.549,0,0.1,27,5.5,14.3,9.4,2.5,1.4,7.4,32.3,6,0,0.2,0.2,0.033,-5.6,2.4,-3.1,NA,depaul,2012
11,Edwind McGhee,G,17,0,59,4.5,0.629,0.571,0.286,10,3.5,19.9,10.8,5.5,0.9,0,46.8,12.1,-0.1,0,0,-0.025,-3.6,-0.3,-3.9,NA,depaul,2012
12,Joe Belcaster,G,6,0,8,3.1,0.75,1,0,2,0,0,0,0,0,0,33.3,17.8,0,0,0,-0.021,-5.5,-2.4,-7.9,NA,depaul,2012
NA,Team Totals,,31,31,6225,NA,0.522,0.342,0.264,NA,NA,NA,NA,NA,NA,NA,NA,NA,8.8,3.5,12.3,0.079,1.2,-0.2,0.9,NA,depaul,2012
1,Brandon Young,G,32,32,1008,22.2,0.532,0.241,0.472,538,2.9,10.4,6.3,30.5,2.7,0.5,14.6,28,2.7,0.6,3.3,0.131,5.3,-0.1,5.2,NA,depaul,2013
2,Cleveland Melvin,F,32,31,994,21.5,0.521,0.113,0.275,478,8.7,18,12.9,5.8,2.2,2.4,12.4,28.1,1.8,0.8,2.7,0.107,3.6,-1.3,2.4,NA,depaul,2013
3,Worrel Clahar,G,32,10,792,13.4,0.505,0.383,0.383,256,2,16,8.3,24.2,3,0.5,22.7,18.1,0.6,0.7,1.3,0.065,-0.6,0.7,0.1,NA,depaul,2013
4,Donnavan Kirk,F,31,30,791,12.8,0.548,0.195,0.214,179,5.4,13.5,9,3.2,0.8,5.8,11.6,12,1,0.4,1.4,0.071,0.8,0.4,1.2,NA,depaul,2013
5,Jamee Crockett,F,28,19,641,13.6,0.467,0.412,0.298,234,5.2,14.4,9.3,10.5,2.5,1.4,13.3,22.5,0.5,0.5,1,0.062,0.5,-0.2,0.3,NA,depaul,2013
6,Charles McKinney,G,30,23,599,12.1,0.541,0.136,0.368,164,4.7,10.5,7.3,13.3,3.2,0.9,23.5,15.4,0.4,0.4,0.8,0.056,-0.8,1.2,0.4,NA,depaul,2013
7,Moses Morgan,F,29,3,548,9.6,0.438,0.577,0.165,165,3.3,11.8,7.1,9.7,1.8,1.7,15.1,20.2,0,0.3,0.3,0.02,0.1,-0.9,-0.9,NA,depaul,2013
8,Derrell Robertson,C,32,2,415,7.6,0.545,0.021,0.362,72,11.4,12.1,11.7,0.8,0.9,3.8,24.6,8.4,0.3,0.2,0.5,0.048,-3.8,-0.2,-3.9,NA,depaul,2013
9,Durrell McDonald,G,32,9,355,6.2,0.496,0.281,0.112,86,0.9,10,5,11.4,3.2,0.3,28.8,17.8,-0.3,0.2,-0.1,-0.01,-5.4,0.2,-5.1,NA,depaul,2013
10,Edwind McGhee,G,18,0,108,12.6,0.365,0.579,0.474,22,5,17.1,10.4,15,5.7,0,17.7,12.5,0,0.2,0.2,0.059,-0.9,3.8,2.9,NA,depaul,2013
11,Montray Clemons,F,19,0,95,7.2,0.536,0.05,0.35,26,11.3,15.2,13.1,1.9,0,2.9,32,17.3,0,0,0,-0.002,-4.2,-2,-6.2,NA,depaul,2013
12,Peter Ryckbosch,F,17,0,84,11.5,0.612,0,0.333,19,14,14.1,14.1,4.3,2.7,1.1,22.3,10.2,0.1,0.1,0.2,0.088,-3.3,0.5,-2.8,NA,depaul,2013
13,Jodan Price,G,8,0,19,-15.1,0.167,0.667,0,3,0,13.9,6.2,8.8,2.9,0,30.8,32.8,-0.2,0,-0.2,-0.324,-14.4,-4.9,-19.2,NA,depaul,2013
14,Cory Dolins,G,9,0,15,-4.9,0,0,0,1,0,0,0,30.6,0,0,66.7,9.6,0,0,0,-0.126,-8.3,-3.8,-12.1,NA,depaul,2013
15,Stuart Pirri,F,9,1,11,12.3,0.75,1,0,2,0,12,5.4,0,0,0,0,8.7,0,0,0,0.093,3.8,-2.5,1.4,NA,depaul,2013
NA,Team Totals,,32,32,6475,NA,0.509,0.266,0.317,NA,NA,NA,NA,NA,NA,NA,NA,NA,6.9,4.5,11.3,0.07,0.7,-0.1,0.6,NA,depaul,2013
1,Brandon Young,G,32,32,1114,18.2,0.514,0.277,0.489,510,2,13.2,7.2,23.9,3,0.9,16.4,27.4,1.4,0.8,2.3,0.081,2.6,0.5,3.2,NA,depaul,2014
2,Billy Garrett,G,31,25,911,14.7,0.52,0.397,0.548,382,1.5,8.7,4.8,21.9,1.9,0.4,15.6,24.1,1.5,0.3,1.8,0.08,1.1,-0.8,0.3,NA,depaul,2014
3,Tommy Hamilton IV,F,32,26,786,11.2,0.488,0.247,0.372,242,6.7,17.6,11.7,6.7,1.2,2.8,19.2,20.1,0.1,0.5,0.6,0.032,-1.3,-0.6,-1.9,NA,depaul,2014
4,Cleveland Melvin,F,20,20,652,22.4,0.554,0.272,0.362,301,8.4,15.3,11.6,7.3,1,5.3,10.4,26,1.6,0.4,2,0.122,5.6,-0.6,5,NA,depaul,2014
5,Durrell McDonald,G,33,7,647,11.7,0.512,0.409,0.208,175,3.1,8.3,5.5,12.5,3.4,0.7,15.1,16,0.6,0.4,1,0.062,-0.5,1.9,1.4,NA,depaul,2014
6,Sandi Marcius,F,33,24,615,13.9,0.609,0,0.66,167,12.9,17,14.8,1.7,0.9,5.8,24.7,14.3,0.6,0.4,1.1,0.07,-1.5,0,-1.5,NA,depaul,2014
7,Charles McKinney,G,28,11,467,13.2,0.566,0.133,0.573,115,5.3,8.8,6.9,13,3.6,2.6,22.7,13.3,0.4,0.4,0.8,0.066,-0.3,2.8,2.4,NA,depaul,2014
8,Greg Sequele,F,31,1,317,7.9,0.577,0,0.273,48,8.4,11.7,10,2.4,1.3,4.2,24.4,7.8,0.2,0.2,0.3,0.043,-3.2,1.1,-2.1,NA,depaul,2014
9,Jamee Crockett,F,19,1,278,4.3,0.366,0.571,0.231,72,3.2,8.7,5.8,6.5,1.9,0.8,12.9,21,-0.3,0.1,-0.2,-0.028,-3.4,-1.6,-5,NA,depaul,2014
10,Forrest Robinson,F,22,7,269,10.8,0.605,0.818,0.03,71,3.7,14.3,8.6,6.3,1.3,1.2,15.2,14.8,0.4,0.1,0.5,0.077,0.5,0.4,0.9,NA,depaul,2014
11,DeJuan Marrero,F,25,3,171,11.9,0.407,0,0.567,42,17.6,21.7,19.5,4.6,1.4,3.9,19.1,13.9,0,0.1,0.2,0.043,-1.4,-0.8,-2.2,NA,depaul,2014
12,Edwind McGhee,G,25,5,167,5.9,0.407,0.48,0.48,27,3.3,6.1,4.6,5.5,1.4,2.7,8.9,10.2,0.1,0.1,0.1,0.025,-2.3,0.4,-1.9,NA,depaul,2014
13,R.J. Curington,G,17,3,155,11.8,0.462,0.493,0.174,65,8.6,6.6,7.7,7.6,0.8,0,9.7,26.9,0.2,0,0.2,0.042,0.4,-3,-2.5,NA,depaul,2014
14,Peter Ryckbosch,F,27,0,146,5.8,0.474,0,1.042,35,9.2,14,11.4,0,0.8,1.5,20.1,15.5,0,0.1,0.1,0.017,-6.2,-0.6,-6.8,NA,depaul,2014
15,Cory Dolins,G,3,0,5,-2,0.256,0,2,1,0,25.6,11.9,0,0,0,0,19.6,0,0,0,-0.06,-14.8,-1,-15.8,NA,depaul,2014
NA,Team Totals,,33,33,6700,NA,0.517,0.314,0.42,NA,NA,NA,NA,NA,NA,NA,NA,NA,6.7,4.1,10.7,0.064,0.3,0.1,0.4,NA,depaul,2014
1,Jamee Crockett,F,32,32,993,16.8,0.567,0.421,0.312,352,4.4,7.7,6,9.6,2.7,2,12.8,20.1,1.9,0.4,2.3,0.092,3.1,0.7,3.8,NA,depaul,2015
2,Billy Garrett,G,32,32,961,17,0.574,0.425,0.754,414,0.5,9.4,4.9,27,1.4,0.9,17.8,22.5,2.4,0.2,2.6,0.109,2.9,-1.1,1.9,NA,depaul,2015
3,Myke Henry,F,32,32,898,17.3,0.536,0.26,0.26,370,8.9,14.7,11.8,10,2.3,2.2,16.3,24.8,1.2,0.6,1.8,0.081,1.4,-0.4,0.9,NA,depaul,2015
4,Tommy Hamilton IV,F,30,16,773,17.1,0.598,0.244,0.532,285,6.6,18.6,12.5,8.5,1.2,3.4,20.5,21.3,1.2,0.5,1.6,0.084,1.7,-0.6,1.1,NA,depaul,2015
5,Durrell McDonald,G,32,21,764,10,0.479,0.515,0.157,162,2.1,12.2,7.1,18,3.4,1,23,12.7,0.2,0.6,0.8,0.041,-1.3,2.1,0.8,NA,depaul,2015
6,Forrest Robinson,F,32,12,635,12.8,0.57,0.754,0.15,182,4.8,15.1,9.9,3.6,1,3.1,13.1,16.9,0.9,0.3,1.2,0.073,1.5,-0.4,1,NA,depaul,2015
7,Aaron Simpson,G,32,10,544,10.3,0.512,0.595,0.282,155,3.8,10.8,7.3,13.3,1.4,0.4,17.3,17.2,0.4,0.1,0.6,0.042,0.3,-0.6,-0.3,NA,depaul,2015
8,Darrick Wood,G,27,0,364,5.4,0.432,0.363,0.194,120,3.6,9.4,6.5,17.1,1.5,0.3,23.7,25.4,-0.5,0.1,-0.5,-0.051,-3.7,-2.5,-6.2,NA,depaul,2015
9,Rashaun Stimage,F,17,5,264,17.3,0.5,0.092,0.585,83,11.9,12.5,12.2,0,1.8,9.1,7.8,17.8,0.4,0.2,0.6,0.093,1.3,1.6,2.9,NA,depaul,2015
10,R.J. Curington,G,21,0,123,15.7,0.6,0.395,0.342,47,3.9,10,6.9,9.2,1.9,1.8,16.9,22.5,0.2,0,0.3,0.087,2.7,0.7,3.4,NA,depaul,2015
11,Joe Hanel,F,15,0,60,13.8,0.629,0.143,0.286,10,4,6.1,5.1,6.4,3,3.6,0,6.9,0.1,0,0.1,0.098,1.7,3.2,4.9,NA,depaul,2015
12,Greg Sequele,F,5,0,22,-7.5,0,0,1,2,16.5,5.6,11.1,0,2.7,0,40.4,11.7,-0.1,0,-0.1,-0.129,-12.6,-3.2,-15.8,NA,depaul,2015
13,David Molinari,G,10,0,14,6.5,0.2,0.6,0,3,0,8.8,4.3,27.6,4.2,0,0,18.6,0,0,0,-0.047,-2.3,1.2,-1.1,NA,depaul,2015
14,Cory Dolins,G,9,0,10,10.1,0.508,0,1,4,12.1,12.3,12.2,20.4,0,0,25.3,20.6,0,0,0,0.036,-1.6,-1.7,-3.2,NA,depaul,2015
NA,Team Totals,,32,32,6425,NA,0.544,0.405,0.365,NA,NA,NA,NA,NA,NA,NA,NA,NA,8.4,3,11.3,0.071,1.2,-0.1,1.1,NA,depaul,2015
1,Myke Henry,F,31,31,896,19.3,0.593,0.189,0.274,390,8.9,16.5,12.7,8.4,1.7,1.1,17.5,24.7,1.6,0.7,2.3,0.104,3.2,-0.1,3,NA,depaul,2016
2,Eli Cain,G,31,29,877,12.3,0.526,0.285,0.398,304,2.3,10.2,6.3,13.1,1.5,1.6,16.9,21.3,0.7,0.4,1.2,0.053,0.7,0,0.7,NA,depaul,2016
3,Billy Garrett,G,30,30,839,15.9,0.522,0.344,0.49,386,1.1,11.2,6.2,27.1,1.4,1.1,17,26.5,1.3,0.4,1.7,0.083,1.9,-0.6,1.2,NA,depaul,2016
4,Tommy Hamilton IV,F,30,16,720,14.2,0.572,0.301,0.347,240,5.7,21.4,13.6,7.3,0.7,1.5,18.8,19.6,0.8,0.5,1.3,0.074,1.5,-0.3,1.2,NA,depaul,2016
5,Aaron Simpson,G,30,20,718,9.7,0.511,0.569,0.2,181,2.7,10.5,6.6,13.1,1.8,0.5,16.3,14.9,0.5,0.4,0.9,0.051,-0.1,0.7,0.6,NA,depaul,2016
6,Darrick Wood,G,29,0,531,9.6,0.407,0.244,0.171,174,2.3,15.5,9,18.7,2.6,1.1,15.7,23.8,-0.4,0.5,0.1,0.008,-2.5,1.1,-1.4,NA,depaul,2016
7,Rashaun Stimage,F,29,17,514,17,0.564,0,0.685,164,13.4,14.6,14,0.8,1.1,9.8,17.4,17.7,0.6,0.5,1.1,0.089,-0.8,1.2,0.4,NA,depaul,2016
8,Erten Gazi,G,30,5,439,4.8,0.511,0.411,0.286,78,2.7,7.5,5.1,14.6,1.1,0.5,32.1,10.9,-0.1,0.1,0,0.004,-3.8,0.3,-3.4,NA,depaul,2016
9,Peter Ryckbosch,F,24,7,233,6.8,0.498,0,0.5,49,15,15.1,15.1,3.9,1,1,32.7,12.1,0,0.1,0.1,0.021,-3.8,-0.2,-4,NA,depaul,2016
10,R.J. Curington,G,23,0,191,9.1,0.506,0.679,0.17,59,11.3,4.3,7.8,5.2,0.9,1.9,20.8,19.3,0.1,0,0.1,0.022,-0.3,-2.2,-2.5,NA,depaul,2016
11,Joe Hanel,F,18,0,153,2.1,0.475,0,0.25,18,4.7,8.5,6.6,3.6,0,0,18.3,7.3,0,0,0,0.008,-3.8,-0.3,-4.1,NA,depaul,2016
12,David Molinari,G,17,0,30,-2.8,0.412,0.333,3,7,0,7.8,4,11,0,0,35.5,19.2,-0.1,0,-0.1,-0.089,-9.1,-2.5,-11.6,NA,depaul,2016
13,Develle Phillips,F,10,0,30,4.9,0.395,NA,NA,6,0,19.6,9.9,5.5,1.9,0,11.6,14.6,0,0,0,0.011,-4,1.7,-2.3,NA,depaul,2016
14,Oumar Barry,F,12,0,28,-2.8,0.171,0,2,2,0,8.4,4.2,0,0,4.3,0,10.6,-0.1,0,-0.1,-0.091,-4.3,-0.7,-5,NA,depaul,2016
15,Cory Dolins,G,13,0,18,17.8,0.548,0,0.2,5,13.4,13.1,13.2,0,0,0,0,15.5,0,0,0,0.095,3.4,-2.1,1.3,NA,depaul,2016
16,Frederick Scott,F,4,0,9,-14.2,0,0,1,0,0,26.1,13.2,0,0,0,40.4,14,-0.1,0,0,-0.205,-14.7,-2.1,-16.8,NA,depaul,2016
NA,Team Totals,,31,31,6226,NA,0.527,0.29,0.365,NA,NA,NA,NA,NA,NA,NA,NA,NA,5.1,3.8,8.9,0.057,0.1,0.1,0.2,NA,depaul,2016
1,Eli Cain,G,32,32,1059,16.5,0.502,0.348,0.362,484,3.4,13.2,8.1,18.1,1.8,1.4,13.2,27.2,1.4,0.7,2.1,0.081,2.5,-0.1,2.4,NA,depaul,2017
2,Tre'Darius McCallum,F,32,32,993,15.4,0.508,0.279,0.196,304,5.6,21.2,13,9.1,2.9,3.2,14.5,18.1,0.8,1.3,2.1,0.084,0.6,2.2,2.8,NA,depaul,2017
3,Billy Garrett,G,32,32,938,17.2,0.536,0.313,0.493,474,1.5,10.7,5.8,25.1,2.3,0.7,19.1,29.5,1.3,0.6,2,0.085,2,-0.2,1.8,NA,depaul,2017
4,Brandon Cyrus,G,32,32,840,9.2,0.453,0.205,0.353,213,7,12.1,9.4,6.7,1.9,1,17.2,16,0.1,0.6,0.6,0.031,-1.8,0.3,-1.5,NA,depaul,2017
5,Joe Hanel,F,32,32,823,10.1,0.628,0,0.532,166,9.2,13.2,11.1,5.5,1,1.9,25.4,9.6,0.8,0.5,1.3,0.061,-1.6,0.7,-1,NA,depaul,2017
6,Chris Harrison-Docks,G,26,0,508,8.9,0.517,0.757,0.105,148,1.3,3.5,2.3,8.4,1.7,0,14.5,18.4,0.3,0.1,0.5,0.037,0,-0.7,-0.7,NA,depaul,2017
7,Devin Gage,G,29,0,346,13.2,0.533,0.221,0.305,113,2,6.9,4.3,16.5,3.7,2.5,21.6,20.1,0.1,0.3,0.5,0.053,-1.5,2.5,1,NA,depaul,2017
8,Levi Cook,C,25,0,273,10.2,0.609,0,0.271,67,10.8,14.7,12.7,2.2,0.2,4.5,27.9,13.8,0.1,0.2,0.3,0.044,-3.2,0,-3.2,NA,depaul,2017
9,Al Eichelberger,F,26,0,212,10.1,0.622,0,1.524,44,8,10,9.3,0.9,0.5,4.7,21.6,10.9,0.2,0.1,0.3,0.052,-2.6,-0.1,-2.7,NA,depaul,2017
10,Darrick Wood,G,19,0,193,12.5,0.489,0.32,0.307,79,4.7,11.7,8,14.2,1.2,0.6,14.9,26.2,0.1,0.1,0.2,0.038,-0.5,-1.3,-1.8,NA,depaul,2017
11,R.J. Curington,G,19,0,180,19.2,0.578,0.407,0.389,76,10.7,13.9,12.2,13.3,2.3,2.1,19,22,0.3,0.2,0.5,0.111,2.9,0.8,3.7,NA,depaul,2017
12,Erten Gazi,G,13,0,55,18.9,0.826,0.444,0.444,17,6.2,18.2,11.9,7.4,1.1,0,21.6,12.7,0.2,0,0.2,0.136,3.8,0.3,4.1,NA,depaul,2017
13,David Leitao III,F,2,0,5,3.4,NA,NA,NA,0,0,25,11.9,0,0,0,NA,0,0,0,0,0.024,-1.3,0.3,-1.1,NA,depaul,2017
NA,Team Totals,,32,32,6425,NA,0.523,0.313,0.356,NA,NA,NA,NA,NA,NA,NA,NA,NA,5.8,4.7,10.5,0.065,0.1,0.5,0.6,NA,depaul,2017
1,Max Strus,G,31,31,1104,17.2,0.546,0.58,0.291,488,4.6,13.2,8.8,15.3,2,1.8,14.7,24.1,2,1.4,3.3,0.12,3.4,2.1,5.5,NA,depaul,2018
2,Eli Cain,G,31,30,1040,11.4,0.437,0.318,0.318,393,2,10.8,6.2,26.6,1.6,1,14.9,22.8,0.4,1,1.5,0.056,-0.2,1.3,1.1,NA,depaul,2018
3,Tre'Darius McCallum,F,31,31,909,13.6,0.511,0.323,0.133,279,5.2,17,10.9,6.2,2.5,1.7,12.9,18.3,0.7,1.3,2,0.089,-0.5,2.7,2.2,NA,depaul,2018
4,Brandon Cyrus,G,31,21,848,10.8,0.494,0.267,0.333,234,7,7.4,7.2,10.8,1.1,1.6,14.7,15.3,0.8,0.7,1.4,0.067,0.1,1.5,1.6,NA,depaul,2018
5,Marin Maric,C,28,27,761,20.9,0.63,0.12,0.458,347,7.9,19.4,13.4,9.3,1.5,2.1,18.3,23.1,1.8,1,2.8,0.148,2.6,2,4.6,NA,depaul,2018
6,Justin Roberts,G,30,0,453,8.3,0.445,0.274,0.156,142,1.9,7.4,4.6,25.2,1.9,0.8,23.7,19.9,-0.2,0.4,0.2,0.019,-2.2,1,-1.2,NA,depaul,2018
7,Paul Reed,F,28,1,276,18.5,0.543,0.169,0.229,95,10.2,23.9,16.8,7,3,5.6,14,18,0.4,0.6,0.9,0.137,-0.6,4.3,3.7,NA,depaul,2018
8,Jaylen Butz,F,23,4,273,16.6,0.591,0,0.635,86,15.7,23.7,19.6,5.4,1,5.4,21.9,15.2,0.4,0.4,0.8,0.115,-1.6,2,0.3,NA,depaul,2018
9,Devin Gage,G,8,8,193,6.7,0.404,0.098,0.294,52,1.1,8.4,4.6,20.3,2.9,0.6,22.6,18.7,-0.2,0.2,0,0.008,-4.5,2.8,-1.8,NA,depaul,2018
10,Austin Grandstaff,G,20,0,150,-1,0.276,0.809,0.085,33,2.2,7.8,4.9,18.1,0.8,0.8,19.7,19.6,-0.4,0.1,-0.2,-0.067,-6.8,-0.7,-7.5,NA,depaul,2018
11,Peter Ryckbosch,F,18,2,136,13,0.578,0,0.346,34,12,15.9,13.9,0,1.8,2.3,11.7,10.2,0.2,0.2,0.4,0.116,-1.5,1.6,0.2,NA,depaul,2018
12,Joe Hanel,F,14,0,73,5.9,0.404,0,0.5,12,7.3,11.1,9.1,6.8,0.8,0,7.5,8.7,0,0.1,0.1,0.054,-4,1.5,-2.5,NA,depaul,2018
13,Tobias Dwumaah,F,5,0,9,16.5,1.053,NA,NA,2,11.9,0,6.2,0,0,0,0,5,0,0,0,0.18,3.9,-0.1,3.8,NA,depaul,2018
NA,Team Totals,,31,31,6225,NA,0.511,0.327,0.294,NA,NA,NA,NA,NA,NA,NA,NA,NA,5.8,7.5,13.3,0.085,0.2,1.9,2.1,NA,depaul,2018
1,Max Strus,G,35,35,1309,20.3,0.575,0.575,0.281,638,3.5,14.8,9.1,11.3,1.4,1.6,10.2,25.2,3.9,1,4.9,0.15,5.1,-0.6,4.5,NA,depaul,2019
2,Eli Cain,G,35,35,1189,13.8,0.534,0.45,0.316,452,1.2,9.4,5.3,17.8,2,1,16,20.8,1.7,0.8,2.5,0.085,1.1,0.1,1.2,NA,depaul,2019
3,Devin Gage,G,33,33,987,11.6,0.473,0.183,0.28,338,2.1,9.4,5.8,22.7,2.5,0.5,19.8,19.3,0.6,0.8,1.4,0.056,-1.1,0.5,-0.6,NA,depaul,2019
4,Paul Reed,F,36,28,967,25.1,0.616,0.118,0.319,428,11.8,24.6,18.2,6.8,2.3,6.8,15.1,21.2,2.7,1.5,4.2,0.174,4.1,1.4,5.5,NA,depaul,2019
5,Femi Olujobi,F,36,25,954,21.2,0.652,0.122,0.635,428,8.7,15.1,11.9,7,1.2,1.4,15.8,21.2,2.9,0.7,3.6,0.151,3.9,-0.5,3.5,NA,depaul,2019
6,Jaylen Butz,F,35,13,799,16.3,0.579,0,0.494,260,10.6,18.3,14.5,8.5,1.4,2.5,17.7,15.4,1.4,0.8,2.1,0.107,1.4,0.5,1.9,NA,depaul,2019
7,Lyrik Shreiner,G,35,2,476,4.8,0.435,0.333,0.348,94,3.7,10.4,7,15,0.7,0.5,29.7,11.6,-0.1,0.2,0.1,0.009,-2.6,-0.3,-2.9,NA,depaul,2019
8,Jalen Coleman-Lands,G,9,9,268,9.4,0.487,0.747,0.373,80,0.9,9.9,5.4,7.4,2.1,0,14.5,18.6,0.1,0.2,0.3,0.049,-1.8,-0.2,-2,NA,depaul,2019
9,Flynn Cameron,G,28,0,264,6.8,0.479,0.458,0.229,60,4.4,8.7,6.6,12.7,2.1,0,25.3,13,0,0.2,0.2,0.032,-2.9,0.3,-2.6,NA,depaul,2019
10,George Maslennikov,F,9,0,19,-1.8,0.303,0.5,0.5,3,0,18.2,9.1,0,2.9,6.3,28.8,17.7,-0.1,0,0,-0.078,-12.4,0.1,-12.3,NA,depaul,2019
11,Jason Malonga,G,7,0,8,-24.4,NA,NA,NA,0,0,0,0,0,0,0,100,18.1,-0.1,0,-0.1,-0.368,-17.6,-7.5,-25,NA,depaul,2019
12,Mick Sullivan,F,5,0,7,25.9,0.526,NA,NA,2,16.6,32.9,24.8,0,8,0,0,13.1,0,0,0,0.234,1.2,4.7,5.8,NA,depaul,2019
13,Pantelis Xidias,G,5,0,3,0,NA,NA,NA,0,0,0,0,0,0,0,NA,0,0,0,0,-0.004,-3,-1,-4,NA,depaul,2019
NA,Team Totals,,36,36,7250,NA,0.562,0.328,0.361,NA,NA,NA,NA,NA,NA,NA,NA,NA,13.1,6.2,19.4,0.107,1.8,0.1,1.9,NA,depaul,2019
1,Charlie Moore,G,32,32,1140,16.1,0.493,0.383,0.328,536,1.4,8.8,5.1,34.3,2.4,0.2,18.2,26,1.7,1.3,3,0.104,2.1,0.7,2.8,NA,depaul,2020
2,Jalen Coleman-Lands,G,32,32,969,10.5,0.5,0.609,0.224,317,1.7,8.2,4.9,7.3,1.3,0.4,11.2,20,1,0.9,1.9,0.078,0.3,0.5,0.8,NA,depaul,2020
3,Romeo Weems,F,32,32,962,12.5,0.503,0.326,0.247,261,5.8,11.9,8.8,10.1,2.4,3.1,17,15.3,0.8,1.4,2.1,0.089,0.3,2.8,3,NA,depaul,2020
4,Paul Reed,F,29,29,918,27.5,0.561,0.147,0.227,421,11.1,25.9,18.4,11.5,3.3,9.7,14.4,24,2.2,2.3,4.5,0.194,4.9,4.2,9.2,NA,depaul,2020
5,Jaylen Butz,F,31,31,845,16.7,0.58,0.005,0.551,292,8.3,13.2,10.7,6,2.4,3,20.4,19.3,1,1.2,2.2,0.104,0.4,2,2.4,NA,depaul,2020
6,Darious Hall,F,32,3,586,8.5,0.435,0.111,0.643,151,6.6,19,12.7,6.7,1.8,1,20.7,17.1,-0.2,0.9,0.7,0.046,-3.3,1.6,-1.7,NA,depaul,2020
7,Nick Ongenda,C,27,1,266,16.5,0.63,0,0.489,73,10.1,12,11,4.9,1.3,10.4,16,12.5,0.5,0.4,0.9,0.139,-1.4,3.8,2.4,NA,depaul,2020
8,Markese Jacobs,G,21,0,195,6.3,0.477,0.667,0.491,58,1.7,2.3,2,2.8,1.7,0.6,16.6,20.8,0,0.1,0.1,0.023,-4.9,-0.4,-5.3,NA,depaul,2020
9,Devin Gage,G,12,0,194,12.7,0.567,0.317,0.341,55,0.6,6.3,3.4,18.8,4.3,1.9,27.4,16.3,0.1,0.3,0.4,0.081,-1,4,3,NA,depaul,2020
10,Oscar Lopez,G,21,0,178,-2.5,0.27,0.207,0.31,27,1.8,14.3,8,17.6,0.6,1.3,39.8,15,-0.5,0.2,-0.3,-0.073,-8.6,0.6,-8,NA,depaul,2020
11,D.J. Williams,G,11,0,98,5.5,0.347,0.28,0.08,17,4.4,10.1,7.2,1.8,1.1,0,0,12.8,0,0.1,0.1,0.03,-2.5,0.8,-1.7,NA,depaul,2020
12,Flynn Cameron,G,11,0,80,9.7,0.484,0.435,0.261,22,1.3,16.6,8.8,9.6,2.8,0,18.8,19.2,0,0.1,0.1,0.053,-0.9,2.1,1.3,NA,depaul,2020
13,Jason Malonga,G,5,0,9,3,0.25,0,0,2,11.9,24.5,18.1,0,0,0,0,21.4,0,0,0,-0.016,-9.7,-3.7,-13.4,NA,depaul,2020
14,Pantelis Xidias,G,4,0,5,-12.1,NA,NA,NA,0,0,0,0,0,0,0,100,9.6,0,0,0,-0.187,-3.8,-0.6,-4.3,NA,depaul,2020
15,Brendan Favre,G,3,0,4,14.3,0.5,0.5,0,1,0,0,0,0,0,0,0,24.1,0,0,0,0.065,-3.4,0.4,-3,NA,depaul,2020
16,Mick Sullivan,F,2,0,2,-14.8,0,NA,NA,0,0,55.2,27.2,0,0,0,0,22.9,0,0,0,-0.29,-10.8,-4.1,-14.9,NA,depaul,2020
NA,Team Totals,,32,32,6451,NA,0.512,0.304,0.333,NA,NA,NA,NA,NA,NA,NA,NA,NA,6.4,9.2,15.6,0.096,0.4,1.9,2.3,NA,depaul,2020
1,Charlie Moore,G,16,15,517,14.9,0.502,0.388,0.201,233,2.5,9.6,6,28.2,1.9,0,18.8,26.5,0.5,0.5,1.1,0.083,1.5,0,1.5,NA,depaul,2021
2,Romeo Weems,F,18,15,515,8.6,0.455,0.308,0.173,128,5,13.8,9.4,5.9,2.5,2.5,22.6,17.6,-0.3,0.8,0.5,0.035,-2.3,2.7,0.4,NA,depaul,2021
3,Javon Freeman-Liberty,G,14,14,447,17.3,0.498,0.23,0.281,200,6.7,11.1,8.9,18.2,2.7,0.5,16.2,26.2,0.6,0.6,1.1,0.101,2.3,1.8,4.2,NA,depaul,2021
4,Ray Salnave,G,19,12,445,6.6,0.423,0.383,0.211,119,2.6,11.2,6.9,10.5,2.3,0.3,19,19,-0.2,0.5,0.3,0.026,-3.6,1.8,-1.8,NA,depaul,2021
5,Pauly Paulicap,F,19,15,422,17.1,0.567,0,0.396,133,12.7,16.6,14.7,1,1.3,6.5,18.9,17.1,0.5,0.6,1.2,0.113,-0.3,1.8,1.6,NA,depaul,2021
6,Kobe Elvis,G,19,4,385,8.1,0.491,0.32,0.082,102,1.7,6.7,4.2,18,2.1,0.6,26.3,17.3,-0.1,0.4,0.2,0.025,-2,1.3,-0.7,NA,depaul,2021
7,Darious Hall,F,18,13,359,9.8,0.413,0.168,0.284,94,6.3,18.7,12.4,9.5,2.2,0.6,16.9,17.6,-0.1,0.6,0.4,0.049,-2,2.4,0.4,NA,depaul,2021
8,Nick Ongenda,C,17,4,313,17.3,0.602,0,0.629,92,8.6,14.8,11.7,3.2,0.9,9.2,17.4,15.1,0.5,0.5,1,0.123,-0.3,3.2,2.9,NA,depaul,2021
9,Courvoisier McCauley,G,18,0,201,7,0.454,0.77,0.098,51,3.7,9.7,6.7,0,0.8,1.1,8.6,16.9,0.1,0.2,0.3,0.053,-1.7,0.2,-1.6,NA,depaul,2021
10,David Jones,F,9,1,129,10.6,0.401,0.255,0.091,44,7.5,12.6,10,6.7,1.8,1.8,9.5,23.9,0,0.2,0.1,0.041,-1.5,1,-0.5,NA,depaul,2021
11,Oscar Lopez,G,4,2,74,19.9,0.627,0.154,0.154,33,5.8,16.1,10.9,23.2,0.8,4.7,22.3,23.6,0.1,0.1,0.2,0.13,-0.1,0.8,0.7,NA,depaul,2021
12,Keon Edwards,F,5,0,39,4.9,0.452,0.333,0.222,9,5.5,5.5,5.5,0,0,0,9.1,13.7,0,0,0,0.042,-2.2,-0.9,-3.1,NA,depaul,2021
13,Brendan Favre,G,3,0,2,0,NA,NA,NA,0,0,0,0,0,0,0,NA,0,0,0,0,0.006,-3.5,-0.2,-3.8,NA,depaul,2021
14,Max Williams,G,3,0,2,0,NA,NA,NA,0,0,0,0,0,0,0,NA,0,0,0,0,0.006,-3.5,-0.2,-3.8,NA,depaul,2021
15,Jason Malonga,G,1,0,0,NA,NA,NA,NA,NA,NA,NA,NA,NA,NA,NA,NA,NA,0,0,0,NA,NA,NA,NA,NA,depaul,2021
NA,Team Totals,,19,19,3850,NA,0.487,0.283,0.237,NA,NA,NA,NA,NA,NA,NA,NA,NA,1.6,4.9,6.5,0.067,-0.8,1.6,0.8,NA,depaul,2021
1,Brandon Johnson,F,31,31,1039,12.4,0.499,0.313,0.519,320,6.1,15.8,11,4.5,1.1,0.7,12.8,17.5,1.2,1,2.2,0.083,0.2,-0.1,0,NA,depaul,2022
2,Jalen Terry,G,27,18,846,9,0.506,0.535,0.183,234,1.1,9.9,5.5,17.6,0.9,0.2,20.9,15.9,0.5,0.6,1.1,0.051,-1.1,-0.3,-1.4,NA,depaul,2022
3,Javon Freeman-Liberty,G,24,24,838,26.1,0.536,0.325,0.394,499,5.4,16.9,11.2,20.4,2.8,0.2,9.7,31.2,2.9,1.1,4,0.193,6.9,1.3,8.2,NA,depaul,2022
4,David Jones,F,28,27,836,22.3,0.517,0.332,0.22,399,6.6,20.2,13.4,17.4,3.2,3.5,14.4,26.6,1.5,1.5,3,0.142,4.1,2.3,6.4,NA,depaul,2022
5,Nick Ongenda,C,30,27,718,16.6,0.524,0,0.451,259,8.2,10.9,9.6,6.8,0.9,7.3,14.7,19.8,1,0.8,1.8,0.099,-0.4,1.5,1.1,NA,depaul,2022
6,Philmon Gebrewhit,F,31,19,716,7.1,0.465,0.6,0.221,155,2.7,7.5,5.1,9.1,1.4,0.4,16.6,13,0.3,0.5,0.8,0.043,-2.2,0.4,-1.8,NA,depaul,2022
7,Courvoisier McCauley,G,29,2,489,15.9,0.553,0.556,0.241,156,4.6,11,7.8,8,2.1,0.4,5.7,15.6,1.2,0.5,1.6,0.134,2.3,1.5,3.8,NA,depaul,2022
8,Yor Anei,F,30,4,462,19.2,0.582,0.07,0.41,150,13.3,15.4,14.3,4.4,2.1,10.7,24.6,16.7,0.6,0.8,1.4,0.118,-0.7,3.2,2.5,NA,depaul,2022
9,Javan Johnson,F,10,2,214,12.7,0.546,0.509,0.298,64,3.5,7.5,5.5,3.4,1.9,3.3,15.6,17.5,0.2,0.2,0.4,0.08,2.8,2.4,5.2,NA,depaul,2022
10,Brendan Favre,G,7,0,32,1.3,0.357,0.571,0,5,3.4,16.8,10.1,0,0,3.1,22.2,13.7,0,0,0,-0.025,-6.1,-2.1,-8.3,NA,depaul,2022
11,Tyon Grant-Foster,G,1,1,15,27.5,0.647,0.333,0.333,8,7.2,14.3,10.8,14.6,0,6.7,12.6,25.8,0.1,0,0.1,0.224,4.2,0.5,4.8,NA,depaul,2022
12,Max Williams,G,4,0,11,-5.6,0,0,0,0,0,0,0,0,0,0,0,4.4,0,0,0,-0.057,-8,-2.8,-10.8,NA,depaul,2022
13,Shaheed Medlock,G,4,0,9,3.5,NA,NA,NA,0,0,23.9,12,0,0,0,NA,0,0,0,0,0.04,-3.6,0.5,-3.1,NA,depaul,2022
NA,Team Totals,,31,31,6225,NA,0.521,0.342,0.334,NA,NA,NA,NA,NA,NA,NA,NA,NA,9.3,7,16.3,0.105,1.2,1.1,2.3,NA,depaul,2022
1,Javan Johnson,F,33,33,1186,14.3,0.547,0.496,0.15,437,2.6,11.2,6.8,14,1.2,2.5,14.4,21.4,1.4,0.5,1.9,0.065,2.9,-0.2,2.7,NA,depaul,2023
2,Umoja Gibson,G,33,33,1135,19.4,0.582,0.54,0.285,529,1.9,7.3,4.6,28.4,3.1,0.5,15.9,23.9,2.8,0.6,3.4,0.12,4.4,0.9,5.3,NA,depaul,2023
3,Eral Penn,F,33,33,953,14.8,0.517,0.203,0.475,286,9.4,17.4,13.4,4.6,1.3,3.5,10.1,15.7,1.4,0.7,2.1,0.087,0.6,0.3,0.9,NA,depaul,2023
4,Da'Sean Nelson,F,32,4,790,16.1,0.588,0.169,0.368,314,6.6,15.9,11.2,14.5,1.8,3,22.8,22.5,0.9,0.6,1.5,0.074,0.2,1,1.2,NA,depaul,2023
5,Philmon Gebrewhit,F,31,21,664,8.6,0.522,0.61,0.24,166,1.9,9.4,5.6,7.3,1.4,0.2,13.2,15.1,0.4,0.2,0.6,0.037,-0.8,-0.1,-0.9,NA,depaul,2023
6,Jalen Terry,G,24,16,476,11.1,0.522,0.543,0.259,135,1.2,16.2,8.7,14.6,2.2,0.4,19.7,17.3,0.2,0.3,0.5,0.043,-0.4,0.7,0.3,NA,depaul,2023
7,Yor Anei,F,21,16,351,15.4,0.482,0.073,0.26,113,10.3,13.2,11.7,9.7,2.6,8.3,13.6,18,0.3,0.4,0.7,0.08,-2.3,2.9,0.6,NA,depaul,2023
8,Caleb Murphy,G,15,1,309,6.1,0.395,0.022,0.185,89,2.2,9,5.6,21.4,1.5,0.3,18.7,20.2,-0.3,0.1,-0.2,-0.027,-4,-0.9,-4.9,NA,depaul,2023
9,Zion Cruz,G,27,1,291,3.9,0.399,0.333,0.147,60,2.3,9.1,5.7,3.8,0.6,0,9.1,15.4,-0.2,0,-0.1,-0.018,-4,-1.5,-5.5,NA,depaul,2023
10,Nick Ongenda,C,8,7,244,17.9,0.489,0,0.341,95,7.9,15.6,11.7,7.2,2.1,14.8,19.6,26.4,-0.1,0.3,0.2,0.036,-2.4,3.6,1.3,NA,depaul,2023
11,K.T. Raimey,G,19,0,158,13.9,0.551,0.578,0.356,58,3.6,10.2,6.9,14.7,2.2,0,13.2,19.4,0.3,0.1,0.4,0.094,0.7,1,1.6,NA,depaul,2023
12,Ahamad Bynum,G,11,0,140,2.1,0.371,0.58,0.28,40,0.8,11.5,6.1,8.2,0.8,0,13.7,23.8,-0.3,0,-0.2,-0.065,-5.6,-2.1,-7.6,NA,depaul,2023
13,Brendan Favre,G,3,0,2,-30.2,NA,NA,NA,0,0,0,0,0,0,0,100,25.3,0,0,0,-0.521,-18.7,-11.4,-30.1,NA,depaul,2023
14,Max Williams,G,2,0,1,0,NA,NA,NA,0,0,0,0,0,0,0,NA,0,0,0,0,-0.018,-2.3,-2.2,-4.6,NA,depaul,2023
15,Mo Sall,G,1,0,1,0,NA,NA,NA,0,0,0,0,0,0,0,NA,0,0,0,0,-0.018,-2.5,-3,-5.6,NA,depaul,2023
NA,Team Totals,,33,33,6701,NA,0.53,0.378,0.276,NA,NA,NA,NA,NA,NA,NA,NA,NA,6.9,3.8,10.7,0.064,0.6,0.5,1.1,NA,depaul,2023
1,Elijah Fisher,G,32,30,1017,12.8,0.582,0.166,0.472,303,2,12.5,7.2,10.1,1.5,1.1,15.1,17.2,1.1,-0.3,0.8,0.032,-0.2,-0.9,-1,NA,depaul,2024
2,Jeremiah Oden,F,32,24,902,6.7,0.453,0.464,0.173,222,2,11.6,6.8,4.9,0.8,1.6,12.4,18,-0.5,-0.4,-0.8,-0.038,-2.5,-2.2,-4.7,NA,depaul,2024
3,Chico Carter Jr.,G,25,24,844,11.1,0.504,0.443,0.211,285,1.7,8.4,5.1,24.1,1.2,0.9,16.6,20.3,0.4,-0.4,0,-0.002,0,-2.3,-2.3,NA,depaul,2024
4,Jaden Henley,G,32,23,780,12.3,0.537,0.255,0.539,271,4,9.1,6.6,12.2,2.1,0.9,17.9,21.2,0.5,-0.2,0.2,0.012,-0.6,-1.1,-1.7,NA,depaul,2024
5,Da'Sean Nelson,F,32,21,685,15.5,0.527,0.158,0.393,314,6.7,13.2,10,22.3,1.2,1.5,15.6,26.8,0.7,-0.2,0.6,0.033,0.8,-1.5,-0.7,NA,depaul,2024
6,Jalen Terry,G,23,18,642,12.3,0.579,0.596,0.179,198,2.6,14.7,8.7,19.4,2,0.5,22.1,17.9,0.4,-0.1,0.3,0.021,1.2,-0.7,0.5,NA,depaul,2024
7,K.T. Raimey,G,29,0,536,11.1,0.521,0.669,0.237,184,0.9,12.2,6.5,14.8,1.7,2.3,17.2,22.4,0.1,-0.1,0,-0.002,0.2,-1.2,-1,NA,depaul,2024
8,Churchill Abass,C,30,13,477,12.3,0.558,0.012,0.578,115,7.3,19.2,13.3,2.7,2.3,6.3,23.8,15.4,0,0.2,0.2,0.015,-3.2,0.9,-2.3,NA,depaul,2024
9,Mac Etienne,F,22,0,178,10.2,0.432,0,0.333,47,12.2,22.4,17.3,11.5,1.6,6.3,23.8,16.2,-0.1,0.1,0,0,-4.1,0.8,-3.3,NA,depaul,2024
10,Caleb Murphy,G,8,7,167,10.5,0.591,0,0.567,47,2.2,11.6,6.9,17.8,2.1,1.3,26.9,16.5,0.1,0,0,0.01,-3.9,0.1,-3.8,NA,depaul,2024
11,Keyondre Young,G,16,0,141,6.9,0.416,0.588,0.275,44,2.6,19.7,11.1,4.6,0.8,0.8,10.8,24.2,-0.2,0,-0.2,-0.052,-2.4,-2.5,-4.9,NA,depaul,2024
12,Dramane Camara,G,10,0,27,-7.6,0.183,0.5,0.357,6,0,8.9,4.5,15,0,0,0,32.1,-0.2,0,-0.2,-0.273,-9.6,-6.4,-16,NA,depaul,2024
13,Mo Sall,G,2,0,4,-15.3,0,0,0,0,0,0,0,0,0,0,0,13.2,0,0,0,-0.237,-13,-3.6,-16.6,NA,depaul,2024
NA,Team Totals,,32,32,6400,NA,0.521,0.348,0.335,NA,NA,NA,NA,NA,NA,NA,NA,NA,2.3,-1.5,0.9,0.005,-0.8,-1.2,-2,NA,depaul,2024
1,Isaiah Rivera,G,34,23,942,15.5,0.577,0.587,0.219,334,3.8,13.5,8.7,12,1.9,1.4,12.4,20.1,1.4,1,2.4,0.102,2.8,0.9,3.7,NA,depaul,2025
2,CJ Gunn,G,32,21,850,16.5,0.524,0.481,0.168,362,5,12.8,8.9,8.4,3,1.5,10.3,26.9,0.9,1.1,1.9,0.091,1.6,1,2.7,NA,depaul,2025
3,Troy D'Amico,F,32,29,847,9.7,0.604,0.736,0.336,198,2.6,9.3,6,11.1,0.8,1.5,16,11.9,1.1,0.6,1.7,0.078,0.1,0.4,0.5,NA,depaul,2025
4,Layden Blocker,G,33,21,840,14.1,0.507,0.343,0.31,337,4.2,9.2,6.7,23.8,2.6,1,15.9,22.7,0.9,0.9,1.8,0.085,0.2,1.3,1.5,NA,depaul,2025
5,Conor Enright,G,23,23,689,10.2,0.508,0.544,0.333,236,2.1,10.5,6.4,37.8,1.4,0.2,29.7,18.4,0.3,0.5,0.8,0.048,-1.4,-0.9,-2.3,NA,depaul,2025
6,Jacob Meyer,G,33,16,641,15.2,0.52,0.521,0.355,263,3.6,12.2,8,7.7,2,0.3,6.6,24.7,1,0.6,1.6,0.102,0.9,0.1,1,NA,depaul,2025
7,N.J. Benson,F,28,11,613,21.3,0.616,0.048,0.503,241,10.4,22.6,16.6,8.7,1.1,6.5,16.4,20.8,1.2,0.9,2.1,0.135,2.3,1.7,4.1,NA,depaul,2025
8,JJ Traynor,F,32,10,560,15.9,0.617,0.302,0.248,161,5.4,16.7,11.1,6.7,1.2,3.9,11.1,15.1,1,0.6,1.6,0.114,1,1.3,2.2,NA,depaul,2025
9,David Thomas,G,27,2,407,8.2,0.524,0.441,0.226,115,2.4,8.8,5.6,18,1.9,1.5,27.5,18.2,-0.1,0.4,0.2,0.021,-2.1,0.8,-1.3,NA,depaul,2025
10,David Skogman,F,20,14,351,16.8,0.564,0.514,0.152,126,8.2,25.6,17.1,13.3,0.8,1.8,13.1,19.3,0.6,0.4,1,0.115,2.6,1,3.6,NA,depaul,2025
11,Théo Pierre-Justin,F,17,0,107,6,0.501,0.739,0.087,25,4.5,11.9,8.3,8.5,1.7,1,25,15.6,-0.1,0.1,0,0.018,-3.5,0.2,-3.3,NA,depaul,2025
12,Chris Riddle,G,19,0,102,11.3,0.673,0.667,0.5,18,3.5,18.1,11,6.9,2.9,4.1,32,11.2,0,0.2,0.2,0.062,-0.5,3.6,3,NA,depaul,2025
NA,Team Totals,,34,34,6949,NA,0.551,0.462,0.278,NA,NA,NA,NA,NA,NA,NA,NA,NA,8.1,7.2,15.3,0.088,0.8,0.8,1.6,NA,depaul,2025
1,Layden Blocker,G,32,29,930,12.9,0.49,0.363,0.403,371,2.6,7.5,5,24.2,3.3,1.1,16,23.7,0.5,1.5,2.1,0.089,-0.9,2.8,1.9,NA,depaul,2026
2,CJ Gunn,G,32,23,885,14.1,0.499,0.446,0.209,388,4.8,11.3,8,15.6,2.3,2.5,12.8,27.9,0.4,1.5,1.8,0.083,0.8,1.7,2.5,NA,depaul,2026
3,RJ Smith,G,32,23,883,8.9,0.493,0.619,0.227,221,1.7,8.7,5.2,16.5,1.3,1.2,13.7,14.4,0.5,1.1,1.6,0.074,-0.9,2.1,1.2,NA,depaul,2026
4,N.J. Benson,F,32,31,831,22,0.618,0.012,0.444,348,12,22.8,17.3,11.1,1,3.3,12.4,21.3,1.9,1.5,3.4,0.163,3.9,1.9,5.8,NA,depaul,2026
5,Brandon Maclin,G,29,16,797,15.5,0.528,0.301,0.439,314,5.4,14.2,9.7,21,2.7,1.1,15.5,22,0.9,1.4,2.3,0.115,1.2,3.3,4.4,NA,depaul,2026
6,Kruz McClure,G,28,4,521,7,0.48,0.647,0.454,140,0.9,8.3,4.5,14.5,2.5,0.8,20.8,17.9,-0.2,0.8,0.6,0.045,-3.8,2.5,-1.3,NA,depaul,2026
7,Kaleb Banks,F,31,11,503,12.3,0.581,0.5,0.435,157,5.3,13.1,9.2,5.1,0.9,2,11.3,17.2,0.7,0.7,1.4,0.114,-1,1.2,0.2,NA,depaul,2026
8,Théo Pierre-Justin,F,30,22,466,11.3,0.553,0.63,0.18,119,5.3,14.4,9.8,11,1.3,1.2,11.4,13.5,0.5,0.7,1.2,0.105,0,1.9,1.8,NA,depaul,2026
9,Fabian Flores,C,28,1,296,18.9,0.679,0,0.532,80,11.1,21.9,16.4,6,1.8,5.2,13.3,11.7,0.6,0.6,1.2,0.164,2.7,3.6,6.3,NA,depaul,2026
10,Ilija Milijasevic,G,16,0,118,10.4,0.552,1,0.143,30,0,7.1,3.5,12.8,3.5,0,11.8,14.7,0.1,0.2,0.3,0.101,-2.3,3,0.7,NA,depaul,2026
11,Jeremy Lorenz,F,9,0,95,11,0.568,0.1,1.6,26,11.1,8.8,10,17.1,3.7,1.2,31.3,13.8,0,0.2,0.2,0.094,-5,2.8,-2.3,NA,depaul,2026
12,Khaman Maker,C,12,0,68,8.6,0.472,0,0.286,15,12,12.4,12.2,0,0.9,8,15.9,14.2,0,0.1,0.1,0.064,-8.8,0,-8.8,NA,depaul,2026
13,Nate Kasher,G,5,0,9,16.5,0.513,0,2,3,13,40,26.3,36.1,0,0,33.9,16.8,0,0,0,0.14,-3.6,1.2,-2.4,NA,depaul,2026
NA,Team Totals,,32,32,6402,NA,0.531,0.39,0.353,NA,NA,NA,NA,NA,NA,NA,NA,NA,6,10.4,16.3,0.102,0,2.3,2.3,NA,depaul,2026
1,Corvonn Gaines,G,34,33,1040,12.5,0.504,0.439,0.69,261,2.4,8.3,5.4,21.4,3.2,0.5,17.8,13.9,1.2,1.3,2.5,0.096,-0.7,2.4,1.6,NA,east-carolina,2011
2,Darrius Morrow,F,34,33,1038,18.7,0.565,0.004,0.863,422,10,13.9,12,6.3,1.5,3,17,23.8,2.1,1.3,3.3,0.129,0.7,-0.4,0.3,NA,east-carolina,2011
3,Jontae Sherrod,G,34,29,1016,20.3,0.588,0.519,0.525,477,3.1,10.8,7,16.3,2.2,0.3,15.3,27.4,2.8,1.1,4,0.156,4.4,-0.2,4.2,NA,east-carolina,2011
4,Jamar Abrams,G,33,30,844,16.8,0.595,0.64,0.178,295,5.9,12.7,9.4,8.7,1.4,0.8,12.3,20.3,1.9,0.9,2.8,0.133,3.1,-0.3,2.8,NA,east-carolina,2011
5,Erin Straughn,G,34,33,833,9.4,0.499,0.638,0.289,182,5.7,15.2,10.6,11.2,1.8,0.8,23.8,14,0.2,1,1.3,0.061,-1.1,0.3,-0.8,NA,east-carolina,2011
6,Brock Young,G,30,6,785,15.7,0.509,0.451,0.563,323,0.6,10.3,5.6,39,2.5,0.1,21.6,24.2,1.1,0.9,2,0.103,0.9,-0.4,0.5,NA,east-carolina,2011
7,Robert Sampson,F,34,1,452,13.2,0.534,0.558,0.2,117,8.7,17.4,13.2,10.9,1.3,5.2,20.6,15.2,0.4,0.7,1.1,0.097,-0.5,1.9,1.4,NA,east-carolina,2011
8,Chad Wynn,C,29,5,259,9,0.499,0,0.529,78,7.8,14.1,11,0.9,0.9,1.7,19,21.3,0,0.3,0.3,0.05,-5.5,-1.3,-6.8,NA,east-carolina,2011
9,Wakefield Ellison,G,28,0,254,2.7,0.358,0.442,0.269,44,4.7,5.8,5.3,4.9,1.4,0.9,20.4,15.2,-0.3,0.2,-0.1,-0.019,-5.2,-1.5,-6.7,NA,east-carolina,2011
10,Darius Morales,F,25,0,157,14.2,0.567,0,0.353,40,9.9,17.5,13.8,0,0.8,12.7,23.2,17.3,0,0.3,0.3,0.079,-6.5,2.6,-3.9,NA,east-carolina,2011
11,Petar Torlak,G,22,0,120,8,0.567,0.667,0.292,30,3,7.6,5.4,12.9,2.5,0,30.5,17.2,0,0.1,0.1,0.035,0,0.5,0.5,NA,east-carolina,2011
12,Daquan Joyner,F,8,0,40,2.4,0.306,0,1.333,6,9,8.6,8.8,14.7,3,2.8,44.9,11.7,-0.1,0.1,0,-0.014,-5.1,3.1,-2,NA,east-carolina,2011
13,Evan Salzano,G,8,0,13,-5.7,0.286,0.143,0,3,0,8.8,4.5,0,0,0,12.5,32.3,-0.1,0,-0.1,-0.169,-9.8,-5.9,-15.6,NA,east-carolina,2011
NA,Team Totals,,34,34,6851,NA,0.543,0.417,0.494,NA,NA,NA,NA,NA,NA,NA,NA,NA,9.4,8.1,17.5,0.102,0.4,0.3,0.7,NA,east-carolina,2011
1,Darrius Morrow,F,31,31,984,19.3,0.574,0.003,0.498,385,5.8,17.5,11.4,11.2,1.8,3.8,16.5,22.9,1.9,1.6,3.5,0.143,0.2,0.8,1,NA,east-carolina,2012
2,Miguel Paul,G,31,30,976,20.9,0.55,0.55,0.526,502,1.1,6.9,3.9,40.6,2.4,0.3,17.1,27.3,3.1,1.1,4.2,0.173,4.1,-0.9,3.2,NA,east-carolina,2012
3,Erin Straughn,G,30,28,700,14.3,0.545,0.531,0.172,176,7.2,17.3,12,11,2,2.6,16.5,13.9,0.9,1.1,2.1,0.118,0.3,1,1.2,NA,east-carolina,2012
4,Maurice Kemp,F,30,14,699,22.2,0.539,0.171,0.386,310,12.4,20.8,16.4,11.2,2.8,4.1,17.6,26.1,1.3,1.4,2.7,0.155,0.8,0.6,1.4,NA,east-carolina,2012
5,Corvonn Gaines,G,31,11,688,9.3,0.469,0.426,0.317,132,3.4,10.9,7,17.4,3.3,1.2,27.5,12,0,1.1,1.1,0.063,-2,2.8,0.8,NA,east-carolina,2012
6,Paris Roberts-Campbell,G,31,0,606,10,0.458,0.72,0.193,150,1.9,6.1,3.9,8.7,2.6,1.2,9.8,16.6,0.4,0.7,1.1,0.076,-1.1,0.7,-0.4,NA,east-carolina,2012
7,Shamarr Bowden,G,28,23,605,12.7,0.562,0.745,0.112,190,1.7,5.5,3.5,7.1,1.4,0.3,11.9,20,0.9,0.5,1.4,0.096,2.7,-0.9,1.8,NA,east-carolina,2012
8,Robert Sampson,F,29,18,585,15.1,0.544,0.397,0.213,159,9.2,22.9,15.7,5.9,2.7,2.9,19.4,16.4,0.6,1.2,1.7,0.118,0.3,1.2,1.5,NA,east-carolina,2012
9,Austin Steed,F,15,0,209,13.2,0.51,0,0.563,67,12.3,26.2,19,8.8,1.7,4,29.1,21.2,0,0.4,0.4,0.072,-6.1,-0.1,-6.2,NA,east-carolina,2012
10,Darius Morales,F,23,0,105,2.9,0.355,0,0.267,13,4.4,17,10.4,1.7,1.1,7,22.8,10.8,-0.1,0.2,0.1,0.027,-10.1,1.3,-8.8,NA,east-carolina,2012
11,Petar Torlak,G,14,0,74,9.5,0.385,0.421,0.053,19,4.7,20.7,12.4,26.9,2.4,1.4,26.4,18.5,-0.1,0.1,0.1,0.038,-1.5,1.3,-0.2,NA,east-carolina,2012
12,Yasin Kolo,C,2,0,13,25.2,0.571,0,0,6,18,19.6,18.8,0,4.6,0,22.2,35.8,0,0,0,0.085,-5.4,-6.5,-11.9,NA,east-carolina,2012
13,Francis Edosomwan,G,6,0,7,-9.7,0,0.333,0,1,16.7,18.2,17.4,0,8.6,0,25,29.5,-0.1,0,0,-0.279,-5.8,6.6,0.9,NA,east-carolina,2012
NA,Team Totals,,31,31,6251,NA,0.535,0.394,0.346,NA,NA,NA,NA,NA,NA,NA,NA,NA,8.8,9.6,18.4,0.118,0.3,0.6,0.9,NA,east-carolina,2012
1,Maurice Kemp,F,35,34,1202,27.3,0.577,0.127,0.527,629,8.4,18.1,13.3,15.4,2.9,2.9,10.5,26.3,4.6,1.8,6.4,0.213,5.1,0.6,5.7,NA,east-carolina,2013
2,Miguel Paul,G,33,33,1093,17.6,0.552,0.542,0.514,508,0.8,6.6,3.8,39.7,2.6,0.4,23.2,23.4,2.5,0.9,3.4,0.125,2.7,-1.8,0.9,NA,east-carolina,2013
3,Robert Sampson,F,33,33,986,18.2,0.529,0.284,0.358,304,10.8,24.2,17.6,5.5,2,5.5,14.2,16.7,1.5,1.7,3.2,0.13,0.5,0.5,1,NA,east-carolina,2013
4,Paris Roberts-Campbell,G,35,30,896,10.9,0.54,0.712,0.252,191,0.5,8.8,4.7,12.1,2.9,1.1,15.7,12,0.9,0.9,1.8,0.079,-0.2,2,1.7,NA,east-carolina,2013
5,Ty Armstrong,F,35,35,712,18.5,0.579,0.012,0.361,289,9.3,15.7,12.5,6.4,1.3,2.8,14,22.9,1.5,0.8,2.3,0.129,-1.5,-1,-2.4,NA,east-carolina,2013
6,Akeem Richmond,G,35,0,704,20.7,0.6,0.847,0.166,311,1.5,8.8,5.2,12,2,0.3,9.1,24.7,2.1,0.5,2.6,0.15,6.7,-1.9,4.8,NA,east-carolina,2013
7,Marshall Guilmette,F,31,0,411,12.1,0.537,0,0.432,129,9.3,10.7,10,10.5,1,1.8,19.7,17.2,0.5,0.3,0.8,0.079,-3.4,-1.5,-4.9,NA,east-carolina,2013
8,Shamarr Bowden,G,25,5,379,11,0.514,0.804,0.206,111,0.3,4.8,2.6,17.6,1.8,0,11.8,16.6,0.5,0.2,0.7,0.078,-2.7,-1.3,-4,NA,east-carolina,2013
9,Corvonn Gaines,G,22,5,374,7.9,0.395,0.377,0.208,67,2.5,13.9,8.3,19.9,1.8,1.2,25.6,10.4,0,0.4,0.4,0.042,-3.6,0.7,-2.9,NA,east-carolina,2013
10,Michael Zangari,F,27,0,111,4.3,0.421,0.083,0.292,21,6.2,18.3,12.4,0,0,0,15.5,14.4,-0.1,0.1,0,0.009,-5.8,-2.4,-8.2,NA,east-carolina,2013
11,Prince Williams,G,22,0,110,15.5,0.527,0.056,0.889,35,8.4,11.3,9.9,22,6.8,1.6,33.7,17.4,0.1,0.2,0.3,0.102,-2.1,5.2,3.1,NA,east-carolina,2013
12,Yasin Kolo,C,8,0,39,14.4,0.404,0.214,0.5,16,17.8,23.2,20.5,4.9,0,4.6,14.8,25.8,0,0,0.1,0.056,-4.2,-5.4,-9.6,NA,east-carolina,2013
13,Petar Torlak,G,4,0,36,37.6,0.758,0.636,0.545,21,3.2,12.6,7.9,40.1,4.8,0,6.7,20.4,0.3,0.1,0.3,0.367,13.8,-1.2,12.6,NA,east-carolina,2013
14,Francis Edosomwan,G,9,0,13,1.8,0.339,0,1,3,0,8.7,4.4,0,4.4,0,14.5,26.3,-0.1,0,0,-0.114,-5.9,8.6,2.7,NA,east-carolina,2013
15,Peyton Robbins,G,6,0,9,25.9,0.526,NA,NA,3,38.5,25.1,31.7,17.1,0,0,0,5.2,0,0,0.1,0.253,-2.8,-1.1,-3.9,NA,east-carolina,2013
NA,Team Totals,,35,35,7075,NA,0.555,0.385,0.385,NA,NA,NA,NA,NA,NA,NA,NA,NA,14.5,7.9,22.4,0.126,1.2,-0.2,1,NA,east-carolina,2013
1,Akeem Richmond,G,34,34,1199,19.7,0.607,0.869,0.248,520,2,7.1,4.6,10.1,2.3,0.1,10.2,24.4,3.4,0.9,4.3,0.143,4.9,-2.1,2.8,NA,east-carolina,2014
2,Paris Roberts-Campbell,G,34,34,1155,15.6,0.533,0.568,0.441,408,2.7,11.3,7.1,17.3,2.8,2,14.2,20,1.9,1.3,3.2,0.11,-0.2,0.1,0,NA,east-carolina,2014
3,Caleb White,G,34,30,1080,14.5,0.594,0.415,0.379,378,3.3,8.5,5.9,9.7,0.8,0.7,12.1,19.5,2.2,0.6,2.8,0.105,0.1,-2.5,-2.4,NA,east-carolina,2014
4,Prince Williams,G,34,10,901,15.4,0.55,0.131,0.709,348,2.8,12.5,7.8,27.7,2.2,1,22.6,21.3,1.2,0.9,2.2,0.096,-1,-0.6,-1.6,NA,east-carolina,2014
5,Michael Zangari,F,34,34,782,15.9,0.558,0.033,0.528,292,12.6,13.6,13.1,2.8,0.5,2.5,15.1,20.8,1.4,0.6,2,0.103,-1.9,-2.9,-4.8,NA,east-carolina,2014
6,Antonio Robinson,G,34,23,738,12.4,0.463,0.144,0.359,204,3.1,16.4,9.9,24.1,3,1.1,21.8,16.2,0.3,1,1.3,0.072,-2.7,1,-1.7,NA,east-carolina,2014
7,Brandan Stith,F,33,0,645,17.6,0.518,0,0.796,185,15.8,21.5,18.7,6.3,1.9,6.3,15,13.5,1.1,1,2.1,0.133,-2.2,-1,-3.1,NA,east-carolina,2014
8,Petar Torlak,G,22,1,149,11.1,0.574,0.634,0.22,45,0.8,9.1,5,11.3,1.2,0,16.6,19,0.1,0.1,0.2,0.061,-3.6,-3,-6.6,NA,east-carolina,2014
9,Marshall Guilmette,F,5,4,73,18.6,0.52,0,0.519,34,11.4,23.2,17.4,6.4,0.8,1.4,15.1,28.3,0.1,0.1,0.2,0.106,-3.3,-5.2,-8.4,NA,east-carolina,2014
10,Greg Alexander,G,8,0,38,23.7,0.673,0.636,0.455,16,6.3,8.9,7.6,12,0,2.8,0,18.3,0.2,0,0.2,0.202,10.1,-2.6,7.6,NA,east-carolina,2014
11,Francis Edosomwan,G,10,0,34,31.5,0.855,0,2,15,31.4,29.9,30.6,17.4,3.5,0,25.5,12,0.2,0.1,0.2,0.291,3.8,4.7,8.5,NA,east-carolina,2014
12,Peyton Robbins,G,3,0,6,-24.9,0,0,0,1,19.8,18.8,19.3,0,0,0,25,34.7,-0.1,0,-0.1,-0.425,-3.5,-1.2,-4.7,NA,east-carolina,2014
NA,Team Totals,,34,34,6800,NA,0.56,0.429,0.436,NA,NA,NA,NA,NA,NA,NA,NA,NA,12.1,6.7,18.7,0.11,0,-1.2,-1.3,NA,east-carolina,2014
1,Terry Whisnant,G,33,33,1041,16.4,0.551,0.636,0.272,368,2.8,7.3,5,13.1,1.9,0.3,9.8,21.5,2.3,0.7,3,0.114,3.2,-1,2.2,NA,east-carolina,2015
2,Caleb White,G,33,32,1021,15.7,0.578,0.524,0.246,352,2.8,11,6.8,10.5,0.9,0.6,12.5,21.4,2,0.7,2.7,0.105,2.2,-2.2,0,NA,east-carolina,2015
3,Antonio Robinson,G,33,33,800,13,0.434,0.201,0.302,191,2.5,13.6,8,30.3,4.4,0.6,24.7,14.4,0.3,1.2,1.5,0.074,-2.5,2.4,-0.2,NA,east-carolina,2015
4,B.J. Tyson,G,33,0,798,21.9,0.539,0.202,0.481,382,6.7,12.9,9.7,14.9,2.1,0.4,11.7,29.8,2,0.8,2.8,0.139,3.7,-1.5,2.2,NA,east-carolina,2015
5,Michel Nzege,F,33,32,608,18.1,0.601,0,0.304,183,11.3,19.3,15.2,7.7,1.7,2.3,18.6,17.4,1,0.8,1.8,0.115,-0.7,-1.4,-2,NA,east-carolina,2015
6,Michael Zangari,F,31,15,490,9.3,0.426,0.134,0.305,97,9.7,15.2,12.4,7.3,1.3,3.6,16.8,12.6,0.2,0.5,0.7,0.057,-4.1,0.3,-3.7,NA,east-carolina,2015
7,Lance Tejada,G,33,0,458,8.9,0.408,0.514,0.399,145,1,10.4,5.7,25.3,2.1,0.3,16.7,23.5,-0.2,0.4,0.2,0.019,-2.7,-1.2,-3.9,NA,east-carolina,2015
8,Marshall Guilmette,F,22,17,451,10.1,0.489,0.303,0.311,136,6.3,13.6,9.9,11.7,0.7,2.3,19.1,21,0.1,0.4,0.5,0.046,-4,-1.4,-5.4,NA,east-carolina,2015
9,Paris Roberts-Campbell,G,22,1,416,14.3,0.539,0.726,0.116,102,2.8,11.5,7.1,12.1,3.2,1.7,10.7,14.7,0.6,0.5,1.1,0.106,1.8,1.7,3.5,NA,east-carolina,2015
10,Kanu Aja,F,29,0,239,7.4,0.425,0,0.29,64,12.9,10.8,11.8,3.7,1.3,1,20.3,20.3,-0.2,0.2,0,0.006,-5.7,-2.2,-7.9,NA,east-carolina,2015
11,Prince Williams,G,23,1,233,6.2,0.417,0.27,0.351,45,2,10.5,6.2,18.4,2.2,1,28.3,14.1,-0.1,0.2,0.1,0.012,-4.1,0.2,-3.9,NA,east-carolina,2015
12,Keith Armstrong,F,11,0,36,0.2,0.25,0,0,3,6.6,13.6,10,5.2,0,3.3,33.3,9.1,-0.1,0,0,-0.031,-10.5,-2.8,-13.3,NA,east-carolina,2015
13,Greg Alexander,G,6,0,14,-2.4,0.276,0.5,0.75,3,0,0,0,14.4,0,8.4,15.6,25.1,0,0,0,-0.126,-10.3,-3.6,-13.8,NA,east-carolina,2015
14,Grant Bryant,F,3,0,12,-8.2,0.5,0,0,2,0,20.4,10,0,0,0,60,22.8,-0.1,0,-0.1,-0.223,-49.5,-12.3,-61.8,NA,east-carolina,2015
15,Francis Edosomwan,G,4,1,7,-2.6,NA,NA,NA,0,0,0,0,0,0,0,NA,0,0,0,0,0,-8.9,-1.6,-10.5,NA,east-carolina,2015
16,Peyton Robbins,G,1,0,1,128.1,0.5,0,0,2,0,0,0,0,63.4,0,0,100,0,0,0,1.017,18,30,48,NA,east-carolina,2015
NA,Team Totals,,33,33,6625,NA,0.518,0.373,0.317,NA,NA,NA,NA,NA,NA,NA,NA,NA,7.8,6.4,14.2,0.086,-0.3,-0.7,-0.9,NA,east-carolina,2015
1,B.J. Tyson,G,32,30,1071,14.8,0.506,0.364,0.257,434,2.7,12.4,7.6,18.2,1.7,0.4,13.6,26,1,1,2,0.075,0.8,-0.6,0.2,NA,east-carolina,2016
2,Caleb White,G,30,22,962,14.5,0.566,0.609,0.199,338,1.6,9.6,5.7,17.3,1.4,0.4,13.8,20.7,1.5,0.7,2.2,0.092,2.3,-0.5,1.7,NA,east-carolina,2016
3,Prince Williams,G,32,30,903,16.2,0.538,0.366,0.317,343,2.6,10.1,6.4,29.7,2.4,0.9,18,21.4,1.3,0.9,2.2,0.099,2,0.6,2.7,NA,east-carolina,2016
4,Kentrell Barkley,G,31,11,872,20.6,0.567,0.322,0.649,334,7.1,18.6,12.9,22.7,2.6,1.4,14.8,19.3,2,1.3,3.3,0.152,4.1,1.8,5.9,NA,east-carolina,2016
5,Michael Zangari,F,31,17,662,10.7,0.505,0.347,0.463,186,8.3,12.4,10.4,7,0.9,1,13.5,16.3,0.7,0.6,1.3,0.076,-2,-0.7,-2.6,NA,east-carolina,2016
6,Michel Nzege,F,29,15,521,12.8,0.573,0,0.441,138,10.8,12.7,11.8,6.6,1.1,2.6,21.1,14.2,0.6,0.5,1.1,0.085,-1.5,-0.2,-1.7,NA,east-carolina,2016
7,Lance Tejada,G,31,1,463,7.3,0.455,0.683,0.5,135,0.8,6.9,3.9,16.2,2.1,0.2,16.8,20.1,0,0.4,0.3,0.029,-3.4,-0.2,-3.5,NA,east-carolina,2016
8,Clarence Williams,F,31,14,401,8.4,0.481,0.16,0.106,93,6.7,17.7,12.3,6.8,1.9,2.8,25.6,17.2,-0.3,0.5,0.2,0.022,-4.9,0.5,-4.4,NA,east-carolina,2016
9,Kanu Aja,F,30,17,397,7.9,0.451,0,0.532,90,8.6,16.7,12.7,4.6,0.2,2,14.2,14.7,0,0.4,0.4,0.04,-3.8,-0.8,-4.5,NA,east-carolina,2016
10,Charles Foster,G,21,0,116,6.9,0.55,0.692,0.154,38,1,6.9,4,11.8,0.5,0,23.7,24.6,-0.1,0.1,0,-0.008,-4.4,-3,-7.3,NA,east-carolina,2016
11,Grant Bryant,F,13,0,91,10.4,0.59,0,0.412,22,6.5,10,8.3,4.6,1.3,1.2,16.4,13.9,0.1,0.1,0.2,0.076,-4.9,0,-4.8,NA,east-carolina,2016
12,Deng Riak,C,8,1,45,-0.7,0.188,0.625,0,5,5.2,15.2,10.3,7.9,1.3,5,27.3,12.7,-0.1,0.1,-0.1,-0.053,-8.5,0.5,-8.1,NA,east-carolina,2016
13,Drew Bost,G,7,1,14,5.6,0.3,1,0,4,0,8.2,4.1,27.9,0,0,0,18.6,0,0,0,0.005,-2.2,-2.4,-4.6,NA,east-carolina,2016
14,Peyton Robbins,G,5,1,4,4.4,NA,NA,NA,0,0,28.5,14.5,0,0,0,NA,0,0,0,0,0.048,-6,2.2,-3.8,NA,east-carolina,2016
15,Justice Obasohan,G,4,0,3,-1.5,NA,NA,NA,1,0,38.1,19.3,57.2,0,0,100,17.3,0,0,0,-0.164,-9.9,-1,-10.8,NA,east-carolina,2016
NA,Team Totals,,32,32,6525,NA,0.524,0.382,0.346,NA,NA,NA,NA,NA,NA,NA,NA,NA,6.7,6.5,13.2,0.081,0,0,0,NA,east-carolina,2016
1,Kentrell Barkley,G,33,31,1066,18.3,0.52,0.347,0.571,436,6.3,18.4,12.5,19.4,1.9,1.4,16.2,24,1.5,2.1,3.6,0.135,2.2,1.7,3.8,NA,east-carolina,2017
2,Caleb White,G,32,32,1020,12.4,0.526,0.619,0.201,332,1.2,6.4,3.9,11,1,1,9.1,19.9,1.5,1.2,2.7,0.105,0.3,0.5,0.8,NA,east-carolina,2017
3,Andre Washington,C,33,33,821,19.3,0.546,0.006,0.747,236,11.4,18.9,15.2,7.8,0.9,11.8,19,16.1,0.8,1.9,2.7,0.134,-1.3,4.4,3.1,NA,east-carolina,2017
4,Jeremy Sheppard,G,30,13,797,11.1,0.486,0.58,0.239,286,1.7,6.7,4.3,30.7,2.4,0.1,21.8,23.3,0,1.2,1.2,0.061,-0.8,0.4,-0.3,NA,east-carolina,2017
5,Deng Riak,C,33,17,702,5.9,0.432,0.133,0.204,115,6.9,18.7,12.9,3.9,0.8,2.2,27.1,12.4,-0.6,1.3,0.7,0.04,-5.7,1.5,-4.1,NA,east-carolina,2017
6,B.J. Tyson,G,25,18,627,12.4,0.451,0.249,0.266,233,1.2,10.7,6.1,23.7,2.5,0.6,15.5,25.8,-0.1,1.1,1,0.063,-2.4,0.9,-1.4,NA,east-carolina,2017
7,Elijah Hughes,F,25,7,512,13.2,0.477,0.53,0.476,183,2.4,9.7,6,14.6,1.6,2.2,10.5,22.8,0.5,0.8,1.3,0.101,-0.1,2,1.8,NA,east-carolina,2017
8,Michel Nzege,F,26,1,376,10.5,0.509,0.107,0.293,93,10.2,12.1,11.2,6.5,0.5,0.5,16.6,14,0.3,0.5,0.8,0.089,-2.7,0.1,-2.6,NA,east-carolina,2017
9,Clarence Williams,F,12,12,234,6.8,0.458,0.14,0.316,61,8.4,14.6,11.6,5.7,2,1.7,29.9,20.5,-0.4,0.4,0.1,0.012,-7,0.8,-6.1,NA,east-carolina,2017
10,Raquan Wilkins,G,27,1,211,6.2,0.391,0.436,0.291,50,6.8,13.2,10.1,4.1,2,0.5,18.3,18.6,-0.2,0.4,0.1,0.026,-5.5,0.5,-5,NA,east-carolina,2017
11,Jabari Craig,F,25,0,208,6.8,0.374,0,0.957,35,13.2,12.4,12.8,2.8,1.7,6.4,32.4,12.2,-0.2,0.4,0.2,0.038,-8.1,1.9,-6.2,NA,east-carolina,2017
12,Addison Hill,G,5,0,19,4,0.75,0,0,4,0,10.9,5.6,0,0,0,42.9,18.9,0,0,0,-0.028,-7.2,-0.6,-7.8,NA,east-carolina,2017
13,Justice Obasohan,G,4,0,5,38.5,1,0,0,3,21.9,20.6,21.3,58.4,0,0,0,10.2,0,0,0,0.394,9.1,6.9,16,NA,east-carolina,2017
14,John Whitley,G,4,0,2,0,NA,NA,NA,0,0,0,0,0,0,0,NA,0,0,0,0,0.023,-6.7,-1.1,-7.8,NA,east-carolina,2017
NA,Team Totals,,33,33,6600,NA,0.493,0.372,0.375,NA,NA,NA,NA,NA,NA,NA,NA,NA,3.1,11.4,14.5,0.088,-1.5,1.5,-0.1,NA,east-carolina,2017
1,B.J. Tyson,G,30,30,1093,14.5,0.508,0.365,0.251,430,2.6,10.8,6.8,16.1,1.3,0.7,11.6,23.2,1.4,0.7,2.1,0.076,0.5,-1.3,-0.9,NA,east-carolina,2018
2,Isaac Fleming,G,30,28,962,14.3,0.507,0.269,0.299,414,4.7,8.7,6.7,32.5,2.2,0.3,22.4,25.2,0.5,0.7,1.2,0.05,-0.7,-1.5,-2.2,NA,east-carolina,2018
3,Shawn Williams,G,30,14,847,13.8,0.572,0.678,0.256,329,0.4,6.1,3.3,12.8,1,0,13.1,22.4,1.4,0.3,1.7,0.082,1.6,-2.4,-0.8,NA,east-carolina,2018
4,Kentrell Barkley,G,23,21,741,17.3,0.531,0.326,0.339,274,6.6,19,12.9,14.6,2.4,2.1,16.4,21.4,0.8,1,1.7,0.094,0.7,0.8,1.5,NA,east-carolina,2018
5,Dimitrije Spasojevic,F,30,25,717,9.8,0.548,0,0.317,176,6.6,12.6,9.6,5.6,0.8,1.9,22,15.2,0.1,0.5,0.6,0.036,-3.6,-1,-4.6,NA,east-carolina,2018
6,Jabari Craig,F,22,22,496,9.4,0.431,0.009,0.473,130,11,19.5,15.3,4.3,0.5,5,20.2,17.4,-0.2,0.5,0.3,0.025,-5.4,-0.4,-5.8,NA,east-carolina,2018
7,Aaron Jackson,G,24,8,353,2.8,0.397,0.509,0.255,54,5.2,10.9,8.1,4,1.2,0.3,23.6,11.6,-0.3,0.2,-0.1,-0.009,-6.1,-1.4,-7.5,NA,east-carolina,2018
8,Justin Whatley,F,22,1,296,3.5,0.492,0.264,0.113,54,4.7,8.8,6.8,5.1,1.2,1.4,28.3,13.4,-0.2,0.2,0,-0.005,-7.5,-0.9,-8.5,NA,east-carolina,2018
9,K.J. Davis,G,26,1,277,9.2,0.402,0.582,0.198,78,6.3,17.9,12.2,5.8,1.9,3.7,13.8,21.2,-0.3,0.3,0.1,0.01,-3.3,-1,-4.3,NA,east-carolina,2018
10,Usman Haruna,C,24,0,208,6.3,0.484,0,0.364,26,7.2,22.8,15.1,1.7,1.1,3.5,23.7,8,-0.1,0.3,0.2,0.043,-6.4,0.9,-5.5,NA,east-carolina,2018
11,Justice Obasohan,G,8,0,71,8.9,0.409,0.071,0.286,13,1.6,12.7,7.2,5.2,2.5,13.2,23.9,15,-0.1,0.1,0,0.009,-5.1,5.2,0.1,NA,east-carolina,2018
12,Addison Hill,G,6,0,7,4,0,0,0,1,0,48.3,24.5,23.4,0,0,0,7.3,0,0,0,0.021,-7.1,2.4,-4.7,NA,east-carolina,2018
13,John Whitley,G,3,0,7,22.5,1,0,0,2,0,16.1,8.2,30.6,0,0,0,7.3,0,0,0,0.196,2.4,2.8,5.2,NA,east-carolina,2018
NA,Team Totals,,30,30,6075,NA,0.509,0.346,0.287,NA,NA,NA,NA,NA,NA,NA,NA,NA,3,4.9,7.9,0.052,-1.7,-0.9,-2.7,NA,east-carolina,2018
1,Jayden Gardner,F,31,31,949,23,0.567,0.03,0.677,491,10.8,20.8,15.7,9.7,1.4,1.7,14.4,27.4,2.4,1.1,3.5,0.148,2.9,-1.4,1.4,NA,east-carolina,2019
2,Shawn Williams,G,26,26,900,11.9,0.528,0.668,0.168,294,0.9,5.3,3,10.1,1.1,0.3,7.3,18.9,1.4,0.4,1.7,0.077,1.2,-1.8,-0.6,NA,east-carolina,2019
3,Isaac Fleming,G,31,24,846,15.6,0.516,0.202,0.36,336,4.4,11.7,8,32.7,3.2,0.3,22.5,22.6,0.5,0.9,1.5,0.07,-0.9,0,-0.9,NA,east-carolina,2019
4,K.J. Davis,G,29,17,788,9.1,0.422,0.622,0.118,206,2.8,14.7,8.6,7.6,1.9,4,10.4,18.4,-0.2,0.9,0.7,0.035,-2,0,-2,NA,east-carolina,2019
5,Seth LeDay,F,29,12,722,21.1,0.564,0.004,0.52,316,9.6,17.1,13.3,14.2,3.3,3.8,19.6,24.4,1,1.1,2.1,0.116,1,1,2,NA,east-carolina,2019
6,Dimitrije Spasojevic,F,31,15,541,5.5,0.41,0.008,0.146,115,3.7,9.1,6.3,8.1,0.8,3.6,16.8,15.4,-0.4,0.4,0,-0.002,-5,-1,-6,NA,east-carolina,2019
7,Tyler Foster,G,30,6,514,5.9,0.413,0.331,0.323,121,1.7,8.2,4.9,10,3,1.1,18.5,17.9,-0.5,0.5,0,-0.001,-5.5,0.4,-5.1,NA,east-carolina,2019
8,Tae Hardy,G,23,9,271,6.2,0.404,0.389,0.5,55,1.2,11.6,6.3,10.4,2.5,1.3,16.3,14.7,-0.2,0.3,0.1,0.013,-5,0.7,-4.2,NA,east-carolina,2019
9,Addison Hill,G,25,11,260,5.6,0.552,0.667,0.333,26,1.3,11.7,6.3,7.4,2.2,0.9,30.2,5.7,0,0.2,0.3,0.04,-4.2,1.8,-2.4,NA,east-carolina,2019
10,Deshaun Wade,G,22,0,223,3,0.393,0.84,0.2,47,2,9.4,5.6,15,0.8,0.5,23.7,16.1,-0.3,0.1,-0.1,-0.026,-4.5,-2.8,-7.3,NA,east-carolina,2019
11,Justice Obasohan,G,22,4,154,2.4,0.287,0.08,0.24,21,6.5,9.8,8.1,4.7,0.7,3,15.2,10.7,-0.2,0.1,-0.1,-0.013,-6,-0.9,-6.9,NA,east-carolina,2019
12,Rico Quinton,F,7,0,56,14.1,0.422,0.444,0.389,17,7.9,22.9,15.2,0,4.1,12.2,19,23.5,-0.1,0.1,0.1,0.036,-2.2,3.3,1.1,NA,east-carolina,2019
13,Justin Whatley,F,4,0,34,18.1,0.457,0.6,0.2,12,9.7,6.9,8.3,24.6,3.4,6.7,0,16.1,0.1,0,0.1,0.142,-0.4,2,1.6,NA,east-carolina,2019
14,John Whitley,G,10,0,13,11.5,1.053,NA,NA,2,0,9,4.4,12.9,0,0,0,3.7,0,0,0,0.135,-1.9,0.3,-1.6,NA,east-carolina,2019
15,Samson Strickland,F,3,0,4,12,0.513,0,2,2,27.6,29.2,28.4,0,0,0,33.9,36.9,0,0,0,0.026,-10.5,-5.7,-16.2,NA,east-carolina,2019
NA,Team Totals,,31,31,6275,NA,0.499,0.304,0.356,NA,NA,NA,NA,NA,NA,NA,NA,NA,3.7,6.1,9.8,0.063,-1.3,-0.4,-1.7,NA,east-carolina,2019
1,Jayden Gardner,F,31,30,1064,25.5,0.574,0.047,0.509,582,9.8,21,15.4,16.4,1.8,1.7,13.5,29,3.3,1.4,4.7,0.177,5,-0.4,4.6,NA,east-carolina,2020
2,Tristen Newton,G,31,19,928,16.8,0.525,0.386,0.477,353,2,15.2,8.6,25.5,2.3,1.3,15.4,20.7,1.6,1.1,2.7,0.115,1.9,0.6,2.5,NA,east-carolina,2020
3,Brandon Suggs,F,31,22,703,15.5,0.567,0.287,0.584,256,4.6,12.6,8.6,15.5,2.3,1.8,18.3,19.9,1.2,0.8,1.9,0.111,0.5,0.5,1.1,NA,east-carolina,2020
4,J.J. Miles,G,29,13,699,7.9,0.473,0.682,0.072,194,1,12,6.5,10.8,1.2,0.7,13.5,19.1,0.1,0.6,0.6,0.036,-1.5,-1.1,-2.6,NA,east-carolina,2020
5,Bitumba Baruti,G,31,5,675,5.1,0.408,0.41,0.128,141,5.8,14,9.9,6.1,1.1,2.9,20.2,15.4,-0.5,0.7,0.1,0.008,-4.7,-0.7,-5.4,NA,east-carolina,2020
6,Tremont Robinson-White,G,24,23,564,9.5,0.517,0.308,0.526,177,2,6.1,4.1,20.1,2.6,1.1,27.2,20.3,-0.1,0.5,0.4,0.031,-2.9,-0.6,-3.5,NA,east-carolina,2020
7,Tyrie Jackson,G,23,14,512,11.6,0.476,0.597,0.149,160,4.5,12.6,8.5,16.6,2.4,1,16.2,19.3,0.3,0.6,0.8,0.065,-1.2,0.2,-1,NA,east-carolina,2020
8,Charles Coleman,C,30,20,498,6.9,0.44,0.012,0.4,95,6.9,13.9,10.4,4.6,0.9,4.5,18.5,12.5,-0.1,0.5,0.4,0.036,-4.3,-0.1,-4.4,NA,east-carolina,2020
9,Miles James,G,23,1,205,4.5,0.396,0.611,0.111,31,2.8,9.5,6.2,6.3,1.9,1.2,17.4,11.2,-0.1,0.2,0.1,0.015,-3.4,0.4,-3,NA,east-carolina,2020
10,Logan Curtis,G,21,0,128,6.3,0.389,0.707,0.073,32,3.6,8.1,5.8,11,2.7,1,10.5,18.6,-0.1,0.1,0.1,0.021,-4.3,-0.7,-4.9,NA,east-carolina,2020
11,Seth LeDay,F,6,0,100,21.7,0.54,0.073,0.366,46,6.9,20.7,13.8,18.8,1.1,3.7,12.7,27.6,0.2,0.1,0.3,0.117,3.3,0.1,3.4,NA,east-carolina,2020
12,Edra Luster,C,14,5,92,1.7,0.325,0,0.778,12,7.5,8.7,8.1,7.6,0.6,2.7,32.7,10,-0.1,0.1,0,-0.013,-6,-1,-7,NA,east-carolina,2020
13,Ludgy Debaut,C,3,3,46,0.2,0.4,0,0,4,5,10,7.5,0,1.2,8.1,50,10.9,-0.1,0.1,-0.1,-0.049,-9.3,0,-9.3,NA,east-carolina,2020
14,Samson Strickland,F,10,0,30,4,0.314,0,1.25,5,11.5,15.3,13.4,0,3.8,0,23.9,14,0,0,0,0.001,-6.2,0,-6.2,NA,east-carolina,2020
15,Evan Umstead,G,3,0,3,-4.3,0.256,0,2,1,0,0,0,0,0,0,0,32.6,0,0,0,-0.139,-10.5,-8.5,-19,NA,east-carolina,2020
16,Ian Jones,G,3,0,3,-4.3,0,0,0,0,0,76.7,38.3,0,0,0,0,16.7,0,0,0,-0.125,-16.3,-1.2,-17.5,NA,east-carolina,2020
NA,Team Totals,,31,31,6250,NA,0.511,0.328,0.368,NA,NA,NA,NA,NA,NA,NA,NA,NA,5.4,6.7,12.1,0.078,-0.6,-0.2,-0.7,NA,east-carolina,2020
1,Jayden Gardner,F,19,18,667,19.3,0.542,0.023,0.518,313,6.4,21.4,13.6,10.1,1,0.6,12.3,27.8,1.3,1,2.4,0.141,2,-0.1,1.9,NA,east-carolina,2021
2,Tristen Newton,G,17,16,535,12.5,0.465,0.433,0.27,168,3.7,12.3,7.8,27.2,2.3,1.2,19.3,18.7,0.3,0.8,1.1,0.082,-0.5,1.6,1.1,NA,east-carolina,2021
3,Tremont Robinson-White,G,19,18,507,12.8,0.514,0.536,0.181,165,2.8,6.9,4.8,30.2,2.4,0.3,19.4,18.6,0.5,0.7,1.1,0.089,0,1.3,1.3,NA,east-carolina,2021
4,Brandon Suggs,F,18,11,456,14.8,0.525,0.298,0.527,166,4.8,15,9.7,17.1,2.3,2.5,18.8,22.5,0.3,0.8,1.1,0.098,-0.1,2,1.9,NA,east-carolina,2021
5,J.J. Miles,G,16,11,436,10.9,0.48,0.487,0.09,140,2.3,10.5,6.2,14.8,2,1.8,14.2,22.1,0.1,0.6,0.7,0.062,-1,1,0,NA,east-carolina,2021
6,Bitumba Baruti,G,17,5,420,13,0.468,0.445,0.245,110,5.8,14,9.7,7.8,2.5,3.7,8.2,16.2,0.3,0.7,1.1,0.1,0,2.6,2.6,NA,east-carolina,2021
7,Ludgy Debaut,C,19,15,296,10.7,0.517,0.021,0.438,65,8.5,14.6,11.4,6,0,8.3,15.9,11.8,0.3,0.4,0.7,0.095,-4,1.8,-2.1,NA,east-carolina,2021
8,Tyrie Jackson,G,11,1,194,9.3,0.465,0.596,0.255,50,1.1,12.4,6.5,18.6,2.7,0,15.9,16.4,0.1,0.3,0.4,0.075,-3.9,3.3,-0.7,NA,east-carolina,2021
9,Noah Farrakhan,G,12,0,121,7.6,0.488,0.429,0.114,35,0.9,9.9,5.2,21,1,0,21.3,19.7,0,0.1,0.1,0.032,-4.1,0.3,-3.8,NA,east-carolina,2021
10,Miles James,G,9,0,67,1.1,0.261,0.5,0.583,12,4.9,5.4,5.1,15.7,0,1.9,16.4,13.9,-0.1,0.1,0,-0.018,-5.5,-1.6,-7,NA,east-carolina,2021
11,Edra Luster,C,7,0,62,2.5,0.288,0,0.333,7,7.1,11.6,9.2,8.7,0.9,2.1,30.2,8.2,-0.1,0.1,0,0.013,-6.1,1,-5.1,NA,east-carolina,2021
12,Charles Coleman,C,9,0,49,4.9,0.337,0.125,0.625,7,2.2,22,11.7,0,1.2,5.3,8.8,11.8,0,0.1,0,0.039,-7.2,0.9,-6.3,NA,east-carolina,2021
13,Ian Jones,G,3,0,9,58,1.014,0.75,0.75,6,0,0,0,0,0,0,0,30.6,0.1,0,0.1,0.483,15.1,4,19.1,NA,east-carolina,2021
14,Evan Umstead,G,2,0,3,48.9,0.513,0,2,3,0,0,0,100,0,0,0,33,0,0,0,0.45,41.4,11.6,53,NA,east-carolina,2021
15,Samson Strickland,F,2,0,3,0,NA,NA,NA,0,0,0,0,0,0,0,NA,0,0,0,0,0.018,-3.7,-0.2,-3.8,NA,east-carolina,2021
NA,Team Totals,,19,19,3825,NA,0.501,0.328,0.331,NA,NA,NA,NA,NA,NA,NA,NA,NA,3.1,5.7,8.8,0.092,-0.7,1.3,0.6,NA,east-carolina,2021
1,Tristen Newton,G,30,30,1044,20.9,0.575,0.38,0.456,535,2.7,13.1,7.8,34.4,2.4,1,18.4,27.4,2.6,1.2,3.8,0.147,4,0.9,4.9,NA,east-carolina,2022
2,Vance Jackson,F,30,30,934,14.2,0.53,0.576,0.217,347,4.6,17.2,10.8,9.1,1,0.5,12.5,23,1.1,0.9,2,0.085,2.3,-1.2,1.1,NA,east-carolina,2022
3,Tremont Robinson-White,G,29,16,776,11.5,0.491,0.467,0.205,221,1.9,8.6,5.2,22.1,3.6,1.5,21,17.7,0.2,1,1.2,0.061,-1.6,2,0.4,NA,east-carolina,2022
4,Brandon Suggs,F,24,16,712,15,0.526,0.25,0.594,248,3.4,12.2,7.8,18.3,2.9,2.3,18.4,20.1,0.8,0.9,1.7,0.096,-0.5,1.4,0.9,NA,east-carolina,2022
5,Brandon Johnson,F,30,5,525,16.4,0.543,0.127,0.364,143,8.9,24.2,16.5,8.9,1.3,3.6,8.5,13.6,0.9,0.8,1.7,0.131,-0.1,0.7,0.6,NA,east-carolina,2022
6,J.J. Miles,G,21,20,494,8.6,0.47,0.533,0.133,133,2,9,5.5,8.2,0.9,1.2,8.6,17.9,0.2,0.3,0.6,0.046,-1.7,-0.9,-2.5,NA,east-carolina,2022
7,Ludgy Debaut,C,28,18,451,11.8,0.458,0.046,0.262,85,10.4,19.1,14.6,6.4,1.2,6.3,15.1,9.7,0.3,0.6,1,0.085,-1.5,1.3,-0.1,NA,east-carolina,2022
8,RJ Felton,G,25,5,414,7.3,0.427,0.422,0.215,122,5.6,5,5.3,8.9,1.4,0.6,12.4,20.8,-0.1,0.3,0.2,0.015,-2.9,-1.6,-4.4,NA,east-carolina,2022
9,Alanzo Frink,F,26,8,410,11.9,0.52,0.054,0.577,141,6.2,12.9,9.5,9.1,2,2,18.9,21.6,0.2,0.5,0.7,0.069,-2.8,0.3,-2.5,NA,east-carolina,2022
10,Javon Small,G,16,0,147,4.5,0.387,0.605,0.184,37,0.8,7,3.8,22.7,0.4,0,17.9,17.3,-0.1,0.1,0,-0.004,-2.5,-1.4,-4,NA,east-carolina,2022
11,Alexis Reyes,F,10,2,62,3.1,0.442,0.875,0.125,13,3.6,9.2,6.4,0,0.9,0,15,16.3,0,0,0,0.005,-5.6,-2.8,-8.4,NA,east-carolina,2022
12,Marlon Lestin,F,10,0,47,4.2,0.345,0,4,5,11.8,4.9,8.4,3.7,2.5,2.5,50.8,6.4,0,0,0,0.017,-5.3,1.2,-4.1,NA,east-carolina,2022
13,Dave Kasanganay,G,5,0,25,2.8,0.288,0.667,0.333,4,4.5,4.6,4.5,0,7,0,22.3,18.1,-0.1,0,0,-0.049,-7.4,3,-4.3,NA,east-carolina,2022
14,Tay Mosher,F,4,0,6,-11.1,0,1,0,1,18.6,19.1,18.8,28.8,0,0,66.7,25.3,-0.1,0,0,-0.308,-13.5,-5.2,-18.7,NA,east-carolina,2022
15,Brenden Kelly,G,2,0,1,0,NA,NA,NA,0,0,0,0,0,0,0,NA,0,0,0,0,0.002,-5.5,-1.2,-6.7,NA,east-carolina,2022
NA,Team Totals,,30,30,6048,NA,0.516,0.392,0.335,NA,NA,NA,NA,NA,NA,NA,NA,NA,6.1,6.7,12.7,0.084,-0.1,0.4,0.3,NA,east-carolina,2022
1,RJ Felton,G,33,32,1059,15.1,0.493,0.46,0.185,421,5.6,9.9,7.7,11.5,1.7,1.4,9.4,23.9,1.6,1.1,2.6,0.1,2.2,-0.1,2,NA,east-carolina,2023
2,Brandon Johnson,F,32,32,1036,18.5,0.568,0.495,0.456,390,8.6,19.6,13.9,12.5,1.7,2.2,15,19.5,2.2,1.5,3.7,0.142,2.6,0.9,3.5,NA,east-carolina,2023
3,Jaden Walker,G,32,16,947,10.3,0.467,0.314,0.319,266,3,14.7,8.7,21.8,2.5,0.4,21.9,17.4,0.1,1.2,1.3,0.055,-2.6,1.6,-1,NA,east-carolina,2023
4,Ezra Ausar,F,32,20,718,18,0.56,0,0.598,282,9.2,17.5,13.2,5.1,2.4,2.1,16.6,23.3,0.9,1.1,2,0.109,-0.4,1,0.6,NA,east-carolina,2023
5,Javon Small,G,18,17,625,19,0.558,0.517,0.459,297,2.6,13,7.6,35.6,2.1,0.7,19.3,25,1.4,0.7,2.1,0.136,3.2,0.5,3.8,NA,east-carolina,2023
6,Quentin Diboundje,G,30,19,592,10.7,0.504,0.567,0.393,196,2.6,6.8,4.6,10.3,0.8,0.7,11.3,19.9,0.7,0.4,1.1,0.075,-0.2,-0.9,-1.1,NA,east-carolina,2023
7,Kalib LaCount,G,28,6,398,6.4,0.435,0.446,0.436,118,4.1,7.8,5.9,20.6,1.8,0,24.7,20.1,-0.3,0.3,0.1,0.009,-4.4,-0.9,-5.3,NA,east-carolina,2023
8,Benjamin Bayela,G,24,7,372,6.6,0.398,0.786,0.214,83,4.4,13.8,9,4.7,2.4,1.1,9.2,15.8,0,0.5,0.5,0.049,-3.7,0.7,-3,NA,east-carolina,2023
9,Ludgy Debaut,C,31,8,371,10.7,0.499,0.018,0.582,80,12.5,16.7,14.5,2.1,1.6,4.8,23.9,12.3,0.1,0.5,0.6,0.07,-4.2,1.1,-3.1,NA,east-carolina,2023
10,Dave Kasanganay,G,21,6,175,5.5,0.45,0.567,0.233,28,0.6,7.2,3.8,6.5,3.3,0.6,19.4,11.7,-0.1,0.2,0.2,0.036,-5.5,2.8,-2.8,NA,east-carolina,2023
11,Wynston Tabbs,G,13,1,147,7.7,0.432,0.531,0.184,45,4.4,7,5.7,11.5,1.6,1.4,17.1,21.7,-0.1,0.1,0.1,0.017,-2.3,-1.1,-3.3,NA,east-carolina,2023
12,Valentino Pinedo,F,21,0,98,6.2,0.659,0,1.444,20,5.5,4.7,5.1,3.8,0.6,1.1,28.3,10.7,0.1,0.1,0.1,0.06,-5.2,-0.2,-5.4,NA,east-carolina,2023
13,Saxby Sunderland,G,11,1,47,2.8,0.313,0.5,0,7,0,14.6,7.1,23.6,2.5,0,27.3,11.6,0,0.1,0,0.011,-8.4,1.1,-7.3,NA,east-carolina,2023
14,Jaxon Ellingsworth,G,5,0,15,3.2,0.5,0.5,0,2,7.2,15.3,11.1,0,0,0,0,6.6,0,0,0,0.075,-10,1.1,-8.8,NA,east-carolina,2023
15,Colin McKenzie,G,1,0,1,-45.1,0,0,0,0,0,0,0,0,0,0,0,49.5,0,0,0,-0.656,-45.8,-26.3,-72.1,NA,east-carolina,2023
NA,Team Totals,,33,33,6601,NA,0.509,0.416,0.371,NA,NA,NA,NA,NA,NA,NA,NA,NA,6.7,7.7,14.4,0.087,-0.4,0.5,0.1,NA,east-carolina,2023
1,RJ Felton,G,33,33,1137,21.9,0.542,0.423,0.27,516,6.6,13.8,10,8.9,3.2,2.3,8,25.9,2.9,1.5,4.4,0.153,4.9,0.7,5.6,NA,east-carolina,2024
2,Brandon Johnson,F,31,31,1075,20.1,0.55,0.519,0.324,418,8.1,21.4,14.4,9.7,2.9,1.9,11.8,21.5,2.2,1.6,3.9,0.144,3.1,0.7,3.7,NA,east-carolina,2024
3,Bobby Pettiford,G,33,18,879,13.6,0.5,0.225,0.186,278,2.2,8.1,5,26.4,1.8,0.3,12,17.1,1.3,0.6,1.9,0.086,-0.7,-0.2,-0.9,NA,east-carolina,2024
4,Ezra Ausar,F,32,24,839,17.7,0.575,0.072,0.896,350,8.5,12.4,10.4,8.2,1.9,2.6,17.7,23.6,1.5,0.8,2.3,0.109,-0.2,-0.3,-0.5,NA,east-carolina,2024
5,Jaden Walker,G,32,14,760,9.5,0.457,0.284,0.37,192,3.2,15.4,9.1,16.9,2.2,2.3,22.1,16.6,-0.1,0.9,0.7,0.038,-3.2,1,-2.2,NA,east-carolina,2024
6,Cam Hayes,G,23,16,577,8.2,0.44,0.509,0.177,165,1,7.8,4.2,16.4,2.5,0,15.9,20.2,-0.1,0.5,0.3,0.023,-3.3,0,-3.3,NA,east-carolina,2024
7,Kalib LaCount,G,28,3,331,9.7,0.439,0.354,0.354,93,1,6.9,3.9,22.6,3.5,0.4,19.4,18.5,0,0.3,0.3,0.038,-5.2,0.4,-4.8,NA,east-carolina,2024
8,Quentin Diboundje,G,17,8,323,12,0.504,0.531,0.396,104,5.2,9.7,7.4,4.5,1.5,1.6,10.9,20.4,0.3,0.2,0.6,0.068,-1.2,-1,-2.2,NA,east-carolina,2024
9,Cyr Malonga,C,28,14,280,13.5,0.561,0,0.311,62,11.1,11.7,11.4,2.8,1.1,4.5,8.8,10.4,0.4,0.2,0.7,0.098,-1.1,-0.1,-1.3,NA,east-carolina,2024
10,Valentino Pinedo,F,24,2,154,2.2,0.327,0,0.313,19,8.7,8.6,8.7,4.5,1.6,2.5,30.3,8.8,-0.1,0.1,0,-0.003,-8.5,-0.1,-8.6,NA,east-carolina,2024
11,Benjamin Bayela,G,12,0,116,6.8,0.383,0.781,0.125,26,6.7,9.4,8,1.6,3.7,1.1,8.1,16.4,0,0.1,0.1,0.043,-6.5,0.1,-6.4,NA,east-carolina,2024
12,Callum Richard,C,16,2,102,10.6,0.593,0,1,18,12,4.7,8.5,1.8,1.8,3.7,14.5,7,0.1,0.1,0.2,0.085,-2.4,-0.1,-2.4,NA,east-carolina,2024
13,Bencao Vungo,G,9,0,49,-4.7,0.192,0.462,0,6,6.8,14.8,10.6,0,0,0,13.3,15.8,-0.1,0,-0.1,-0.091,-10.1,-3.6,-13.7,NA,east-carolina,2024
14,Logan Bourgeois,G,9,0,22,2.7,0.429,0.857,0,5,0,5.5,2.6,0,0,0,0,16.4,0,0,0,0.023,-4.5,-1.5,-6,NA,east-carolina,2024
15,Evan Montanari,G,5,0,7,2.4,NA,NA,NA,0,0,17.3,8.3,0,0,0,NA,0,0,0,0,0.025,-6.4,0,-6.3,NA,east-carolina,2024
NA,Team Totals,,33,33,6651,NA,0.515,0.366,0.352,NA,NA,NA,NA,NA,NA,NA,NA,NA,8.2,7.1,15.2,0.092,-0.2,0.2,0,NA,east-carolina,2024
1,RJ Felton,G,33,30,1140,20.5,0.529,0.441,0.27,582,6.1,15,10.4,15.5,2.1,1.5,10.4,28.4,2.7,1.3,3.9,0.138,4.1,-0.9,3.2,NA,east-carolina,2025
2,Jordan Riley,G,33,33,1113,20.8,0.565,0.216,0.463,462,6.7,13.7,10.1,11.5,3.5,1.8,11.3,21.3,2.6,1.5,4.1,0.149,2.1,1.3,3.4,NA,east-carolina,2025
3,C.J. Walker,F,33,31,1028,21.6,0.569,0.12,0.49,502,9,14.5,11.7,5.1,1.4,2.8,10.1,25.9,2.8,1,3.9,0.15,1.3,-1.1,0.2,NA,east-carolina,2025
4,Cam Hayes,G,33,29,992,11.3,0.468,0.505,0.251,332,1.1,9.5,5.2,24.3,1.8,0.3,14.7,19,0.9,0.8,1.7,0.068,-2.4,-1.2,-3.6,NA,east-carolina,2025
5,Jayshayne Woodard,G,33,9,707,15.1,0.505,0.199,0.474,220,7.6,14,10.7,16,3.2,4.5,19.7,16.7,0.6,1,1.6,0.093,-1.3,2.4,1.1,NA,east-carolina,2025
6,Trevion LaBeaux,F,31,26,655,12.2,0.554,0.389,0.347,117,8.4,13.3,10.8,7.9,1.9,5,20,7.9,0.6,0.8,1.4,0.086,-1.1,1.4,0.4,NA,east-carolina,2025
7,Yann Farell,F,32,3,592,10.9,0.522,0.785,0.087,153,4.5,10.6,7.5,7,1.6,1.1,7.7,14.1,0.8,0.5,1.3,0.088,-0.7,-0.6,-1.3,NA,east-carolina,2025
8,Julien Soumaoro,G,8,0,133,5.2,0.419,0.636,0.333,34,0.8,14.9,7.7,16.9,2.2,0,25.4,19.1,-0.2,0.1,0,-0.007,-7.6,-0.7,-8.3,NA,east-carolina,2025
9,Cyr Malonga,C,18,4,129,10.8,0.568,0,1.071,28,12.8,11.7,12.3,0,0,8.2,22.1,10.4,0.1,0.1,0.2,0.071,-4.9,-0.8,-5.6,NA,east-carolina,2025
10,Reid Cason,F,24,0,104,8.3,0.504,0.059,0.353,20,8.5,12.3,10.4,0,2.3,6.1,26.1,12.8,0,0.1,0.1,0.034,-6.2,0.8,-5.4,NA,east-carolina,2025
11,Tybo Bailey,G,12,0,76,5.6,0.412,0.385,0.846,15,0,10.7,5.2,8.6,1.5,0,5.2,12.5,0,0.1,0.1,0.053,-7.3,0.4,-6.9,NA,east-carolina,2025
12,Bencao Vungo,G,8,0,39,2.9,0.216,0.333,0.333,5,8.5,17.9,13.1,4.1,0,2.7,12.6,10.1,0,0,0,-0.009,-6.4,-0.9,-7.3,NA,east-carolina,2025
13,Callum Richard,C,4,0,11,25.7,0.505,0,0.5,5,20.1,10.6,15.5,0,5.3,0,0,22.3,0,0,0.1,0.187,-9.5,3.1,-6.4,NA,east-carolina,2025
14,Grant Smith,F,3,0,7,-17.1,0,0,0,1,15.8,16.7,16.2,0,0,0,66.7,21.2,-0.1,0,-0.1,-0.311,-18.1,-10.4,-28.6,NA,east-carolina,2025
NA,Team Totals,,33,33,6726,NA,0.53,0.349,0.36,NA,NA,NA,NA,NA,NA,NA,NA,NA,11,7.4,18.4,0.109,0.1,0,0.1,NA,east-carolina,2025
1,Jordan Riley,G,30,30,1135,21,0.499,0.184,0.438,657,4.5,13.5,8.9,16.4,3,1.5,9,33.6,1.9,1.3,3.2,0.112,3.7,0.7,4.4,NA,east-carolina,2026
2,Giovanni Emejuru,F,31,31,1015,20.7,0.609,0.004,0.891,396,13.4,18.2,15.7,3.5,1.5,5.7,14.6,18.5,2.1,1.2,3.4,0.133,0.9,0.2,1.1,NA,east-carolina,2026
3,Corey Caulker,G,31,26,952,7.8,0.439,0.486,0.154,265,0.6,8.1,4.3,23.5,1.5,0.1,15,16.8,0.1,0.6,0.7,0.028,-3.2,-1.1,-4.3,NA,east-carolina,2026
4,Isaiah Mbeng,G,31,7,717,6.2,0.442,0.671,0.178,163,1.8,8.9,5.3,20.9,2.1,0.2,26.1,14.6,-0.5,0.5,0.1,0.003,-4.4,-0.2,-4.6,NA,east-carolina,2026
5,Demitri Gardner,G,18,14,502,13.2,0.57,0.386,0.234,176,3.5,5.7,4.6,7.2,1.6,1.3,13.8,19.9,0.6,0.3,0.9,0.072,0.3,-0.7,-0.4,NA,east-carolina,2026
6,Reid Cason,F,31,12,469,14,0.594,0.11,0.488,122,9.3,15.3,12.3,4.1,2.1,7,21.1,13.4,0.4,0.6,1,0.086,-3.4,2.3,-1.1,NA,east-carolina,2026
7,Tybo Bailey,G,20,15,469,6.6,0.456,0.617,0.453,131,1.6,9.2,5.4,6,1.7,0,13.4,18.7,-0.1,0.3,0.3,0.022,-4.8,-0.7,-5.6,NA,east-carolina,2026
8,Eli DeLaurier,F,23,10,364,8,0.487,0.288,0.202,108,6.6,13.2,9.8,6.7,1.1,1.8,18.6,18.8,-0.1,0.3,0.2,0.027,-6.1,-0.6,-6.7,NA,east-carolina,2026
9,Luke Davis,F,26,7,297,13.4,0.548,0.113,0.358,78,11.4,19.2,15.2,7.7,1.2,2.2,16.2,12.2,0.4,0.3,0.7,0.09,-1.8,-0.3,-2.1,NA,east-carolina,2026
10,Patrick D'Arcy,G,21,0,153,3.3,0.354,0.906,0.125,24,2.9,7.5,5.1,3.4,1.9,0,5.6,11.5,0,0.1,0.1,0.013,-4.7,0.9,-3.7,NA,east-carolina,2026
11,Vito Perkovic,F,19,1,127,9.3,0.418,0.469,0.102,38,4.3,20.7,12.3,1.6,0.5,0.9,1.9,20.2,0,0.1,0.2,0.05,-3.6,-2.5,-6.1,NA,east-carolina,2026
12,Jayshayne Woodard,G,5,2,61,4.8,0.524,0.455,0.818,16,1.8,11.2,6.4,15.4,0.9,3.6,37.1,19.5,-0.1,0,-0.1,-0.043,-5.5,-0.1,-5.6,NA,east-carolina,2026
13,Ladontae Felton,G,4,0,12,-3.4,0.339,0.5,1,2,0,9.5,4.7,0,0,0,25.3,16.1,0,0,0,-0.08,-8.8,-2.8,-11.7,NA,east-carolina,2026
NA,Team Totals,,31,31,6273,NA,0.507,0.313,0.393,NA,NA,NA,NA,NA,NA,NA,NA,NA,4.7,5.8,10.5,0.067,-1.4,-0.1,-1.5,NA,east-carolina,2026
1,Raymond Taylor,G,31,23,988,15.9,0.488,0.561,0.248,372,2.3,10.8,6.5,25.2,2.9,0.1,15.8,23.3,1.3,1.1,2.4,0.096,0.5,-0.1,0.5,NA,florida-atlantic,2011
2,Greg Gantt,G,32,31,967,19.1,0.558,0.503,0.229,382,3.3,12,7.6,6.9,1.5,0,8.6,23.9,2.4,0.8,3.2,0.134,2.2,-1.6,0.6,NA,florida-atlantic,2011
3,Brett Royster,F,32,30,966,17.6,0.594,0,0.784,246,7,16.4,11.7,1.6,0.9,10.5,15.6,14.3,1.5,1.4,2.8,0.118,-1,2.2,1.2,NA,florida-atlantic,2011
4,Alex Tucker,G,32,19,851,15,0.487,0.096,0.647,291,3.3,6.6,4.9,30.3,2.5,0.2,20,18.9,1.3,0.7,2,0.093,-0.7,-0.3,-0.9,NA,florida-atlantic,2011
5,Kore White,F,32,20,725,17.1,0.501,0.078,0.286,257,9.5,16.8,13.1,8.8,1.9,4.5,15.7,22.6,0.7,1,1.7,0.095,-2.1,0.3,-1.8,NA,florida-atlantic,2011
6,Jordan McCoy,F,32,7,602,16.7,0.615,0.009,0.598,164,10.5,12.7,11.6,0.7,1.7,2.8,12.7,13.7,1.3,0.6,2,0.131,-0.6,-0.1,-0.8,NA,florida-atlantic,2011
7,Dennis Mavin,G,32,12,441,13.4,0.456,0.093,0.614,162,5.6,13,9.3,10.3,2.1,0.2,14.2,25.1,0.3,0.5,0.7,0.064,-3.1,-1.2,-4.3,NA,florida-atlantic,2011
8,Shavar Richardson,G,28,3,407,14.5,0.5,0.553,0.227,155,2.3,5.6,3.9,14.5,1.7,0.8,11.7,24.3,0.7,0.3,0.9,0.09,0.6,-1.2,-0.6,NA,florida-atlantic,2011
9,Pablo Bertone,G,29,9,263,14,0.545,0.217,0.188,85,7.6,11.4,9.5,15.9,0.9,1.2,18.4,18.4,0.4,0.2,0.6,0.09,-1.5,-0.5,-2,NA,florida-atlantic,2011
10,Justin Davis,C,17,4,113,1.9,0.354,0,0.125,9,8.3,12.7,10.5,0,1.1,0.9,32.1,5.8,0,0.1,0.1,0.018,-6.9,-1.3,-8.2,NA,florida-atlantic,2011
11,Andre Mattison,F,20,1,105,13.1,0.575,0,0.643,21,8.9,12.5,10.7,0,1.2,3,9.9,10.2,0.2,0.1,0.3,0.101,0.2,-0.2,0,NA,florida-atlantic,2011
12,DeMonte Simpson,F,5,0,13,16.1,0.452,0,1,5,18,27.6,22.8,0,0,0,0,17.9,0,0,0.1,0.165,-6.9,-3.8,-10.6,NA,florida-atlantic,2011
13,Dylan O'Sullivan,G,1,1,7,18.5,0.678,0,1,2,0,0,0,30.7,0,0,0,11.1,0,0,0,0.129,-0.1,-10.2,-10.3,NA,florida-atlantic,2011
14,Darren Stewart,G,1,0,3,48.6,0.769,0,2,2,0,0,0,0,0,0,0,34.2,0,0,0,0.297,10.3,-10.1,0.2,NA,florida-atlantic,2011
NA,Team Totals,,32,32,6451,NA,0.523,0.292,0.392,NA,NA,NA,NA,NA,NA,NA,NA,NA,10.1,6.6,16.8,0.104,-0.5,-0.2,-0.6,NA,florida-atlantic,2011
1,Raymond Taylor,G,28,15,773,12.4,0.435,0.538,0.186,283,1.9,8.3,4.8,35,3.1,0,19.6,24.3,0.3,0.6,0.9,0.047,-1.5,-0.6,-2.1,NA,florida-atlantic,2012
2,Greg Gantt,G,27,24,728,21.2,0.547,0.486,0.155,320,5.1,10.6,7.6,7.4,1.9,0.4,7.7,27.1,2,0.5,2.5,0.137,5.2,-1.1,4.1,NA,florida-atlantic,2012
3,Alex Tucker,G,30,21,726,11.6,0.474,0.132,0.465,183,2.5,12.2,6.8,32.2,2.7,0.7,29.8,14.3,0.4,0.6,1,0.056,-2.9,0.6,-2.3,NA,florida-atlantic,2012
4,Kore White,F,29,24,672,14.1,0.47,0.119,0.262,210,7.9,17.5,12.2,4.9,1.7,5.7,16.3,22,0.2,0.7,1,0.057,-2.7,0.6,-2.1,NA,florida-atlantic,2012
5,Pablo Bertone,G,30,14,589,16.9,0.509,0.363,0.254,210,6.7,17.9,11.7,12.2,2.2,1.9,13.6,22.3,0.9,0.6,1.5,0.103,0.8,0.4,1.2,NA,florida-atlantic,2012
6,Shavar Richardson,G,30,12,576,14.6,0.523,0.503,0.259,194,1.4,12.4,6.3,8.9,2,0.7,12,22,0.9,0.4,1.3,0.09,-0.3,0.3,-0.1,NA,florida-atlantic,2012
7,Jordan McCoy,F,29,5,552,14.4,0.572,0,0.469,135,10.6,19.3,14.5,1.9,0.6,2.2,10.5,12.7,1.1,0.4,1.5,0.109,-1.2,-0.9,-2.1,NA,florida-atlantic,2012
8,Kelvin Penn,F,28,22,548,10,0.483,0,0.528,70,8.3,14.1,10.9,0,2,7.8,23.2,8.3,0.1,0.6,0.7,0.049,-3.4,2.4,-1.1,NA,florida-atlantic,2012
9,Dennis Mavin,G,28,7,370,11,0.439,0.079,0.579,137,6.4,13.6,9.6,10.8,2.2,0.3,18.3,27.9,-0.2,0.3,0.1,0.013,-2.8,-1.1,-3.9,NA,florida-atlantic,2012
10,Omari Grier,G,25,3,354,19,0.566,0.748,0.137,132,1.3,12.3,6.2,9.6,1.4,0.3,4.1,21.6,1.1,0.2,1.3,0.149,4.3,-0.6,3.7,NA,florida-atlantic,2012
11,Andre Mattison,F,27,2,224,13.1,0.498,0,1,53,13.1,18.2,15.4,1.7,1.7,4.5,20.3,13.9,0.2,0.2,0.4,0.077,-3,0.4,-2.6,NA,florida-atlantic,2012
12,Jelani Floyd,F,13,1,38,5.4,0.5,0.2,0,5,0,22.1,9.9,9.9,0,2.7,16.7,8.3,0,0,0,0.052,-5.3,2.3,-3,NA,florida-atlantic,2012
NA,Team Totals,,30,30,6150,NA,0.5,0.353,0.289,NA,NA,NA,NA,NA,NA,NA,NA,NA,6.9,5.4,12.3,0.08,-0.6,0,-0.6,NA,florida-atlantic,2012
1,Greg Gantt,G,32,32,1175,21.1,0.543,0.395,0.282,595,2.2,11.1,6.7,10.3,1.3,0.2,11.1,30.8,3.4,0.9,4.3,0.145,4,-2.2,1.8,NA,florida-atlantic,2013
2,Stefan Moody,G,29,20,908,18.4,0.544,0.409,0.345,425,2.5,13.2,7.8,18,1.4,1,17.9,29,1.7,0.8,2.6,0.114,1.4,-2,-0.6,NA,florida-atlantic,2013
3,Jordan McCoy,F,30,26,820,13.8,0.535,0,0.7,184,10.8,16.6,13.7,2.8,1.3,2.6,14.9,11.8,1.1,0.9,2.1,0.1,-0.5,-0.3,-0.8,NA,florida-atlantic,2013
4,Pablo Bertone,G,30,23,759,13.6,0.525,0.326,0.313,275,3.3,13.4,8.4,17.4,1.7,0.8,22.1,23.4,0.6,0.8,1.4,0.072,-1.8,-1.4,-3.2,NA,florida-atlantic,2013
5,Kelvin Penn,F,32,21,663,8.9,0.397,0,0.12,66,9.1,14.5,11.8,3.4,1.5,10.1,31.2,6,-0.1,1,0.9,0.056,-4.6,3.3,-1.3,NA,florida-atlantic,2013
6,Jackson Trapp,G,29,15,634,9.1,0.468,0.525,0.206,159,1.5,10.5,6,20.2,1.8,3.2,26.9,17.3,-0.1,0.6,0.5,0.031,-2.3,-0.1,-2.4,NA,florida-atlantic,2013
7,Dragan Sekelja,C,32,12,511,9.9,0.454,0.067,0.327,134,9.9,17.9,13.9,16.9,1.7,2.5,28.5,17,-0.1,0.7,0.6,0.046,-4.4,0.4,-4,NA,florida-atlantic,2013
8,Andre Mattison,F,29,2,350,12.4,0.533,0,0.66,73,8.1,14.1,11.1,2.9,2.1,5,21.5,12.3,0.2,0.5,0.7,0.08,-2.3,1.6,-0.8,NA,florida-atlantic,2013
9,Richard Morrow,G,20,9,317,9,0.51,0.058,0.712,77,8.2,15.2,11.7,8.4,0.6,0.3,26.4,15.4,0.1,0.3,0.4,0.044,-3,-2,-4.9,NA,florida-atlantic,2013
10,Cavon Baker,G,18,0,145,10.1,0.4,0.311,0.644,50,8.1,15.4,11.8,11.7,3.7,0,21.4,26.6,-0.2,0.2,0.1,0.017,-4.9,0.2,-4.7,NA,florida-atlantic,2013
11,Chris Bryant,F,15,0,129,1.1,0.278,0,0.5,14,3.7,14.5,9.1,5.7,1.4,1.5,26.1,10.7,-0.2,0.1,-0.1,-0.016,-8.1,-0.4,-8.4,NA,florida-atlantic,2013
12,DeVonte Thornton,F,6,0,59,4.9,0.457,0.2,0.2,9,2,15.9,9,0,2,1.6,31.3,14,-0.1,0.1,0,-0.01,-7.7,-1.8,-9.5,NA,florida-atlantic,2013
13,Javier Lacunza,F,8,0,28,0.2,0.254,0.25,1,3,0,8.4,4.2,0,4.3,0,14.5,12.7,-0.1,0,0,-0.021,-12.7,-1.3,-13.9,NA,florida-atlantic,2013
14,Austin Hunt,G,1,0,2,9.5,0,0,0,0,0,0,0,0,30.2,0,0,25.8,0,0,0,-0.091,-12.2,19,6.8,NA,florida-atlantic,2013
NA,Team Totals,,32,32,6500,NA,0.516,0.312,0.356,NA,NA,NA,NA,NA,NA,NA,NA,NA,6.3,7,13.3,0.082,-1.1,-0.5,-1.6,NA,florida-atlantic,2013
1,Pablo Bertone,G,30,30,1014,19.4,0.541,0.338,0.312,505,2.2,10.4,6.3,16.6,2.3,0.2,13.7,31,1.9,1.2,3.1,0.122,2,-0.8,1.2,NA,florida-atlantic,2014
2,Marquan Botley,G,32,28,955,15.5,0.531,0.601,0.345,347,1.3,8.6,5,18.8,1.7,0.2,9.8,20.4,2.1,0.9,3,0.125,1.4,-0.8,0.6,NA,florida-atlantic,2014
3,Justin Raffington,C,32,27,946,15.8,0.514,0.012,0.585,329,11.7,19.9,15.8,8.2,0.6,3.2,19.1,21.2,0.7,1.3,2,0.086,-1.5,-1.2,-2.7,NA,florida-atlantic,2014
4,Jackson Trapp,G,31,27,884,10.7,0.467,0.59,0.192,264,4,7.9,6,11.8,1.4,1.2,12.6,19.4,0.6,0.8,1.4,0.065,-0.9,-0.8,-1.7,NA,florida-atlantic,2014
5,Kelvin Penn,F,31,24,812,14.8,0.593,0,0.402,154,12.4,12,12.2,4.8,1.8,8.7,24.7,9.2,0.7,1.3,2,0.099,-1.3,2.6,1.2,NA,florida-atlantic,2014
6,D'Andre Johnson,G,32,7,737,8.8,0.5,0.517,0.358,211,1.4,8.2,4.8,18.3,1.6,0,21.7,18.4,0.2,0.7,0.9,0.05,-3.1,-1.1,-4.2,NA,florida-atlantic,2014
7,Dragan Sekelja,C,22,12,391,11.6,0.512,0,0.737,117,7.7,22.1,15,15.5,0.6,3.1,28.6,18.9,0,0.6,0.6,0.057,-3.1,1.3,-1.9,NA,florida-atlantic,2014
8,Richard Morrow,G,26,4,263,4.8,0.428,0.046,0.354,66,6.4,17.5,12,7.8,0.2,0.8,22.5,19.2,-0.3,0.3,0,0.006,-8.4,-1.9,-10.4,NA,florida-atlantic,2014
9,Javier Lacunza,F,19,1,173,9.7,0.482,0.617,0.17,48,7.1,11.4,9.3,5.9,1.1,0.6,15.1,17.8,0.1,0.2,0.3,0.065,-4.4,-3,-7.3,NA,florida-atlantic,2014
10,Grant Pelchen,C,20,0,131,14.3,0.442,0,0.526,28,10.2,13.4,11.8,14.8,0.9,10.7,7.8,10.1,0.2,0.2,0.4,0.116,-3.9,2.6,-1.3,NA,florida-atlantic,2014
11,Tyler Pate,G,16,0,75,4.6,0.374,0.789,0.263,17,4.5,11.7,8.1,10.3,1.6,0,15.8,17.4,-0.1,0.1,0,0.018,-2.6,0.2,-2.4,NA,florida-atlantic,2014
12,Brian Hornstein,C,8,0,18,5.4,0.206,0,3,4,24.8,18.3,21.5,9.5,0,11.1,29.2,19.6,-0.1,0,0,-0.053,-1.5,-1.3,-2.8,NA,florida-atlantic,2014
NA,Team Totals,,32,32,6399,NA,0.513,0.357,0.368,NA,NA,NA,NA,NA,NA,NA,NA,NA,6.1,7.7,13.7,0.086,-1.1,-0.4,-1.5,NA,florida-atlantic,2014
1,Marquan Botley,G,29,29,949,14.8,0.484,0.445,0.276,397,1.6,6.7,4.1,27.8,0.9,0.1,13,25.9,1.4,0.6,2,0.083,1.7,-3.2,-1.4,NA,florida-atlantic,2015
2,Jackson Trapp,G,26,26,879,13.9,0.624,0.596,0.255,228,0.9,10.8,5.7,6,1.8,1.2,14.6,15.3,1.4,0.9,2.3,0.105,0.1,0.3,0.4,NA,florida-atlantic,2015
3,Kelvin Penn,F,29,29,781,14.5,0.553,0,0.333,176,12.3,16.1,14.1,6.7,1.5,5,21,11.6,0.9,1.1,2,0.103,-1.8,0.8,-1.1,NA,florida-atlantic,2015
4,Justin Massey,G,29,11,734,13.1,0.562,0.57,0.358,205,1.6,13.2,7.3,11.1,1.5,0.3,13.5,16.5,1.1,0.7,1.8,0.1,0.3,0.1,0.4,NA,florida-atlantic,2015
5,Solomon Poole,G,22,21,635,9.2,0.435,0.476,0.149,266,2.4,10.6,6.4,19.2,1.8,0.6,18.7,33.4,-0.9,0.6,-0.2,-0.015,-2.7,-2.8,-5.5,NA,florida-atlantic,2015
6,Justin Raffington,C,19,19,564,13.2,0.473,0.148,0.394,180,9.6,21.8,15.6,7.3,0.8,2.9,20,22.2,0,0.7,0.7,0.05,-2.6,-1.3,-3.8,NA,florida-atlantic,2015
7,C.J. Turman,C,29,10,526,12,0.577,0,0.475,150,5.4,16.8,10.9,2.7,0.7,3.3,21.7,19.1,0.3,0.6,0.9,0.068,-4.4,-0.3,-4.6,NA,florida-atlantic,2015
8,Javier Lacunza,F,28,0,358,8.9,0.509,0.605,0.321,89,5,12.2,8.5,1.8,0.9,0.3,13.8,16.5,0.2,0.3,0.5,0.06,-2.8,-1.2,-4.1,NA,florida-atlantic,2015
9,D'Andre Johnson,G,21,0,273,10.9,0.506,0.406,0.246,79,1.7,12.3,6.9,17.8,2.7,0,22.2,19.7,0,0.3,0.4,0.052,-3.5,0.4,-3.1,NA,florida-atlantic,2015
10,Brian Hornstein,C,14,0,66,2.8,0.267,0.067,0,9,7.2,3.8,5.5,0,1.9,5.8,11.8,14,-0.1,0.1,0,-0.027,-6,0.4,-5.6,NA,florida-atlantic,2015
11,Maceo Baston,G,6,0,45,-4.8,0.222,0.444,0,3,0,22.1,10.8,0,1.4,0,30.8,15.7,-0.2,0.1,-0.1,-0.116,-9,-0.6,-9.6,NA,florida-atlantic,2015
12,Malcolm Laws,G,4,0,11,23.7,0.606,0.75,0.5,6,21.5,11.3,16.5,0,0,0,16.8,29.4,0,0,0,0.138,-9.5,-7.5,-17,NA,florida-atlantic,2015
13,Anthony Graves,G,2,0,4,11.6,NA,NA,NA,1,29.5,0,15.1,0,0,0,NA,0,0,0,0,0.104,-3.7,-3.1,-6.9,NA,florida-atlantic,2015
NA,Team Totals,,29,29,5825,NA,0.511,0.391,0.286,NA,NA,NA,NA,NA,NA,NA,NA,NA,4.3,5.9,10.2,0.07,-1.3,-0.9,-2.2,NA,florida-atlantic,2015
1,Jackson Trapp,G,33,32,926,10.1,0.543,0.651,0.187,220,0.8,10.2,5.5,7.2,0.9,1.2,10.3,14.3,0.8,0.4,1.2,0.054,-1.2,-0.7,-1.9,NA,florida-atlantic,2016
2,Adonis Filer,G,32,32,901,13.6,0.508,0.335,0.446,331,3.2,16.1,9.6,16.6,2,0.2,16.8,22.6,0.5,0.8,1.3,0.059,-1.8,-0.5,-2.3,NA,florida-atlantic,2016
3,Jeantal Cylla,F,33,25,870,11.4,0.508,0.471,0.327,286,3.2,11.7,7.4,4.1,1.2,1.6,12.3,21.4,0.4,0.6,1,0.045,-3.1,-1.7,-4.8,NA,florida-atlantic,2016
4,Nick Rutherford,G,33,32,866,11.1,0.467,0.188,0.564,280,2.2,10.4,6.2,28,3.3,1,26,20.8,-0.4,0.8,0.5,0.021,-3.7,0.2,-3.4,NA,florida-atlantic,2016
5,Marquan Botley,G,31,0,648,16.8,0.525,0.551,0.322,278,1.9,7.7,4.8,26.6,1.9,0,11.8,23.8,1.2,0.3,1.5,0.094,2.1,-1.6,0.5,NA,florida-atlantic,2016
6,Ronald Delph,C,25,25,644,21.3,0.567,0,0.347,256,12.3,17.7,15,3.9,0.5,8.7,13.4,21.6,1.2,0.7,1.9,0.119,-1,0.4,-0.5,NA,florida-atlantic,2016
7,Jesse Hill,F,30,1,549,10,0.46,0.397,0.301,134,3.5,13.1,8.2,4.2,0.7,3.5,5.5,15.6,0.3,0.4,0.7,0.049,-3.3,-0.3,-3.6,NA,florida-atlantic,2016
8,Solomon Poole,G,28,1,538,8.5,0.448,0.467,0.159,184,2.5,10.2,6.3,17.6,2.2,0.3,19.3,25.1,-0.6,0.4,-0.2,-0.016,-4.5,-1.7,-6.2,NA,florida-atlantic,2016
9,C.J. Turman,C,11,11,316,15.1,0.568,0.013,0.553,106,6.3,21.3,13.7,7.1,1.1,3.2,20.7,19.9,0.3,0.3,0.6,0.074,-3.1,0.2,-2.8,NA,florida-atlantic,2016
10,Matthew Reed,F,13,6,161,11.5,0.602,0,0.167,36,6.2,19.8,13,0,0.4,3.4,11,11.8,0.2,0.1,0.4,0.089,-5.8,-0.4,-6.2,NA,florida-atlantic,2016
11,Javier Lacunza,F,19,0,139,5.2,0.55,0.6,0.04,28,8,12.3,10.1,1.5,0.4,0,21.6,12.2,0,0.1,0.1,0.032,-6.1,-1.6,-7.7,NA,florida-atlantic,2016
12,Connor Shorten,F,11,0,67,8.3,0.571,0,0,10,5,17,10.9,11.8,0.9,1.4,12.5,6.2,0.1,0.1,0.1,0.079,-5.5,0,-5.5,NA,florida-atlantic,2016
NA,Team Totals,,33,33,6625,NA,0.511,0.367,0.338,NA,NA,NA,NA,NA,NA,NA,NA,NA,4.1,5.1,9.1,0.055,-2.3,-0.7,-3,NA,florida-atlantic,2016
1,Nick Rutherford,G,30,30,803,14.6,0.447,0.143,0.578,316,3.1,13.2,7.9,31,2.8,1.4,19.2,23.1,0.2,1.1,1.3,0.063,-1.3,-0.4,-1.6,NA,florida-atlantic,2017
2,Jailyn Ingram,F,30,28,722,11.8,0.466,0.123,0.237,237,3.9,15.3,9.3,11.2,1.3,1.2,13.5,20.8,0.1,0.8,0.9,0.051,-3.2,-1.1,-4.3,NA,florida-atlantic,2017
3,Adonis Filer,G,30,6,677,16.9,0.506,0.373,0.425,320,3.4,11,7,19.7,2.4,0,14.4,27.5,0.8,0.8,1.6,0.094,0.3,-0.7,-0.4,NA,florida-atlantic,2017
4,Jeantal Cylla,F,30,30,660,10.5,0.481,0.444,0.286,199,4.4,11.9,8,3.9,1.1,1.5,11.5,18.9,0.3,0.6,0.9,0.056,-2.5,-1.6,-4.1,NA,florida-atlantic,2017
5,Ronald Delph,C,30,18,659,18.1,0.579,0,0.243,223,7.9,24.7,16,3.7,0.5,6.5,15.9,18.9,0.8,1.1,1.9,0.113,-2.2,0.4,-1.8,NA,florida-atlantic,2017
6,Gerdarius Troutman,G,30,12,535,20.4,0.597,0.768,0.164,240,1.7,6.7,4.1,11.6,1.1,0.5,4,22.9,1.7,0.4,2.1,0.157,6.6,-1.8,4.9,NA,florida-atlantic,2017
7,William Pfister,F,30,14,515,9.5,0.477,0,0.276,112,12.1,12.7,12.4,8.1,2,1.3,23.9,10.9,0.3,0.6,0.9,0.068,-4.7,-0.2,-4.9,NA,florida-atlantic,2017
8,Frank Booker,G,30,10,502,10.5,0.519,0.778,0.15,152,2.7,8.1,5.3,6.3,1.4,0.4,10.4,18.1,0.5,0.4,0.9,0.071,-1.7,-1.4,-3,NA,florida-atlantic,2017
9,Marcus Neely,G,30,2,473,7.7,0.387,0.115,0.219,94,5,16.4,10.5,9.3,1.1,1,10.9,12.5,0,0.5,0.5,0.041,-4,-0.2,-4.2,NA,florida-atlantic,2017
10,Justin Massey,G,22,0,430,13.7,0.528,0.581,0.291,159,2.4,7.8,5,7.6,1.7,0,11.1,21.8,0.5,0.4,0.9,0.082,-0.4,-1.8,-2.2,NA,florida-atlantic,2017
11,Devorious Brown,G,10,0,82,3.7,0.344,0.167,0.278,18,6.3,12.3,9.2,13.3,3.5,1.2,35.1,19,-0.2,0.1,-0.1,-0.059,-7.4,0.7,-6.7,NA,florida-atlantic,2017
12,Jesse Hill,F,4,0,15,-4.7,NA,NA,NA,0,0,7.5,3.6,10.7,0,0,100,3.3,0,0,0,-0.022,-9,-2.7,-11.7,NA,florida-atlantic,2017
13,Jordan Phillips,F,1,0,2,-22.1,0,1,0,0,0,0,0,0,0,0,0,24.8,0,0,0,-0.348,-15.9,-8.7,-24.7,NA,florida-atlantic,2017
NA,Team Totals,,30,30,6075,NA,0.501,0.348,0.304,NA,NA,NA,NA,NA,NA,NA,NA,NA,4.9,6.8,11.7,0.077,-1.5,-0.8,-2.3,NA,florida-atlantic,2017
1,Ronald Delph,C,31,31,910,22.1,0.516,0.005,0.188,420,9.4,22.3,15.6,6.1,0.8,6.9,10.5,26.2,1.3,1.9,3.2,0.142,1,0.9,1.9,NA,florida-atlantic,2018
2,Gerdarius Troutman,G,31,15,841,18.1,0.586,0.62,0.247,331,1.7,8.3,4.9,8.5,1.8,0.5,6.6,20.1,2.2,1.2,3.4,0.16,3.3,0.1,3.4,NA,florida-atlantic,2018
3,William Pfister,F,31,31,794,9.5,0.522,0,0.256,132,9.8,19.3,14.3,6.7,1.6,1.5,29.2,7.9,0.3,1.5,1.8,0.09,-4.2,1.7,-2.6,NA,florida-atlantic,2018
4,Justin Massey,G,31,15,791,16.1,0.512,0.619,0.331,385,1.8,7.5,4.5,12.1,1.1,0,7.5,27.7,1.6,1,2.5,0.128,2.1,-1.1,1,NA,florida-atlantic,2018
5,Jailyn Ingram,F,30,30,787,8.8,0.456,0.12,0.274,265,4.8,12.8,8.6,11.7,1.2,1.1,20.2,22.5,-0.5,1.2,0.6,0.033,-4.8,-0.7,-5.5,NA,florida-atlantic,2018
6,Payton Hulsey,G,28,16,723,10.1,0.425,0.152,0.427,219,4.1,14.8,9.3,24.2,3.3,0.1,25.4,19.2,-0.6,1.4,0.9,0.048,-4.8,1.8,-3,NA,florida-atlantic,2018
7,Anthony Adger,G,31,15,623,7.7,0.414,0.268,0.308,202,1.3,8.9,5,21.9,1.7,0,18.9,21.7,-0.5,0.9,0.4,0.025,-5.6,-1,-6.6,NA,florida-atlantic,2018
8,Amir Smith,F,28,1,253,17.9,0.49,0,0.19,64,10.9,19.9,15.2,1.5,1.3,13.1,11.2,13.6,0.2,0.6,0.8,0.13,-2.4,3.5,1.1,NA,florida-atlantic,2018
9,Devorious Brown,G,24,0,244,5.1,0.384,0.14,0.442,49,3.8,8.5,6.1,14.1,3,0,27.8,14.3,-0.3,0.4,0.1,0.02,-6.8,1.8,-5,NA,florida-atlantic,2018
10,Je'Quan Perry,G,12,0,113,6.5,0.438,0.654,0.115,22,0.9,20.3,10.3,6.3,2.5,0,15.4,13.9,0,0.2,0.2,0.063,-8.6,0.9,-7.7,NA,florida-atlantic,2018
11,Simeon Lepichev,F,16,1,106,7.3,0.537,0.4,0.15,22,4.8,17.5,10.9,3.5,1.6,1.9,24.6,13,0,0.2,0.2,0.065,-7.4,1.2,-6.2,NA,florida-atlantic,2018
12,Tre' Maloney,F,6,0,21,4.5,0.667,0,0,3,0,10.4,5,0,0,0,25,9.2,0,0,0,0.048,-18.3,-5.6,-23.9,NA,florida-atlantic,2018
13,Byron Abrams,G,3,0,9,-9.8,0,1,0,0,0,0,0,0,0,0,0,10.7,0,0,0,-0.122,-7.4,-3.8,-11.2,NA,florida-atlantic,2018
14,Chisom Obidike,C,4,0,9,1.7,0.619,0,3,2,0,12.1,5.9,0,0,0,29.2,18.4,0,0,0,0.01,-15.1,1.3,-13.8,NA,florida-atlantic,2018
NA,Team Totals,,31,31,6224,NA,0.493,0.286,0.278,NA,NA,NA,NA,NA,NA,NA,NA,NA,3.6,10.5,14.1,0.091,-2.1,0.5,-1.7,NA,florida-atlantic,2018
1,Anthony Adger,G,33,33,1068,16.6,0.526,0.641,0.322,484,2,12.1,7.1,17.2,1.8,0.2,12.4,25.6,2,1.9,3.9,0.145,2.3,0.4,2.7,NA,florida-atlantic,2019
2,Michael Forrest,G,33,27,938,9.6,0.496,0.512,0.264,294,1.9,8.8,5.4,20.2,2.3,0.1,23.6,19.3,0.1,1.6,1.7,0.073,-3.3,0.4,-2.9,NA,florida-atlantic,2019
3,Simeon Lepichev,F,33,20,773,9.6,0.475,0.181,0.239,178,8.7,15.5,12.2,5.5,0.7,3.2,19.9,13.7,0.2,1.4,1.6,0.081,-3.8,0.7,-3.2,NA,florida-atlantic,2019
4,Richardson Maitre,G,31,15,710,7.6,0.415,0.371,0.357,169,1.7,15.7,8.7,21.3,1.9,0.5,25.8,15.3,-0.3,1.4,1,0.058,-4.5,1.3,-3.3,NA,florida-atlantic,2019
5,Xavian Stapleton,F,26,8,585,23.7,0.596,0.599,0.233,295,6.1,16.1,11.2,7.7,2.4,2,10.5,27.3,1.7,1.3,3,0.206,6.2,1.6,7.9,NA,florida-atlantic,2019
6,Karlis Silins,F,31,17,544,15.5,0.622,0.173,0.598,195,8.8,14.4,11.6,7,0.6,3.4,23.5,19.2,0.8,1,1.7,0.127,-0.8,0.4,-0.4,NA,florida-atlantic,2019
7,Madiaw Niang,F,31,10,423,8.1,0.394,0.429,0.238,99,7.7,19.3,13.5,4.5,1.2,1.4,10.7,15.2,0,0.8,0.8,0.079,-3.6,1.4,-2.1,NA,florida-atlantic,2019
8,Aleksandar Zecevic,F,32,11,392,17.3,0.571,0.088,0.152,141,9.7,22.4,16.1,6.5,1.2,3.6,19.3,20.8,0.4,0.9,1.3,0.128,-1,0.8,-0.2,NA,florida-atlantic,2019
9,Kevaughn Ellis,G,30,7,381,4.8,0.426,0.658,0.114,75,3.7,9.6,6.7,8.3,1.2,1.8,18.6,13.2,-0.1,0.6,0.5,0.055,-5.2,1.2,-4,NA,florida-atlantic,2019
10,Jaylen Sebree,F,14,6,330,17.2,0.534,0.393,0.308,130,5.9,13.3,9.7,17,1.2,2.5,12.2,20.8,0.6,0.6,1.2,0.15,2.7,1.8,4.4,NA,florida-atlantic,2019
11,Jailyn Ingram,F,10,10,297,28.1,0.651,0.305,0.229,168,10.6,19.2,14.9,18.7,1.5,3.9,19.9,30,0.9,0.6,1.5,0.202,4.4,1.6,6.1,NA,florida-atlantic,2019
12,Cedric Jackson,G,28,1,232,4.1,0.298,0.723,0.123,48,5.6,3.2,4.4,10.4,2,0,4.2,15.2,-0.1,0.3,0.2,0.036,-6.5,0.4,-6.1,NA,florida-atlantic,2019
13,Gabe Merete,G,2,0,2,-13.9,0.606,0,0.5,3,54.3,0,27,0,0,0,54.8,100,0,0,0,-0.896,-82.9,-39.8,-122.8,NA,florida-atlantic,2019
NA,Team Totals,,33,33,6675,NA,0.52,0.454,0.28,NA,NA,NA,NA,NA,NA,NA,NA,NA,6,12.4,18.4,0.11,-1,0.9,-0.2,NA,florida-atlantic,2019
1,Cornelius Taylor,G,32,29,890,11.1,0.471,0.575,0.149,352,2,9.2,5.5,14.8,2.4,0.1,17,26.6,0.1,1.2,1.3,0.058,-2.2,-1.1,-3.3,NA,florida-atlantic,2020
2,Richardson Maitre,G,32,32,840,18.2,0.588,0.496,0.274,304,1.7,16.5,8.9,18.1,2.6,0.4,16.2,18.7,1.8,1.4,3.2,0.151,2.3,1.3,3.6,NA,florida-atlantic,2020
3,Michael Forrest,G,32,8,817,15.5,0.577,0.677,0.31,284,2.8,6.4,4.6,12.2,2.4,0.3,13.7,18.3,1.7,1,2.8,0.135,0.9,0.1,1,NA,florida-atlantic,2020
4,Jailyn Ingram,F,30,22,761,19.1,0.527,0.334,0.227,338,5.6,18.8,12,12.1,2.2,1.2,13.9,25.9,1.3,1.3,2.6,0.136,2,0.4,2.4,NA,florida-atlantic,2020
5,Karlis Silins,F,32,22,645,14.9,0.573,0.221,0.42,235,8,11.7,9.8,4.1,0.5,2.7,15.2,19.8,1.2,0.8,2,0.124,-0.7,-0.8,-1.5,NA,florida-atlantic,2020
6,Aleksandar Zecevic,F,32,11,537,17.4,0.559,0.167,0.198,198,9.2,21.3,15.1,11,1.7,1.7,18,20,0.9,0.9,1.8,0.132,-1.4,0.4,-1,NA,florida-atlantic,2020
7,Kenan Blackshear,G,31,10,495,7.8,0.43,0.261,0.609,119,6.4,14.1,10.2,9.5,1.6,0.5,21.8,15.2,0,0.7,0.6,0.052,-3.5,0.1,-3.5,NA,florida-atlantic,2020
8,Madiaw Niang,F,31,10,424,13.3,0.482,0.243,0.257,94,10.9,18.4,14.5,3.8,2.4,3.8,17,11.7,0.4,0.8,1.2,0.109,-2,1.2,-0.8,NA,florida-atlantic,2020
9,Jaylen Sebree,F,32,6,365,11.8,0.452,0.639,0.126,108,4.2,16.9,10.4,6.3,2,1.2,10.6,19.2,0.2,0.6,0.7,0.082,-1.6,0.2,-1.5,NA,florida-atlantic,2020
10,Everett Winchester,F,17,9,297,10.4,0.458,0.227,0.333,78,3,15.7,9.1,16.7,2.7,1.5,23.1,16.7,0,0.5,0.5,0.066,-5.1,0.9,-4.2,NA,florida-atlantic,2020
11,D.J. Robertson,G,28,1,275,11.3,0.446,0.397,0.426,88,3.2,10.2,6.6,24.6,2.1,0.4,19.7,18.4,0.2,0.4,0.5,0.077,-3.3,-1.3,-4.5,NA,florida-atlantic,2020
12,Dardan Kapiti,F,18,0,99,20.4,0.694,0.08,0.08,32,11.1,11.8,11.4,2.2,1.2,4.6,7.2,14.1,0.3,0.1,0.5,0.192,-0.6,0.7,0,NA,florida-atlantic,2020
13,Carrington McCaskill,F,5,0,30,24.6,0.665,0,2.25,11,7.3,11.7,9.4,13.3,3.8,0,10.8,15.4,0.1,0.1,0.1,0.189,5.2,3,8.1,NA,florida-atlantic,2020
NA,Team Totals,,32,32,6475,NA,0.523,0.422,0.269,NA,NA,NA,NA,NA,NA,NA,NA,NA,8.1,9.7,17.7,0.11,-0.7,0.1,-0.6,NA,florida-atlantic,2020
1,Bryan Greenlee,G,23,23,672,13.8,0.553,0.503,0.201,231,2,9.2,5.6,17.3,2.4,0.3,19.5,18.4,1,1.2,2.2,0.133,-1.4,-0.1,-1.5,NA,florida-atlantic,2021
2,Michael Forrest,G,23,17,634,18.9,0.609,0.748,0.17,247,2.2,12.6,7.4,8.9,2,0,9.6,19.8,1.9,1.1,3,0.19,2.9,-0.4,2.5,NA,florida-atlantic,2021
3,Kenan Blackshear,G,23,21,549,17.9,0.579,0.42,0.527,218,6,13.9,9.9,12.6,3.5,0.4,19.4,20.4,1.2,1.2,2.4,0.174,-0.5,1.3,0.8,NA,florida-atlantic,2021
4,Jailyn Ingram,F,22,15,528,22.5,0.544,0.394,0.131,254,5.8,21.8,13.8,14.2,2.1,1.9,11.3,25.8,1.5,1.2,2.7,0.201,1.2,-0.3,0.9,NA,florida-atlantic,2021
5,Karlis Silins,F,23,23,506,21,0.623,0.231,0.45,218,8,14.2,11.1,5.3,0.9,3.6,14.1,21.5,1.5,0.9,2.4,0.193,1,-0.5,0.4,NA,florida-atlantic,2021
6,Everett Winchester,F,22,14,468,10.7,0.472,0.173,0.51,140,6.1,16.3,11.2,13.6,2.1,0.7,23.6,17.4,0.2,0.9,1.1,0.093,-3.4,0,-3.3,NA,florida-atlantic,2021
7,Nick Boyd,G,23,0,345,16.6,0.54,0.412,0.268,131,5.4,9,7.2,20.8,1.6,1,14.8,17.9,0.9,0.6,1.4,0.167,0.8,-0.7,0.1,NA,florida-atlantic,2021
8,Johnell Davis,G,23,0,224,20.4,0.551,0.426,0.213,88,12.2,19.3,15.8,18.6,3.3,2,20.2,18.1,0.5,0.5,1.1,0.192,0.2,0.2,0.4,NA,florida-atlantic,2021
9,Alijah Martin,G,21,2,193,23.5,0.584,0.614,0.186,88,9.1,20.1,14.6,15.5,2.6,1.8,12.6,21.8,0.6,0.4,1.1,0.225,1.5,-0.9,0.6,NA,florida-atlantic,2021
10,Dardan Kapiti,F,20,0,156,11.4,0.519,0,0.6,47,12,14.9,13.4,10.9,1.8,5.8,30.6,17.2,0,0.3,0.3,0.088,-8.1,2,-6.1,NA,florida-atlantic,2021
11,Giancarlo Rosado,F,20,0,156,15.9,0.517,0.06,0.38,61,9.1,16.3,12.7,9.4,1.5,1.4,16.9,21.9,0.2,0.3,0.5,0.128,-3.7,-2.4,-6.2,NA,florida-atlantic,2021
12,Madiaw Niang,F,22,0,156,12.7,0.474,0.065,0.258,40,15.5,10.7,13.1,2.1,1.1,7.2,18.7,13.2,0.2,0.3,0.5,0.118,-4.6,0.6,-4,NA,florida-atlantic,2021
13,Alejandro Ralat,G,7,0,26,0.4,0.375,0.333,0,9,0,4.3,2.1,20.9,0,0,20,27.8,0,0,0,-0.029,-13.3,-6.4,-19.7,NA,florida-atlantic,2021
14,Brant Ulmer,F,5,0,12,18.6,1,0,0,1,0,18.5,9.2,0,4.7,9.4,0,4,0,0,0.1,0.192,-3.6,-3,-6.6,NA,florida-atlantic,2021
NA,Team Totals,,23,23,4625,NA,0.56,0.417,0.289,NA,NA,NA,NA,NA,NA,NA,NA,NA,9.7,9,18.7,0.162,-0.5,-0.1,-0.6,NA,florida-atlantic,2021
1,Michael Forrest,G,34,34,1044,16.7,0.555,0.662,0.236,437,1.7,11.6,6.6,18.6,2,0.1,15.3,23,2.3,1.3,3.6,0.139,2.1,-0.9,1.3,NA,florida-atlantic,2022
2,Bryan Greenlee,G,33,31,979,13.9,0.548,0.553,0.34,336,1.2,8.4,4.7,20.4,2.3,0.1,17.7,18.3,1.6,1.2,2.9,0.118,-0.1,0,-0.1,NA,florida-atlantic,2022
3,Alijah Martin,G,33,33,962,21.5,0.602,0.612,0.236,411,4.3,17.2,10.7,10,3.2,1.4,13,22.9,2.7,1.7,4.4,0.183,4.2,1.5,5.7,NA,florida-atlantic,2022
4,Everett Winchester,F,31,21,717,12.4,0.52,0.171,0.303,228,5.2,15.4,10.2,16.8,1.7,1.5,22.5,18.1,0.6,1,1.6,0.091,-1.7,0.5,-1.2,NA,florida-atlantic,2022
5,Johnell Davis,G,34,3,645,17.4,0.57,0.394,0.32,227,6.6,19.6,13,9.8,3.3,1.2,17.9,19.2,1.1,1.2,2.4,0.147,0.3,1.8,2.1,NA,florida-atlantic,2022
6,Vladislav Goldin,F,34,33,600,19.2,0.563,0,0.333,227,13.1,19.3,16.1,3.7,1.3,7.1,17.3,20.8,1,1.1,2.1,0.141,-0.3,0.9,0.6,NA,florida-atlantic,2022
7,Giancarlo Rosado,F,34,1,583,17.2,0.535,0.068,0.421,241,7.7,12.7,10.2,11.3,1.2,2.4,15.2,23.2,1,0.8,1.8,0.123,0.2,-0.2,0,NA,florida-atlantic,2022
8,Bitumba Baruti,G,32,13,444,12.5,0.527,0.45,0.27,122,7.8,17.2,12.4,6.4,1.3,1.2,12.4,14.6,0.7,0.6,1.3,0.116,-1.2,0.3,-0.9,NA,florida-atlantic,2022
9,Brandon Weatherspoon,G,27,1,319,14.9,0.528,0.697,0.111,102,5.4,12.3,8.8,5.8,1.8,0.7,5.4,17.4,0.7,0.4,1.1,0.137,0.7,-0.4,0.3,NA,florida-atlantic,2022
10,Madiaw Niang,F,32,0,206,17.2,0.48,0.111,0.19,70,14,15,14.5,2.8,2.3,1.6,6.8,18,0.4,0.3,0.7,0.139,0.9,0.1,1,NA,florida-atlantic,2022
11,Alejandro Ralat,G,21,0,155,7.7,0.592,0.563,0.563,32,3.7,1.5,2.7,16.7,1.1,0,19.8,8.2,0.3,0.1,0.4,0.104,-3.2,-0.6,-3.8,NA,florida-atlantic,2022
12,Bogdan Zimonjic,G,18,0,101,18.8,0.561,0.548,0.194,36,6.9,9.4,8.1,7.4,3.5,0,5.6,17.9,0.3,0.2,0.4,0.173,-1.1,1,-0.1,NA,florida-atlantic,2022
13,Dardan Kapiti,F,14,0,61,18.8,0.477,0,0.222,20,15.2,17.6,16.4,0,3.8,7.2,13.1,18.9,0.1,0.1,0.2,0.138,-1.4,0.4,-0.9,NA,florida-atlantic,2022
14,Brant Ulmer,F,7,0,9,-5.1,NA,NA,NA,0,0,13.2,6.5,0,0,0,100,5.6,0,0,0,-0.078,-9.9,-2,-11.9,NA,florida-atlantic,2022
NA,Team Totals,,34,34,6825,NA,0.554,0.424,0.284,NA,NA,NA,NA,NA,NA,NA,NA,NA,12.7,10.3,23,0.135,0.6,0.4,1,NA,florida-atlantic,2022
1,Bryan Greenlee,G,39,34,963,11.2,0.545,0.571,0.206,286,1.5,9.8,5.8,14.7,1.8,0.3,19.2,16.9,1,1.7,2.7,0.111,0.2,1.7,1.9,NA,florida-atlantic,2023
2,Johnell Davis,G,37,16,963,24,0.6,0.348,0.362,473,5.2,17.7,11.7,12.5,3.4,0.5,13.8,25.8,3,2.3,5.3,0.22,4.7,3.3,8,NA,florida-atlantic,2023
3,Alijah Martin,G,36,21,949,21.4,0.574,0.533,0.307,455,7.2,14.8,11.1,10.5,2.3,1.1,12.8,25.7,2.7,2,4.7,0.196,5.4,1.9,7.3,NA,florida-atlantic,2023
4,Nick Boyd,G,38,37,901,17.9,0.579,0.625,0.165,343,3.9,15.9,10.1,18.4,1.9,0.1,12.3,18.7,2.3,1.8,4.1,0.184,3.4,2.3,5.8,NA,florida-atlantic,2023
5,Jalen Gaffney,G,38,23,853,8.3,0.456,0.581,0.174,197,1.4,11.9,6.8,16.7,1.4,0,18.1,13.1,0.5,1.5,2,0.093,-1.7,1.9,0.2,NA,florida-atlantic,2023
6,Vladislav Goldin,F,39,39,817,25.3,0.624,0,0.542,377,13.8,20.8,17.5,4.2,1,6.1,13.8,22.8,2.6,1.9,4.5,0.221,3,1.9,4.9,NA,florida-atlantic,2023
7,Michael Forrest,G,37,1,769,14.6,0.531,0.602,0.186,288,1.8,9.9,6,13.9,1.7,0.4,11.7,21.3,1.4,1.3,2.7,0.14,1.5,1.5,2.9,NA,florida-atlantic,2023
8,Giancarlo Rosado,F,39,0,657,20.2,0.661,0,0.511,246,9.4,13.4,11.5,15.3,1.4,3.4,19.4,16.2,1.9,1.3,3.2,0.196,2.5,3.1,5.6,NA,florida-atlantic,2023
9,Brandon Weatherspoon,G,39,23,622,13.7,0.52,0.691,0.16,196,6,9.5,7.8,9.1,1.8,0,6.9,16.4,1.3,1.1,2.3,0.15,2.4,2.1,4.5,NA,florida-atlantic,2023
10,Isaiah Gaines,F,25,1,140,16.8,0.62,0.038,0.769,47,11.7,20.8,16.4,7.4,2.5,3,23.7,16.8,0.2,0.4,0.6,0.168,-1.5,2.5,0.9,NA,florida-atlantic,2023
11,Tre Carroll,F,18,0,102,26.6,0.724,0.282,0.205,51,4.6,29.6,17.6,15.4,0,1,17.4,25.6,0.4,0.2,0.6,0.235,4.5,2.5,7,NA,florida-atlantic,2023
12,Brenen Lorient,F,21,0,74,10.5,0.52,0,0.385,18,9.5,5.8,7.6,4.5,2.4,7.1,24.5,13.9,0,0.2,0.2,0.098,-5.2,2.6,-2.6,NA,florida-atlantic,2023
13,Alejandro Ralat,G,14,0,42,3.7,0.292,0.583,0,9,0,2.6,1.3,19.2,1.4,0,7.7,15.6,0,0.1,0,0.031,-5.8,0.7,-5.1,NA,florida-atlantic,2023
NA,Team Totals,,39,39,7852,NA,0.572,0.44,0.294,NA,NA,NA,NA,NA,NA,NA,NA,NA,17.2,15.7,32.9,0.168,2.3,2.2,4.5,NA,florida-atlantic,2023
1,Johnell Davis,G,34,34,1095,22.7,0.599,0.316,0.348,591,5,16.6,11,17.6,2.6,0.7,15.8,27.7,3.3,1.6,4.9,0.178,5,1.7,6.7,NA,florida-atlantic,2024
2,Alijah Martin,G,34,30,1039,18.1,0.536,0.556,0.237,421,5.6,15.9,11,9.4,3.1,0.9,10.4,22,2.1,1.6,3.7,0.144,3.3,1.7,5,NA,florida-atlantic,2024
3,Bryan Greenlee,G,34,16,857,8.8,0.503,0.605,0.195,225,1,8.6,4.9,16.2,1.7,0.1,18.1,14.7,0.6,0.8,1.4,0.066,-1.2,0.8,-0.4,NA,florida-atlantic,2024
4,Vladislav Goldin,F,34,34,850,31.3,0.679,0,0.627,477,11.6,19.5,15.7,6.2,1.2,6.8,12.3,26.1,3.7,1.4,5.1,0.24,6.6,1.8,8.4,NA,florida-atlantic,2024
5,Jalen Gaffney,G,34,19,844,11.8,0.546,0.416,0.286,220,3.6,11.3,7.6,15.5,1.4,0.4,15.9,12.2,1.3,0.8,2.1,0.1,1.3,1.3,2.7,NA,florida-atlantic,2024
6,Brandon Weatherspoon,G,34,23,807,16.2,0.589,0.62,0.167,252,6.8,9.1,8,10.5,2.4,0.5,8,13.8,2,0.9,2.9,0.145,4.1,1.9,6,NA,florida-atlantic,2024
7,Nick Boyd,G,27,14,642,14.5,0.55,0.615,0.285,235,1.1,11.3,6.4,12.7,2.1,0.2,11.3,19.8,1.2,0.7,2,0.122,1.7,1.2,2.8,NA,florida-atlantic,2024
8,Giancarlo Rosado,F,25,0,317,15.9,0.554,0.013,0.821,136,10,16.3,13.2,17.8,0.5,2.6,21.1,21.5,0.5,0.4,0.9,0.113,0.6,1.5,2.1,NA,florida-atlantic,2024
9,Brenen Lorient,F,31,0,263,11.2,0.47,0.22,0.475,72,7.6,10,8.8,6.8,2,5.1,13.2,15.7,0.2,0.4,0.5,0.079,-2.3,2.3,0,NA,florida-atlantic,2024
10,Tre Carroll,F,24,0,187,22.1,0.559,0.342,0.37,93,11.9,14.1,13,9.2,2.5,1.1,10.4,25.4,0.5,0.3,0.8,0.173,2.3,-0.2,2.1,NA,florida-atlantic,2024
11,Isaiah Gaines,F,12,0,28,16.6,0.894,0,0.25,7,0,19.6,10.1,12.5,2.1,3.7,18.3,9.7,0.1,0,0.1,0.156,-1.2,5.4,4.2,NA,florida-atlantic,2024
12,Leo Beath,F,5,0,11,13.9,0.505,0.5,0.5,4,0,10,5.2,0,0,0,0,22.3,0,0,0,0.088,-2.4,-3.4,-5.8,NA,florida-atlantic,2024
13,Jack Johnson,G,5,0,6,0,NA,NA,NA,0,0,0,0,0,0,0,NA,0,0,0,0,0.009,-1.9,-0.1,-2,NA,florida-atlantic,2024
14,Alejandro Ralat,G,1,0,5,18.3,0.5,0.5,0,2,0,0,0,38.9,0,0,0,19.8,0,0,0,0.148,0.6,-2.2,-1.6,NA,florida-atlantic,2024
NA,Team Totals,,34,34,6951,NA,0.577,0.391,0.349,NA,NA,NA,NA,NA,NA,NA,NA,NA,15.6,8.9,24.5,0.141,2.7,1.5,4.2,NA,florida-atlantic,2024
1,Baba Miller,F,34,34,1020,18.3,0.57,0.393,0.338,389,5.7,19.8,12.9,16.2,1.5,5.9,16.2,19.5,1.7,1.5,3.2,0.127,2.6,2.2,4.9,NA,florida-atlantic,2025
2,Leland Walker,G,33,33,942,10.6,0.469,0.376,0.254,349,1.7,8.5,5.2,27.3,2.1,0.3,19.9,21.2,0.4,0.8,1.2,0.052,-1.7,-0.6,-2.3,NA,florida-atlantic,2025
3,Ken Evans,G,34,34,903,8.5,0.463,0.617,0.191,221,2.4,8.8,5.7,11.7,2.3,0.3,13.3,14.4,0.4,0.8,1.2,0.055,-2.9,0.4,-2.5,NA,florida-atlantic,2025
4,Kaleb Glenn,F,34,5,876,19,0.621,0.403,0.403,373,7.8,12.9,10.4,4.4,1.2,1.2,10.6,21.9,2.2,0.8,3.1,0.139,3.3,-1.1,2.2,NA,florida-atlantic,2025
5,Niccolo Moretti,G,34,1,752,14,0.539,0.399,0.335,253,2.3,10.8,6.6,25.7,2.4,0.6,18,16.1,1.2,0.8,1.9,0.103,-0.2,0.6,0.4,NA,florida-atlantic,2025
6,Tre Carroll,F,34,14,752,24.8,0.599,0.225,0.342,390,8.8,17.2,13.1,14.5,2,4.7,11.3,25.8,2.3,1.1,3.4,0.181,5.2,1.6,6.7,NA,florida-atlantic,2025
7,Kyky Tandy,G,34,29,717,14.3,0.58,0.776,0.114,241,0.6,8.2,4.5,7.7,1.8,0.1,5.3,18.3,1.5,0.6,2,0.112,2.5,-0.5,2,NA,florida-atlantic,2025
8,Matas Vokietaitis,C,34,20,599,25.6,0.675,0.005,0.757,309,13.8,20.3,17.1,3.1,0.6,4.5,14.1,24.8,2.1,0.8,2.9,0.191,2.9,-0.6,2.3,NA,florida-atlantic,2025
9,Devin Vanterpool,G,30,0,238,7.7,0.465,0.571,0.321,64,4.8,10,7.5,9.6,2.2,2.6,18.9,16.6,0,0.3,0.3,0.045,-4.4,0.7,-3.7,NA,florida-atlantic,2025
10,Max Langenfeld,F,6,0,51,9.5,0.465,0.842,0.158,17,6.7,14.9,10.9,0,1.1,2,8.9,21.8,0,0.1,0.1,0.054,-0.1,-1.5,-1.6,NA,florida-atlantic,2025
11,Mantas Kocanas,C,2,0,15,8.3,0.4,0,0,4,15.1,14.5,14.8,0,0,6.9,16.7,19.8,0,0,0,0.01,-9.6,6,-3.6,NA,florida-atlantic,2025
12,Jack Johnson,G,8,0,12,-27.3,0,0.5,0,1,9.5,0,4.6,0,0,0,25,33.1,-0.1,0,-0.1,-0.47,-25.7,-15.5,-41.3,NA,florida-atlantic,2025
NA,Team Totals,,34,34,6877,NA,0.562,0.408,0.33,NA,NA,NA,NA,NA,NA,NA,NA,NA,11.7,7.5,19.2,0.111,1,0.3,1.3,NA,florida-atlantic,2025
1,Isaiah Elohim,G,32,32,899,15.6,0.551,0.342,0.342,357,3.7,12.5,8.2,6.8,1.1,1.3,7.2,21,1.7,1.2,2.9,0.128,1.1,0.1,1.2,NA,florida-atlantic,2026
2,Kanaan Carlyle,G,28,27,873,14.2,0.545,0.551,0.274,382,1,12.3,6.8,17.2,2,0.5,16,24.4,1,1.3,2.3,0.105,0.3,0.5,0.7,NA,florida-atlantic,2026
3,Niccolo Moretti,G,33,14,865,8.5,0.539,0.313,0.403,223,1.5,6.8,4.2,20.5,1.6,0.1,27.2,13.3,0.3,1,1.3,0.061,-2.9,0.2,-2.7,NA,florida-atlantic,2026
4,Devin Williams,F,33,33,786,17.6,0.563,0.247,0.217,266,10.5,13.4,12,9.8,0.4,11.4,16.1,16.1,1.2,1.3,2.5,0.128,0.8,2.9,3.7,NA,florida-atlantic,2026
5,Devin Vanterpool,G,24,24,749,19.4,0.562,0.498,0.293,355,3.4,18.5,11,14.5,2.8,2.7,13.1,25.3,1.4,1.5,2.9,0.152,2.1,2.3,4.4,NA,florida-atlantic,2026
6,Josiah Parker,G,32,8,698,18,0.539,0.105,0.416,304,9,21.2,15.2,10.1,1.5,1.2,12.8,22.8,1.1,1.2,2.3,0.13,0.8,0.8,1.6,NA,florida-atlantic,2026
7,Xander Pintelon,F,33,25,599,14.5,0.555,0.633,0.247,201,6.7,15.8,11.3,6.5,1.7,3.2,11.9,17.1,0.9,1,1.9,0.129,0.2,1.4,1.6,NA,florida-atlantic,2026
8,Amar Amkou,G,26,1,324,17.4,0.577,0.431,0.471,138,8.6,10.8,9.7,5.5,1.8,3.3,12.6,21.4,0.7,0.5,1.2,0.143,2,0.4,2.5,NA,florida-atlantic,2026
9,Maxim Logue,F,28,0,312,22.4,0.639,0.034,0.393,132,18.6,11.9,15.2,0.6,2.5,5.1,13.2,19,0.8,0.6,1.4,0.174,1.7,1.2,3,NA,florida-atlantic,2026
10,Yohann Sissoko,G,27,0,305,11,0.546,0.328,0.578,99,4.8,12.1,8.5,15.5,1.1,1,23.5,17,0.2,0.4,0.6,0.079,-2.3,-0.2,-2.5,NA,florida-atlantic,2026
11,Max Langenfeld,F,16,1,130,12,0.493,0.815,0.111,52,2.6,9.2,5.9,11.3,2.2,0.8,12.3,24.3,0.1,0.2,0.2,0.076,-3.9,-1.7,-5.5,NA,florida-atlantic,2026
12,Vincent Neugebauer,C,14,0,107,15.5,0.63,0,0.65,32,9.4,12.2,10.8,3.2,2.1,2,16,14.2,0.2,0.2,0.3,0.124,0.3,1.2,1.5,NA,florida-atlantic,2026
13,Liam Dayco-Green,G,8,0,25,17.3,0.573,0.846,0.154,13,8.9,4.4,6.6,0,2.3,0,12.5,31,0,0,0.1,0.111,10.2,1.9,12.2,NA,florida-atlantic,2026
14,Lachlan Smith,G,2,0,3,32.6,0.513,0,2,2,37.2,0,18.4,0,18.9,0,33.9,47.9,0,0,0,0.132,-39.6,-21,-60.6,NA,florida-atlantic,2026
NA,Team Totals,,33,33,6675,NA,0.555,0.386,0.33,NA,NA,NA,NA,NA,NA,NA,NA,NA,9.6,10.2,19.8,0.119,0.3,1,1.2,NA,florida-atlantic,2026
1,DeJuan Wright,G,29,15,878,24.1,0.607,0.122,0.683,408,10.4,15,12.7,9,3.3,2.5,17.4,23.7,2.5,0.9,3.4,0.155,2.7,-1.2,1.5,NA,florida-international,2011
2,Phil Gary,G,29,28,867,15.7,0.563,0.367,0.783,297,2.6,5.9,4.3,22.1,3,0.7,18.5,17.3,1.7,0.4,2.1,0.095,-0.3,-1.6,-1.9,NA,florida-international,2011
3,Marvin Roberts,F,28,28,792,13.1,0.488,0.23,0.508,312,5.1,11.7,8.4,15.1,1.5,1.3,19.5,24.7,0.4,0.3,0.8,0.039,-1.5,-3.4,-4.9,NA,florida-international,2011
4,Eric Frederick,F,28,17,709,19.3,0.535,0.263,0.359,310,5.3,24.1,14.7,6,1.6,1.5,13.4,26.6,1.1,0.7,1.9,0.106,0,-2.7,-2.7,NA,florida-international,2011
5,Jeremy Allen,G,27,26,622,12.9,0.547,0.391,0.286,192,4.4,5.5,5,8.8,3.4,0.6,18.3,17.8,0.7,0.3,1.1,0.069,-2.2,-0.7,-3,NA,florida-international,2011
6,Dominique Ferguson,F,20,20,534,12,0.464,0.352,0.516,146,8.6,12,10.3,4.1,1.2,6.4,14.1,16.4,0.4,0.3,0.7,0.052,-1.8,-1.7,-3.5,NA,florida-international,2011
7,Tremayne Russell,G,22,1,307,9.1,0.606,0.281,0.544,82,1.9,12.7,7.3,10.6,2.3,1.1,31.5,16.9,0,0.2,0.2,0.029,-4.6,-1.2,-5.8,NA,florida-international,2011
8,Alex Legion,G,10,2,281,21,0.584,0.547,0.104,115,5.3,15.5,10.4,11.2,2.1,1.6,11.2,22.1,0.7,0.2,0.9,0.135,4.1,-2.6,1.5,NA,florida-international,2011
9,Brandon Moore,C,26,7,271,7.6,0.383,0,0.3,42,6.8,8.5,7.6,4.8,3,10.5,30.4,12,-0.3,0.3,0,-0.003,-5.7,1.1,-4.6,NA,florida-international,2011
10,Phil Taylor,G,12,0,252,12.6,0.518,0.569,0.646,88,3.2,7.3,5.2,13.5,2.1,0,17.5,20.3,0.3,0.1,0.4,0.065,-1.2,-2.6,-3.8,NA,florida-international,2011
11,Cameron Bell,G,17,1,184,12.2,0.652,0.304,0.913,47,5.6,9.3,7.5,11.3,0.6,1.9,17.5,10.8,0.4,0,0.4,0.096,0.1,-1.9,-1.8,NA,florida-international,2011
12,Stephon Weaver,G,17,3,165,1.6,0.274,0.5,0.2,22,3.5,7.6,5.6,6.6,1.4,0,13.2,11.4,-0.2,0,-0.1,-0.033,-5.8,-2.6,-8.4,NA,florida-international,2011
13,Martavis Kee,G,10,2,141,4.2,0.322,0.444,0.074,22,2.4,5.7,4.1,13.3,3.7,0.8,26.4,13.3,-0.2,0.1,-0.1,-0.036,-4.7,-0.7,-5.4,NA,florida-international,2011
14,Richaud Pack,G,10,0,83,11.7,0.405,0.583,0.708,29,13.8,6.9,10.4,4.7,3.5,1.4,15.8,22.8,0,0.1,0.1,0.034,-0.2,-1.9,-2.1,NA,florida-international,2011
15,Anthony Anderson,G,7,0,14,2.6,0.375,1,0,2,0,32.7,16.4,0,0,0,20,17.7,0,0,0,-0.032,-13.2,-2.2,-15.4,NA,florida-international,2011
NA,Team Totals,,30,30,6100,NA,0.532,0.305,0.49,NA,NA,NA,NA,NA,NA,NA,NA,NA,7.7,4,11.7,0.077,-0.9,-1.8,-2.7,NA,florida-international,2011
1,Jeremy Allen,G,29,29,942,20.3,0.532,0.422,0.325,372,4.1,9.4,6.6,9.4,5.1,0.5,12.2,24.3,2,1.2,3.2,0.136,2.6,2.1,4.7,NA,florida-international,2012
2,Phil Taylor,G,29,27,903,16.6,0.541,0.508,0.378,384,1.8,6.7,4.1,24.1,1.9,0,17.5,25.8,1.8,0.4,2.2,0.098,2,-2.6,-0.6,NA,florida-international,2012
3,Dominique Ferguson,F,29,28,845,11.9,0.452,0.094,0.538,250,7.6,20,13.5,5.6,1.5,4.3,18.6,21.6,-0.2,0.9,0.8,0.036,-2.9,-0.9,-3.8,NA,florida-international,2012
4,DeJuan Wright,G,22,22,795,22.9,0.58,0.202,0.544,356,8.6,19.7,13.9,13.8,2.3,1.3,17.2,25.5,2.1,0.9,3.1,0.154,3.5,-0.6,2.8,NA,florida-international,2012
5,Brandon Moore,C,18,8,447,11.5,0.493,0.032,0.302,78,8.4,14.4,11.3,3.3,1,10.7,20.9,10.8,0.2,0.4,0.6,0.055,-2.5,1.2,-1.2,NA,florida-international,2012
6,Gilles Dierickx,C,29,15,432,5.6,0.508,0,0.143,81,7,12.1,9.5,6.1,0.6,4.6,32.5,13.6,-0.2,0.3,0,0.003,-6.3,-0.2,-6.4,NA,florida-international,2012
7,Cameron Bell,G,27,1,379,12.7,0.509,0.244,0.378,110,7.7,15.2,11.3,7.8,3.1,0.7,20.9,18.8,0.3,0.4,0.7,0.075,-1.8,0.4,-1.3,NA,florida-international,2012
8,Deric Hill,G,23,1,304,5.2,0.41,0.128,0.191,54,1.2,7.1,4,22.8,2.9,0.4,34.5,13.6,-0.3,0.2,-0.1,-0.016,-4.9,-0.6,-5.5,NA,florida-international,2012
9,Tola Akomolafe,G,14,8,300,8.3,0.527,0.162,0.324,50,7.3,14.3,10.6,5.6,2.1,2.5,29.7,10.7,0,0.3,0.3,0.043,-3,0.6,-2.4,NA,florida-international,2012
10,Tanner Wozniak,G,23,0,146,-0.1,0.343,0.794,0.059,21,0,3.7,1.7,2.9,0,0,10.3,14.1,-0.1,0,-0.2,-0.043,-4.8,-2.9,-7.7,NA,florida-international,2012
11,Joey De La Rosa,C,14,5,110,1.9,0.369,0,0.476,21,6.6,19.5,12.8,5.7,0,5.7,31.8,18.2,-0.2,0.1,-0.1,-0.054,-8.9,-1.4,-10.4,NA,florida-international,2012
12,Steven Miro,G,16,1,106,7.5,0.574,0.455,0.727,18,3.4,7.6,5.4,7.7,1.2,0,21.3,9.4,0.1,0,0.1,0.048,-2.9,-0.8,-3.7,NA,florida-international,2012
13,Manuel Nunez,G,17,0,91,-4.4,0.125,0.467,0.133,7,6.7,4.4,5.6,4.3,2,1.4,27.3,12.8,-0.3,0,-0.3,-0.111,-9.3,-2.5,-11.8,NA,florida-international,2012
14,Richaud Pack,G,9,0,75,5.9,0.408,0.333,0.133,15,11.4,7.2,9.4,5.7,0.8,0,20.1,14.1,0,0,0,0.008,-5.3,-2.9,-8.1,NA,florida-international,2012
NA,Team Totals,,29,29,5875,NA,0.512,0.295,0.388,NA,NA,NA,NA,NA,NA,NA,NA,NA,5.2,5.1,10.4,0.071,-0.9,-0.4,-1.3,NA,florida-international,2012
1,Malik Smith,G,32,31,1060,13.5,0.532,0.714,0.299,400,1.5,9,5,8.2,1.7,0.1,13.5,22.9,1.7,0.8,2.5,0.095,1.1,-1.6,-0.6,NA,florida-international,2013
2,Jerome Frink,F,32,25,980,14.6,0.516,0.19,0.422,320,9.4,16,12.5,4.3,2.1,2.7,17.1,19.3,1,1.3,2.3,0.093,-1.2,-0.7,-1.8,NA,florida-international,2013
3,Tymell Murphy,F,32,31,974,25.1,0.604,0.111,0.278,447,8.7,19.2,13.6,16,3.2,4.3,17.3,23.8,2.7,1.7,4.3,0.178,3.7,1.6,5.3,NA,florida-international,2013
4,Tola Akomolafe,G,32,23,752,8.9,0.471,0.405,0.298,150,5.6,16.4,10.6,6.3,2.4,1.2,19.4,12.2,0.2,1,1.2,0.066,-2.8,0.7,-2.1,NA,florida-international,2013
5,Deric Hill,G,32,15,737,15.6,0.507,0.353,0.595,241,3.7,9.4,6.4,27.3,5.9,0.3,26.3,17.9,0.7,1.3,1.9,0.105,-1.4,3,1.6,NA,florida-international,2013
6,Marco Porcher Jimenez,G,32,2,430,14.5,0.529,0.562,0.248,148,3.4,11.6,7.2,7.8,1.5,1.1,11,19.8,0.8,0.4,1.1,0.106,1.8,-1.3,0.5,NA,florida-international,2013
7,Juan Ferrales,G,31,1,402,9.9,0.509,0.48,0.408,120,3.4,6.8,5,12.7,1.9,0.6,19.9,18,0.3,0.3,0.6,0.061,-2,-1.3,-3.2,NA,florida-international,2013
8,Cameron Bell,G,20,7,401,17.6,0.531,0.26,0.573,175,4.5,15,9.4,16,3.7,1.5,20.1,25.8,0.6,0.6,1.2,0.118,0,1,0.9,NA,florida-international,2013
9,Gabby Belardo,G,23,12,327,6,0.409,0.476,0.243,105,1.7,8.4,4.8,25.2,2.3,0,27.7,24.1,-0.5,0.3,-0.2,-0.026,-4,-2.6,-6.5,NA,florida-international,2013
10,Ivan Jurkovic,C,26,7,212,5.8,0.484,0.073,0.39,48,8.6,11.7,10,1.8,1.1,1.6,24.8,15.1,0,0.2,0.2,0.03,-6.1,-1.1,-7.2,NA,florida-international,2013
11,Joey De La Rosa,C,16,6,114,7.8,0.536,0,0.25,21,6,13.8,9.6,0,1.5,3.1,23.8,12.8,0,0.1,0.1,0.036,-4.4,-0.1,-4.5,NA,florida-international,2013
12,Manuel Nunez,G,8,0,8,-19.1,0.25,0.5,0,2,0,32.7,15.2,26.4,0,0,33.3,37.2,-0.1,0,0,-0.249,-24.6,-5.4,-30,NA,florida-international,2013
13,Diamante Lewis,G,2,0,3,6,NA,NA,NA,0,0,43.6,20.3,0,0,0,NA,0,0,0,0,0.073,-3,-1.2,-4.3,NA,florida-international,2013
NA,Team Totals,,32,32,6400,NA,0.526,0.375,0.358,NA,NA,NA,NA,NA,NA,NA,NA,NA,7.3,7.9,15.2,0.095,-0.5,0,-0.4,NA,florida-international,2013
1,Tymell Murphy,F,31,30,1066,25.5,0.621,0.136,0.482,492,7.4,16.9,12.3,15.7,3.4,4.6,18,24.2,2.7,2,4.7,0.177,4.7,2.4,7,NA,florida-international,2014
2,Dennis Mavin,G,31,31,1017,12.1,0.478,0.303,0.683,358,3.2,10.2,6.8,11.5,3,0.1,17.6,23.4,0.2,1.3,1.5,0.058,-2.9,-0.8,-3.8,NA,florida-international,2014
3,Rakeem Buckles,F,31,30,932,20.7,0.534,0.254,0.41,407,10.5,21.7,16.3,5.6,2.1,4.7,15.1,25.7,1.5,1.7,3.2,0.138,-0.3,-0.5,-0.8,NA,florida-international,2014
4,Jerome Frink,F,31,31,912,12,0.516,0.165,0.339,261,7.5,9.3,8.5,6.2,1.1,2.9,15.7,16.8,0.8,0.9,1.8,0.077,-2.6,-1.1,-3.7,NA,florida-international,2014
5,Anthony Boswell,G,31,11,553,6.1,0.541,0.301,0.507,116,1.5,5.8,3.7,18.5,1.4,0.6,34.6,12.8,-0.1,0.4,0.4,0.027,-5.2,-1.1,-6.3,NA,florida-international,2014
6,Cody Mann,G,20,13,481,11.4,0.524,0.433,0.32,124,2,9,5.6,17.6,2.1,0,17.7,14.4,0.5,0.5,1,0.08,-1.5,-0.7,-2.2,NA,florida-international,2014
7,Marco Porcher Jimenez,G,30,1,463,13,0.546,0.765,0.067,145,3.8,9.6,6.8,4.6,1.3,0.9,9.4,18.7,0.7,0.4,1.2,0.101,0.4,-1.8,-1.4,NA,florida-international,2014
8,Dominique Williams,F,25,1,395,9,0.42,0.259,0.185,78,7.5,12.3,10,2.9,1.7,1.6,9.3,12.6,0.1,0.5,0.6,0.061,-2.5,-0.6,-3.1,NA,florida-international,2014
9,Raymond Taylor,G,6,6,197,16,0.468,0.328,0.343,85,2.4,6.7,4.6,39,1.8,0,14.3,23.6,0.3,0.2,0.5,0.103,0.8,-1.9,-1.1,NA,florida-international,2014
10,Ivan Jurkovic,C,22,1,114,-4.4,0.268,0.071,0.143,10,4.1,6.8,5.5,1.5,0.5,0,31.9,9.8,-0.2,0.1,-0.1,-0.046,-10.1,-1.7,-11.8,NA,florida-international,2014
11,Joey De La Rosa,C,7,0,41,7.6,0.233,0,0.6,9,17.3,18.9,18.1,4.4,0,5.1,0,16,0,0.1,0,0.023,-4.4,-2,-6.4,NA,florida-international,2014
12,Steven Miro,G,5,0,33,7.2,1.25,0.5,0,4,0,16.8,8.7,11.2,1.8,0,66.7,9.3,0,0,0,0.02,5,-0.2,4.7,NA,florida-international,2014
13,George Naldjieff,F,5,0,25,3.2,0.4,0,0,4,9.4,22.1,16,0,0,0,28.6,14.3,0,0,0,-0.008,-5.7,-2.3,-8,NA,florida-international,2014
14,Jonas Page,F,4,0,20,10.4,0.633,1,0.667,4,0,22.1,11.4,0,3,0,20.2,12.6,0,0,0.1,0.114,-11.1,-0.7,-11.8,NA,florida-international,2014
NA,Team Totals,,31,31,6249,NA,0.529,0.286,0.415,NA,NA,NA,NA,NA,NA,NA,NA,NA,6.5,8.2,14.7,0.094,-1,-0.4,-1.4,NA,florida-international,2014
1,Dennis Mavin,G,33,33,1174,17.8,0.511,0.219,0.489,551,2.8,14,8.7,22.4,2.1,0.1,17.5,30.8,1.1,1.7,2.8,0.097,1.1,-1.4,-0.4,NA,florida-international,2015
2,Adrian Diaz,F,33,33,1033,23.8,0.603,0,0.647,424,12.7,13.2,13,10.6,1.7,11.3,19.3,22.8,2.2,1.9,4.2,0.161,0.6,1.6,2.2,NA,florida-international,2015
3,Daviyon Draper,F,31,22,836,15.1,0.509,0.111,0.378,260,4.9,16.6,11,9.5,3.6,3.1,19.2,21,0.3,1.7,2,0.097,-2.3,1.5,-0.8,NA,florida-international,2015
4,Dominique Williams,F,30,11,708,12.4,0.496,0.188,0.258,197,5.9,15.8,11.1,5.7,1.9,0.5,14.7,18.5,0.4,1.1,1.5,0.085,-2.2,-0.9,-3.1,NA,florida-international,2015
5,Ray Rodriguez,G,32,7,675,8.5,0.537,0.798,0.248,157,1.5,8,4.9,15.1,1.1,0.2,22.1,14.7,0.4,0.7,1,0.06,-2.1,-2.1,-4.2,NA,florida-international,2015
6,Kris Gulley,G,33,27,656,9.1,0.481,0.64,0.115,138,4.1,13.6,9.1,7.6,2,1.1,17.9,14.6,0.1,1,1.1,0.064,-2.6,0.1,-2.5,NA,florida-international,2015
7,Tashawn Desir,G,30,22,533,6.3,0.432,0.367,0.306,117,1.2,10.3,6,23.3,3.6,0,33.3,16.9,-0.7,0.9,0.2,0.016,-7.2,0.2,-6.9,NA,florida-international,2015
8,Marco Porcher Jimenez,G,28,1,380,7.3,0.498,0.774,0.054,83,1,9.4,5.4,6.1,1,0.3,14.4,15.7,0.1,0.4,0.5,0.051,-1.3,-1.5,-2.8,NA,florida-international,2015
9,Anthony Boswell,G,29,3,319,-2.6,0.28,0.392,0.176,39,1.6,6.3,4.1,11.3,1.9,0.7,36.7,14.6,-0.9,0.4,-0.6,-0.07,-9.4,-0.7,-10.2,NA,florida-international,2015
10,Michael Phillip,C,33,0,194,6.7,0.497,0,1.154,26,8.3,11,9.7,5.9,0,7.3,13,6.4,0.2,0.3,0.4,0.089,-6.3,1.8,-4.5,NA,florida-international,2015
11,Hassan Hussein,F,12,1,83,16.9,0.73,0,0.353,24,7.5,8.1,7.8,0,0,2.8,13.1,14.7,0.2,0.1,0.3,0.145,0.7,-2.1,-1.4,NA,florida-international,2015
12,Larry Dennis,F,9,5,74,0.7,0.324,0.25,0.333,10,3.3,18.1,11.1,5.3,1.7,0,26.5,13.7,-0.1,0.1,0,-0.015,-5.4,0.8,-4.6,NA,florida-international,2015
13,Jonas Page,F,5,0,10,31.6,0.571,0.714,0,5,0,0,0,0,0,11.8,0,37.5,0,0,0,0.153,22.3,4.6,26.9,NA,florida-international,2015
14,Cody Mann,G,1,NA,NA,NA,0,1,0,NA,NA,NA,NA,NA,NA,NA,NA,NA,NA,NA,NA,NA,NA,NA,NA,NA,florida-international,2015
NA,Team Totals,,33,33,6675,NA,0.514,0.288,0.382,NA,NA,NA,NA,NA,NA,NA,NA,NA,3.3,10.2,13.5,0.081,-2,-0.2,-2.2,NA,florida-international,2015
1,Daviyon Draper,F,31,31,1089,17.8,0.516,0.195,0.228,470,4.9,16.7,11.2,13.5,1.7,2,15.1,26.8,1.2,1.5,2.7,0.101,0.6,-1.1,-0.5,NA,florida-international,2016
2,Donte McGill,G,31,28,1006,19.4,0.564,0.212,0.276,455,5.7,10.1,8,8.5,1.4,0.3,13,26.3,2.2,0.9,3.1,0.124,2.5,-2.2,0.3,NA,florida-international,2016
3,Adrian Diaz,F,32,31,953,29.3,0.651,0,0.744,465,13,16.5,14.8,6.5,1.3,10.8,15.4,24.2,3.4,1.6,5,0.209,3.3,1.2,4.5,NA,florida-international,2016
4,Anthony Boswell,G,32,31,831,7.3,0.514,0.457,0.25,169,1.6,7.5,4.7,11.3,1,0.9,17.8,11.9,0.5,0.6,1.1,0.055,-4.1,-1,-5.1,NA,florida-international,2016
5,Eric Nottage,G,32,10,661,10.7,0.552,0.632,0.396,170,2.9,13.9,8.8,21.1,2,0.2,29.6,14.1,0.4,0.8,1.2,0.074,-2.5,-0.1,-2.6,NA,florida-international,2016
6,Kimar Williams,G,32,21,632,10.6,0.424,0.149,0.553,158,3.1,13.2,8.5,21.7,2.7,0.4,20,14.8,0.2,0.8,1,0.064,-3.9,0.4,-3.5,NA,florida-international,2016
7,Elmo Stephen,F,23,1,448,14.2,0.536,0.692,0.26,157,5.1,11.5,8.6,3.5,0.9,1,8.9,20.9,0.8,0.4,1.2,0.107,1.6,-2.1,-0.5,NA,florida-international,2016
8,Cameron Smith,F,28,3,358,12.8,0.58,0,0.467,84,6.8,18.8,13.2,3.1,1,4.7,17,12.8,0.4,0.5,0.9,0.104,-3.4,0.8,-2.6,NA,florida-international,2016
9,Ray Rodriguez,G,20,4,295,7.8,0.509,0.806,0.149,74,0.8,8.9,5.2,14.5,1.6,0,23.5,16.5,0,0.3,0.3,0.039,-3.3,-1.7,-5,NA,florida-international,2016
10,Michael Douglas,F,26,0,195,4.3,0.343,0.707,0.366,33,3.7,13,8.7,2.7,0.6,1.7,5.9,13.6,-0.1,0.2,0.1,0.014,-5.4,-2,-7.5,NA,florida-international,2016
11,Hassan Hussein,F,2,0,26,15.8,0.647,0,0.333,8,4.7,16.2,10.8,7.9,0,0,12.6,15.9,0.1,0,0.1,0.124,-1,-3.7,-4.7,NA,florida-international,2016
12,Nate Brown Bull,C,4,0,6,-7.4,0,0,0,0,0,35.1,18.8,0,0,0,0,8.7,0,0,0,-0.042,-18.8,-5.3,-24.1,NA,florida-international,2016
NA,Team Totals,,32,32,6500,NA,0.546,0.28,0.363,NA,NA,NA,NA,NA,NA,NA,NA,NA,9,7.8,16.8,0.103,-0.6,-0.7,-1.3,NA,florida-international,2016
1,Eric Nottage,G,31,19,948,16.6,0.567,0.443,0.284,380,4.4,13.7,9,21.7,2.3,0.2,21.6,22.5,1.5,0.7,2.2,0.092,1.1,-1.5,-0.4,NA,florida-international,2017
2,Donte McGill,G,27,24,912,20.5,0.53,0.191,0.274,458,6.7,6.3,6.5,7.6,2.4,0.4,11.1,30.1,2.1,0.5,2.6,0.113,1.6,-2.8,-1.2,NA,florida-international,2017
3,Michael Kessens,F,29,29,876,21.6,0.595,0.063,0.361,364,10.1,26.7,18.4,8.2,1.8,2,18.2,23,1.8,1,2.8,0.128,1.5,-1,0.5,NA,florida-international,2017
4,Eric Lockett,G,31,13,795,9.6,0.494,0.21,0.348,184,2.5,11.8,7.2,17,1.7,1.4,22.6,13.7,0.3,0.5,0.8,0.041,-2.9,-0.8,-3.8,NA,florida-international,2017
5,Elmo Stephen,F,29,19,722,15.9,0.58,0.596,0.202,260,3.2,10.7,6.9,7.3,0.7,0.3,9.8,20,1.7,0.3,1.9,0.106,2,-3.4,-1.4,NA,florida-international,2017
6,Anthony Boswell,G,28,13,504,4.4,0.427,0.532,0.149,87,2.9,9.4,6.1,4.5,1,1.1,17.3,12.6,-0.2,0.2,0.1,0.004,-3.8,-1.7,-5.5,NA,florida-international,2017
7,Kimar Williams,G,18,14,460,11,0.46,0.204,0.417,132,1.9,11.4,6.6,19.2,2.5,0,17.8,17.9,0.2,0.3,0.5,0.045,-3.5,-0.5,-4,NA,florida-international,2017
8,Michael Douglas,F,30,4,350,7.8,0.463,0.713,0.115,80,2.5,10.7,6.5,4.7,2.1,1,14.1,15.9,0,0.2,0.3,0.031,-2.6,-1.5,-4,NA,florida-international,2017
9,Cameron Smith,F,22,13,272,14.2,0.628,0,0.853,61,6.8,18.8,12.7,2.6,1.8,6.6,23.9,12.1,0.3,0.3,0.6,0.088,-2.3,1.1,-1.2,NA,florida-international,2017
10,Hassan Hussein,F,23,1,235,14.9,0.591,0.086,0.259,70,7.9,12.7,10.3,2.6,1,3.3,10.9,16.3,0.4,0.2,0.6,0.1,-2.8,-1.6,-4.3,NA,florida-international,2017
11,Richard Bivens,F,13,6,142,10.6,0.662,0.32,0.12,32,6.9,17.6,12.2,0,0.4,1.6,23.2,12.7,0.1,0.1,0.2,0.063,-4.4,-2.4,-6.8,NA,florida-international,2017
12,Ronald Whitaker,G,18,0,122,3.9,0.381,0.353,0.412,32,8.1,9.2,8.6,1.5,1.5,0,14.7,20.4,-0.1,0.1,0,-0.015,-7.2,-3,-10.2,NA,florida-international,2017
13,Osasumwen Osaghae,F,3,0,12,15.7,0.633,0,0.667,4,10.3,31.2,20.6,0,0,9.3,33.6,25.9,0,0,0,0.028,-6.3,-2.4,-8.6,NA,florida-international,2017
NA,Team Totals,,31,31,6350,NA,0.54,0.307,0.291,NA,NA,NA,NA,NA,NA,NA,NA,NA,8,4.5,12.5,0.079,-0.7,-1.6,-2.3,NA,florida-international,2017
1,Eric Lockett,G,32,31,1185,16.7,0.517,0.124,0.291,459,3.6,16.1,9.6,17.6,1.9,1.2,13,21.6,1.5,1.9,3.4,0.115,0,0.2,0.2,NA,florida-international,2018
2,Brian Beard Jr.,G,31,30,1114,19.1,0.496,0.355,0.518,537,0.6,11.7,5.9,33.8,4.6,0,16.3,27.7,1.1,2.2,3.3,0.119,0.5,2.5,3,NA,florida-international,2018
3,Trejon Jacob,G,31,28,1043,16.7,0.545,0.523,0.267,394,2.6,14,8,5.7,1.9,0.9,8.2,21.8,1.6,1.6,3.2,0.124,1.4,-0.2,1.1,NA,florida-international,2018
4,Michael Douglas,F,31,6,678,10.8,0.492,0.494,0.331,184,4.3,12.8,8.3,2.8,1.9,0.7,8.3,16.1,0.5,1,1.5,0.091,-1.9,0,-1.9,NA,florida-international,2018
5,Hassan Hussein,F,31,27,559,10,0.478,0.037,0.235,166,5.8,14.1,9.7,4,0.9,2.7,15.9,19.3,0,0.8,0.8,0.055,-4.5,-0.9,-5.4,NA,florida-international,2018
6,Jay Harvey,F,30,12,481,5.6,0.433,0,0.932,81,12.1,8.5,10.4,1.1,0.6,1.9,24.9,8.8,0,0.5,0.6,0.05,-4.9,-1.5,-6.3,NA,florida-international,2018
7,Osasumwen Osaghae,F,27,2,321,18.3,0.611,0,0.902,90,9.7,21.3,15.3,0.6,1.2,11.9,15.1,13.5,0.5,0.7,1.2,0.155,-2.2,2.6,0.4,NA,florida-international,2018
8,Josh Stamps,G,12,4,235,12.3,0.49,0.57,0.226,90,2.7,7.8,5.1,7.2,1.7,0.5,9.7,24.4,0.1,0.3,0.4,0.074,-1.6,-0.6,-2.2,NA,florida-international,2018
9,Cordell Veira,G,30,1,225,5.6,0.34,0.439,0.39,43,1.9,13.2,7.3,18.6,1.5,1,17.1,13.1,-0.2,0.3,0.1,0.026,-7.4,-0.5,-7.9,NA,florida-international,2018
10,Elhadji Dieng,C,22,19,212,5.2,0.348,0,1.038,35,9.3,14.5,11.8,0.8,0.8,6,15.3,10.9,-0.1,0.3,0.2,0.042,-7.6,0.5,-7.1,NA,florida-international,2018
11,Isaiah Banks,G,21,0,170,13.4,0.53,0.439,0.317,49,5.5,11.4,8.3,6.9,3,2,16,16.6,0.1,0.3,0.4,0.096,-1.6,1.2,-0.4,NA,florida-international,2018
12,Willy Nunez Jr.,G,7,0,160,13.6,0.483,0.611,0.194,66,3.3,7.1,5.1,7,1.1,0.7,6,26.3,0.1,0.2,0.3,0.075,-1.7,-3.2,-4.9,NA,florida-international,2018
13,Ronald Whitaker,G,14,0,111,11,0.519,0.222,0.148,31,8.5,13.3,10.8,7.3,1.5,3.1,19.5,16.3,0,0.2,0.2,0.078,-6.2,-0.5,-6.7,NA,florida-international,2018
14,Kasper Christensen,F,10,0,56,10.7,0.461,0.941,0.176,15,0,10.2,4.9,3.4,3.1,6.2,5.1,17.5,0,0.1,0.1,0.09,-1.4,2.6,1.2,NA,florida-international,2018
NA,Team Totals,,32,32,6550,NA,0.503,0.331,0.368,NA,NA,NA,NA,NA,NA,NA,NA,NA,5.4,10.5,15.9,0.097,-1.5,0.3,-1.2,NA,florida-international,2018
1,Brian Beard Jr.,G,34,33,1088,20,0.508,0.399,0.49,634,1.9,9.1,5.3,33.6,4.6,0.2,16.9,27.9,1.7,1.8,3.5,0.129,1.3,0.1,1.4,NA,florida-international,2019
2,Antonio Daye Jr.,G,34,18,872,8.7,0.459,0.247,0.439,301,2,10.1,5.8,16.8,3,0.1,23,20,-0.5,1.2,0.7,0.032,-4.8,-0.8,-5.6,NA,florida-international,2019
3,Devon Andrews,F,33,33,866,21.9,0.578,0.278,0.43,460,4.4,15.7,9.8,10.2,3.2,1.7,12.1,25,2,1.5,3.5,0.161,1.8,0.1,1.9,NA,florida-international,2019
4,Trejon Jacob,G,33,24,762,16.5,0.594,0.546,0.182,289,2.4,13.8,7.8,4.5,2.4,1.3,11.8,18.9,1.1,1.1,2.2,0.116,1.6,-0.8,0.8,NA,florida-international,2019
5,Osasumwen Osaghae,F,31,17,699,23,0.604,0.006,0.571,273,13.8,25,19.1,2.5,1.4,13.7,15.4,15.7,1.5,1.5,3,0.174,0.6,2,2.6,NA,florida-international,2019
6,Willy Nunez Jr.,G,33,10,684,12.5,0.524,0.867,0.178,269,1.4,10.3,5.6,6.7,1.2,0.3,8.2,20.3,0.9,0.7,1.6,0.093,0.8,-2.7,-2,NA,florida-international,2019
7,Isaiah Banks,G,33,10,569,12.9,0.528,0.451,0.346,198,5.1,6.2,5.6,10.5,3.3,1.1,16,17.2,0.5,0.8,1.2,0.088,-2.1,0.1,-2,NA,florida-international,2019
8,Michael Douglas,F,34,2,422,5.5,0.415,0.54,0.195,86,5.2,8.6,6.8,4.3,0.9,1.2,9.5,10.8,0.1,0.4,0.5,0.045,-3.2,-1.7,-4.9,NA,florida-international,2019
9,Elhadji Dieng,C,34,16,347,7.4,0.534,0,1.043,87,10.3,13.9,12,1.8,1,2.6,28.5,12.3,0,0.4,0.5,0.055,-6,-1.5,-7.5,NA,florida-international,2019
10,Marcus Burwell,G,13,7,229,12.1,0.439,0.571,0.238,92,2.5,10.3,6.2,23.9,3,0.4,13.8,20.6,0.1,0.3,0.4,0.076,-2.9,-1.6,-4.5,NA,florida-international,2019
11,Cordell Veira,G,22,0,170,7.2,0.455,0.448,0.448,33,0.6,13.2,6.6,9.9,1.2,2.3,14.6,10.6,0,0.2,0.2,0.052,-3.6,-0.6,-4.2,NA,florida-international,2019
12,James Ametepe,F,13,0,50,21.6,0.59,0,0.19,24,9.6,12.9,11.2,4.1,2,4,8,21.7,0.1,0.1,0.2,0.163,8,0.5,8.5,NA,florida-international,2019
13,Phillip Smith,F,7,0,42,12.6,0.46,0.6,0.333,15,6.9,5.1,6,4.1,3.5,0,5.4,19.1,0,0.1,0.1,0.087,1.5,-0.8,0.7,NA,florida-international,2019
NA,Team Totals,,34,34,6800,NA,0.529,0.412,0.382,NA,NA,NA,NA,NA,NA,NA,NA,NA,7.6,10.1,17.7,0.104,-0.7,-0.5,-1.1,NA,florida-international,2019
1,Antonio Daye Jr.,G,31,31,895,12.9,0.508,0.226,0.466,379,1.6,9.8,5.8,29.1,3.3,0.3,27.8,23.7,0.4,1.3,1.6,0.073,-3.2,-0.5,-3.7,NA,florida-international,2020
2,Osasumwen Osaghae,F,32,32,872,30.2,0.687,0.037,0.48,383,12.3,19.6,16,3.6,1.6,13.8,15.2,19.3,3,1.8,4.9,0.223,4.2,2.3,6.6,NA,florida-international,2020
3,Devon Andrews,F,31,29,871,18.9,0.507,0.36,0.333,441,4.4,13.8,9.2,14.1,2.8,1.5,12.5,28.7,1.5,1.3,2.8,0.13,1.3,-0.1,1.2,NA,florida-international,2020
4,Trejon Jacob,G,29,29,790,18.8,0.6,0.584,0.26,309,3.3,15.9,9.7,11.7,3.4,0.6,17.1,20.2,1.6,1.3,2.9,0.147,2.4,0.6,3,NA,florida-international,2020
5,Isaiah Banks,G,29,23,679,13.7,0.567,0.472,0.275,186,7.4,6.6,7,7.2,2.2,2.2,16.2,13.3,1,0.8,1.7,0.102,0.6,0.2,0.7,NA,florida-international,2020
6,Eric Lovett,G,32,2,643,12.3,0.529,0.736,0.167,240,2.7,12.7,7.8,7,0.7,0.9,13.7,21.9,0.7,0.6,1.4,0.086,0.7,-2.3,-1.7,NA,florida-international,2020
7,Cameron Corcoran,G,32,4,623,9.8,0.49,0.676,0.066,189,1.1,3.8,2.4,16.8,0.8,0.2,13,16.3,0.7,0.4,1.1,0.068,0.2,-2.4,-2.2,NA,florida-international,2020
8,Dimon Carrigan,F,30,0,353,16.4,0.503,0.012,0.313,108,14.3,15.9,15.1,3.9,1.8,11.2,16.6,15.3,0.4,0.7,1.1,0.123,-4.1,1.9,-2.2,NA,florida-international,2020
9,Tevin Brewer,G,10,10,266,14.5,0.548,0.742,0.065,86,1.6,10.8,6.3,28,4.5,0,25.6,15.2,0.4,0.5,0.8,0.121,-2.1,1.5,-0.6,NA,florida-international,2020
10,Blake Furcron,G,29,0,262,11.8,0.443,0.544,0.059,64,4.6,11.3,8,8.2,4.5,1.5,13.6,14.6,0.1,0.5,0.6,0.088,-3.3,1.5,-1.7,NA,florida-international,2020
11,Jonathan Nunaz,G,17,0,74,7.6,0.485,0.4,0.067,19,5.9,8.6,7.3,17.9,0.7,0,20.5,12.4,0.1,0.1,0.1,0.07,-6.9,-3.3,-10.1,NA,florida-international,2020
12,James Ametepe,F,15,0,60,5,0.523,0.364,0.455,14,7.3,17.7,12.6,0,2.7,0,34.4,16,-0.1,0.1,0,0.026,-7.7,-0.6,-8.3,NA,florida-international,2020
13,Dante Wilcox,G,6,0,37,2.6,0.645,0,0.75,7,8.9,14.4,11.6,0,0,2.7,42.4,12,0,0,0,0.019,-12.3,-1.4,-13.6,NA,florida-international,2020
NA,Team Totals,,32,32,6425,NA,0.548,0.416,0.292,NA,NA,NA,NA,NA,NA,NA,NA,NA,9.7,9.3,19,0.119,0.1,0,0.1,NA,florida-international,2020
1,Tevin Brewer,G,26,26,752,12.7,0.531,0.621,0.146,264,1.9,7.2,4.4,26.8,1.9,0,18.5,17.5,1.2,0.5,1.6,0.087,-0.2,-2.3,-2.5,NA,florida-international,2021
2,Antonio Daye Jr.,G,22,21,696,19.7,0.537,0.286,0.438,386,2.5,13.4,7.7,31.9,4.1,0.4,22,31.4,0.9,0.9,1.8,0.102,-0.8,-1.4,-2.2,NA,florida-international,2021
3,Eric Lovett,G,20,20,502,12.5,0.487,0.755,0.118,184,2.4,10.3,6.2,7.4,1.9,1,7.7,22.6,0.5,0.4,0.9,0.069,0.2,-2.4,-2.2,NA,florida-international,2021
4,Dimon Carrigan,F,24,21,465,25,0.6,0.019,0.594,168,13.4,22.9,18,6.7,3.2,13,17.1,17.1,1,1,2,0.171,0.4,2.6,3,NA,florida-international,2021
5,Radshad Davis,G,16,16,459,22.1,0.591,0.521,0.178,190,7.4,18.5,12.7,8.6,3,1.3,10.6,20.9,1.2,0.6,1.8,0.156,2.7,-1.7,1,NA,florida-international,2021
6,Javaunte Hawkins,G,26,3,441,10.5,0.514,0.878,0.014,140,0.5,6.5,3.4,14,1.7,0.2,12.9,18.7,0.4,0.2,0.6,0.058,-1.3,-3.4,-4.7,NA,florida-international,2021
7,Dante Wilcox,G,25,3,353,11.5,0.594,0,0.366,101,9.9,19,14.3,5.3,0.9,2.6,25.8,15.5,0.3,0.3,0.6,0.071,-4.4,-1.8,-6.3,NA,florida-international,2021
8,Petar Krivokapic,G,26,1,329,8.7,0.552,0.72,0.268,93,2.7,16,9.1,6.6,1,0.3,22,17.5,0.1,0.2,0.3,0.042,-3.5,-2.9,-6.4,NA,florida-international,2021
9,Cameron Corcoran,G,23,0,291,7.8,0.425,0.574,0.16,93,2.3,3.3,2.8,18,1.1,0,14.4,19.7,0.1,0.1,0.1,0.018,-4,-4.9,-8.9,NA,florida-international,2021
10,Jonathan Nunaz,G,22,9,291,8.2,0.562,0.638,0.085,54,2.6,7.4,4.9,7,2.5,0,18.4,10,0.2,0.2,0.4,0.058,-3.9,-0.7,-4.6,NA,florida-international,2021
11,DJ Mitchell,G,20,1,221,15.8,0.506,0.588,0.263,86,4.5,16.8,10.4,10.6,3.7,0.9,14.3,23.1,0.2,0.3,0.5,0.094,-2.4,-1.4,-3.8,NA,florida-international,2021
12,Isaiah Banks,G,9,5,192,8.5,0.552,0.595,0.167,50,6.3,8.7,7.5,8.4,0.6,0.5,18.1,14,0.2,0.1,0.3,0.054,-0.9,-2.3,-3.2,NA,florida-international,2021
13,Anthony Mason,F,19,2,182,15.9,0.62,0,0.463,56,6,19.8,12.6,5.4,1.8,8.3,24.2,17.6,0.1,0.3,0.4,0.09,-4.6,0.5,-4.1,NA,florida-international,2021
14,Bernie Andre,F,7,2,72,6.9,0.48,0.739,0.087,20,3,10,6.4,2.6,0.8,2.8,17.3,19.5,0,0,0,0.009,-3.1,-3.4,-6.5,NA,florida-international,2021
15,James Ametepe,F,8,0,29,-14.2,0.118,0.375,0.125,3,11.3,8.3,9.9,0,5.7,0,41.5,24.3,-0.2,0,-0.2,-0.247,-23.2,-3.9,-27.1,NA,florida-international,2021
NA,Team Totals,,26,26,5275,NA,0.535,0.509,0.244,NA,NA,NA,NA,NA,NA,NA,NA,NA,6,5.2,11.2,0.085,-1.4,-1.7,-3.1,NA,florida-international,2021
1,Tevin Brewer,G,30,30,963,19.2,0.547,0.439,0.217,490,2,10.4,6.3,38.5,1.6,0,16.8,26.5,2.5,0.9,3.4,0.141,2.3,-1.7,0.6,NA,florida-international,2022
2,Denver Jones,G,31,7,831,18.6,0.55,0.483,0.425,380,3,12.6,7.9,17.6,2,0.3,12.8,24.8,2.1,0.9,3,0.145,2.2,-0.8,1.4,NA,florida-international,2022
3,Clevon Brown,F,31,31,780,16.1,0.538,0.305,0.157,245,7.2,16.6,12,7.2,1,7.5,16.4,18.7,0.7,1.1,1.8,0.094,-1.2,0.1,-1.1,NA,florida-international,2022
4,Isaiah Banks,G,30,30,704,11.7,0.557,0.374,0.273,176,7.3,10.1,8.7,5.7,1.7,0.6,14.7,13.3,0.9,0.7,1.6,0.091,-1.9,-0.2,-2.1,NA,florida-international,2022
5,Eric Lovett,G,30,30,681,11.6,0.482,0.685,0.152,249,4.9,14.6,9.8,4.8,2.3,1,15.2,25.5,0,0.9,0.9,0.052,-2.2,-1.9,-4.1,NA,florida-international,2022
6,Seth Pinkney,C,32,32,555,14.5,0.609,0.022,0.333,123,8.1,19.3,13.7,2.4,0.9,7.7,17.4,11.6,0.7,0.9,1.5,0.11,-3.3,0.8,-2.6,NA,florida-international,2022
7,Javaunte Hawkins,G,32,0,529,10.9,0.502,0.694,0.076,165,1.3,5.8,3.6,13.6,2.6,0.4,15.8,20.1,0.2,0.5,0.8,0.058,-0.9,-0.5,-1.4,NA,florida-international,2022
8,Petar Krivokapic,G,32,0,460,13.9,0.585,0.75,0.207,139,2.5,13.2,7.9,10.3,2,0.7,15.3,16.7,0.7,0.6,1.3,0.111,-0.4,-0.2,-0.6,NA,florida-international,2022
9,Dante Wilcox,G,32,0,343,10.6,0.499,0.113,0.283,77,10.4,15.5,12.9,10.8,2,2.3,26.8,12.2,0.1,0.5,0.6,0.072,-3.9,1,-2.8,NA,florida-international,2022
10,Aquan Smart,G,26,0,340,9,0.504,0.456,0.356,113,0.3,12.6,6.5,23.2,3.2,2.3,29.5,22.4,-0.2,0.5,0.3,0.037,-7.8,0.8,-7,NA,florida-international,2022
11,Mohamed Sanogo,F,24,0,151,8.9,0.563,0,0.476,28,6.1,17.9,12.1,3.7,1.9,3.7,29.9,12.4,-0.1,0.2,0.2,0.048,-5.7,0.6,-5.1,NA,florida-international,2022
12,Victor Hart,F,14,0,101,1.3,0.395,0.32,0.56,25,1.1,16.8,9,8.9,0.6,1.1,24,21,-0.2,0.1,-0.1,-0.031,-12.3,-3.2,-15.5,NA,florida-international,2022
13,CJ Kelley,F,6,0,47,11.3,0.46,0.364,0.182,11,4.9,19.2,12.1,4,1.2,2.4,7.7,14,0,0.1,0.1,0.083,-9.7,-5.3,-15.1,NA,florida-international,2022
14,Daniel Parrish,G,9,0,41,23.8,0.707,0.083,0.75,18,2.8,5.5,4.2,6,4.2,0,15.6,23.9,0.1,0.1,0.2,0.169,-8.2,-4,-12.2,NA,florida-international,2022
NA,Team Totals,,32,32,6526,NA,0.535,0.465,0.248,NA,NA,NA,NA,NA,NA,NA,NA,NA,7.6,8,15.6,0.096,-1.4,-0.5,-2,NA,florida-international,2022
1,Arturo Dean,G,32,23,950,16,0.474,0.166,0.238,418,3.9,12,8.1,25.6,4.8,1,20.1,26.6,0.1,1.5,1.6,0.065,-1.6,1.5,-0.1,NA,florida-international,2023
2,Denver Jones,G,28,28,935,22.5,0.607,0.407,0.396,516,3.2,9.9,6.7,12.8,3,0.1,16.2,29.8,2.4,0.9,3.4,0.144,4.3,-0.9,3.4,NA,florida-international,2023
3,Petar Krivokapic,G,32,18,709,12.3,0.611,0.792,0.277,197,2.6,12.9,7.9,4.2,1.2,0.6,13,14.6,1.1,0.5,1.6,0.092,1,-1.4,-0.4,NA,florida-international,2023
4,Dashon Gittens,G,30,18,659,12.7,0.561,0.327,0.302,208,3.8,8.8,6.4,11.7,2.5,1.4,18.8,17.4,0.7,0.6,1.3,0.076,-1.8,-0.1,-1.9,NA,florida-international,2023
5,Mohamed Sanogo,F,30,19,640,16.2,0.643,0.008,0.473,196,6.8,14.9,11,6.5,1.3,6.6,21.4,15.8,0.9,0.7,1.6,0.1,-0.4,0.6,0.2,NA,florida-international,2023
6,Javaunte Hawkins,G,32,9,616,10.6,0.476,0.634,0.12,186,2.2,8.6,5.5,12.4,2.6,0.2,13.8,18.3,0.3,0.5,0.8,0.053,-2.2,-1.1,-3.3,NA,florida-international,2023
7,Nick Guadarrama,F,24,24,616,11,0.499,0.554,0.133,187,4.7,14,9.5,13,2.1,1.8,20,18,0.2,0.7,0.8,0.055,-0.7,-0.4,-1.1,NA,florida-international,2023
8,Seth Pinkney,C,31,13,475,14.9,0.713,0,0.508,108,5.6,13.4,9.6,2.6,1.1,9.8,13.9,9.9,0.9,0.5,1.5,0.122,-2.4,2.1,-0.3,NA,florida-international,2023
9,John Williams Jr.,G,32,8,456,11.4,0.489,0.329,0.276,160,2.4,12.7,7.7,10.1,2.6,1.7,18.5,23.2,-0.1,0.5,0.4,0.034,-4,-1.1,-5.1,NA,florida-international,2023
10,Jayden Brewer,G,19,0,164,26.7,0.663,0.107,0.304,74,6.6,16.6,11.8,6.8,2.4,3.5,9.8,21.7,0.6,0.2,0.8,0.19,4.7,-0.7,4,NA,florida-international,2023
11,Jaden Grant,G,23,0,141,6,0.377,0.278,0.222,19,2.6,12.1,7.5,7.9,3.6,0.8,23.2,9.2,-0.1,0.2,0.1,0.029,-4.5,2.5,-2,NA,florida-international,2023
12,Dante Wilcox,G,17,0,126,6,0.504,0.118,0.353,28,11.5,9,10.2,7.8,1.3,4.5,37.7,12.7,0,0.1,0.1,0.022,-8.5,-0.4,-8.9,NA,florida-international,2023
13,Cameron Wilson,G,4,0,13,0.8,0,0.5,0,1,0,8.7,4.5,11.5,4.3,0,0,7.7,0,0,0,-0.034,-11.1,4.9,-6.1,NA,florida-international,2023
NA,Team Totals,,32,32,6500,NA,0.552,0.361,0.291,NA,NA,NA,NA,NA,NA,NA,NA,NA,6.8,7,13.8,0.085,-0.6,0,-0.7,NA,florida-international,2023
1,Arturo Dean,G,31,30,894,17.4,0.473,0.224,0.219,437,3.8,17.2,10.1,28.9,6.5,0.6,20.6,29.9,-0.3,1.8,1.5,0.066,-1.5,1.6,0.2,NA,florida-international,2024
2,Javaunte Hawkins,G,33,22,890,16.2,0.546,0.621,0.195,403,1.3,8.2,4.5,16.8,2.5,0.1,11.2,24.7,1.5,0.7,2.3,0.103,1.9,-2.3,-0.4,NA,florida-international,2024
3,Petar Krivokapic,G,33,14,648,9.8,0.504,0.671,0.221,214,3,6,4.4,6.3,1.9,0.2,12.6,20.1,0.3,0.4,0.7,0.044,-2.1,-3.3,-5.4,NA,florida-international,2024
4,Dashon Gittens,G,22,22,606,13.9,0.52,0.4,0.359,215,4.6,10,7.1,15,3.2,1.1,15.7,18.8,0.7,0.7,1.3,0.088,-1.2,-0.6,-1.8,NA,florida-international,2024
5,Seth Pinkney,C,33,33,583,15.9,0.679,0.034,0.663,162,7.4,12.9,10,7.3,0.8,10.8,17,11.7,1.2,0.6,1.8,0.124,-3.2,1,-2.2,NA,florida-international,2024
6,Jayden Brewer,G,33,1,576,18,0.515,0.142,0.516,263,6.3,14.7,10.3,10.1,2.4,2.7,11.1,25.7,0.7,0.7,1.4,0.095,0.1,-1.7,-1.6,NA,florida-international,2024
7,Jaidon Lipscomb,G,29,18,529,13.2,0.563,0.814,0.077,176,3,5,4,15.3,2.2,1.3,12.9,17,0.8,0.4,1.1,0.086,-0.1,-1.9,-2,NA,florida-international,2024
8,Jaden Grant,G,29,0,397,5.9,0.424,0.625,0.375,51,3.8,13.4,8.3,6.7,2.4,0.3,21.6,7.3,0,0.4,0.4,0.039,-4.6,-0.5,-5.2,NA,florida-international,2024
9,Dante Wilcox,G,32,12,378,11.1,0.595,0.109,0.436,93,7.1,10.3,8.6,11.7,2.2,3.5,25.7,11.4,0.4,0.4,0.7,0.078,-3.5,0,-3.6,NA,florida-international,2024
10,Mohamed Sanogo,F,21,0,290,14.3,0.559,0.014,0.365,99,9.3,17.2,13,9.9,2.1,3.4,20.9,18.3,0.2,0.4,0.6,0.079,-4,-1.8,-5.8,NA,florida-international,2024
11,Jonathan Aybar,F,13,13,285,13,0.627,0.292,0.323,93,6.4,12.8,9.4,11.1,2.9,1.5,27.9,17.6,0.2,0.3,0.5,0.073,-2.8,-0.5,-3.3,NA,florida-international,2024
12,George Pridgett,G,27,0,277,13.9,0.509,0.818,0.131,95,1.6,8.8,4.9,8,3.4,0.8,6.2,19.6,0.3,0.3,0.6,0.091,1.3,-0.8,0.5,NA,florida-international,2024
13,Okechukwu Okeke,F,25,0,222,17.1,0.58,0.093,0.315,71,9.7,21.3,15.1,5.1,1.3,8,17.3,16.4,0.3,0.3,0.6,0.103,-2.2,-0.8,-3,NA,florida-international,2024
14,Onyx Pastoriza,G,1,0,9,40.1,0.786,0.571,0,7,0,40.4,19,50.2,0,0,22.2,48.4,0,0,0,0.128,NA,NA,NA,NA,florida-international,2024
15,Renato Ruiz,G,1,0,8,39.9,1.5,1,0,5,13.4,15.2,14.2,92.5,0,13.8,50,12.1,0.1,0,0.1,0.386,NA,NA,NA,NA,florida-international,2024
NA,Team Totals,,33,33,6592,NA,0.532,0.414,0.283,NA,NA,NA,NA,NA,NA,NA,NA,NA,6.2,7.4,13.6,0.083,-1.3,-0.9,-2.2,NA,florida-international,2024
1,Dashon Gittens,G,33,31,903,12.6,0.479,0.436,0.288,281,6.4,10.3,8.3,11.5,3.2,2.1,13.9,18.1,0.6,1.4,1.9,0.086,-2.3,0.8,-1.5,NA,florida-international,2025
2,Jayden Brewer,G,31,28,830,21.6,0.543,0.198,0.514,416,4.7,18.2,11.2,15.5,2.6,2.1,11.5,28,1.6,1.4,3,0.144,3,0.6,3.7,NA,florida-international,2025
3,Asim Jones,G,33,22,827,14.1,0.547,0.219,0.584,300,1.4,10,5.5,17.7,2.6,1.7,17.9,20.4,0.8,1.1,2,0.096,-1.9,0.1,-1.8,NA,florida-international,2025
4,Ashton Williamson,G,33,16,798,11.5,0.469,0.353,0.141,252,2.1,10.3,6,22.6,3.7,0.9,19.7,19.9,-0.1,1.3,1.1,0.056,-3.3,1,-2.3,NA,florida-international,2025
5,Jonathan Aybar,F,31,31,769,13.2,0.496,0.412,0.473,288,7.7,15.3,11.3,7.7,2.4,2.5,16.3,22.9,0.3,1.2,1.5,0.078,-2.4,-0.3,-2.7,NA,florida-international,2025
6,Vianney Salatchoum,C,30,29,705,18.1,0.54,0.035,0.272,286,9.7,15.6,12.5,5.6,1.3,9.6,16.1,24,0.6,1.2,1.8,0.1,-2.9,0.2,-2.6,NA,florida-international,2025
7,Dante Wilcox,G,31,2,476,6.9,0.487,0.069,0.444,98,6.6,13.7,10,8.8,0.8,2.7,26.2,12.3,-0.1,0.6,0.5,0.043,-5.7,-0.5,-6.2,NA,florida-international,2025
8,Jaden Grant,G,33,2,465,6.6,0.465,0.471,0.157,57,2.2,10.2,6,8.3,3.7,0.5,25.7,7.9,-0.1,0.7,0.6,0.051,-5.3,3,-2.4,NA,florida-international,2025
9,Kole Williams,G,33,2,361,5.6,0.462,0.44,0.053,72,5.3,7.7,6.4,5.7,1.4,2.6,19.8,13.2,-0.1,0.4,0.3,0.032,-5.6,-0.6,-6.3,NA,florida-international,2025
10,Travis Gray,F,26,1,313,14.2,0.469,0.569,0.216,113,4.3,21.7,12.6,12.1,3.1,3,11.7,23,0.1,0.6,0.7,0.093,-2,1.1,-0.9,NA,florida-international,2025
11,George Pridgett,G,18,1,113,12.3,0.556,0.794,0.176,36,2,5.4,3.6,8.9,2.5,0,9.8,17.9,0.2,0.1,0.3,0.106,-2.7,0,-2.6,NA,florida-international,2025
12,Okechukwu Okeke,F,7,0,78,16.1,0.535,0.071,0.214,30,14.4,20.2,17.1,3,0.7,1.5,13.9,22.8,0.1,0.1,0.2,0.09,-4.5,-2.3,-6.9,NA,florida-international,2025
13,Jaidon Lipscomb,G,2,0,21,-4.3,0,1,0,0,0,5.8,2.8,7.8,2.7,0,0,9.4,-0.1,0,0,-0.065,-10.8,-0.2,-11,NA,florida-international,2025
14,Renato Ruiz,G,6,0,16,31.8,1.167,0.333,0,7,0,15.1,7.3,44.1,7.2,0,25,12.4,0.1,0,0.1,0.306,-1.1,16,14.9,NA,florida-international,2025
15,Onyx Pastoriza,G,4,0,15,-9.4,0.151,0.667,0.222,5,0,8.1,3.9,48.8,0,0,9.1,36.2,-0.1,0,-0.1,-0.232,-27.7,-16.9,-44.6,NA,florida-international,2025
16,Olajuwon Ibrahim,F,3,0,9,-8.3,NA,NA,NA,0,0,26.9,12.9,0,0,13.2,100,11,-0.1,0,0,-0.144,-4.9,-0.6,-5.5,NA,florida-international,2025
NA,Team Totals,,33,33,6699,NA,0.508,0.303,0.348,NA,NA,NA,NA,NA,NA,NA,NA,NA,3.6,10.2,13.9,0.083,-2.5,0.5,-2,NA,florida-international,2025
1,Corey Stephenson,G,31,31,964,20.9,0.579,0.43,0.379,514,8.3,14,11.2,10.2,2.4,1.9,12.8,26.9,2.3,1.4,3.7,0.152,4,-0.5,3.5,NA,florida-international,2026
2,Zawdie Jackson,G,31,31,899,17.2,0.603,0.322,0.64,377,2.3,7.1,4.7,18.4,2.4,0.1,11.9,18.4,2.4,1,3.4,0.151,1,0.2,1.3,NA,florida-international,2026
3,Eric Dibami,F,30,30,866,16.8,0.531,0.005,0.565,301,12.2,15.7,14,8.2,2.7,5.9,15.2,16.7,1,1.5,2.5,0.118,-0.7,1.2,0.6,NA,florida-international,2026
4,Larry Olayinka,F,32,32,759,19.1,0.553,0.054,0.417,320,13.2,17.4,15.3,7.3,2.3,6.8,14.5,20.9,1.1,1.3,2.5,0.131,-1.6,0.4,-1.2,NA,florida-international,2026
5,Julian Mackey,G,30,9,684,17.7,0.559,0.537,0.381,335,1.9,9.3,5.6,15.3,2.3,1.4,11.2,25.6,1.4,0.8,2.2,0.13,2.5,-0.7,1.8,NA,florida-international,2026
6,Brit Harris,G,32,0,599,12,0.514,0.703,0.215,175,1.3,13.4,7.3,13.9,3,1,13,15.6,0.5,0.9,1.4,0.095,-1.9,1.2,-0.7,NA,florida-international,2026
7,Ashton Williamson,G,26,25,589,9.9,0.48,0.492,0.111,204,1.1,10.1,5.6,19.9,2.6,0.4,19.6,20.7,-0.1,0.7,0.7,0.046,-3.8,-0.8,-4.5,NA,florida-international,2026
8,Olajuwon Ibrahim,F,32,2,452,13,0.557,0.011,0.463,124,8.7,15.6,12.1,1.9,2.2,5.8,15.3,14.2,0.4,0.7,1.1,0.097,-4,0.9,-3.1,NA,florida-international,2026
9,Thiago Sucatzky,G,32,0,442,9.1,0.5,0.238,0.219,140,1.2,6.9,4.1,27.8,3.1,0.3,29.7,17.4,-0.1,0.5,0.4,0.038,-4,-0.9,-4.9,NA,florida-international,2026
10,Kennedy Brown,F,21,0,146,6.7,0.407,0.086,0.257,35,8.2,15.6,11.9,5.7,0.8,4.9,16.9,15.1,-0.1,0.2,0.1,0.031,-8.1,-1.3,-9.4,NA,florida-international,2026
11,Amarion Nimmers,G,5,0,42,3.3,0.279,0.727,0.636,9,0,5.2,2.6,10.9,1.3,5.7,0,15.9,0,0,0,0.004,-6.1,-2.4,-8.4,NA,florida-international,2026
12,Renato Ruiz,G,8,0,28,3.9,0.75,0,0,5,3.9,0,1.9,0,2,0,20,8.3,0,0,0,0.066,-11.3,-1.5,-12.7,NA,florida-international,2026
13,Aydan Clinton,F,2,0,5,25.8,0.769,0,2,2,0,21.6,10.9,0,0,0,0,18.2,0,0,0,0.206,19.7,4.4,24,NA,florida-international,2026
NA,Team Totals,,32,32,6475,NA,0.548,0.334,0.39,NA,NA,NA,NA,NA,NA,NA,NA,NA,9,9.1,18.1,0.112,-0.6,0.1,-0.5,NA,florida-international,2026
1,Darian Thibodeaux,G,30,30,1052,10.9,0.613,0.687,0.097,239,2.9,6.6,4.9,11.6,1.2,0.6,17.4,12.3,1.5,0.6,2.1,0.081,1,-0.6,0.4,NA,houston,2011
2,Zamal Nixon,G,30,29,1005,17.1,0.593,0.338,0.479,345,1.4,7.4,4.6,28.2,3.2,0.7,20.9,17.2,2.3,1.1,3.3,0.133,1.3,0.9,2.3,NA,houston,2011
3,Adam Brown,G,27,24,891,15.9,0.542,0.392,0.226,333,3.8,10.6,7.4,19.8,1.9,0.7,17,22.1,1.4,0.8,2.3,0.103,2.2,-0.4,1.8,NA,houston,2011
4,Maurice McNeil,F,29,24,801,22,0.545,0,0.591,353,10.7,21.2,16.2,5.5,1.7,5.4,16.5,27.6,1.2,1.3,2.5,0.125,0.4,-0.1,0.3,NA,houston,2011
5,Alandise Harris,F,27,17,627,15.9,0.529,0.126,0.656,249,10.4,16.4,13.6,8,1,4.3,21.8,25.6,0.4,0.8,1.2,0.077,-1.2,-0.8,-2.1,NA,houston,2011
6,Kendrick Washington,F,23,0,475,16.9,0.542,0.007,0.61,181,8.5,18,13.5,9,2,2.6,18.6,23.7,0.5,0.7,1.2,0.104,-1.7,0.3,-1.4,NA,houston,2011
7,Kirk Van Slyke,F,29,16,459,14.4,0.522,0.373,0.211,166,6.8,15.2,11.3,5.9,0.7,4.5,14.5,23.6,0.5,0.5,1,0.09,-1.8,-0.8,-2.6,NA,houston,2011
8,Nick Haywood,G,30,2,341,3.4,0.394,0.621,0.517,62,1.8,5.5,3.8,9.6,1.4,0,20.8,14,-0.2,0.2,0,-0.001,-4.6,-0.7,-5.3,NA,houston,2011
9,Mikhail McLean,F,27,7,248,6.3,0.549,0,0.725,55,4.1,8.9,6.6,3.2,0.7,2.1,24,14.9,0.1,0.2,0.2,0.037,-5.3,-0.9,-6.1,NA,houston,2011
10,Trumaine Johnson,G,10,0,160,-0.4,0.425,0.429,0.107,33,1.6,6.9,4.4,23.6,0.8,0.6,44.9,17.5,-0.4,0.1,-0.3,-0.071,-7.4,-2.7,-10.1,NA,houston,2011
11,Cory Tellis,G,8,1,63,4,0.5,0.5,0,9,0,7,3.7,20.4,1,0,33.3,7.5,0,0,0.1,0.033,-4.4,-0.3,-4.6,NA,houston,2011
12,Donald Brooks,G,2,0,2,0,NA,NA,NA,0,0,0,0,0,0,0,NA,0,0,0,0,-0.002,0.8,-3.1,-2.3,NA,houston,2011
13,Rakim Stevenson,F,1,0,1,-43.8,0,0,0,0,0,0,0,0,0,0,0,52.3,0,0,0,-0.7,-42.1,-15.4,-57.4,NA,houston,2011
NA,Team Totals,,30,30,6125,NA,0.546,0.286,0.409,NA,NA,NA,NA,NA,NA,NA,NA,NA,7.4,6.3,13.7,0.09,-0.3,-0.3,-0.6,NA,houston,2011
1,Joe Young,G,30,16,904,15.6,0.538,0.491,0.167,325,2.9,11.2,7.1,15.1,1.7,0.6,14.6,20.6,1.7,0.5,2.3,0.101,1.7,-0.8,0.9,NA,houston,2012
2,Jonathon Simmons,G,30,29,902,19.5,0.599,0.276,0.468,415,5.6,13.9,9.8,14.9,1.4,1.2,21.4,26.1,2,0.6,2.6,0.115,2,-1.5,0.5,NA,houston,2012
3,Alandise Harris,F,30,29,894,21.4,0.57,0.09,0.543,378,8.9,16.7,12.8,7.9,1.4,4.3,14.9,23.1,2.3,0.9,3.1,0.14,2.6,-0.1,2.5,NA,houston,2012
4,Darian Thibodeaux,G,30,25,853,10.2,0.491,0.642,0.158,196,3.3,8.8,6.1,15,1.4,0.8,16.5,12.5,1,0.4,1.3,0.063,-0.5,-0.6,-1.1,NA,houston,2012
5,TaShawn Thomas,F,30,30,847,24.4,0.576,0.008,0.347,321,13.8,20.5,17.2,7.9,1.7,7.3,14.4,19.3,2.1,1.1,3.3,0.155,3.7,1,4.7,NA,houston,2012
6,J.J. Thompson,G,30,19,738,6.7,0.44,0.306,0.158,191,1.6,6.7,4.2,18,1.7,0.4,24.5,17.8,-0.2,0.3,0.1,0.004,-3.8,-1.5,-5.3,NA,houston,2012
7,Leon Gibson,F,27,1,340,14.5,0.506,0.011,0.337,109,10.3,21.1,15.8,6.2,0.5,2.8,15.8,18.7,0.4,0.3,0.7,0.087,-1.6,-1,-2.6,NA,houston,2012
8,Kirk Van Slyke,F,27,1,313,16.8,0.518,0.278,0.308,144,9.2,13.9,11.6,4,0.4,1.5,12.6,28,0.7,0.2,0.8,0.106,-0.9,-3,-3.9,NA,houston,2012
9,Jimmie Jones,G,16,0,138,9.8,0.7,0.5,0.3,22,0,3.4,1.7,21.4,6,0,55.1,9.3,0,0.2,0.1,0.034,-1.6,4.3,2.6,NA,houston,2012
10,LeRon Barnes,G,5,0,66,10.2,0.462,0.5,0.4,14,3.7,21.4,12.6,17.9,2.7,1.5,29.6,12.9,0,0.1,0.1,0.054,-1.9,3.5,1.6,NA,houston,2012
11,Mikhail McLean,F,5,0,65,6,0.446,0,0.778,12,7.4,19.9,13.7,2.5,0,3,28.9,13.4,0,0,0,0.009,-5.2,-2.1,-7.2,NA,houston,2012
12,Donald Brooks,G,4,0,9,-2.1,0,0,0,1,0,0,0,17,0,0,0,5.6,0,0,0,-0.042,-7.7,-3.4,-11.1,NA,houston,2012
13,Rakim Stevenson,F,3,0,6,0,NA,NA,NA,0,0,0,0,0,0,0,NA,0,0,0,0,-0.013,-2.8,-3.5,-6.3,NA,houston,2012
NA,Team Totals,,30,30,6075,NA,0.543,0.271,0.33,NA,NA,NA,NA,NA,NA,NA,NA,NA,9.8,4.6,14.5,0.095,0.6,-0.6,0,NA,houston,2012
1,TaShawn Thomas,F,33,33,1072,27.6,0.569,0.021,0.333,542,10.6,24,17.3,16.2,1.8,5.2,12.3,25.6,3.6,1.7,5.3,0.197,4.8,0.5,5.3,NA,houston,2013
2,Joe Young,G,32,30,1048,23.1,0.6,0.389,0.396,517,2,10.3,6.2,15.2,1,0,7.9,24.3,4.4,0.6,5,0.191,5.8,-2.3,3.5,NA,houston,2013
3,Danuel House,G,33,27,944,18.2,0.547,0.326,0.598,398,6,13.9,10,12,1.9,0.9,14.2,22.6,2.3,0.9,3.2,0.134,1.8,-1.3,0.5,NA,houston,2013
4,Jherrod Stiggers,G,33,6,684,14.3,0.551,0.78,0.15,234,3.4,11.4,7.4,7.5,2.3,0.6,15.6,20.6,1,0.6,1.6,0.093,1.4,-1.5,0,NA,houston,2013
5,Tione Womack,G,33,12,620,8.8,0.471,0.247,0.259,121,0.7,10.4,5.6,22,2.8,1,30.6,10.9,0.1,0.6,0.7,0.048,-3.1,0.4,-2.7,NA,houston,2013
6,J.J. Thompson,G,29,21,608,10.6,0.521,0.292,0.46,193,1.3,4.7,3,23.7,2.3,0,26.1,18.2,0.4,0.4,0.8,0.053,-2.7,-2.2,-4.9,NA,houston,2013
7,Leon Gibson,F,32,14,517,21.6,0.549,0.083,0.566,216,17.2,22.7,20,6.1,1.1,3.5,14,20.3,1.4,0.7,2.1,0.163,1.6,-2.4,-0.8,NA,houston,2013
8,Brandon Morris,G,32,8,391,11.3,0.488,0.367,0.19,98,3.8,13.8,8.8,17.2,2.9,1.3,23.9,14.2,0.2,0.5,0.7,0.072,-2.4,0.8,-1.6,NA,houston,2013
9,Mikhail McLean,F,26,11,346,8.6,0.5,0,0.844,77,11.7,10.6,11.2,4.3,1.2,1.5,22.2,11.5,0.3,0.2,0.5,0.06,-2.3,-1.4,-3.8,NA,houston,2013
10,J.J. Richardson,F,19,2,179,9.2,0.508,0,0.375,64,6.5,14.8,10.6,7.4,1.6,1.1,24.1,23.8,0,0.2,0.2,0.037,-6.6,-1.7,-8.3,NA,houston,2013
11,Valentine Izundu,C,20,0,159,17.7,0.66,0,0.857,36,8,6.5,7.3,2.2,0.7,13.9,6.3,9.7,0.4,0.2,0.5,0.128,1.1,2.6,3.7,NA,houston,2013
12,LeRon Barnes,G,16,1,156,7.3,0.368,0.122,0.268,38,9.6,16.9,13.3,4.4,3.3,1.3,14.8,17,-0.1,0.2,0.2,0.044,-6,0.1,-5.8,NA,houston,2013
13,Jimmie Jones,G,11,0,43,11,0.576,0.667,0.333,11,2.7,8,5.4,27,1.3,0,30.2,11.3,0.1,0,0.1,0.072,-0.7,-1.4,-2.1,NA,houston,2013
14,Donald Brooks,G,4,0,7,8.4,1,0,0,1,0,16.4,8.2,0,0,0,50,14,0,0,0,-0.014,-11.3,-6.5,-17.7,NA,houston,2013
15,Lawrence Paye,G,5,0,7,4.3,0.432,0.667,0.333,3,0,16.4,8.2,0,0,0,22.3,31.3,0,0,0,-0.062,-6.2,-4.2,-10.3,NA,houston,2013
NA,Team Totals,,33,33,6781,NA,0.552,0.28,0.398,NA,NA,NA,NA,NA,NA,NA,NA,NA,14.2,6.6,20.8,0.123,1.1,-1,0.1,NA,houston,2013
1,TaShawn Thomas,F,33,33,1044,27.3,0.598,0.017,0.47,482,10.4,18.5,14.5,14,2.3,8.5,14.8,24.5,2.7,1.6,4.2,0.162,5.3,2.6,7.9,NA,houston,2014
2,L.J. Rose,G,28,25,795,14.8,0.533,0.332,0.474,298,1.5,8.6,5.1,36.3,1.4,0.2,21.8,19.2,1.3,0.4,1.6,0.082,2.1,-2,0.1,NA,houston,2014
3,Jherrod Stiggers,G,33,9,782,15.4,0.533,0.7,0.202,322,4.2,8,6.1,9.5,0.8,0.6,8.7,24.9,1.4,0.3,1.7,0.088,4,-2.4,1.6,NA,houston,2014
4,Danuel House,G,24,18,684,18.7,0.534,0.409,0.401,309,6.8,14.4,10.7,14.1,1.6,2.6,14.5,26.8,1.1,0.6,1.7,0.099,3.7,-0.7,3,NA,houston,2014
5,Brandon Morris,G,33,23,664,14.4,0.604,0.626,0.245,194,3.2,8.8,6,11.7,1.9,0.9,11.7,15.1,1.3,0.4,1.7,0.105,2.8,0.7,3.4,NA,houston,2014
6,Tione Womack,G,32,9,620,8.9,0.516,0.327,0.257,137,2.4,9.2,5.9,19.1,1.6,0.3,22.5,12.1,0.4,0.4,0.7,0.047,-1.7,0.4,-1.3,NA,houston,2014
7,Danrad Knowles,F,31,10,595,15.9,0.532,0.149,0.408,208,8,17.5,12.9,5.5,1.3,6.1,16.8,21.5,0.5,0.7,1.2,0.08,-0.8,0.5,-0.2,NA,houston,2014
8,LeRon Barnes,G,30,15,388,10.4,0.459,0.135,0.371,97,5.7,16.1,11,6.2,1.4,3.3,10.3,15.4,0.2,0.4,0.6,0.064,-2.7,0.8,-1.9,NA,houston,2014
9,Jaaron Simmons,G,32,1,353,4.1,0.432,0.136,0.576,76,0.3,6,3.2,18.3,1.5,0,27.1,15,-0.2,0.1,-0.1,-0.011,-5.3,-0.9,-6.1,NA,houston,2014
10,Mikhail McLean,F,28,16,317,9.5,0.521,0,0.717,73,7,10.9,9,2.3,1.7,1.9,16.5,13.7,0.2,0.2,0.4,0.054,-2.4,0.2,-2.2,NA,houston,2014
11,J.J. Richardson,F,24,5,309,10.5,0.549,0,0.468,102,10.2,13,11.6,5.3,1.9,0.6,24.9,21.3,0,0.3,0.3,0.034,-4.6,-1,-5.6,NA,houston,2014
12,Jimmie Jones,G,4,0,42,2.9,0.365,0.4,0.2,5,2.8,5.3,4.1,12.3,1.4,0,35.4,10.3,-0.1,0,0,-0.04,-2.2,-1,-3.3,NA,houston,2014
13,Valentine Izundu,C,4,0,25,-5.4,0,0,2,1,4.7,8.9,6.9,6.4,0,4,50.6,8.1,-0.1,0,-0.1,-0.097,-10.1,-1.2,-11.3,NA,houston,2014
14,Lawrence Paye,G,4,0,4,-32.7,0,0.667,0,0,0,0,0,0,0,0,0,38.4,-0.1,0,-0.1,-0.526,-26.9,-14.9,-41.8,NA,houston,2014
15,Tyus Bowser,G,3,0,3,-43.6,0,0.667,0,0,0,0,0,0,19.9,0,25,68.3,-0.1,0,-0.1,-0.882,-22.5,7,-15.5,NA,houston,2014
NA,Team Totals,,33,33,6625,NA,0.541,0.315,0.382,NA,NA,NA,NA,NA,NA,NA,NA,NA,8.6,5.3,13.9,0.084,1.1,-0.1,1.1,NA,houston,2014
1,Jherrod Stiggers,G,31,28,1105,14.1,0.517,0.729,0.221,405,1.7,10.3,5.8,17.2,2.1,1,17.3,24.2,1.1,1.3,2.4,0.089,1.4,-0.4,1,NA,houston,2015
2,LeRon Barnes,G,32,31,1083,12.7,0.515,0.417,0.317,245,6.8,15.1,10.8,8.5,1.5,2.3,14.9,12.9,1.3,1.5,2.7,0.101,-0.5,0.9,0.4,NA,houston,2015
3,Devonta Pollard,F,32,26,976,17.2,0.513,0.003,0.478,359,9.3,14.7,11.9,9.8,2.5,1.6,17.5,22.9,1.2,1.5,2.7,0.109,-0.7,0.4,-0.3,NA,houston,2015
4,Danrad Knowles,F,32,31,877,17.5,0.502,0.431,0.375,305,8.5,15,11.6,9.2,1.2,5.3,12,21.3,1.4,1.3,2.7,0.121,1.7,0.5,2.3,NA,houston,2015
5,L.J. Rose,G,19,19,657,11.8,0.468,0.471,0.326,214,1.8,6.7,4.1,34.6,1.6,0.5,20.4,19.8,0.5,0.6,1.1,0.069,-0.2,-1.3,-1.5,NA,houston,2015
6,Eric Weary,G,31,10,558,12.2,0.439,0.714,0.176,165,6.6,16.2,11.2,7,1.8,2.4,12.4,21,0.2,0.8,1,0.072,-1,-0.4,-1.4,NA,houston,2015
7,J.C. Washington,F,27,4,457,8.5,0.458,0.027,0.257,83,8.5,12.2,10.3,5.1,1.5,2.7,18.6,11.6,0.1,0.6,0.7,0.061,-4.1,0.9,-3.2,NA,houston,2015
8,Cavon Baker,G,27,6,431,13.3,0.526,0.599,0.359,165,2.3,8.5,5.3,18.9,2.6,0.5,20.9,25.4,0.3,0.5,0.9,0.08,-1.2,-0.3,-1.5,NA,houston,2015
9,Mikhail McLean,F,15,0,149,11,0.426,0.083,0.5,42,12.4,7.2,9.9,10.8,0.8,2.2,8.2,17,0.2,0.1,0.3,0.078,-3,-0.7,-3.7,NA,houston,2015
10,Wes VanBeck,G,17,0,142,9.6,0.605,0.694,0.167,43,4.6,12.6,8.4,12.9,0,0,27.9,19.8,0.1,0.1,0.2,0.059,-1.3,-2.1,-3.4,NA,houston,2015
11,Egi Gjikondi,F,9,0,38,2.5,0.275,0,0.444,10,22.8,12.5,17.9,10.7,0,5.9,26.8,20.4,-0.1,0,0,-0.029,-12.1,-1.5,-13.6,NA,houston,2015
12,Adam Drexler,F,11,0,26,6.8,0.311,0.8,0.6,6,16.7,9.1,13.1,7.6,2.4,0,13.5,14.9,0,0,0,0.043,-4.4,-1.6,-5.9,NA,houston,2015
13,Tyus Bowser,G,1,0,1,0,NA,NA,NA,0,0,0,0,0,0,0,NA,0,0,0,0,0.008,-5.3,-3.5,-8.8,NA,houston,2015
NA,Team Totals,,32,32,6500,NA,0.498,0.451,0.32,NA,NA,NA,NA,NA,NA,NA,NA,NA,6.3,8.3,14.7,0.09,-0.4,0,-0.4,NA,houston,2015
1,Damyean Dotson,G,32,32,991,23,0.626,0.522,0.204,407,7.1,17.2,12.2,7.7,1.3,0.7,8.5,19.9,3.6,1.3,5,0.2,7,0.2,7.1,NA,houston,2016
2,Devonta Pollard,F,32,25,951,22.1,0.544,0.006,0.558,436,7.1,14.1,10.6,10.2,1.8,2.3,10.8,24.7,2.7,1.3,4,0.17,3.1,0.5,3.7,NA,houston,2016
3,Galen Robinson Jr.,G,32,22,777,15.8,0.527,0.278,0.278,275,1.3,9.6,5.5,25.2,2.5,0.4,17.2,18.9,1.3,1,2.3,0.118,0.4,0.9,1.3,NA,houston,2016
4,LeRon Barnes,G,29,20,718,15.9,0.62,0.571,0.143,179,7.3,16.2,11.8,6.8,1.6,2.3,11.2,11.3,1.6,1,2.6,0.144,3.7,1.7,5.4,NA,houston,2016
5,Ronnie Johnson,G,31,13,691,17.6,0.515,0.292,0.375,305,3.1,10,6.6,23.5,1.9,0.2,15.3,24.5,1.4,0.8,2.2,0.129,2.1,-0.5,1.6,NA,houston,2016
6,Robert Gray Jr.,G,26,9,690,22.1,0.532,0.406,0.284,362,1.8,7.3,4.6,11.7,2.6,0.8,8.4,31.4,2,0.8,2.8,0.161,4.3,0.6,4.9,NA,houston,2016
7,Danrad Knowles,F,32,12,566,17.1,0.57,0.125,0.5,192,12.7,10.7,11.7,2.2,1,5.4,15.6,17.9,1.1,0.7,1.7,0.123,0.4,0.2,0.6,NA,houston,2016
8,Kyle Meyer,F,32,22,446,10.2,0.491,0.167,0.394,91,8.4,13.1,10.8,5,1.6,4.9,22.7,11.5,0.2,0.6,0.9,0.077,-1.7,2,0.3,NA,houston,2016
9,Bertrand Nkali,F,24,4,217,14.1,0.559,0,1.263,47,16.3,11.1,13.7,1.4,1.1,9,18.7,8.7,0.4,0.3,0.7,0.123,-1,1.5,0.5,NA,houston,2016
10,Xavier Dupree,F,21,0,164,9.1,0.484,0.645,0,35,6.9,17.4,12.3,8.8,1.8,2.6,26.2,13,0,0.3,0.3,0.07,-1.7,1.4,-0.3,NA,houston,2016
11,Wes VanBeck,G,20,0,158,21.6,0.616,0.553,0.511,68,5.8,12.5,9.2,10.4,2.3,1.4,13.4,21.6,0.5,0.2,0.7,0.186,5.1,1.3,6.3,NA,houston,2016
12,Eric Weary,G,19,1,129,7.9,0.389,0.561,0.073,39,8.8,8.5,8.7,13.4,0.5,0,10.5,18.6,0.1,0.1,0.2,0.053,-1.8,-1.2,-3,NA,houston,2016
13,L.J. Rose,G,2,0,27,13.2,0.504,0.833,0.333,8,0,8.1,4.1,24.2,0,0,0,13.1,0.1,0,0.1,0.141,2.1,-2.4,-0.3,NA,houston,2016
NA,Team Totals,,32,32,6525,NA,0.553,0.321,0.343,NA,NA,NA,NA,NA,NA,NA,NA,NA,15,8.5,23.4,0.144,2.6,0.6,3.2,NA,houston,2016
1,Damyean Dotson,G,32,32,1098,23.9,0.611,0.567,0.123,482,5.1,18.1,11.5,6.9,1.6,0.6,6.8,23.1,3.9,2,5.9,0.216,8.2,1.3,9.4,NA,houston,2017
2,Galen Robinson Jr.,G,32,28,1031,10.3,0.428,0.233,0.329,274,1.3,10.4,5.8,25.6,1.8,0.5,20.3,15.3,0.5,1.6,2,0.079,-0.9,1.5,0.6,NA,houston,2017
3,Robert Gray Jr.,G,31,29,1002,26.6,0.573,0.335,0.272,591,3.7,9.5,6.6,21.2,2.2,0.6,11.2,32.5,3.7,1.6,5.3,0.212,8.1,1.6,9.7,NA,houston,2017
4,Danrad Knowles,F,31,25,713,14.5,0.495,0.057,0.448,235,9.1,9.5,9.3,3.9,0.7,5.1,9.9,19,1.1,1,2.1,0.119,-0.7,0.9,0.2,NA,houston,2017
5,Wes VanBeck,G,32,5,708,16,0.645,0.605,0.401,235,3.2,10.2,6.7,12.8,1.5,0.3,13.4,15.8,2,1,3,0.172,2.5,2,4.5,NA,houston,2017
6,Kyle Meyer,F,32,18,527,9.9,0.475,0.2,0.415,104,11.8,13.3,12.6,5.9,1,3,18.8,9.4,0.5,0.9,1.4,0.105,-1.5,2.1,0.5,NA,houston,2017
7,Devin Davis,F,20,13,417,16,0.484,0.028,0.389,167,9.5,19.3,14.4,9.1,2,2.9,16.2,25.3,0.3,0.9,1.2,0.111,-2.2,1.6,-0.6,NA,houston,2017
8,Bertrand Nkali,F,31,5,353,12,0.531,0,0.867,60,11.2,10.7,11,1.4,0.9,13.1,19.1,7.7,0.4,0.7,1.1,0.122,-2.2,4.7,2.5,NA,houston,2017
9,Armoni Brooks,G,28,3,341,15.3,0.566,0.663,0.096,106,3.7,17.5,10.5,3.9,2,0.7,12.1,18.8,0.5,0.6,1.2,0.135,1.6,1.3,3,NA,houston,2017
10,Morris Dunnigan,G,20,0,125,10.1,0.42,0.353,0.255,42,2.7,12.9,7.8,3.1,1.9,0,6.5,25.4,0,0.2,0.2,0.066,-5,-0.2,-5.2,NA,houston,2017
11,Xavier Dupree,F,17,2,97,10.4,0.476,0.526,0.105,22,4.7,20.1,12.3,12.2,3.1,5,26,14.4,0,0.2,0.2,0.097,-2.9,4.9,1.9,NA,houston,2017
12,Mateen Hirbod,G,8,0,13,22.8,0.58,0.6,0.8,8,8.7,0,4.4,15.2,0,0,12.7,31.5,0.1,0,0.1,0.196,3.7,-2.4,1.3,NA,houston,2017
NA,Team Totals,,32,32,6425,NA,0.546,0.358,0.286,NA,NA,NA,NA,NA,NA,NA,NA,NA,13,10.7,23.7,0.148,2.3,1.7,4,NA,houston,2017
1,Robert Gray Jr.,G,34,34,1084,24.6,0.563,0.348,0.404,644,2.5,10.4,6.5,28.5,2,0.4,12,30.4,4,2,6.1,0.223,7.5,2.3,9.8,NA,houston,2018
2,Corey Davis Jr.,G,35,30,1057,18.1,0.621,0.719,0.219,420,2.5,8.8,5.7,14.7,1.7,0.1,11.9,19.8,3.1,1.8,4.9,0.186,5.7,2.4,8.2,NA,houston,2018
3,Devin Davis,F,35,35,909,18.7,0.518,0.022,0.301,366,7,20,13.6,10,1.5,3.2,9.4,22.4,1.8,2,3.8,0.169,1.6,2.9,4.6,NA,houston,2018
4,Galen Robinson Jr.,G,35,32,859,11.4,0.501,0.156,0.34,219,1.5,9.5,5.6,24.9,3.1,0.4,26.1,12.9,0.7,1.8,2.4,0.113,-1,4.3,3.3,NA,houston,2018
5,Armoni Brooks,G,35,1,704,20.7,0.598,0.764,0.104,273,4.8,15.5,10.3,4.6,2.2,2,4.9,20.3,2.1,1.5,3.7,0.208,7.1,2.7,9.8,NA,houston,2018
6,Fabian White Jr.,F,35,0,577,17.1,0.592,0,0.418,198,10.8,15.4,13.2,8.2,1.5,6.6,19.9,17.3,1,1.3,2.3,0.161,-0.2,3.9,3.7,NA,houston,2018
7,Nura Zanna,F,35,3,515,8.8,0.543,0,0.701,116,13.3,16.5,14.9,1.9,1.2,0.7,25.1,11.6,0.4,1,1.4,0.108,-2.8,2,-0.7,NA,houston,2018
8,Wes VanBeck,G,29,8,488,14.9,0.595,0.744,0.384,175,6.6,12,9.4,11.1,1.8,0.5,18.3,18.5,1,0.9,1.9,0.156,2.2,2.2,4.5,NA,houston,2018
9,Breaon Brady,F,33,31,412,12.1,0.569,0,0.299,140,13.2,23.6,18.5,3.2,0.9,2.9,26.5,20.1,0.2,1,1.1,0.11,-4.8,1.7,-3.1,NA,houston,2018
10,Chris Harris,C,22,1,163,10.3,0.574,0,0.68,35,7.1,21.7,14.6,1.1,0.4,8.1,25,13.5,0,0.4,0.4,0.094,-4.9,3.4,-1.5,NA,houston,2018
11,Gabe Grant,F,24,0,127,17.1,0.478,0.659,0.5,50,7.4,15.9,11.8,5.6,1.9,2.9,5.2,22.9,0.3,0.3,0.5,0.164,1.8,1,2.8,NA,houston,2018
12,Valentine Sangoyomi,C,13,0,58,0.5,0.311,0,0.6,11,8,22.8,15.6,5.3,0,2.1,31.8,16.2,-0.1,0.1,0,-0.009,-7.7,0.5,-7.2,NA,houston,2018
13,Mike Adewunmi,G,14,0,36,0,0.101,0.875,0.5,4,3.2,15.3,9.4,8.2,3.2,0,0,13.7,-0.1,0.1,0,-0.009,-7.3,2.9,-4.4,NA,houston,2018
14,Cedrick Alley Jr.,F,2,0,13,-5.2,0,1,0,1,0,8.5,4.3,11.3,0,0,0,7.7,0,0,0,-0.017,-7.5,0.7,-6.8,NA,houston,2018
NA,Team Totals,,35,35,7002,NA,0.563,0.372,0.326,NA,NA,NA,NA,NA,NA,NA,NA,NA,14.3,14.3,28.5,0.163,2.3,2.7,5,NA,houston,2018
1,Corey Davis Jr.,G,37,36,1222,21.2,0.579,0.615,0.27,574,2.4,8.3,5.4,16.9,1.8,0.3,9,24.5,4.3,2.4,6.6,0.218,6.7,2.6,9.3,NA,houston,2019
2,Armoni Brooks,G,37,36,1135,18,0.553,0.729,0.108,417,3.9,17.9,11.1,5.5,1.5,1.2,6.7,21.2,2.6,2.6,5.3,0.186,5.8,2.2,8,NA,houston,2019
3,Galen Robinson Jr.,G,37,37,1107,15.8,0.538,0.342,0.372,359,1.8,9,5.5,29.1,2.6,0.3,18.6,15.4,2.2,2.3,4.5,0.164,2.4,3.6,6,NA,houston,2019
4,Nate Hinton,G,37,1,712,18.7,0.533,0.381,0.321,264,6.3,17.9,12.3,11.2,3.2,0.5,11.9,20.1,1.5,1.9,3.4,0.193,2.6,4.2,6.8,NA,houston,2019
5,Cedrick Alley Jr.,F,37,16,665,11,0.48,0.72,0.236,174,6.1,11.5,8.9,6.7,1.5,1.7,12.7,15.5,0.7,1.4,2,0.123,1,2.5,3.5,NA,houston,2019
6,Fabian White Jr.,F,32,21,588,15.1,0.496,0.006,0.387,212,11.8,11.7,11.8,7.1,1.4,4,13.9,20.3,0.9,1.3,2.2,0.147,-0.7,2.5,1.8,NA,houston,2019
7,Dejon Jarreau,G,30,0,540,21,0.547,0.173,0.513,279,2.1,20,11.3,37.3,1.9,3.2,21,28,1.2,1.4,2.6,0.191,3.2,4.7,7.9,NA,houston,2019
8,Breaon Brady,F,37,36,516,21,0.593,0,0.356,210,12.1,18.7,15.5,6.4,2.1,5.7,16.1,21.7,1.2,1.4,2.6,0.202,-0.7,3.8,3.2,NA,houston,2019
9,Brison Gresham,F,37,1,506,17.2,0.676,0,0.449,138,13.7,13.7,13.7,5,1.3,11.7,27.6,13,0.8,1.3,2.1,0.168,-1.6,5.3,3.7,NA,houston,2019
10,Chris Harris,C,26,0,291,19.6,0.602,0,0.707,72,16.1,16.2,16.2,1.2,1.4,11.5,12.7,10.8,0.6,0.8,1.4,0.187,2.3,4.5,6.8,NA,houston,2019
11,Landon Goesling,G,17,1,107,11.1,0.414,0.513,1.026,47,2.1,7.8,5.1,11.3,2.2,0,9.4,30.1,0.1,0.2,0.3,0.105,-6.3,-0.1,-6.4,NA,houston,2019
12,Caleb Broodo,C,8,0,12,14.2,0.5,0,0,3,18.6,43.6,31.5,0,0,0,33.3,12.6,0,0,0,0.126,-0.3,-0.3,-0.7,NA,houston,2019
NA,Team Totals,,37,37,7401,NA,0.55,0.426,0.316,NA,NA,NA,NA,NA,NA,NA,NA,NA,15.9,17.2,33.1,0.179,2.7,3.3,6,NA,houston,2019
1,Nate Hinton,G,31,31,938,21.4,0.54,0.456,0.345,339,9.7,22,15.7,12.9,2.7,0.7,11.1,17.9,2.7,2.2,4.9,0.21,5.6,3.7,9.3,NA,houston,2020
2,Quentin Grimes,G,30,21,838,16.8,0.542,0.449,0.359,344,2.6,12,7.2,19.1,1.7,0.9,17.2,23.8,1.7,1.5,3.1,0.15,2.5,1.9,4.4,NA,houston,2020
3,Fabian White Jr.,F,31,31,735,18.1,0.512,0.008,0.256,280,11.3,14.3,12.8,7.2,1.2,2.5,11.9,21.3,1.6,1.4,3,0.163,1.7,1.7,3.4,NA,houston,2020
4,Marcus Sasser,G,30,17,713,13.3,0.511,0.726,0.148,226,1.4,9.8,5.5,14,1.6,0.5,10.8,18.5,1.4,1.2,2.5,0.142,2.9,2.3,5.2,NA,houston,2020
5,Caleb Mills,G,31,7,699,17.8,0.49,0.369,0.261,354,1.9,11.1,6.4,11.7,1.4,0.9,9.3,32.4,1.7,1.2,2.8,0.161,4.2,1.2,5.4,NA,houston,2020
6,Dejon Jarreau,G,30,17,694,15.4,0.482,0.18,0.55,300,3.6,16.8,10.1,30.9,1.6,2.3,23.3,25.9,0.7,1.4,2.1,0.123,0.5,2.3,2.9,NA,houston,2020
7,Chris Harris,C,30,20,537,21.6,0.644,0,0.395,137,16.1,14,15.1,2.8,0.9,14.2,17.2,10.7,1.3,1.3,2.5,0.187,3.1,4.7,7.8,NA,houston,2020
8,Brison Gresham,F,31,11,466,16.5,0.636,0,0.554,104,14.6,11.2,12.9,3.1,1.2,9.9,19.4,9.3,0.9,1,1.9,0.161,0.5,4.3,4.8,NA,houston,2020
9,Justin Gorham,F,30,0,387,10.2,0.465,0.402,0.354,94,6.7,14.6,10.6,7.4,0.5,1,10.3,13.6,0.5,0.6,1.2,0.121,-0.1,1.6,1.5,NA,houston,2020
10,Cedrick Alley Jr.,F,23,0,206,6.2,0.388,0.576,0.364,32,5.2,8.1,6.6,5,1.5,1.8,9.4,10.2,0.1,0.3,0.4,0.078,-1.7,2.3,0.6,NA,houston,2020
11,Caleb Broodo,C,6,0,12,18.5,1.017,0,1,4,0,27.7,13.7,0,0,0,40.4,20.3,0,0,0,0.151,-3.6,3.6,0,NA,houston,2020
NA,Team Totals,,31,31,6225,NA,0.519,0.343,0.329,NA,NA,NA,NA,NA,NA,NA,NA,NA,12.5,12,24.5,0.158,2.5,2.6,5.1,NA,houston,2020
1,Quentin Grimes,G,30,30,984,23.5,0.558,0.582,0.265,483,5.4,14,9.6,12.2,2.6,1.2,10.3,26.9,3.7,2.4,6.1,0.25,7.9,2.9,10.8,"AP-AA-3,NABC-AA-3,SN-AA-3,USBWA-AA-3",houston,2021
2,Marcus Sasser,G,29,28,925,17.1,0.521,0.66,0.173,361,1.4,7.7,4.6,13.5,2.6,0.1,8.2,22.3,2.6,2,4.6,0.199,4.2,3.1,7.3,,houston,2021
3,Dejon Jarreau,G,31,31,877,19.8,0.524,0.332,0.336,366,4.9,16.2,10.5,28.4,2.7,2.4,19.1,21.9,2.1,2.3,4.4,0.202,4.1,4.3,8.4,,houston,2021
4,Justin Gorham,F,31,31,861,21.7,0.571,0.258,0.462,289,15.4,19,17.1,7.9,1.8,2,9.9,14.5,2.9,2.2,5,0.234,5.4,2.3,7.7,,houston,2021
5,Tramon Mark,G,32,4,642,16.4,0.478,0.326,0.362,251,4.1,12.4,8.2,16,2.8,1,12.4,23.1,1.3,1.6,2.8,0.177,0.1,2.7,2.8,,houston,2021
6,Brison Gresham,F,31,19,533,13.6,0.549,0,0.38,98,8.5,10.9,9.7,3.2,1.8,10.9,18.5,9.6,0.6,1.4,2,0.147,-0.3,5.7,5.4,,houston,2021
7,Reggie Chaney,F,32,13,450,21.8,0.681,0,0.655,149,11.5,10.7,11.1,6.1,2.3,6.4,16.7,14.5,1.4,1.1,2.6,0.229,2.9,4.4,7.3,,houston,2021
8,J'Wan Roberts,F,25,1,269,19.3,0.558,0,0.559,61,14.8,24.5,19.6,5,2.3,6.6,17.3,9.6,0.5,0.8,1.3,0.199,2.7,4.2,6.9,,houston,2021
9,Jamal Shead,G,26,2,257,17.2,0.502,0.312,0.208,93,1.3,10.9,6,28.6,4.9,2.4,22.8,21.1,0.3,0.7,1,0.161,-1.6,3.3,1.7,,houston,2021
10,Fabian White Jr.,F,13,0,203,23.9,0.552,0.079,0.317,82,14.1,14.9,14.5,9.7,1.5,6.8,8.8,19.4,0.7,0.5,1.2,0.244,3.7,2.9,6.6,,houston,2021
11,Cameron Tyson,G,19,1,192,25.1,0.63,0.945,0.044,92,3.4,7,5.2,9,0.9,0,2.1,24.5,1,0.3,1.4,0.287,6.5,-0.4,6.1,,houston,2021
12,Kiyron Powell,C,14,0,81,23,0.459,0,0.188,33,19.1,20.7,19.9,5.1,1.5,6.2,5.4,22.5,0.2,0.2,0.4,0.213,-2.1,-0.5,-2.6,,houston,2021
13,Caleb Mills,G,4,0,76,18.4,0.562,0.138,0.414,33,2.9,4.4,3.7,2.7,4,0,14.7,26.5,0.2,0.2,0.4,0.187,2.7,5.1,7.9,,houston,2021
14,Ryan Elvin,G,8,0,33,12.8,0.5,0.8,0,13,0,10.2,5,11.8,0,0,6.3,24,0.1,0.1,0.1,0.168,8.2,1.8,10.1,,houston,2021
15,Caleb Broodo,C,4,0,17,2.9,0.29,0,0.8,5,13,13.2,13.1,8.8,0,0,12.7,23,0,0,0,0.06,-4.6,-2.1,-6.8,,houston,2021
NA,Team Totals,,32,32,6400,NA,0.542,0.42,0.303,NA,NA,NA,NA,NA,NA,NA,NA,NA,17.7,15.9,33.5,0.21,3.7,3.3,7,,houston,2021
1,Kyler Edwards,G,37,37,1262,17.7,0.509,0.662,0.275,495,3.1,16.7,9.9,16.9,1.9,1.4,10.4,22.7,3.1,2.9,6,0.189,4.6,3,7.6,NA,houston,2022
2,Jamal Shead,G,38,32,1177,17.5,0.495,0.35,0.234,453,2,9,5.5,33.1,3.2,1,16.5,20,2.7,2.6,5.3,0.182,2.6,4,6.6,NA,houston,2022
3,Taze Moore,F,36,31,1082,18.7,0.521,0.406,0.129,384,6.1,12.4,9.3,17.4,3.2,2.8,12.6,19.5,2.4,2.7,5.1,0.188,3.8,4.8,8.6,NA,houston,2022
4,Fabian White Jr.,F,38,38,1056,23.5,0.57,0.348,0.203,431,9.3,13.9,11.6,8.3,2.3,6.7,9.8,22.3,3.3,2.7,5.9,0.224,5.7,3.9,9.6,NA,houston,2022
5,Josh Carlton,F,38,28,825,28.9,0.624,0.003,0.49,410,17.2,15.5,16.3,8,1.3,7.3,15,25.7,3.1,2,5.1,0.247,5.2,2.5,7.7,NA,houston,2022
6,J'Wan Roberts,F,38,0,615,17.7,0.607,0.051,0.564,144,14.5,20.1,17.3,5.4,2.4,3,18.2,10.1,1.2,1.6,2.9,0.186,2.7,3.8,6.5,NA,houston,2022
7,Ramon Walker Jr.,G,28,2,519,7.4,0.489,0.756,0.232,91,4.8,11.6,8.2,4.3,1.2,0.8,14.1,10.4,0.4,1,1.4,0.11,-0.6,2.7,2.1,NA,houston,2022
8,Reggie Chaney,F,37,10,436,16.5,0.698,0,0.79,112,7.1,14,10.6,5.5,2.1,6.7,20.5,12.6,0.9,1.1,2,0.182,-0.1,5.5,5.3,NA,houston,2022
9,Marcus Sasser,G,12,12,384,23.7,0.6,0.652,0.247,180,0.9,9.1,5,15.9,4.2,0.3,12.8,27,1.3,0.9,2.2,0.228,7,4.4,11.4,NA,houston,2022
10,Tramon Mark,G,7,0,143,23.3,0.563,0.327,0.309,68,2.4,11.1,6.8,23.2,4.3,1.9,13.7,26.1,0.5,0.4,0.8,0.236,1.8,4.9,6.7,NA,houston,2022
11,Ja'Vier Francis,F,18,0,74,17.3,0.575,0,0.643,18,7.7,16.8,12.3,0,0.8,19.9,24.7,16.8,0,0.2,0.2,0.116,-2,5.5,3.5,NA,houston,2022
12,Robbie Armbrester,G,17,0,63,9.9,0.451,0.125,0.813,16,1.8,14.4,8.1,2.8,5.9,0,18.4,22.1,-0.1,0.2,0.1,0.07,-6.9,5.2,-1.7,NA,houston,2022
13,Ryan Elvin,G,17,0,39,9.3,0.593,0.857,0.429,9,2.9,0,1.5,4.2,0,0,0,11,0.1,0,0.1,0.144,-0.9,0.8,-0.1,NA,houston,2022
NA,Team Totals,,38,38,7675,NA,0.551,0.389,0.29,NA,NA,NA,NA,NA,NA,NA,NA,NA,18.8,18.4,37.2,0.194,3.5,3.8,7.3,NA,houston,2022
1,Jamal Shead,G,37,37,1205,16.7,0.504,0.412,0.202,444,1.9,8.4,5.2,29.6,3.2,0.9,16.5,19.7,2.4,2.9,5.3,0.174,2.4,4.2,6.6,,houston,2023
2,Marcus Sasser,G,36,36,1108,24.9,0.597,0.576,0.348,552,1.4,8.9,5.2,19.6,3.2,0.7,10.1,26.1,4.6,2.6,7.2,0.261,7.7,4.3,12,"AA-1,AP-AA-1,NABC-AA-1,SN-AA-2,USBWA-AA-1,W-AA-1",houston,2023
3,Tramon Mark,G,37,37,1090,15.6,0.498,0.363,0.311,369,4.9,13.6,9.3,10.9,2.2,1.9,10.7,19.9,2,2.7,4.6,0.17,1.8,3.5,5.3,,houston,2023
4,Jarace Walker,F,36,35,992,22.1,0.534,0.297,0.235,401,9.6,18.2,14,12.5,2.2,6.3,12.3,22.4,2.4,2.8,5.2,0.211,4.5,4.4,8.8,,houston,2023
5,J'Wan Roberts,F,37,36,976,25.4,0.627,0.004,0.337,371,13.2,19.7,16.5,8.6,1.6,6.8,11.6,17.7,3.3,2.8,6.1,0.249,5.3,4.2,9.5,,houston,2023
6,Emanuel Sharp,G,33,0,515,12.4,0.548,0.78,0.264,176,4.5,11.6,8.1,5.5,1.2,0.5,12.7,20.5,1,1.1,2.1,0.163,0.2,1.8,2,,houston,2023
7,Reggie Chaney,F,35,1,471,15,0.625,0,0.471,110,11.1,11.8,11.4,4.3,3,3.4,18.6,11.2,0.8,1.2,2,0.172,0.2,5.1,5.3,,houston,2023
8,Terrance Arceneaux,G,34,1,471,11.9,0.44,0.511,0.143,127,7.4,12.7,10.1,7,2.9,1.4,11.8,17.6,0.3,1.2,1.5,0.129,-0.5,4,3.4,,houston,2023
9,Ja'Vier Francis,F,35,1,362,31.3,0.695,0,0.506,140,16,22,19.1,3.2,2,14.6,8.5,16.8,1.5,1.2,2.7,0.302,4.5,6.4,11,,houston,2023
10,Ramon Walker Jr.,G,10,0,151,6.4,0.463,0.536,0.25,30,5.4,13.2,9.4,4.3,0.8,0,16.1,12.7,0.1,0.3,0.4,0.101,-3.3,2.8,-0.6,,houston,2023
11,Ryan Elvin,G,15,0,44,22.3,0.576,0.632,0.105,18,2.6,7.5,5.1,0,4.2,0,0,23.3,0.2,0.1,0.3,0.245,2.5,5.8,8.3,,houston,2023
12,Darius Bowser,C,6,1,15,1.1,NA,NA,NA,0,0,14.8,7.5,0,0,0,NA,0,0,0,0,0.078,-2.9,2.2,-0.7,,houston,2023
NA,Team Totals,,37,37,7400,NA,0.553,0.379,0.289,NA,NA,NA,NA,NA,NA,NA,NA,NA,18.5,19,37.5,0.203,3.3,4.1,7.4,,houston,2023
1,LJ Cryer,G,37,37,1187,18.6,0.551,0.593,0.144,504,2.2,6.3,4.2,12.1,2.1,0.5,6.3,24.2,3.6,2.5,6,0.203,6.1,3.2,9.3,,houston,2024
2,Jamal Shead,G,37,37,1150,22.6,0.495,0.321,0.24,550,3.3,10.5,6.8,40.3,4.3,2,13.5,25.1,3.1,3.2,6.3,0.22,6.3,6.4,12.7,"AA-1,AP-AA-1,NABC-AA-1,SN-AA-1,USBWA-AA-1,W-AA-1",houston,2024
3,Emanuel Sharp,G,37,32,1043,17.9,0.547,0.616,0.37,415,3.7,10.8,7.2,6.2,3.3,0.4,8.6,23.1,2.7,2.7,5.4,0.206,3.8,4.5,8.3,,houston,2024
4,J'Wan Roberts,F,36,36,961,23.7,0.588,0.004,0.352,356,10.9,18.3,14.5,13.9,2.9,4.5,12.1,17.9,2.6,2.9,5.5,0.229,5.8,6,11.8,,houston,2024
5,Ja'Vier Francis,F,37,37,765,21.1,0.629,0,0.486,220,12,16.7,14.3,2.2,2.8,10.3,14.1,14,1.6,2.4,4,0.211,2.1,6.2,8.3,,houston,2024
6,Damian Dunn,G,37,4,652,11.7,0.473,0.392,0.407,217,4.6,10.4,7.4,4.3,2.8,1,12.6,22.6,0.4,1.6,2,0.124,-0.9,3.3,2.4,,houston,2024
7,Mylik Wilson,G,36,0,574,15.8,0.483,0.197,0.252,163,6.8,18.8,12.6,9.3,3.6,3.3,13.2,17.1,0.6,1.8,2.3,0.162,0.8,5.9,6.7,,houston,2024
8,Joseph Tugler,F,28,1,448,18,0.539,0.026,0.526,116,13.1,16.2,14.6,3.2,3.6,9,11.8,12.8,0.8,1.5,2.2,0.198,-0.7,6.4,5.7,,houston,2024
9,Ramon Walker Jr.,G,27,0,297,11.9,0.488,0.561,0.683,65,10.8,19.3,15,5,1.9,0,12.8,10.9,0.4,0.8,1.2,0.161,0.3,3.7,4,,houston,2024
10,Terrance Arceneaux,G,11,0,201,18.4,0.454,0.368,0.333,66,12.7,15.8,14.2,7.3,3.1,4,5.7,18,0.4,0.6,0.9,0.188,2.6,4.4,7,,houston,2024
11,Cedric Lath,C,25,0,139,2.8,0.267,0,0.714,11,10.4,5.9,8.2,0,0.4,7.7,34.8,5.4,-0.1,0.3,0.2,0.061,-4.9,3.4,-1.5,,houston,2024
12,Ryan Elvin,G,21,1,57,7.8,0.456,0.667,0.333,17,0,4.1,2,6.4,1.1,0,8.8,20.7,0,0.1,0.1,0.093,-2.9,1.2,-1.7,,houston,2024
NA,Team Totals,,37,37,7474,NA,0.531,0.368,0.308,NA,NA,NA,NA,NA,NA,NA,NA,NA,16.1,20.2,36.3,0.194,3.3,5,8.3,,houston,2024
1,LJ Cryer,G,40,40,1306,19.2,0.571,0.579,0.21,562,1.5,7.4,4.4,12.2,1.8,0.4,7.2,24.2,4.3,2.4,6.7,0.206,7.7,3.9,11.6,"AP-AA-3,NABC-AA-3,SN-AA-3,USBWA-AA-3,W-AA-1",houston,2025
2,Milos Uzan,G,40,40,1261,17.3,0.554,0.38,0.157,477,1.3,10.3,5.7,25.9,1.8,0.3,12.2,19.7,3.3,2.5,5.8,0.185,4.7,4.4,9.2,,houston,2025
3,J'Wan Roberts,F,37,37,1120,18.5,0.511,0,0.31,412,9.9,15.7,12.8,11.5,2.1,3.4,13.1,21,1.9,2.7,4.6,0.166,3.7,4.9,8.7,,houston,2025
4,Emanuel Sharp,G,37,36,1011,20,0.604,0.648,0.367,405,2.2,10.8,6.5,5.9,3.2,0,7.4,22,3.4,2.3,5.7,0.227,6.3,5.8,12.1,,houston,2025
5,Joseph Tugler,F,40,33,866,20.2,0.537,0.064,0.378,256,14.5,17.8,16.1,7.7,2.8,12.4,15.8,14.8,1.5,2.7,4.2,0.194,2.3,7.5,9.8,,houston,2025
6,Terrance Arceneaux,G,40,6,812,15.8,0.531,0.376,0.217,246,5.6,10.4,8,6.6,2.9,2.1,9.6,17.7,1.4,1.9,3.3,0.162,3.2,5.3,8.6,,houston,2025
7,Mylik Wilson,G,40,1,699,19,0.485,0.181,0.144,238,7.4,20.2,13.7,15,4.5,2.2,12.5,20.1,1,2.2,3.2,0.181,3.1,7.4,10.5,,houston,2025
8,Ja'Vier Francis,F,38,7,595,20.9,0.64,0.008,0.567,200,14.6,18.6,16.6,1.9,1.7,8.7,18.3,16.7,1.4,1.6,3,0.204,2.3,5.5,7.8,,houston,2025
9,Mercy Miller,G,22,0,189,10.7,0.384,0.444,0.508,62,6.2,20.4,13.2,7.4,2.4,2.2,9.3,24.3,0,0.5,0.5,0.106,-4.2,2.8,-1.4,,houston,2025
10,Cedric Lath,C,20,0,112,9.5,0.401,0,1,22,19.8,6.5,13.2,1.5,0.6,7.5,15.6,9.1,0.1,0.2,0.3,0.112,-3.6,2.3,-1.3,,houston,2025
11,Ramon Walker Jr.,G,8,0,92,12.6,0.596,0.333,0.25,16,7.6,17,12.3,0,1.4,3,6.9,8.3,0.1,0.2,0.4,0.156,0.9,4.2,5,,houston,2025
12,Kordelius Jefferson,G,16,0,59,0.7,0.373,0.619,0.048,13,0,6.1,3,0,1.1,4.7,12.3,22.1,-0.1,0.1,0,0.004,-9.6,1.8,-7.7,,houston,2025
NA,Team Totals,,40,40,8122,NA,0.547,0.347,0.272,NA,NA,NA,NA,NA,NA,NA,NA,NA,18.4,19.4,37.8,0.186,4.1,5.3,9.3,,houston,2025
1,Milos Uzan,G,37,37,1219,13.3,0.493,0.54,0.149,425,1.2,8.1,4.6,21.3,1.8,0.5,10.3,19.6,1.8,2.3,4.1,0.135,2.6,3.8,6.4,,houston,2026
2,Kingston Flemings,G,37,37,1172,23.6,0.563,0.227,0.277,608,1.8,12.9,7.3,32.6,3,1.3,11.1,26,3.8,2.8,6.6,0.225,6.6,6,12.6,"AA-2,AP-AA-3,NABC-AA-2,SN-AA-2,USBWA-AA-2,W-AA",houston,2026
3,Emanuel Sharp,G,37,37,1087,20,0.582,0.613,0.324,509,3,8.6,5.7,11.1,2.5,0.4,6.8,25,3.6,2.2,5.8,0.214,5.9,4.8,10.7,,houston,2026
4,Chris Cenac Jr.,C,37,36,918,19.3,0.546,0.305,0.197,336,10.1,26.1,18,5.5,1.9,2.6,9.3,19.9,1.8,2.6,4.3,0.189,3.7,3.8,7.5,,houston,2026
5,Joseph Tugler,F,37,36,870,22.5,0.601,0.004,0.335,336,14.3,11.1,12.7,10.4,3.3,8.3,15.3,18.1,2.2,2.3,4.5,0.206,3.7,6.9,10.5,,houston,2026
6,Isiah Harwell,G,32,0,443,8.9,0.397,0.659,0.24,114,4.3,12.5,8.3,6.3,2.6,2.4,6.5,17.8,0.1,1,1.1,0.098,-1.1,4.5,3.4,,houston,2026
7,Kalifa Sakho,F,34,1,438,13,0.776,0,0.675,85,10.2,12.9,11.5,1.1,1,6,21,7.8,0.7,1,1.7,0.153,0.1,5.2,5.3,,houston,2026
8,Chase McCarty,F,35,0,431,16.1,0.583,0.826,0.157,134,8.8,13.9,11.3,2.4,1.9,3,6.1,15.7,1,1,2,0.185,3.6,3.9,7.6,,houston,2026
9,Mercy Miller,G,36,0,428,19.4,0.571,0.36,0.295,162,5.2,12.1,8.6,7.4,3.2,1.8,5.9,20.2,1.1,1,2.1,0.198,3.6,6,9.5,,houston,2026
10,Ramon Walker Jr.,G,29,1,313,10.4,0.487,0.586,0.431,77,7.5,12.5,10,7.6,1,0.8,10.3,12.8,0.4,0.6,1,0.128,0.4,3.5,3.9,,houston,2026
11,Cedric Lath,C,21,0,82,9,0.719,0,0.333,13,10.9,8.4,9.7,1.9,0.8,3.2,12.6,5,0.1,0.2,0.3,0.144,-2.2,4.1,1.9,,houston,2026
12,Kordelius Jefferson,G,3,0,12,1.9,0.4,0.4,0,4,0,19.2,9.5,15.9,0,0,16.7,25.7,0,0,0,0.013,-12.1,1.6,-10.5,,houston,2026
13,Jacob McFarland,C,4,0,11,5.3,0,0,1,1,10.2,21,15.5,0,5.6,0,0,6.9,0,0,0,0.063,-5.4,3.8,-1.6,,houston,2026
NA,Team Totals,,37,37,7424,NA,0.551,0.407,0.263,NA,NA,NA,NA,NA,NA,NA,NA,NA,16.5,17,33.5,0.181,3.5,4.9,8.4,,houston,2026
1,Nick Murphy,G,28,28,983,21.7,0.544,0.15,0.456,419,6.7,16.1,11.1,18.5,3.5,1.1,15.7,26.2,2.1,1.4,3.5,0.143,1.9,0.3,2.2,NA,jacksonville-state,2011
2,Stephen Hall,F,30,30,854,15.8,0.517,0.036,0.306,315,9,14.1,11.4,10.5,1.4,3.2,18.1,25.1,0.7,0.8,1.6,0.075,-2.3,-1.5,-3.8,NA,jacksonville-state,2011
3,Jeremy Bynum,G,30,30,848,14,0.531,0.588,0.195,275,1.9,12.4,6.8,12.5,1.2,1,12.3,21.4,1.3,0.7,2,0.092,0.2,-2.2,-1.9,NA,jacksonville-state,2011
4,Sean Thurston,F,26,16,554,7.2,0.463,0.02,0.449,72,10.4,11.9,11.1,3.2,2,7.3,37.7,9.4,-0.3,0.7,0.4,0.026,-6.4,0.9,-5.4,NA,jacksonville-state,2011
5,Brian Williams,G,30,10,524,10.1,0.47,0.43,0.2,139,0.9,8.3,4.4,19.5,2.6,0.9,19.6,19.1,0.1,0.5,0.5,0.04,-3.6,-1,-4.6,NA,jacksonville-state,2011
6,B.J. Miller,G,30,19,498,10.1,0.518,0.695,0.189,177,1.2,7,3.9,23.5,1.9,0.5,23.9,25.7,0.1,0.4,0.4,0.034,-2.1,-3.2,-5.3,NA,jacksonville-state,2011
7,Dominique Shellman,G,16,11,440,5.1,0.384,0.243,0.443,94,1.1,8.3,4.4,32.3,1.6,0.3,34.7,16.1,-0.5,0.3,-0.2,-0.018,-5.8,-2.9,-8.8,NA,jacksonville-state,2011
8,Brice Jenkins,G,29,2,357,7.6,0.43,0.417,0.3,65,4.8,10.2,7.3,10.4,2.5,0.7,18.9,12.9,0,0.3,0.3,0.039,-3.8,0,-3.8,NA,jacksonville-state,2011
9,LeVentrice Gray,F,30,1,347,10.4,0.568,0.021,0.75,74,7,13.3,10,3.7,0.7,3.1,14.5,12,0.5,0.3,0.8,0.091,-4.6,-1.1,-5.7,NA,jacksonville-state,2011
10,Nick Cook,F,26,0,269,12,0.41,0,0.796,65,10.5,19.8,14.8,5.7,2.6,5.3,14.9,17.7,-0.1,0.4,0.4,0.054,-5.1,0,-5.1,NA,jacksonville-state,2011
11,DeAndre Bynum,F,20,3,236,8,0.432,0.333,0.583,56,6.7,9.5,8,11.1,1.1,0.5,15.2,16.7,0,0.1,0.2,0.03,-2.9,-2.2,-5.1,NA,jacksonville-state,2011
12,Frankie Bougher,G,18,0,159,14.5,0.671,0.581,0.047,47,4.6,10.6,7.4,6.2,1.2,1.5,21.4,19.2,0.2,0.1,0.4,0.09,1.6,-2.2,-0.5,NA,jacksonville-state,2011
13,Latiq Agard,F,1,0,5,7.1,1.053,NA,NA,2,0,0,0,0,0,0,51.3,21.3,0,0,0,0.074,-5.3,-6.1,-11.4,NA,jacksonville-state,2011
14,Jonathan Merit,G,2,0,1,0,NA,NA,NA,0,0,0,0,0,63.7,0,100,54.5,0,0,0,-0.58,0,0,0,NA,jacksonville-state,2011
NA,Team Totals,,30,30,6075,NA,0.509,0.306,0.341,NA,NA,NA,NA,NA,NA,NA,NA,NA,4.2,6,10.2,0.067,-2.3,-1.2,-3.4,NA,jacksonville-state,2011
1,Brian Williams,G,33,33,1167,15.3,0.49,0.409,0.189,412,1.3,10,5.2,21,2.3,0.8,11.9,22.5,1.6,1.4,3,0.103,1,0.1,1,NA,jacksonville-state,2012
2,Ronnie Boggs,G,33,25,905,16.5,0.595,0.141,0.333,250,7.6,14.4,10.6,13.1,2.9,1.1,19,14.6,1.6,1.4,3,0.131,0,1,1,NA,jacksonville-state,2012
3,Tarvin Gaines,F,31,17,743,19.7,0.55,0.37,0.449,303,7.6,16.2,11.4,3.9,1,4.4,9.7,23.9,2,1,3,0.161,0.9,-0.6,0.3,NA,jacksonville-state,2012
4,Nick Cook,F,33,23,679,18.5,0.536,0.02,0.551,209,11.2,19.8,15,11.2,1.5,7.9,17,17.1,1,1.2,2.2,0.13,-0.5,1.7,1.2,NA,jacksonville-state,2012
5,Darion Rackley,G,32,4,635,17.7,0.527,0.537,0.684,242,3.6,8,5.6,17.6,3.3,1.6,13.9,22.3,1.3,0.9,2.2,0.138,-0.2,0.5,0.3,NA,jacksonville-state,2012
6,Mason Leggett,G,31,16,594,10.4,0.476,0.177,0.468,165,3.1,14.6,8.2,14.7,2.9,0.8,24.9,20.1,-0.2,0.9,0.7,0.045,-4.8,0.4,-4.5,NA,jacksonville-state,2012
7,Stephen Hall,F,18,14,495,12.8,0.47,0.199,0.43,162,7.4,20.2,13.1,5,1.7,1.6,15.4,22.6,0.3,0.8,1,0.081,-2.1,-0.1,-2.1,NA,jacksonville-state,2012
8,Grant White,G,33,15,470,4.6,0.472,0.398,0.515,119,2.2,9.2,5.3,13.4,1.2,0,29.6,20.2,-0.6,0.4,-0.1,-0.011,-5.8,-2.5,-8.3,NA,jacksonville-state,2012
9,Rinaldo Mafra,F,31,8,420,8.4,0.468,0,0.512,96,6.3,19.6,12.2,3.5,1.5,2.7,19.6,16.5,-0.1,0.6,0.6,0.055,-6.6,0.4,-6.1,NA,jacksonville-state,2012
10,Dion Waiters,G,24,7,385,13.2,0.451,0.206,0.746,100,6.6,15.8,10.7,23.6,4.6,0.3,26,15.6,0.1,0.7,0.9,0.09,-3.4,2.5,-0.8,NA,jacksonville-state,2012
11,Frankie Bougher,G,16,3,152,6.7,0.374,0.755,0.283,47,6.1,10.5,8,14,1.2,0,15.5,24.4,-0.1,0.1,0,0.006,-4,-2.2,-6.2,NA,jacksonville-state,2012
12,Terrence Turner,F,1,0,5,-25.4,0,0,0,0,0,0,0,0,0,0,50,20.8,0,0,0,-0.338,-23.2,-7,-30.2,NA,jacksonville-state,2012
NA,Team Totals,,33,33,6650,NA,0.507,0.303,0.421,NA,NA,NA,NA,NA,NA,NA,NA,NA,7,9.3,16.3,0.098,-1.5,0.3,-1.2,NA,jacksonville-state,2012
1,Brian Williams,G,28,28,1002,15.9,0.491,0.417,0.225,374,1.9,7.6,4.5,27.7,2.8,0.6,15,23.7,1.5,0.7,2.2,0.088,0.8,-2,-1.2,NA,jacksonville-state,2013
2,Ronnie Boggs,G,28,26,964,19.1,0.539,0.274,0.24,318,7.8,16,11.6,15.3,3.5,2,14.6,19.2,1.9,1.3,3.1,0.13,1.6,0.3,1.9,NA,jacksonville-state,2013
3,Tarvin Gaines,F,27,22,856,24.6,0.597,0.311,0.553,394,6.7,16.2,11.1,6.7,2,2.4,10,25.9,3.3,0.9,4.2,0.196,3.3,-1.7,1.6,NA,jacksonville-state,2013
4,Nick Cook,F,28,18,712,15.3,0.502,0,0.693,181,10.4,15.3,12.7,13.6,2.7,7.3,23.7,15,0.6,0.9,1.5,0.084,-2.3,1.1,-1.1,NA,jacksonville-state,2013
5,Mason Leggett,G,27,15,543,8,0.412,0.151,0.452,89,2.5,12.2,7,14.2,3.8,0.4,25.3,11.8,-0.2,0.6,0.5,0.035,-4.2,1,-3.2,NA,jacksonville-state,2013
6,Darion Rackley,G,18,13,532,17.9,0.58,0.506,0.734,226,4,6.4,5.1,11.5,3.4,1.6,20.2,27.1,1,0.5,1.5,0.112,0,-0.7,-0.7,NA,jacksonville-state,2013
7,Rinaldo Mafra,F,28,14,397,14,0.611,0,0.818,111,9.8,15.6,12.5,5.4,0.6,3.3,17.9,15.2,0.8,0.3,1.1,0.11,-3,-1.4,-4.4,NA,jacksonville-state,2013
8,Rico Sanders,G,14,2,175,10.7,0.566,0.651,0.186,44,1.4,5.9,3.5,5,2.1,0.6,14.6,16.9,0.2,0.1,0.3,0.069,-2.2,-2.2,-4.3,NA,jacksonville-state,2013
9,Alex Anderson,G,25,0,170,3.1,0.459,0.375,0.188,35,2.2,5.2,3.6,16.5,1.5,0,35.3,17.1,-0.2,0.1,-0.2,-0.036,-6.2,-3.8,-10,NA,jacksonville-state,2013
10,Chris Deanes,G,20,2,164,6.4,0.548,0.045,0.864,35,3.1,8.1,5.4,11.2,1.1,0,27.9,14.2,0,0.1,0.1,0.024,-4.9,-1,-5.9,NA,jacksonville-state,2013
11,Giovanni Smith,G,9,0,63,-1.6,0.287,0.846,0.154,7,0,4.7,2.2,3,1,1.7,12.5,13.7,-0.1,0,-0.1,-0.047,-7.2,-1.6,-8.9,NA,jacksonville-state,2013
12,Mike Louder,F,6,0,31,12.3,0.505,0,0.444,10,12.1,4.8,8.7,0,0,0,8.4,20.7,0.1,0,0.1,0.083,1.4,-2.2,-0.7,NA,jacksonville-state,2013
13,Darrius Moore,F,8,0,27,7.6,0.339,0,1,3,4.6,49.1,25.1,13.1,0,4,25.3,7.9,0,0.1,0.1,0.09,-9.3,1.1,-8.1,NA,jacksonville-state,2013
14,Gus Klaus,G,4,0,7,8.9,0.5,0.6,0,4,0,42.1,19.4,51.4,0,0,28.6,53.9,0,0,0,-0.057,-30.6,-8.3,-38.8,NA,jacksonville-state,2013
15,Rod McReynolds,G,4,0,7,18.3,0.606,0,0.5,4,0,21,9.7,67.9,9,0,44.7,34.5,0,0,0,0.084,-17.2,10.1,-7.1,NA,jacksonville-state,2013
NA,Team Totals,,28,28,5650,NA,0.537,0.314,0.436,NA,NA,NA,NA,NA,NA,NA,NA,NA,8.8,5.6,14.4,0.102,-0.6,-0.7,-1.3,NA,jacksonville-state,2013
1,Brian Williams,G,29,23,952,13.8,0.451,0.316,0.415,334,1.9,11.3,6.3,24.5,1.8,1,11.5,22.9,0.7,0.5,1.1,0.048,-1.2,-2.1,-3.3,NA,jacksonville-state,2014
2,Darion Rackley,G,30,18,835,18.7,0.538,0.404,0.728,376,3.6,9.3,6.2,17.3,2.7,1.3,14.5,27.5,1.6,0.5,2.1,0.102,0.5,-1.5,-1.1,NA,jacksonville-state,2014
3,Nick Cook,F,31,9,736,12.5,0.474,0,0.684,183,10,17.9,13.7,6.7,1.5,3.7,15.4,15.2,0.4,0.6,1,0.056,-3.2,-1.5,-4.6,NA,jacksonville-state,2014
4,Undra Mitchem,G,31,22,643,10.5,0.495,0.572,0.231,182,2.7,8.4,5.3,13.9,2.8,0.9,17.6,19.4,0.2,0.4,0.6,0.035,-2.9,-1.3,-4.3,NA,jacksonville-state,2014
5,Jamal Hunter,C,31,28,636,15.8,0.626,0,0.511,153,11.3,15.6,13.3,7.1,1.4,7.8,19.4,11.7,1,0.6,1.6,0.101,-3.4,0.2,-3.3,NA,jacksonville-state,2014
6,D.J. Felder,F,30,23,625,18.7,0.562,0.005,0.358,232,9.1,21.1,14.6,6.9,1.6,1.8,13.9,22.1,1.1,0.5,1.6,0.102,-0.3,-1.7,-2,NA,jacksonville-state,2014
7,Avery Moore,G,22,12,465,13.8,0.53,0.716,0.213,163,1,8.4,4.4,15.5,2.4,0,13.7,22.8,0.6,0.2,0.8,0.066,-0.1,-1.9,-2,NA,jacksonville-state,2014
8,Grant White,G,31,13,423,7.2,0.479,0.33,0.489,111,1.4,8.6,4.7,15.7,1.8,0,23.2,19.1,-0.2,0.1,-0.1,-0.005,-5.5,-2.9,-8.4,NA,jacksonville-state,2014
9,Teraes Clemmons,G,24,0,313,13.2,0.53,0.232,0.317,100,6.6,13.7,9.9,13.1,1.8,0.7,15.3,19.1,0.4,0.2,0.6,0.076,-3.2,-1.3,-4.6,NA,jacksonville-state,2014
10,Giovanni Smith,G,21,4,192,9.4,0.582,0.824,0.235,39,0,8.4,3.9,8.6,1,0,7.4,11.4,0.3,0,0.3,0.066,-3,-2,-5,NA,jacksonville-state,2014
11,Rico Sanders,G,14,0,142,9.3,0.445,0.561,0.053,43,1.6,5.7,3.5,5.1,2.7,0,6.4,23.5,0,0.1,0.1,0.022,-4.7,-2.7,-7.4,NA,jacksonville-state,2014
12,Joe Kuligoski,G,9,3,108,9.4,0.437,0.467,0.467,22,9.6,13.7,11.5,14.9,2.3,2,24.7,12.1,0,0.1,0.1,0.033,-4.1,-0.3,-4.4,NA,jacksonville-state,2014
13,Mike Louder,F,14,0,106,13.4,0.58,0.167,0.133,32,7.6,12.7,10,0,0.6,2.1,8.6,17.6,0.2,0,0.2,0.09,-2.2,-2.2,-4.4,NA,jacksonville-state,2014
14,Rod McReynolds,G,6,0,22,-1.7,0.5,0.429,0,7,0,0,0,32.8,2.9,0,46.2,31.7,-0.1,0,-0.1,-0.185,4.6,1.3,5.9,NA,jacksonville-state,2014
NA,Team Totals,,31,31,6198,NA,0.513,0.331,0.426,NA,NA,NA,NA,NA,NA,NA,NA,NA,6.1,3.8,10,0.064,-2,-1.6,-3.6,NA,jacksonville-state,2014
1,Darion Rackley,G,29,26,941,16.7,0.5,0.423,0.624,413,3.4,10.5,6.8,17,2.7,0.8,14.9,28.8,1.1,0.9,2,0.084,0.6,-1.5,-0.9,NA,jacksonville-state,2015
2,Avery Moore,G,30,16,800,12.7,0.503,0.787,0.146,246,1.4,8,4.6,16,1.7,0.4,9.4,19.6,1,0.5,1.5,0.076,-0.2,-1.9,-2.1,NA,jacksonville-state,2015
3,JaQuail Townser,G,26,25,737,10.1,0.456,0.35,0.275,218,1.5,9.1,5.1,28.3,2.8,0.7,22.1,20.7,-0.2,0.7,0.5,0.025,-3.3,-0.8,-4.1,NA,jacksonville-state,2015
4,D.J. Felder,F,31,23,715,17,0.476,0.128,0.277,288,8.8,18.5,13.4,9.3,1,3.1,10.9,27,0.7,0.8,1.4,0.08,-0.4,-2.1,-2.6,NA,jacksonville-state,2015
5,Jamal Hunter,C,30,29,681,15.8,0.536,0,0.301,167,9.7,17.5,13.4,6.4,1.5,9.9,19.6,14.6,0.5,1,1.5,0.091,-4.5,1.1,-3.4,NA,jacksonville-state,2015
6,Malcolm Drumwright,G,30,9,653,10,0.478,0.395,0.281,174,1,6.8,3.7,17.1,2.1,0.5,14.1,17.8,0.4,0.4,0.8,0.049,-3.5,-1.2,-4.7,NA,jacksonville-state,2015
7,Jeremy Watson,F,31,9,646,14.4,0.503,0.07,0.836,187,10.4,17.7,13.9,3.2,1,1.2,13.1,16.8,0.9,0.6,1.5,0.09,-1.9,-3.2,-5.1,NA,jacksonville-state,2015
8,Dontay Jackson,G,28,8,336,5.3,0.376,0.135,0.919,53,2.3,14.2,8,21.4,2.9,0.6,35.3,12.9,-0.5,0.4,-0.1,-0.013,-8.4,-0.4,-8.8,NA,jacksonville-state,2015
9,Joe Kuligoski,G,26,0,252,8.8,0.436,0.452,0.387,42,9.5,19.9,14.4,7.5,0.5,1.3,16,9.1,0.2,0.2,0.4,0.063,-4.1,-1.7,-5.7,NA,jacksonville-state,2015
10,Undra Mitchem,G,15,9,222,10.3,0.429,0.635,0.081,63,2.5,8.1,5.1,17.9,3.3,1,11.5,20.6,0,0.2,0.2,0.041,-4.3,0.8,-3.6,NA,jacksonville-state,2015
11,Deitrich Cole,F,20,1,196,4.1,0.394,0.034,0.379,30,6.1,10.3,8.1,6.7,0.6,6.5,24.3,12.1,-0.2,0.2,0,0.002,-10.2,-1,-11.3,NA,jacksonville-state,2015
12,Randall Smith,G,15,0,86,2.8,0.483,0.412,0.588,21,1.3,8.3,4.6,15.3,1.4,1.2,33.6,20,-0.1,0.1,-0.1,-0.031,-8.7,-2.4,-11.1,NA,jacksonville-state,2015
13,Gabriel Dos Santos,G,2,0,9,1.3,0.404,0,0.5,3,0,13.2,6.3,54.9,0,0,44.7,26.2,0,0,0,-0.152,-5.7,-5.2,-10.9,NA,jacksonville-state,2015
14,Dominique Miller,G,1,0,1,0,NA,NA,NA,0,0,0,0,0,0,0,NA,0,0,0,0,-0.005,-5.1,-4.1,-9.2,NA,jacksonville-state,2015
NA,Team Totals,,31,31,6275,NA,0.483,0.352,0.383,NA,NA,NA,NA,NA,NA,NA,NA,NA,3.7,5.9,9.6,0.061,-2.6,-1.3,-3.9,NA,jacksonville-state,2015
1,Jared Hamilton,G,30,29,886,14.3,0.481,0.089,0.297,277,7.3,12.3,9.6,10.4,1.6,1,9.4,18.2,1,0.6,1.7,0.075,-0.7,-1.2,-1.9,NA,jacksonville-state,2016
2,JaQuail Townser,G,30,29,878,14.9,0.52,0.471,0.269,302,2.4,13.3,7.5,25.9,2.4,0.4,16.5,19.4,1.1,0.8,1.9,0.087,-1.1,-0.3,-1.4,NA,jacksonville-state,2016
3,Malcolm Drumwright,G,24,24,777,15.9,0.515,0.322,0.329,337,1.8,7.9,4.7,27.6,1.5,1.3,14.6,25.7,1.1,0.4,1.6,0.08,-0.6,-2.2,-2.8,NA,jacksonville-state,2016
4,Greg Tucker,G,31,20,763,11.9,0.515,0.628,0.51,287,2,8.8,5.2,11.3,1.7,0.1,15.6,24,0.7,0.4,1.1,0.057,-1.5,-1.8,-3.2,NA,jacksonville-state,2016
5,Jeremy Watson,F,29,13,730,12.4,0.508,0.231,0.59,226,8.1,19.3,13.4,3.7,0.9,1.2,16.3,18.9,0.6,0.6,1.2,0.066,-2.7,-2.2,-4.9,NA,jacksonville-state,2016
6,Erik Durham,G,21,14,611,16.5,0.55,0.62,0.159,215,4.5,11.6,7.8,6.7,1.6,0.9,5.9,20.2,1.2,0.4,1.7,0.108,2.2,-1.6,0.6,NA,jacksonville-state,2016
7,Christian Cunningham,F,25,17,478,17.2,0.571,0,0.465,126,11,15.9,13.3,3.5,1,10.3,12.5,13.1,0.8,0.6,1.4,0.117,-2.9,1.2,-1.7,NA,jacksonville-state,2016
8,DelFincko Bogan,G,30,0,391,10.2,0.473,0.567,0.1,119,2.5,9.4,5.8,18,2.5,0.3,17.7,20.3,0,0.3,0.3,0.032,-2.6,-0.8,-3.5,NA,jacksonville-state,2016
9,Andre Statam,G,31,0,374,9.2,0.514,0.661,0.073,107,4.7,11.8,8,6.9,0.3,0.6,9.6,17.4,0.4,0.2,0.6,0.061,-4.3,-2.1,-6.5,NA,jacksonville-state,2016
10,Ed Jones,F,14,1,153,10.9,0.471,0.024,0.238,40,4.3,9.6,6.8,2.8,0.4,7.8,9.7,17.6,0.1,0.1,0.2,0.044,-6.3,-0.3,-6.6,NA,jacksonville-state,2016
11,Ousmane Ba,F,19,7,87,-1.5,0.153,0,1.333,9,11.3,14.1,12.6,6.1,1.4,2.5,33.8,8.9,-0.1,0.1,-0.1,-0.026,-13.7,-0.8,-14.5,NA,jacksonville-state,2016
12,Cam Biedscheid,F,5,1,79,9.9,0.448,0.545,0.03,28,2.8,9.3,5.8,14.8,2.3,1.4,15.2,26,-0.1,0.1,0,0.006,-4.1,-2.7,-6.8,NA,jacksonville-state,2016
13,Nathan Laing,G,8,0,18,-7.9,0,0.8,0,1,6.1,0,3.2,9.6,0,0,0,14.5,-0.1,0,-0.1,-0.17,-13.8,-6.4,-20.2,NA,jacksonville-state,2016
14,Des Curry,G,1,0,0,NA,NA,NA,NA,NA,NA,NA,NA,NA,NA,NA,NA,NA,0,0,0,NA,NA,NA,NA,NA,jacksonville-state,2016
15,Deitrich Cole,F,1,0,0,NA,NA,NA,NA,NA,NA,NA,NA,NA,NA,NA,NA,NA,0,0,0,NA,NA,NA,NA,NA,jacksonville-state,2016
NA,Team Totals,,31,31,6225,NA,0.509,0.396,0.316,NA,NA,NA,NA,NA,NA,NA,NA,NA,6.8,4.6,11.4,0.073,-1.7,-1.3,-3,NA,jacksonville-state,2016
1,Erik Durham,G,35,34,1172,17.2,0.672,0.62,0.268,351,5,12.1,8.7,11.5,1.3,0.4,13.2,14.7,3,1.2,4.2,0.143,3.7,-0.3,3.4,NA,jacksonville-state,2017
2,Malcolm Drumwright,G,35,34,1160,13.3,0.534,0.473,0.223,442,1,7.3,4.3,24.5,1.1,0.8,17.3,22.8,1.7,0.9,2.6,0.09,0,-1.9,-1.9,NA,jacksonville-state,2017
3,Greg Tucker,G,35,31,1064,12,0.52,0.605,0.367,382,1.5,6,3.9,15.4,1.1,0.2,14.2,22.2,1.5,0.8,2.3,0.085,-0.4,-2,-2.4,NA,jacksonville-state,2017
4,Norbertas Giga,C,33,33,973,17,0.563,0.133,0.319,350,7.3,24.7,16.4,11.6,1.5,3.9,22.3,22.6,0.8,1.7,2.5,0.104,-1.8,0.4,-1.4,NA,jacksonville-state,2017
5,Christian Cunningham,F,34,27,907,21.5,0.616,0,0.398,293,13.8,22.1,18.1,8.3,1.4,7.4,16.8,16,2,1.6,3.7,0.163,1.1,1.5,2.6,NA,jacksonville-state,2017
6,Tyrik Edwards,G,34,4,468,16.1,0.536,0.114,0.571,164,2.7,9.3,6.1,27.5,1.7,0.2,15.8,18,1,0.5,1.4,0.122,0.6,-0.3,0.3,NA,jacksonville-state,2017
7,Jacara Cross,F,33,11,399,15.1,0.573,0,0.457,165,11.6,14.6,13.2,4,0.6,6.8,22.7,27,0.3,0.6,0.9,0.086,-6,-0.2,-6.2,NA,jacksonville-state,2017
8,Andre Statam,G,34,0,350,11.2,0.518,0.57,0.25,107,6.4,18,12.5,5.2,1.6,0.3,15.2,20,0.3,0.5,0.8,0.087,-3.1,-1.1,-4.1,NA,jacksonville-state,2017
9,Ashton Spears,G,26,1,217,13.5,0.516,0.566,0.434,67,5.2,7.9,6.6,13.6,3.7,0,15.8,18.6,0.2,0.3,0.5,0.099,-0.4,1.4,1,NA,jacksonville-state,2017
10,Derrick Green,G,30,0,187,8.7,0.414,0.486,0.8,46,5.3,13.5,9.6,11.6,2,0.6,14.2,16,0,0.2,0.3,0.059,-2.3,0.2,-2.2,NA,jacksonville-state,2017
11,Deshawn Jones,G,17,0,110,0.8,0.404,0.2,0.5,22,1.1,7.3,4.3,13.4,1.1,1,36.1,18.7,-0.3,0.1,-0.2,-0.066,-5.4,-2.5,-7.9,NA,jacksonville-state,2017
12,Des Curry,G,8,0,28,15.2,0.436,0.143,1,11,8.9,0,4.3,26.6,2.2,0,8.8,21.5,0.1,0,0.1,0.12,1.9,-0.7,1.2,NA,jacksonville-state,2017
13,Mohamed Abuarisha,G,3,0,15,5.8,0.447,0,0.25,4,0,15.3,8,14.1,0,0,18.3,19.4,0,0,0,-0.002,5.8,0.8,6.6,NA,jacksonville-state,2017
NA,Team Totals,,35,35,7050,NA,0.559,0.367,0.346,NA,NA,NA,NA,NA,NA,NA,NA,NA,10.7,8.3,19.1,0.108,-0.1,-0.5,-0.6,NA,jacksonville-state,2017
1,Malcolm Drumwright,G,36,35,1231,14.7,0.528,0.499,0.22,462,1.5,6.7,4.2,20.1,1.2,0.2,9.5,20.3,2.6,1.7,4.3,0.139,0.9,-0.5,0.4,NA,jacksonville-state,2018
2,Norbertas Giga,C,36,35,910,14.5,0.491,0.234,0.295,323,9.1,19.2,14.3,11.6,1,3.5,17.2,21.2,0.7,1.8,2.5,0.108,-1.5,0.1,-1.4,NA,jacksonville-state,2018
3,Jason Burnell,F,35,18,888,22.8,0.597,0.284,0.351,380,8.4,18.3,13.5,14.5,1.9,4.8,13.4,21.6,2.5,2,4.4,0.199,3.1,2.3,5.3,NA,jacksonville-state,2018
4,Marlon Hunter,G,35,18,870,17.8,0.55,0.149,0.188,337,8.1,8.1,8.1,9.3,2.4,0.4,11,21.5,1.7,1.5,3.2,0.146,0.4,0.4,0.8,NA,jacksonville-state,2018
5,Jamall Gregory,G,36,32,830,16.9,0.525,0.327,0.323,314,2.7,13.6,8.3,24.5,3.8,5,22.7,22.8,0.5,2,2.5,0.119,-1,3.2,2.2,NA,jacksonville-state,2018
6,Christian Cunningham,F,33,29,777,20.5,0.634,0,0.43,241,12.7,21.5,17.2,3.7,1.8,9,19.5,16,1.3,1.9,3.2,0.165,-0.7,2.2,1.5,NA,jacksonville-state,2018
7,Ashton Spears,G,34,5,464,12.2,0.539,0.527,0.667,135,3.3,12,7.8,12.2,1.9,0.3,15.8,15.8,0.7,0.8,1.4,0.125,-2.6,0.9,-1.6,NA,jacksonville-state,2018
8,Maurice Dunlap,G,32,4,371,7.8,0.44,0.811,0.137,92,0.3,9,4.8,15.7,1,0,10.6,15.4,0.2,0.5,0.7,0.078,-3.2,-0.9,-4.1,NA,jacksonville-state,2018
9,Tyrik Edwards,G,32,3,332,7.7,0.445,0.143,0.554,74,2.8,13.4,8.3,15.7,1.2,1.5,26.1,14.6,-0.1,0.6,0.4,0.051,-4.6,0.1,-4.6,NA,jacksonville-state,2018
10,Cam Martin,F,28,0,273,17.4,0.603,0.351,0.608,111,7.3,22.9,15.3,14.1,0.6,1.8,18,21.5,0.6,0.5,1.1,0.163,-0.2,0.8,0.6,NA,jacksonville-state,2018
11,Jacara Cross,F,27,0,183,13.5,0.524,0,0.365,63,9.6,20.7,15.3,9.6,1.9,6.7,25.6,22.6,-0.1,0.4,0.4,0.086,-6.9,1.3,-5.6,NA,jacksonville-state,2018
12,Des Curry,G,17,1,58,1.3,0.345,0.267,0.133,10,0,1.9,1,6,1,0,11.1,15.6,-0.1,0.1,0,-0.004,-9.2,-2.4,-11.6,NA,jacksonville-state,2018
13,Mohamed Abuarisha,G,17,0,53,-3.4,0.325,0.6,0,13,4.4,12.6,8.6,10,1.1,0,28.6,26.7,-0.2,0.1,-0.1,-0.103,-13.6,-3.8,-17.4,NA,jacksonville-state,2018
14,Deon Wright,G,8,0,10,14.3,0.515,0,3,5,0,0,0,0,0,0,0,24.5,0,0,0,0.186,-4.8,-2.2,-7,NA,jacksonville-state,2018
NA,Team Totals,,36,36,7250,NA,0.538,0.311,0.314,NA,NA,NA,NA,NA,NA,NA,NA,NA,10.2,13.8,24,0.132,-0.7,0.9,0.2,NA,jacksonville-state,2018
1,Jason Burnell,F,32,32,1081,26.7,0.595,0.238,0.433,564,10.4,21.3,15.9,17.1,1.8,3.2,12.5,23.4,4.1,2.3,6.4,0.237,5.1,1.5,6.6,NA,jacksonville-state,2019
2,Marlon Hunter,G,33,32,983,16,0.523,0.143,0.17,378,5.5,9.2,7.4,5.4,1.9,0.2,9.7,21.6,1.6,1.5,3.2,0.129,0.4,0,0.4,NA,jacksonville-state,2019
3,Christian Cunningham,F,32,28,916,19.2,0.621,0,0.382,273,11.5,18.2,14.9,5,1.4,7,16.3,13.2,1.8,1.9,3.8,0.165,1,1.6,2.5,NA,jacksonville-state,2019
4,Ty Hudson,G,33,33,882,12.2,0.531,0.438,0.309,320,0.6,10.4,5.6,17.2,1.9,0.5,20.2,20.7,0.8,1.4,2.3,0.102,-2,0.5,-1.6,NA,jacksonville-state,2019
5,Jamall Gregory,G,31,23,673,19.1,0.518,0.24,0.309,286,4,16.4,10.3,15.8,5.2,2.5,18,24.5,0.7,1.8,2.5,0.148,-1.7,4.2,2.5,NA,jacksonville-state,2019
6,Detrick Mostella,G,27,11,580,13.8,0.507,0.631,0.234,229,1.7,10.3,6.1,13.5,2,0.6,13.2,22.7,0.8,1,1.8,0.123,-0.4,-0.1,-0.5,NA,jacksonville-state,2019
7,Maurice Dunlap,G,33,0,522,7.4,0.423,0.722,0.189,102,0.9,9.5,5.2,16.3,1.6,0,16.9,10.9,0.2,0.8,1,0.076,-2.8,0.3,-2.5,NA,jacksonville-state,2019
8,Jacara Cross,F,33,5,359,18.7,0.65,0.056,0.371,131,10,11.4,10.7,6,2,8.6,23.4,18.3,0.6,0.8,1.4,0.154,-2.2,2.2,0,NA,jacksonville-state,2019
9,Derek St. Hilaire,G,31,0,351,7.5,0.447,0.426,0.297,106,2.6,11,6.8,13.2,0.6,0,18.4,19.3,0,0.5,0.5,0.052,-5.4,-1.9,-7.3,NA,jacksonville-state,2019
10,Maros Zeliznak,C,24,1,192,8.1,0.545,0,0.69,45,11.1,11,11,1.7,0.3,2.5,25.2,12.9,0.1,0.3,0.3,0.072,-6.6,-0.9,-7.5,NA,jacksonville-state,2019
11,De'Torrion Ware,G,23,0,159,27,0.587,0.72,0.247,103,5.7,16.7,11.2,8.1,2.1,1.5,11.9,35.6,0.6,0.3,0.9,0.219,2.6,-1,1.6,NA,jacksonville-state,2019
12,Jacob Hyde,G,9,0,27,11.9,0.252,0,0.4,5,8.3,24.6,16.5,11,6.2,0,14.4,12.4,0,0.1,0.1,0.089,-3.5,6.5,2.9,NA,jacksonville-state,2019
NA,Team Totals,,33,33,6725,NA,0.545,0.307,0.305,NA,NA,NA,NA,NA,NA,NA,NA,NA,11.4,12.6,24,0.143,-0.2,0.9,0.7,NA,jacksonville-state,2019
1,Elias Harden,G,32,29,821,8.3,0.447,0.494,0.163,233,2.6,9.4,6,11.2,1,0.3,13.4,18.3,0.3,0.8,1.1,0.056,-4,-2,-6,NA,jacksonville-state,2020
2,Kayne Henry,G,31,25,785,21,0.563,0.226,0.295,319,10.6,21.2,15.8,5.9,1.7,2.9,12.4,21.3,1.9,1.3,3.2,0.165,0.9,-0.8,0.1,NA,jacksonville-state,2020
3,Ty Hudson,G,29,26,727,10,0.461,0.37,0.354,220,2.7,10.6,6.6,16,2.1,0.6,19.7,18.9,0.2,0.9,1.1,0.063,-4.7,-0.7,-5.5,NA,jacksonville-state,2020
4,Jacara Cross,F,31,15,720,23.1,0.625,0.011,0.392,345,10.1,12.7,11.4,5.5,1.5,3.3,17.6,26.1,1.9,1,2.9,0.161,0.1,-0.9,-0.8,NA,jacksonville-state,2020
5,Derrick Cook,G,30,28,705,12.1,0.533,0.248,0.301,186,0.5,14.4,7.3,23.4,1.9,0.3,24,14,0.7,0.9,1.6,0.09,-2.5,0.4,-2.1,NA,jacksonville-state,2020
6,De'Torrion Ware,G,32,1,665,26.6,0.572,0.585,0.356,348,7.7,22.2,14.8,11.1,1.9,1.9,7.8,26.7,2.6,1.1,3.7,0.224,6.2,-0.2,6,NA,jacksonville-state,2020
7,Derek St. Hilaire,G,32,7,629,12,0.471,0.495,0.205,223,2.9,11.4,7,18.4,2.4,0.7,17.5,21.9,0.4,0.9,1.3,0.08,-3,-0.6,-3.6,NA,jacksonville-state,2020
8,Martin Roub,F,28,14,371,16.7,0.593,0.649,0.105,124,6.5,11.2,8.8,4.2,1.2,1.5,9.8,17.6,0.9,0.4,1.3,0.14,0.6,-1.8,-1.2,NA,jacksonville-state,2020
9,Maros Zeliznak,C,28,8,343,5.4,0.44,0.019,0.556,66,8,14.6,11.2,3.5,1,2.3,23.5,12.8,-0.1,0.4,0.3,0.038,-8.6,-0.5,-9.1,NA,jacksonville-state,2020
10,Marek Welsch,G,27,2,312,8,0.589,0.521,0.167,74,0.7,8.4,4.5,23.4,2.9,0.4,43.6,14.5,-0.1,0.4,0.3,0.037,-4.9,-1.4,-6.3,NA,jacksonville-state,2020
11,Cameron Jones,G,20,3,231,13.9,0.539,0.357,0.268,76,3.5,13.9,8.6,24.9,2.2,1.5,25.8,18.2,0.2,0.3,0.5,0.09,-2.4,-0.9,-3.3,NA,jacksonville-state,2020
12,Juwan Perdue,F,16,2,105,15,0.489,0.077,0.462,32,11.9,20.4,16.1,1.8,3.8,2.2,18.1,18.2,0.1,0.2,0.3,0.107,-6.2,0.3,-5.9,NA,jacksonville-state,2020
13,Justin Murphy,G,3,0,11,6.9,0.2,0.2,0,3,10.4,0,5.3,32.1,5.2,0,0,22.4,0,0,0,0.024,-14.1,-7.7,-21.8,NA,jacksonville-state,2020
NA,Team Totals,,32,32,6425,NA,0.532,0.359,0.291,NA,NA,NA,NA,NA,NA,NA,NA,NA,8.9,8.8,17.7,0.11,-1.7,-0.8,-2.5,NA,jacksonville-state,2020
1,Jalen Finch,G,27,27,925,16.3,0.555,0.302,0.391,331,1.8,10.5,6.4,25.5,2.2,0.6,19.3,18.1,2,1.2,3.2,0.137,-0.5,0,-0.6,NA,jacksonville-state,2021
2,Darian Adams,G,27,27,922,17.5,0.561,0.514,0.327,405,2.4,12.2,7.6,17.7,1.7,0.1,16.7,24.9,2.1,1.2,3.2,0.14,0.9,-1.2,-0.3,NA,jacksonville-state,2021
3,Jay Pal,G,27,21,658,11.1,0.497,0.492,0.246,160,6.1,13.8,10.2,12,1.5,3.1,21.7,13.8,0.5,1,1.5,0.088,-1.9,0.9,-0.9,NA,jacksonville-state,2021
4,Kayne Henry,G,26,26,621,16.4,0.583,0.478,0.217,200,7.8,15.8,12,8.1,1,1.8,14,16.8,1.3,0.9,2.2,0.142,1.3,-0.3,1,NA,jacksonville-state,2021
5,Demaree King,G,27,1,552,11.6,0.584,0.757,0.121,154,1.9,6.7,4.4,8.5,1.3,0,13.9,15.8,0.9,0.5,1.4,0.103,-0.5,-1,-1.4,NA,jacksonville-state,2021
6,Brandon Huffman,F,26,25,483,29.2,0.595,0,0.423,238,12.2,26,19.5,3.4,0.5,7.8,10.3,26.5,1.7,1,2.7,0.221,3.1,0,3.1,NA,jacksonville-state,2021
7,Amanze Ngumezi,F,25,5,416,21.1,0.573,0.305,0.335,202,9.9,13.5,11.8,9.8,0.8,4.1,14.8,27.1,1.1,0.6,1.7,0.165,0.1,-0.8,-0.7,NA,jacksonville-state,2021
8,Juwan Perdue,F,27,1,370,18.2,0.591,0.103,0.575,133,10.2,12.9,11.6,8.7,1.9,2.2,18.4,18.6,0.8,0.5,1.3,0.145,-1,-0.3,-1.3,NA,jacksonville-state,2021
9,Martin Roub,F,25,2,208,12.1,0.482,0.753,0.11,67,6.2,11.2,8.9,2.7,0.8,0.5,7.2,20.1,0.3,0.2,0.5,0.101,0.6,-1.8,-1.1,NA,jacksonville-state,2021
10,Semaj Henderson,G,21,0,152,8.8,0.496,0.412,0.206,40,1.6,10.4,6.2,17.6,1.5,0.8,27.3,17.1,0,0.2,0.2,0.042,-5.3,-0.9,-6.2,NA,jacksonville-state,2021
11,Maros Zeliznak,C,19,0,69,11.8,0.358,0,0.385,17,18.8,13.8,16.2,4.9,2.6,5,16.3,13.5,0,0.1,0.2,0.087,-3.2,1,-2.2,NA,jacksonville-state,2021
12,Marcellus Brigham Jr.,F,16,0,39,11.8,0.389,0,0.214,15,15.1,10.8,12.9,20.3,3,0,20.6,25.2,0,0.1,0,0.036,-4.5,-1.4,-5.9,NA,jacksonville-state,2021
13,Khalil Johnson,G,7,0,28,-4.2,0.251,0.778,0.222,5,0,11.3,6,5.7,0,0,9.1,19.8,-0.1,0,0,-0.058,-9.5,-3.8,-13.3,NA,jacksonville-state,2021
14,JJ Platt,G,9,0,27,10.5,0.398,0,1.6,9,8.7,15.7,12.4,19,2.2,0,25.4,22.1,0,0,0,0.023,-12.5,-6.2,-18.7,NA,jacksonville-state,2021
15,Marvin Hughes,G,3,0,5,0,0,0,0,1,23.6,0,11.2,0,0,0,0,10.1,0,0,0,-0.045,-5.4,-8.4,-13.8,NA,jacksonville-state,2021
NA,Team Totals,,27,27,5475,NA,0.556,0.393,0.316,NA,NA,NA,NA,NA,NA,NA,NA,NA,10.5,7.5,18,0.132,-0.2,-0.5,-0.6,NA,jacksonville-state,2021
1,Darian Adams,G,31,31,1066,19.1,0.538,0.471,0.281,487,3.2,13.5,8.7,22.2,2.6,1.4,15.1,25.4,2.5,1.7,4.1,0.154,2,0.4,2.4,NA,jacksonville-state,2022
2,Jalen Gibbs,G,32,32,960,14.5,0.564,0.695,0.284,325,2.1,12.4,7.5,10.2,1.7,0.1,12.4,19.2,1.9,1.2,3.1,0.128,0.7,-0.4,0.3,NA,jacksonville-state,2022
3,Jalen Finch,G,31,29,905,15.1,0.558,0.291,0.274,316,0.4,11.3,6.2,27.1,2.3,0.1,19,17.8,1.8,1.2,3,0.133,-1,0.5,-0.5,NA,jacksonville-state,2022
4,Kayne Henry,G,32,32,836,17,0.569,0.434,0.327,291,9,15.1,12.2,6.1,1.6,2.2,13.3,18.7,1.8,1.2,3,0.142,0.7,-0.3,0.4,NA,jacksonville-state,2022
5,Demaree King,G,32,3,789,19.7,0.658,0.769,0.124,311,2.7,6.8,4.8,17.8,1.8,0,13.2,19.4,2.6,0.8,3.4,0.171,4.9,-0.6,4.3,NA,jacksonville-state,2022
6,Brandon Huffman,F,32,32,623,22.2,0.629,0.005,0.457,244,8.3,25.5,17.4,2.1,1.1,6.5,16.6,22.6,1.3,1.3,2.5,0.163,-1.3,0.3,-1,NA,jacksonville-state,2022
7,Maros Zeliznak,C,32,0,434,11.1,0.545,0.013,0.455,114,13.9,14.3,14.1,3.8,0.8,3.1,24.3,14.8,0.3,0.6,0.9,0.08,-4.2,-0.7,-4.9,NA,jacksonville-state,2022
8,Juwan Perdue,F,31,0,358,11,0.548,0.042,0.465,99,9.3,11.9,10.7,5.6,0.8,2,21.7,16,0.3,0.4,0.7,0.08,-2.2,-0.5,-2.7,NA,jacksonville-state,2022
9,Jay Pal,G,28,1,321,17,0.554,0.368,0.561,88,7.7,17.3,12.8,10,2.4,4.6,15.3,13.8,0.5,0.6,1.1,0.142,0.8,2.5,3.3,NA,jacksonville-state,2022
10,Semaj Henderson,G,15,0,62,11.1,0.38,0.667,0.667,18,7.9,12.3,10.3,24,3.8,0,24,17.4,0,0.1,0.1,0.074,-7.9,-1.6,-9.5,NA,jacksonville-state,2022
11,Caleb Byrd,G,14,0,61,1.7,0.371,0.381,0.19,15,2,16.1,9.5,3.1,3.9,0,28.2,27.1,-0.2,0.1,-0.1,-0.085,-11.1,-2.9,-14,NA,jacksonville-state,2022
12,Marcellus Brigham Jr.,F,12,0,44,6.2,0.432,0,0.333,13,8.4,19.8,14.4,8.4,0,2.8,26.5,22.3,-0.1,0.1,0,-0.001,-9.4,-2.7,-12.1,NA,jacksonville-state,2022
13,Tanguy Touze,G,7,0,16,11.7,1,1,0,4,0,0,0,0,0,0,25,13,0,0,0,0.09,-22.7,-4.3,-27,NA,jacksonville-state,2022
NA,Team Totals,,32,32,6475,NA,0.571,0.428,0.308,NA,NA,NA,NA,NA,NA,NA,NA,NA,12.6,9.2,21.8,0.135,0.2,0,0.2,NA,jacksonville-state,2022
1,Demaree King,G,31,31,1084,17.5,0.586,0.656,0.129,447,1.4,6.7,4.1,20.8,1.6,0,12.2,22.2,2.9,0.7,3.6,0.133,1.9,-2.1,-0.1,NA,jacksonville-state,2023
2,Skyelar Potter,G,31,31,1008,16,0.571,0.608,0.317,397,2.1,15.6,8.9,11.5,1.7,1.1,15.4,23.6,1.8,1,2.8,0.111,0.2,-0.9,-0.7,NA,jacksonville-state,2023
3,Juwan Perdue,F,31,28,739,18.7,0.58,0.097,0.733,265,9.8,20.1,15,7.8,2.2,2.2,15.6,18.6,1.6,1,2.6,0.143,-0.3,0.1,-0.1,NA,jacksonville-state,2023
4,Maros Zeliznak,C,30,21,592,9,0.472,0,0.289,141,9.4,8.3,8.9,5.4,1,4.1,18.9,15,0.1,0.5,0.6,0.042,-4.2,-0.9,-5.1,NA,jacksonville-state,2023
5,Marcellus Brigham Jr.,F,31,15,571,13.7,0.58,0.158,0.317,161,7.1,19.5,13.3,8.9,1.5,0.7,17.9,15.4,0.8,0.6,1.4,0.101,-2.1,-0.1,-2.2,NA,jacksonville-state,2023
6,Clarence Jackson,F,26,1,453,20.3,0.58,0.414,0.459,183,8.9,22.5,15.8,10.4,2.1,1.8,14.7,21.9,1.1,0.6,1.7,0.151,1.3,-0.4,0.9,NA,jacksonville-state,2023
7,Amanze Ngumezi,F,23,9,404,12,0.451,0.38,0.273,150,7.1,13.3,10.2,9.7,1,4,12.4,25,0.2,0.4,0.6,0.056,-3.4,-1.5,-4.9,NA,jacksonville-state,2023
8,Peyton Daniels,G,21,7,403,10.9,0.544,0.517,0.164,141,1.2,13.1,7.2,24.4,1.9,2.3,29.4,23,0,0.4,0.4,0.038,-2.8,-1.1,-3.8,NA,jacksonville-state,2023
9,Travis Roberts,G,31,9,365,11.2,0.576,0.644,0.184,99,2.6,9.9,6.3,7.7,1.2,0.7,16,16.1,0.4,0.2,0.7,0.075,-0.6,-1.1,-1.7,NA,jacksonville-state,2023
10,JJ Platt,G,29,0,277,10.6,0.525,0.125,1.406,75,3.9,13.5,8.7,22.8,2,0.5,31,14.6,0.2,0.3,0.4,0.065,-4.8,0,-4.8,NA,jacksonville-state,2023
11,DJ Gordon,G,13,2,179,2.6,0.317,0.622,0.405,37,6,14.4,10.2,12.1,1.3,2.3,21.4,16.4,-0.2,0.2,-0.1,-0.014,-10.4,-1.4,-11.8,NA,jacksonville-state,2023
12,Camron McDowell,G,8,1,108,10.7,0.464,0.19,0.381,27,3.3,15.2,9.3,17.6,3.9,0,26.6,16.4,0,0.2,0.1,0.049,-6.1,0.9,-5.2,NA,jacksonville-state,2023
13,Mason Nicholson,C,8,0,42,16.4,0.578,0,0.625,12,8.5,19.5,14,0,1.4,6.4,16.2,15.4,0.1,0.1,0.1,0.112,-1,1.5,0.5,NA,jacksonville-state,2023
NA,Team Totals,,31,31,6225,NA,0.55,0.438,0.328,NA,NA,NA,NA,NA,NA,NA,NA,NA,8.9,6.2,15.1,0.097,-1.2,-0.9,-2.1,NA,jacksonville-state,2023
1,Kyky Tandy,G,32,32,1008,18.4,0.558,0.476,0.267,499,1.5,8.2,4.8,10,2.1,0.5,12.5,29.5,2.2,1.5,3.8,0.15,2.8,-0.9,2,NA,jacksonville-state,2024
2,Juwan Perdue,F,32,30,820,15,0.541,0.353,0.419,271,5.9,20.7,13.2,8.1,2.3,1.7,15.4,18.9,1.1,1.7,2.7,0.133,-1.2,0.9,-0.3,NA,jacksonville-state,2024
3,Ivan Reynolds,G,31,8,792,9.8,0.52,0.159,0.449,156,2.7,10.3,6.5,14.6,2,1.2,22.2,10.7,0.4,1.2,1.7,0.085,-2.3,1.1,-1.2,NA,jacksonville-state,2024
4,Quincy Clark,G,32,13,789,11.1,0.456,0.131,0.286,275,1.6,12.5,7,24.5,2.6,1,20.1,22.5,0,1.4,1.4,0.069,-3.8,0.5,-3.3,NA,jacksonville-state,2024
5,Marcellus Brigham Jr.,F,31,23,780,11.7,0.519,0.374,0.437,232,5,16.3,10.6,7.3,2.2,1.5,18.5,18.4,0.5,1.4,1.9,0.097,-2.7,0.4,-2.3,NA,jacksonville-state,2024
6,Mason Nicholson,C,32,16,478,26.6,0.613,0,0.598,205,18.2,24.6,21.4,3.3,1.4,10.4,16.3,21.6,1.2,1.2,2.3,0.195,2.3,1.2,3.5,NA,jacksonville-state,2024
7,Caleb Johnson,F,28,8,460,13.2,0.502,0.265,0.381,138,7.4,9.1,8.3,7.9,1.9,1.5,11.3,16.6,0.6,0.7,1.3,0.116,-1.5,0.1,-1.4,NA,jacksonville-state,2024
8,Andres Burney,F,28,11,398,18.9,0.586,0,0.491,150,11.8,17.2,14.5,3.7,2.8,6.7,19.9,21.2,0.5,0.9,1.5,0.146,-3.2,1.4,-1.7,NA,jacksonville-state,2024
9,Matt Mayers,F,29,5,343,19.5,0.585,0.057,0.437,121,11.3,18.6,14.9,4.2,0.5,4,9.5,17.2,0.9,0.6,1.4,0.167,1.4,-0.9,0.5,NA,jacksonville-state,2024
10,Travis Roberts,G,31,9,308,9.7,0.519,0.583,0.286,90,3.4,8.2,5.8,3.7,1,0,12.8,18.1,0.3,0.4,0.7,0.088,-2.1,-2,-4.1,NA,jacksonville-state,2024
11,Alex Odam,G,19,5,164,7.1,0.417,0.056,0,33,2.9,6.6,4.7,36.7,2.5,0.7,48.6,10.9,-0.1,0.3,0.2,0.04,-7.5,0,-7.5,NA,jacksonville-state,2024
12,Gora Niang,F,12,0,54,5.9,0.417,0.462,0.615,14,6.5,20,13.2,7,0,0,15.2,18.7,0,0.1,0.1,0.04,-6.5,-2.2,-8.7,NA,jacksonville-state,2024
13,Tyre Patterson,G,15,0,23,19.7,0.588,0.2,0.4,11,5.1,20.9,12.9,11.9,0,0,14.4,30.8,0,0,0.1,0.119,6.2,1.8,8,NA,jacksonville-state,2024
14,Thomas Curlee,F,4,0,8,-21.1,0,1,0,0,0,0,0,0,0,0,33.3,19.1,-0.1,0,-0.1,-0.265,-3,0.6,-2.3,NA,jacksonville-state,2024
NA,Team Totals,,32,32,6425,NA,0.535,0.285,0.372,NA,NA,NA,NA,NA,NA,NA,NA,NA,7.5,11.4,18.9,0.118,-1.2,0.3,-0.9,NA,jacksonville-state,2024
1,Jaron Pierre Jr.,G,36,36,1352,20.6,0.547,0.433,0.277,742,2.1,14.1,8.3,22.3,1.1,1.1,12.7,31.3,3.3,1.7,5.1,0.15,4.1,-0.8,3.3,NA,jacksonville-state,2025
2,Mason Nicholson,C,36,35,932,20.8,0.629,0,0.446,274,11.4,20.8,16.2,2.9,1,7.6,7.7,13,2.4,1.8,4.1,0.176,2.3,1.8,4.1,NA,jacksonville-state,2025
3,Marcellus Brigham Jr.,F,36,34,925,12.1,0.551,0.314,0.295,261,5.9,13.7,9.9,6.9,1.7,0.5,16.3,15.9,1,1.3,2.3,0.1,-1.6,0.7,-0.9,NA,jacksonville-state,2025
4,Koree Cotton,G,36,34,921,12.3,0.513,0.581,0.306,262,2.5,11.3,7,11.3,2.8,1.7,13.9,16.7,0.9,1.5,2.4,0.102,-1.9,2.2,0.3,NA,jacksonville-state,2025
5,Michael Houge,F,36,2,850,18.3,0.509,0.146,0.265,322,12.4,22.9,17.8,7.3,1.1,1.5,10.1,20.5,1.5,1.4,2.9,0.137,0.2,-0.8,-0.6,NA,jacksonville-state,2025
6,Quel'Ron House,G,29,22,765,13.4,0.499,0.217,0.372,266,2.6,8.7,5.8,21,2.6,0.2,15.9,19.7,0.9,1,1.9,0.1,-2.3,1.1,-1.2,NA,jacksonville-state,2025
7,Jao Ituka,G,36,2,673,14.7,0.546,0.616,0.351,276,0.9,8,4.5,8.5,1,0.5,9.5,24.4,1.3,0.7,2,0.117,0.1,-1.2,-1.1,NA,jacksonville-state,2025
8,Iaroslav Niagu,F,36,1,448,12.1,0.62,0.07,0.698,90,8.3,11,9.7,8.7,0.9,5.8,21.8,8.5,0.6,0.6,1.3,0.112,-1.5,2.1,0.6,NA,jacksonville-state,2025
9,Jamar Franklin,G,14,14,364,16.1,0.657,0.762,0.124,123,2.9,7.8,5.4,4.9,0.8,0,7.5,17.2,1,0.3,1.3,0.148,1.3,-1.1,0.2,NA,jacksonville-state,2025
10,Austin Brooks,G,5,0,8,-30.8,0,0.667,0,0,0,0,0,0,7.6,0,40,32.5,-0.1,0,-0.1,-0.44,-69.6,-8.2,-77.8,NA,jacksonville-state,2025
11,Aidan Driggers,F,5,0,5,54.2,1.026,0,2,3,0,0,0,0,12.1,0,0,20.3,0.1,0,0.1,0.525,-4,-1.7,-5.7,NA,jacksonville-state,2025
12,Avishai Lowery,G,4,0,4,25.3,0.5,0,0,2,29.2,0,14.1,0,0,0,0,26,0,0,0,0.164,12.7,3.8,16.5,NA,jacksonville-state,2025
13,Benjamin Bayela,G,1,0,4,-6.8,0,1,0,0,0,27.3,14.1,0,0,0,0,13,0,0,0,-0.116,NA,NA,NA,NA,jacksonville-state,2025
NA,Team Totals,,36,36,7251,NA,0.547,0.373,0.313,NA,NA,NA,NA,NA,NA,NA,NA,NA,12.9,10.4,23.2,0.128,0.3,0.4,0.7,NA,jacksonville-state,2025
1,JaCoby Hill,G,32,30,975,14.7,0.597,0.282,0.468,326,7.3,7.3,7.3,11.3,2,0.1,14.3,16.6,1.8,1.4,3.2,0.133,-0.2,0,-0.3,NA,jacksonville-state,2026
2,Mostapha El Moutaouakkil,G,32,30,958,20.9,0.539,0.239,0.618,565,5.3,22.2,13.8,11.2,1.6,1.6,13.7,36.2,1.3,1.9,3.3,0.136,0.2,-1.3,-1.1,NA,jacksonville-state,2026
3,AC Bryant,G,31,27,859,15.8,0.557,0.745,0.179,312,2.2,14,8.2,7,2.3,0.4,6,20.9,1.6,1.5,3.1,0.145,2.2,0.1,2.3,NA,jacksonville-state,2026
4,Jaye Nash,G,32,15,820,9.6,0.447,0.261,0.776,231,3.7,8.7,6.2,28.4,2.3,0.3,24,15.2,0.3,1.3,1.6,0.077,-4.1,-0.3,-4.4,NA,jacksonville-state,2026
5,Emondrek Erkins-Ford,F,32,8,683,17.5,0.575,0.128,0.497,257,7.5,13,10.3,9.9,1.2,5.2,11.8,19.8,1.3,1.2,2.5,0.146,-0.1,0.8,0.7,NA,jacksonville-state,2026
6,Iaroslav Niagu,F,29,17,604,13.1,0.548,0,0.522,145,7.9,20.3,14.2,10.3,1,7.6,21.6,12.2,0.5,1.3,1.7,0.115,-2.4,2.3,-0.1,NA,jacksonville-state,2026
7,Marcus Fitzgerald Jr.,G,29,13,535,9.6,0.54,0.686,0.215,137,1.5,7.9,4.7,10.9,2.1,0.5,14.7,15.1,0.4,0.8,1.2,0.091,-2.8,0.4,-2.4,NA,jacksonville-state,2026
8,Jamar Franklin,G,26,11,421,12.9,0.541,0.825,0.098,135,2.5,8.9,5.7,4,1.9,0.3,5.1,19.3,0.6,0.6,1.2,0.117,0,-0.9,-0.9,NA,jacksonville-state,2026
9,Toby Nnadozie,G,24,0,209,5.4,0.378,0.386,0.14,51,5,12,8.5,11.1,2.3,1.2,15.3,17.7,-0.2,0.4,0.2,0.035,-7.9,0.3,-7.6,NA,jacksonville-state,2026
10,Aitor Anabitarte,F,17,7,126,20.8,0.719,0,0.824,40,12,18.9,15.5,12.3,2.4,2,11.3,10.9,0.4,0.3,0.7,0.214,-1.6,0.2,-1.5,NA,jacksonville-state,2026
11,Bencao Vungo,G,8,2,107,18.6,0.536,0.333,0.222,35,13,41.4,27.4,7.7,1.1,4.7,16.7,17.3,0.1,0.3,0.4,0.156,-1.4,1.9,0.5,NA,jacksonville-state,2026
12,Thomas Tut,F,14,0,100,12.4,0.579,0.273,0.455,30,7,13.6,10.3,6,0.6,6.3,18.3,16.9,0.1,0.2,0.3,0.111,-2.9,0.7,-2.3,NA,jacksonville-state,2026
13,Connor Loy,G,7,0,41,10.5,1,0.75,0,8,0,5.5,2.8,18.4,4.4,0,50,10.1,0,0.1,0.1,0.09,-12,4.5,-7.5,NA,jacksonville-state,2026
14,Aidan Driggers,F,7,0,13,14.9,0.5,0.25,0,4,17.9,17.5,17.7,0,0,0,0,15.9,0,0,0,0.141,-14.6,4.1,-10.5,NA,jacksonville-state,2026
NA,Team Totals,,32,32,6451,NA,0.544,0.391,0.426,NA,NA,NA,NA,NA,NA,NA,NA,NA,8.3,11.3,19.6,0.121,-1.2,0.1,-1,NA,jacksonville-state,2026
1,Markeith Cummings,F,31,30,1102,20.2,0.519,0.131,0.541,531,6.4,9.7,8,13,2.5,0.4,14.2,29.6,2.2,0.3,2.5,0.089,1.3,-2.7,-1.4,NA,kennesaw-state,2011
2,Spencer Dixon,G,31,31,1084,12.1,0.45,0.443,0.248,410,2.7,8.6,5.6,22.3,2.1,0.2,17.2,25.8,0.4,0.1,0.5,0.017,-2,-3.9,-5.8,NA,kennesaw-state,2011
3,Kelvin McConnell,G,31,21,975,9.7,0.551,0.692,0.242,246,1.2,3.7,2.4,12.6,1.4,0.1,17.8,15,1.1,-0.3,0.9,0.036,-1.8,-3.3,-5.1,NA,kennesaw-state,2011
4,LaDaris Green,F,30,23,855,20.8,0.547,0.283,0.224,303,14.2,20,17,12.1,1.6,6.2,19.6,19.6,1.4,0.7,2.1,0.1,0.8,-1.4,-0.6,NA,kennesaw-state,2011
5,Aaron Anderson,F,31,29,846,13.7,0.512,0.071,0.369,201,8.4,17.8,13,5.3,1.1,2.4,14.3,14,0.8,0.4,1.2,0.056,-1.6,-2.3,-4,NA,kennesaw-state,2011
6,Matt Heramb,F,23,3,411,7.7,0.521,0.468,0.274,79,3.8,11,7.4,12,1,6,34.6,13.4,-0.2,0.1,-0.1,-0.007,-4.1,-0.4,-4.4,NA,kennesaw-state,2011
7,Artie Marine,F,25,0,272,11.1,0.435,0.581,0.548,71,7,9.8,8.4,8.8,2.7,0.4,10.3,16.4,0.2,0.1,0.3,0.049,-1.2,-1.5,-2.8,NA,kennesaw-state,2011
8,Andrew Osemhen,F,27,18,264,5.1,0.43,0,0.463,47,7.2,14.5,10.8,3.7,0.9,2.6,25.4,13,-0.1,0.1,0,-0.007,-8.3,-2.2,-10.5,NA,kennesaw-state,2011
9,Brandon Dawson,F,20,0,142,12.8,0.617,0.091,0.636,45,4.8,9,6.8,0,0,0.7,17.3,18.8,0.3,0,0.2,0.062,-2.4,-4.2,-6.6,NA,kennesaw-state,2011
10,Nick Turner,G,21,0,141,-0.4,0.235,0.63,0.222,19,5.6,4.9,5.3,9.2,0.9,0.7,21.1,13.8,-0.3,0,-0.3,-0.089,-6,-4.5,-10.5,NA,kennesaw-state,2011
11,Mirza Sabic,G,25,0,134,6.2,0.462,0.757,0.297,36,5,8.7,6.8,6.3,0.5,1.5,20.7,20.4,-0.1,0,-0.1,-0.024,-3.5,-4.3,-7.8,NA,kennesaw-state,2011
12,Romain Henry,G,18,0,88,-2.7,0.192,0.429,0.643,10,2.6,10.6,6.5,12.5,2.1,0,30.4,15.3,-0.3,0,-0.3,-0.126,-9.9,-2.8,-12.7,NA,kennesaw-state,2011
13,RJ Hall,G,7,0,10,-17.8,0,0,0,0,0,0,0,0,0,0,50,10.3,0,0,0,-0.193,-19.5,-6.7,-26.1,NA,kennesaw-state,2011
14,Mirza Medinic,C,1,0,1,-144.6,NA,NA,NA,0,0,0,0,0,0,0,100,100,-0.1,0,-0.1,-2.117,-99.9,-1.8,-100,NA,kennesaw-state,2011
NA,Team Totals,,31,31,6325,NA,0.498,0.335,0.357,NA,NA,NA,NA,NA,NA,NA,NA,NA,5.3,1.5,6.8,0.043,-1.6,-2.7,-4.3,NA,kennesaw-state,2011
1,Spencer Dixon,G,31,30,1148,12.9,0.466,0.527,0.196,425,2.8,7.4,4.9,24.5,2.6,0.2,17.1,25.3,0.6,-0.4,0.2,0.007,-0.2,-3.6,-3.8,NA,kennesaw-state,2012
2,Delbert Love,G,31,31,1131,13.9,0.542,0.591,0.245,373,2.4,9,5.3,19,2.9,0.2,19.9,21.1,1.1,-0.2,0.9,0.033,-0.8,-2.5,-3.3,NA,kennesaw-state,2012
3,Markeith Cummings,F,30,29,1045,17.9,0.52,0.184,0.508,448,7.1,13.3,9.9,15.2,1.9,2,16.5,27.5,1.5,-0.2,1.3,0.05,0.8,-3.3,-2.4,NA,kennesaw-state,2012
4,Aaron Anderson,F,31,31,1002,17.3,0.525,0.013,0.335,286,11.7,26,18.1,8,1.2,1.6,11.1,15.9,1.7,0.2,1.8,0.073,0.4,-3.1,-2.7,NA,kennesaw-state,2012
5,Romain Henry,G,31,16,664,4.8,0.462,0.346,0.26,119,3.2,9.8,6.2,12.3,1.6,0.2,29.5,13.5,-0.4,-0.3,-0.7,-0.041,-6,-3,-9,NA,kennesaw-state,2012
6,Brandon Dawson,F,31,16,547,7.1,0.453,0.192,0.525,108,4.3,12.2,7.8,2.7,1.4,2.3,13.3,14.1,0.1,-0.1,0,-0.003,-5.6,-2.4,-8,NA,kennesaw-state,2012
7,Mirza Sabic,G,27,2,357,7.6,0.551,0.551,0.269,84,2.3,10.9,6.2,4.3,0.9,0,22.1,17.1,0.1,-0.2,-0.1,-0.014,-2.8,-4.3,-7,NA,kennesaw-state,2012
8,Andrew Osemhen,F,28,0,242,3.6,0.383,0,0.813,23,7.3,13.2,9.9,1.6,0.8,4.2,31.1,7.2,-0.1,-0.1,-0.2,-0.03,-5.8,-2.5,-8.3,NA,kennesaw-state,2012
9,Nick Turner,G,15,0,174,0.9,0.384,0.618,0.036,42,1.4,8.3,4.5,13.9,0.7,0,24.3,22.9,-0.4,-0.1,-0.5,-0.117,-5.6,-5.2,-10.9,NA,kennesaw-state,2012
10,Brandon Sewell,G,8,0,13,5.6,1,0,0,1,0,0,0,0,0,0,0,4.1,0,0,0,0.022,-5.3,-2.1,-7.4,NA,kennesaw-state,2012
11,Sam Glover,G,1,0,2,54.8,1,0,0,1,0,0,0,0,0,0,0,27,0,0,0,0.264,14.6,-12,2.6,NA,kennesaw-state,2012
NA,Team Totals,,31,31,6325,NA,0.501,0.363,0.319,NA,NA,NA,NA,NA,NA,NA,NA,NA,4.1,-1.3,2.8,0.017,-1.6,-3.1,-4.8,NA,kennesaw-state,2012
1,Delbert Love,G,30,30,1074,12.4,0.474,0.521,0.285,361,2.7,10.7,6,18.9,2.5,0.2,17.2,23,0.6,0.2,0.7,0.028,-1.2,-2.5,-3.6,NA,kennesaw-state,2013
2,Aaron Anderson,F,30,29,1006,16.8,0.527,0.005,0.489,297,11.7,26.8,18,7.2,1.5,1.3,15,16.9,1.5,0.5,2,0.081,-0.4,-2.8,-3.2,NA,kennesaw-state,2013
3,Markeith Cummings,F,27,20,890,19,0.529,0.206,0.423,408,6,12.9,8.9,12.6,1.9,0.5,14.1,29.2,1.7,0.1,1.8,0.082,1.3,-3,-1.6,NA,kennesaw-state,2013
4,Yonel Brown,G,30,9,712,2.5,0.363,0.473,0.221,111,0.6,5.2,2.5,11.8,2.4,0,23.7,14.1,-0.9,0,-1,-0.054,-7.3,-2,-9.3,NA,kennesaw-state,2013
5,Myles Hamilton,G,30,22,693,10.2,0.437,0.273,0.331,193,3,9.5,5.7,24.3,3.5,0.9,21,19.3,0,0.3,0.2,0.013,-4,-0.6,-4.5,NA,kennesaw-state,2013
6,Nigel Pruitt,F,30,12,567,8.9,0.47,0.559,0.308,146,3.8,13.1,7.7,8.1,2.2,1.7,19.2,19,-0.1,0.1,0.1,0.005,-3,-1.8,-4.8,NA,kennesaw-state,2013
7,Andrew Osemhen,F,30,24,443,7.8,0.484,0,0.526,91,6.5,14.2,9.7,3.5,1.3,3.5,20.8,14.4,0,0.1,0.1,0.009,-5.8,-1.8,-7.7,NA,kennesaw-state,2013
8,Brandon Dawson,F,29,3,375,7.4,0.472,0.067,0.449,91,4,17.2,9.5,0.6,0.7,1.6,16.3,18.3,0,0,0,0.001,-6.2,-3.3,-9.4,NA,kennesaw-state,2013
9,Jordan Montgomery,G,26,1,282,12.9,0.516,0.68,0.453,90,4.5,13.7,8.3,12.5,2.9,0.8,16.5,20.5,0.3,0.1,0.4,0.059,-1.6,-1.2,-2.8,NA,kennesaw-state,2013
10,Kris Drees,F,14,0,51,12.3,0.714,0,1.333,9,11.2,12.6,11.8,4,1.2,0,16.9,6.1,0.1,0,0.1,0.077,-0.2,-2.6,-2.8,NA,kennesaw-state,2013
11,Cole Hobbs,G,9,0,32,-5.3,0.278,0.667,0,5,3.6,5,4.2,6.7,1.9,0,30.8,21.6,-0.1,0,-0.1,-0.174,-11.7,-5.5,-17.2,NA,kennesaw-state,2013
NA,Team Totals,,30,30,6125,NA,0.483,0.312,0.374,NA,NA,NA,NA,NA,NA,NA,NA,NA,3.1,1.3,4.4,0.029,-2.6,-2.2,-4.8,NA,kennesaw-state,2013
1,Delbert Love,G,31,20,963,16.8,0.539,0.483,0.288,381,4.4,9.6,6.9,18.6,2.7,0,13.2,21.8,1.7,0.7,2.5,0.102,1.6,-1,0.7,NA,kennesaw-state,2014
2,Orlando Coleman,F,30,29,813,16.7,0.564,0.229,0.247,284,8.4,18.4,13.3,12.5,1.7,1.9,19.4,19.8,0.9,0.8,1.7,0.083,-0.8,-1.4,-2.2,NA,kennesaw-state,2014
3,Yonel Brown,G,31,14,650,8.3,0.5,0.392,0.385,189,0.9,3.9,2.3,22.8,1.2,0.2,22.9,17.6,0.2,0.1,0.3,0.021,-3.4,-3.3,-6.7,NA,kennesaw-state,2014
4,Willy Kouassi,C,31,21,546,11.5,0.526,0,0.594,143,9.8,18.4,14,3.5,0.4,6.6,22.3,16.1,0.1,0.5,0.6,0.044,-4.9,-0.3,-5.2,NA,kennesaw-state,2014
5,Bernard Morena,F,29,20,539,7,0.479,0.282,0.417,173,4.9,17.3,10.9,6.2,1.7,3.3,26.7,24.8,-0.9,0.6,-0.3,-0.022,-7.6,-1,-8.6,NA,kennesaw-state,2014
6,Andrew Osemhen,F,30,12,526,4.4,0.444,0,0.639,101,6.9,10.9,8.9,2.6,0.6,1.8,22.3,13.3,-0.3,0.3,0,0,-7,-1.9,-8.9,NA,kennesaw-state,2014
7,Nigel Pruitt,F,31,11,499,13.3,0.494,0.608,0.386,211,5.5,8.9,7.1,11.8,2.5,1.7,16.1,26.8,0.3,0.4,0.7,0.058,-2.1,-2.5,-4.7,NA,kennesaw-state,2014
8,Myles Hamilton,G,24,17,489,9.1,0.481,0.331,0.331,161,2.8,11.2,6.9,24.6,2.5,0.2,26,21.4,-0.2,0.4,0.2,0.016,-5.3,-1.5,-6.9,NA,kennesaw-state,2014
9,Nate Rucker,F,20,11,441,14.1,0.537,0.015,0.598,162,5.4,13.8,9.5,4.4,2.3,1.6,17.1,23.3,0.3,0.4,0.7,0.06,-3.6,-1.3,-4.8,NA,kennesaw-state,2014
10,Tanner Wozniak,G,28,0,316,7.8,0.483,0.712,0.221,100,2.5,5.3,3.9,6.8,1.1,0.3,16.1,21.8,0,0.1,0.1,0.014,-2.5,-2.8,-5.3,NA,kennesaw-state,2014
11,Kris Drees,F,21,0,170,3.2,0.48,0,0.333,22,6,12,8.9,2.3,0.7,0,25.1,8.2,0,0.1,0,0.01,-6.2,-1.6,-7.8,NA,kennesaw-state,2014
12,Charlie Byers,G,25,0,169,5.7,0.429,0.088,0.059,34,5.4,5.7,5.5,13.3,1.4,0,20.5,13.1,0,0.1,0,0.005,-5.2,-3,-8.3,NA,kennesaw-state,2014
13,Jordan Montgomery,G,20,0,79,11.8,0.495,0.625,0.688,23,4.3,15.1,9.6,17.9,3.7,1.3,22,17.3,0,0.1,0.1,0.061,-5.6,-0.9,-6.5,NA,kennesaw-state,2014
NA,Team Totals,,31,31,6200,NA,0.511,0.334,0.375,NA,NA,NA,NA,NA,NA,NA,NA,NA,2.1,4.5,6.7,0.043,-3.3,-1.7,-4.9,NA,kennesaw-state,2014
1,Yonel Brown,G,32,32,1184,16.4,0.577,0.471,0.429,464,1.3,5.6,3.5,17.1,1.9,0,16,21.9,2.6,0,2.6,0.089,-0.4,-2.9,-3.3,NA,kennesaw-state,2015
2,Delbert Love,G,32,26,912,11.1,0.446,0.494,0.212,254,4.7,11,7.8,19.3,2.3,0.2,19.6,17.9,0.2,0.3,0.5,0.021,-2.5,-2.2,-4.8,NA,kennesaw-state,2015
3,Nigel Pruitt,F,32,30,902,17.5,0.559,0.612,0.265,355,4.3,11.6,8,10.6,2.1,1,13.2,23,1.8,0.4,2.2,0.097,1.2,-2.3,-1.1,NA,kennesaw-state,2015
4,Orlando Coleman,F,32,18,783,10.4,0.452,0.201,0.032,202,6.6,16.6,11.6,8.7,1.8,1.7,21.3,18.6,-0.4,0.5,0,0.003,-4,-1.9,-5.9,NA,kennesaw-state,2015
5,Damien Wilson,F,22,16,632,11.9,0.446,0.178,0.296,236,5.5,13.2,9.4,15.8,1.7,1.1,18.4,26.3,-0.2,0.3,0.1,0.004,-3.9,-3.3,-7.3,NA,kennesaw-state,2015
6,Willy Kouassi,C,27,25,521,9.3,0.464,0,0.505,121,8.2,20.7,14.5,1.2,0.2,7.2,23.6,17.2,-0.4,0.4,0,0.001,-7.3,-1.4,-8.6,NA,kennesaw-state,2015
7,Bernard Morena,F,31,8,500,14.4,0.523,0.081,0.556,164,10.5,16.7,13.6,5,1.1,4.4,18.7,19.9,0.4,0.3,0.7,0.059,-4.5,-1.7,-6.2,NA,kennesaw-state,2015
8,Nick Masterson,G,27,4,362,9.4,0.539,0.864,0.068,92,3.1,3.1,3.1,9.4,1.2,1.4,16.5,15.5,0.3,-0.1,0.3,0.03,-1.6,-3.7,-5.3,NA,kennesaw-state,2015
9,Jordan Jones,F,26,0,248,8.5,0.403,0.021,0.34,45,5.9,17.5,11.7,3.3,1,5,5.2,12,0.1,0.2,0.3,0.041,-7.4,-1.5,-8.9,NA,kennesaw-state,2015
10,Tanner Wozniak,G,21,0,135,-1.3,0.408,0.933,0.133,13,0.8,7.4,4.1,5.6,0.9,0,40.8,10.3,-0.2,0,-0.2,-0.071,-7.1,-2.7,-9.8,NA,kennesaw-state,2015
11,Justin Diecker,F,12,1,78,-2.7,0.41,0,0.462,12,1.4,8.5,5,2.6,0.8,4,30.6,15.1,-0.2,0,-0.1,-0.069,-13.2,-0.8,-14,NA,kennesaw-state,2015
12,Alijah Bennett,G,17,0,66,0.5,0.334,0.429,0.143,13,3.4,11.8,7.6,21.2,0,1.6,34.9,18,-0.2,0,-0.2,-0.098,-9.1,-5,-14.1,NA,kennesaw-state,2015
13,Nate Rucker,F,6,0,59,3.9,0.402,0,0.2,20,5.7,22.6,14.2,0,0,1.8,20.4,30.1,-0.1,0,-0.1,-0.079,-8.2,-2.9,-11.2,NA,kennesaw-state,2015
14,Cameron Neysmith,G,6,0,10,6.5,0.333,0.333,0,2,11.2,22.2,16.7,0,0,0,0,15.5,0,0,0,0.016,-14.2,-3.2,-17.4,NA,kennesaw-state,2015
15,Charlie Byers,G,5,0,8,25.3,0.526,NA,NA,1,0,13.9,7,22.3,15,0,0,6.1,0,0,0,0.207,-2.3,12.7,10.5,NA,kennesaw-state,2015
NA,Team Totals,,32,32,6400,NA,0.501,0.372,0.292,NA,NA,NA,NA,NA,NA,NA,NA,NA,3.8,2.3,6.1,0.038,-3,-2.4,-5.4,NA,kennesaw-state,2015
1,Yonel Brown,G,31,30,1203,15.9,0.535,0.454,0.272,534,2,7.8,4.9,13,1.7,0,12.8,25.3,1.9,0.3,2.3,0.076,1.2,-2.8,-1.5,NA,kennesaw-state,2016
2,Kendrick Ray,G,31,30,1059,22.1,0.563,0.259,0.349,550,4.6,14,9.3,17.9,2.4,0.7,12.9,27.4,2.7,0.7,3.4,0.129,2.8,-1.3,1.5,NA,kennesaw-state,2016
3,Nick Masterson,G,31,30,696,6.4,0.46,0.578,0.065,146,2.1,6.5,4.3,9.3,1.4,1.2,17.2,13.6,-0.1,0.2,0.1,0.006,-4.2,-2.3,-6.5,NA,kennesaw-state,2016
4,Aubrey Williams,F,31,1,689,21.3,0.594,0,0.731,271,12.5,19.6,16,7.2,2.1,2.4,12.2,17.6,1.9,0.7,2.6,0.15,0.8,-1.2,-0.4,NA,kennesaw-state,2016
5,Bernard Morena,F,31,23,666,13.5,0.508,0.034,0.403,226,6.4,15.4,10.8,14.3,1.7,4.2,20.5,19.5,0.3,0.5,0.9,0.053,-3.6,-0.1,-3.7,NA,kennesaw-state,2016
6,Jordan Jones,F,31,30,590,8.6,0.431,0,0.25,120,4.7,15.2,9.9,8.3,0.9,4.1,13.2,12,0.1,0.4,0.5,0.032,-4.1,-0.6,-4.8,NA,kennesaw-state,2016
7,Nigel Pruitt,F,23,9,480,17.7,0.522,0.399,0.346,179,5.8,16.8,11.3,8,4.1,2.8,14.8,21.5,0.5,0.6,1.1,0.095,-0.3,1.2,0.9,NA,kennesaw-state,2016
8,Kyle Clarke,G,26,0,411,7.8,0.507,0.035,0.5,113,3.3,8.3,5.8,13.2,2.5,0.8,29.7,18.1,-0.3,0.2,-0.1,-0.007,-5.5,-1.4,-6.9,NA,kennesaw-state,2016
9,Tracy Hector,F,18,1,302,4.1,0.402,0.038,0.615,40,4.1,8.7,6.3,11.2,2.1,0.3,37.3,8.7,-0.2,0.1,-0.1,-0.013,-5.4,0,-5.4,NA,kennesaw-state,2016
10,Kosta Jankovic,F,16,1,109,9.8,0.534,0.379,0.069,29,2.1,13.6,7.8,8.8,0.5,1,14.3,15.8,0.1,0,0.1,0.039,-5.3,-1.9,-7.2,NA,kennesaw-state,2016
11,Josh Burnett,G,8,0,17,2.9,0.354,0.625,0.125,5,6.6,6.7,6.6,0,3.3,0,10.6,27.5,0,0,0,-0.058,-4,-2.5,-6.5,NA,kennesaw-state,2016
12,Cameron Neysmith,G,2,0,3,-28.9,0,0,0,0,0,0,0,0,0,0,0,32.8,0,0,0,-0.473,-38.2,-21.9,-60.1,NA,kennesaw-state,2016
NA,Team Totals,,31,31,6225,NA,0.528,0.278,0.342,NA,NA,NA,NA,NA,NA,NA,NA,NA,7,3.8,10.8,0.069,-1.2,-1.3,-2.5,NA,kennesaw-state,2016
1,Kendrick Ray,G,31,31,1049,20.6,0.554,0.401,0.192,591,3.2,9.3,6.2,19.9,1.2,0.9,12,31.1,2.6,0.6,3.2,0.123,4.3,-2.8,1.5,NA,kennesaw-state,2017
2,Aubrey Williams,F,32,32,1029,21.6,0.613,0,0.613,412,11.4,27.2,19.2,7.6,1.3,2.1,13.8,18.4,2.8,1.3,4,0.157,1.3,-1.4,-0.1,NA,kennesaw-state,2017
3,Nick Masterson,G,31,31,953,19,0.661,0.554,0.118,370,3.1,5.7,4.4,18.4,1.5,0.3,10.9,17.3,3,0.5,3.5,0.146,4.2,-1.4,2.8,NA,kennesaw-state,2017
4,Kyle Clarke,G,32,31,681,5.9,0.444,0.019,0.237,182,2.8,6.8,4.8,19.5,1.6,0.7,28.4,17.2,-0.5,0.4,-0.1,-0.006,-6.2,-2.1,-8.3,NA,kennesaw-state,2017
5,Jordan Jones,F,30,30,614,11.8,0.488,0,0.203,167,8.4,18.9,13.5,9.4,0.5,3.4,16.1,14.7,0.4,0.6,1,0.066,-3.9,-1.2,-5.1,NA,kennesaw-state,2017
6,Johannes Nielsen,F,27,2,514,11,0.582,0.018,0.387,149,5.7,12.9,9.2,7.7,1.2,1.5,21,15.7,0.5,0.4,0.9,0.07,-3.9,-1.1,-5,NA,kennesaw-state,2017
7,Tyler Hooker,G,27,1,510,10.1,0.45,0.234,0.572,179,2.6,8.9,5.7,19.9,2.3,0.8,19.3,21.7,0,0.4,0.4,0.031,-4.7,-1.3,-6,NA,kennesaw-state,2017
8,Monty Scott,G,23,1,354,16,0.519,0.396,0.384,177,3.5,7.9,5.6,14.3,1.7,0.6,14.9,30.2,0.4,0.2,0.6,0.071,-0.7,-3.7,-4.4,NA,kennesaw-state,2017
9,Zach Cameron,F,30,0,311,9,0.444,0,0.5,48,6.8,21.6,14.1,9.4,1.4,3.8,25.9,7.8,0.1,0.4,0.4,0.056,-4.1,0.9,-3.2,NA,kennesaw-state,2017
10,Anthony Wilson,F,17,1,206,12.7,0.386,0.193,0.333,64,10.9,16.3,13.5,13.5,2.2,2.9,9.6,17.2,0.2,0.2,0.4,0.075,-2.5,-0.2,-2.8,NA,kennesaw-state,2017
11,Josh Burnett,G,11,0,103,1,0.24,0.182,0.091,15,3.3,18,10.5,10.5,2.7,1,28.2,15,-0.3,0.1,-0.2,-0.061,-8.4,-1.2,-9.6,NA,kennesaw-state,2017
12,Kosta Jankovic,F,7,0,72,0.9,0.302,0.059,0.353,15,4.7,21,12.7,10.8,0.8,0,23.2,17.4,-0.1,0.1,-0.1,-0.047,-9.9,-1.8,-11.7,NA,kennesaw-state,2017
13,Isaac Mbuyamba,F,2,0,3,41.4,1,0,0,1,0,38.7,19,0,0,33.2,0,16.1,0,0,0,0.313,-1.3,13.4,12.1,NA,kennesaw-state,2017
14,Cameron Neysmith,G,1,0,1,-13,0.526,NA,NA,1,0,100,57,0,0,0,51.3,94.3,0,0,0,-0.59,-57.6,-18.2,-75.7,NA,kennesaw-state,2017
NA,Team Totals,,32,32,6400,NA,0.542,0.256,0.308,NA,NA,NA,NA,NA,NA,NA,NA,NA,9,5.2,14.2,0.089,-0.8,-1.6,-2.4,NA,kennesaw-state,2017
1,Nick Masterson,G,30,30,1102,19.5,0.703,0.449,0.252,429,2.3,6.7,4.5,16.9,1.3,0.4,11.5,16.9,3.7,0.3,4,0.145,3.4,-2.1,1.3,NA,kennesaw-state,2018
2,Monty Scott,G,29,29,923,15.9,0.507,0.352,0.199,451,2,6.9,4.4,15.2,3,0.7,13.5,30.3,0.8,0.6,1.4,0.061,0,-1.7,-1.8,NA,kennesaw-state,2018
3,Tyler Hooker,G,30,16,782,12.7,0.491,0.262,0.415,318,1.5,10.7,6,19.3,2.7,0.5,17.9,25.1,0.2,0.6,0.8,0.041,-3.2,-1.7,-4.9,NA,kennesaw-state,2018
4,Jordan Jones,F,30,30,661,14,0.563,0.007,0.3,188,5.5,20.3,12.8,9.2,1.8,1.4,14,14.8,0.8,0.6,1.5,0.088,-2.5,-0.5,-3,NA,kennesaw-state,2018
5,Kosta Jankovic,F,25,12,525,11.7,0.521,0.162,0.284,176,5.1,13.2,9.1,13.8,0.4,0.8,16.4,18.7,0.5,0.2,0.7,0.05,-2.1,-2.4,-4.6,NA,kennesaw-state,2018
6,Isaac Mbuyamba,F,30,16,524,10.6,0.445,0.014,0.877,115,13.8,15.7,14.7,2.5,0.7,5,15.5,11.4,0.2,0.4,0.6,0.048,-3.8,-2,-5.8,NA,kennesaw-state,2018
7,Kyle Clarke,G,29,15,517,8.9,0.433,0.051,0.39,140,3.1,13.4,8.2,18.7,3.8,0.6,25.6,17.8,-0.4,0.6,0.1,0.011,-5.8,0.3,-5.5,NA,kennesaw-state,2018
8,Bryson Lockley,F,28,2,475,10.2,0.486,0.051,0.756,122,9.3,14.1,11.7,9.1,1.3,4.7,23.2,14.2,0.1,0.4,0.5,0.043,-4.9,-0.7,-5.6,NA,kennesaw-state,2018
9,Anthony Wilson,F,20,0,359,22.3,0.557,0.058,0.447,154,11.7,22.6,17.1,18.5,3.3,3.4,15.6,20.1,0.8,0.5,1.3,0.148,0,0.2,0.3,NA,kennesaw-state,2018
10,Tristan Jarrett,G,12,0,149,3.3,0.379,0.435,0.188,56,6.2,15.2,10.7,10.2,1.5,2,22.6,31.9,-0.5,0.1,-0.4,-0.1,-9.5,-4.1,-13.7,NA,kennesaw-state,2018
11,Arthur Gray,F,3,0,4,-5.1,0.38,0,0.667,2,0,29.9,14.7,0,0,0,20.2,60.5,0,0,0,-0.258,-45.7,-18.9,-64.6,NA,kennesaw-state,2018
12,Markus Smith,G,2,0,3,-21.6,0,0,0,1,0,0,0,49.9,0,0,50,32.6,0,0,0,-0.454,-6.3,-7,-13.3,NA,kennesaw-state,2018
13,Isaiah Rose,G,1,0,1,16,NA,NA,NA,0,0,100,59,0,0,0,NA,0,0,0,0,0.15,-17.2,-6.2,-23.5,NA,kennesaw-state,2018
NA,Team Totals,,30,30,6025,NA,0.531,0.247,0.337,NA,NA,NA,NA,NA,NA,NA,NA,NA,6.2,4.3,10.5,0.07,-1.7,-1.5,-3.2,NA,kennesaw-state,2018
1,Tyler Hooker,G,31,31,1123,17.3,0.493,0.246,0.361,552,2.2,12.6,7,20.5,2.4,0.7,12.9,29.4,1.3,0.8,2.1,0.074,0.5,-1.3,-0.7,NA,kennesaw-state,2019
2,Bryson Lockley,F,32,31,990,9.9,0.417,0.018,0.537,259,8.7,16.2,12.2,10.7,1.2,2.2,19,16.5,-0.3,0.7,0.4,0.016,-4.3,-1.7,-5.9,NA,kennesaw-state,2019
3,Isaac Mbuyamba,F,32,32,757,11.3,0.481,0,0.887,125,9.9,13.8,11.7,5.4,1.9,4.6,19.9,8,0.4,0.7,1.1,0.057,-3.3,0.5,-2.7,NA,kennesaw-state,2019
4,Kosta Jankovic,F,29,17,684,8.3,0.45,0.291,0.2,212,3.9,15.3,9.2,14,0.8,0.5,19.4,21.1,-0.4,0.3,-0.1,-0.005,-3.6,-2.5,-6.1,NA,kennesaw-state,2019
5,Kyle Clarke,G,30,10,672,5.9,0.395,0.029,0.234,157,2.9,13.3,7.8,14.4,2.2,0.8,22.1,17.5,-0.9,0.5,-0.4,-0.023,-7,-0.8,-7.8,NA,kennesaw-state,2019
6,Bobby Parker,G,27,14,623,12.6,0.488,0.478,0.126,214,2.3,12.9,7.3,12.6,1.4,0.7,11.6,21.4,0.4,0.3,0.7,0.045,0.4,-1.4,-1.1,NA,kennesaw-state,2019
7,Danny Lewis,G,23,15,554,8.3,0.445,0.378,0.172,228,0.9,6.4,3.5,17.7,1.5,0.2,15,29,-0.4,0.2,-0.2,-0.016,-4.1,-3.8,-7.9,NA,kennesaw-state,2019
8,Ugo Obineke,F,28,10,450,8.9,0.435,0.12,0.177,153,6.3,6.9,6.6,6.9,0.9,1.2,12.9,23.4,-0.2,0.1,-0.1,-0.007,-5.1,-3.5,-8.6,NA,kennesaw-state,2019
9,Antonio Spencer,F,32,0,437,12.1,0.516,0.019,0.358,71,8.8,19.9,14,3.1,1.3,6.5,12.7,7.8,0.3,0.5,0.8,0.074,-4.6,0.6,-4,NA,kennesaw-state,2019
10,C.J. Washington,G,7,0,66,-9.2,0.176,0.235,0.353,11,1.5,10.4,5.7,24.9,1.7,0,37.7,23.3,-0.4,0,-0.4,-0.228,-15,-3.4,-18.3,NA,kennesaw-state,2019
11,Pietro Agostini,F,13,0,51,8.9,0.41,0.308,0.462,12,4,13.5,8.4,0,4.4,0,5.9,15.9,0,0.1,0.1,0.051,-5,3.6,-1.4,NA,kennesaw-state,2019
12,Adili Kuerban,G,8,0,10,31.5,0.928,0.5,3,8,0,11.5,5.4,20.9,5.6,0,45.2,42.7,0,0,0,0.177,16.2,7.7,24,NA,kennesaw-state,2019
13,Markus Smith,G,3,0,8,-6,0.25,0,0,2,12.7,0,6.7,0,0,0,20,30.2,0,0,0,-0.227,-9.9,-9.6,-19.5,NA,kennesaw-state,2019
NA,Team Totals,,32,32,6425,NA,0.456,0.225,0.303,NA,NA,NA,NA,NA,NA,NA,NA,NA,-0.3,4.3,4,0.025,-3.2,-1.4,-4.7,NA,kennesaw-state,2019
1,Bryson Lockley,F,29,26,883,10.5,0.471,0.328,0.336,251,5.3,15.1,9.9,12.2,1.5,2,20.6,19.5,-0.2,0.3,0.1,0.005,-3.7,-2.4,-6.1,NA,kennesaw-state,2020
2,Tyler Hooker,G,25,23,820,10.2,0.451,0.253,0.353,320,1.6,12.4,6.6,17.8,1.9,0,18.5,28.8,-0.7,0.2,-0.5,-0.023,-3.4,-3.3,-6.7,NA,kennesaw-state,2020
3,Ugo Obineke,F,26,19,715,6.6,0.422,0.452,0.268,198,2.2,8.7,5.3,5.2,0.9,0.8,11.1,20.8,-0.3,0,-0.3,-0.019,-4.3,-3.6,-7.8,NA,kennesaw-state,2020
4,C.J. Washington,G,27,12,538,7.9,0.444,0.421,0.353,129,2.4,10.9,6.4,4.6,2.7,0.8,16.6,17.8,-0.2,0.2,0,-0.002,-5.1,-0.9,-6.1,NA,kennesaw-state,2020
5,Adili Kuerban,G,27,13,512,4.9,0.433,0.673,0.228,94,0.8,12,6,9.7,1.4,0,18.3,13.8,-0.2,0.1,-0.2,-0.015,-5.9,-1.9,-7.8,NA,kennesaw-state,2020
6,Antonio Spencer,F,23,18,426,11.9,0.53,0,0.23,96,12.6,16.4,14.3,4.2,1,5,26.1,13.4,0.1,0.2,0.3,0.029,-5,-2.1,-7.1,NA,kennesaw-state,2020
7,Jamie Lewis,G,17,9,394,6.3,0.397,0.252,0.19,133,2.4,10.3,6.1,12.1,1.8,0.3,16.1,27.7,-0.7,0.1,-0.6,-0.06,-5.6,-4.2,-9.8,NA,kennesaw-state,2020
8,Terrell Burden,G,14,9,393,6.3,0.433,0.156,0.582,136,2.7,8.4,5.4,20.4,1,0.3,23.2,26.6,-0.6,0,-0.6,-0.062,-5.3,-3.6,-8.9,NA,kennesaw-state,2020
9,Drew Romich,F,24,10,361,5.1,0.365,0,0.417,35,7.1,16.3,11.4,9.6,0.5,0.9,34.3,6.2,-0.1,0,-0.1,-0.011,-5.6,-1.8,-7.5,NA,kennesaw-state,2020
10,Pietro Agostini,F,26,1,295,7.4,0.408,0.153,0.254,56,7.3,21.6,13.9,2.5,1,1.9,12,13.1,0,0.2,0.1,0.014,-6.7,-2,-8.7,NA,kennesaw-state,2020
11,Armani Harris,F,8,3,192,18.9,0.486,0.024,0.833,67,16.7,19.1,17.8,16.3,1.8,1.7,15.8,18.7,0.3,0.1,0.4,0.08,0.5,-1.6,-1.1,NA,kennesaw-state,2020
12,Danny Lewis,G,7,1,135,4.7,0.385,0.4,0.083,44,0,10.9,5.1,17.7,1.7,0,16.1,28.4,-0.3,0,-0.3,-0.082,-5.9,-3.4,-9.4,NA,kennesaw-state,2020
13,Bobby Miller,G,9,1,77,-0.8,0.344,0.25,0.188,13,1.4,14.3,7.4,12.1,1.5,0,31.5,17,-0.2,0,-0.2,-0.098,-9.8,-1.4,-11.3,NA,kennesaw-state,2020
14,John Ogwuche,G,8,0,59,6.6,0.352,0.778,0.556,8,0,10.4,4.8,7.6,3,0,0,9.9,0,0,0,0.014,-6.5,-0.1,-6.6,NA,kennesaw-state,2020
NA,Team Totals,,29,29,5800,NA,0.439,0.309,0.325,NA,NA,NA,NA,NA,NA,NA,NA,NA,-3.2,1.3,-1.9,-0.013,-4.7,-2.6,-7.3,NA,kennesaw-state,2020
1,Spencer Rodgers,G,24,24,777,17.5,0.557,0.502,0.227,351,0.4,13.2,6.6,14.8,1.9,0.6,13.8,26.6,1.4,1,2.4,0.123,0.3,-1.2,-0.8,NA,kennesaw-state,2021
2,Chris Youngblood,G,24,21,776,13.5,0.519,0.57,0.166,275,1.3,10.9,5.9,11.8,1.4,1.8,12.3,21.3,0.9,0.9,1.8,0.094,-1.5,-1,-2.6,NA,kennesaw-state,2021
3,Alex Peterson,F,24,23,623,13.2,0.537,0.022,0.455,175,8.6,18.1,13.1,4,1.5,1.7,20.1,16.6,0.4,0.9,1.2,0.079,-2.5,-1,-3.5,NA,kennesaw-state,2021
4,Brandon Stroud,G,24,18,532,10.2,0.449,0.388,0.31,148,7.1,24.6,15.5,11.5,2.3,0.4,21.3,17.9,-0.1,0.9,0.8,0.06,-5.2,0,-5.1,NA,kennesaw-state,2021
5,Terrell Burden,G,24,14,532,13.3,0.493,0.138,0.467,195,3.2,9.9,6.4,22.1,2.6,0.8,20.9,22.4,0.2,0.7,0.9,0.068,-3.5,-0.5,-4,NA,kennesaw-state,2021
6,Kasen Jennings,G,21,10,412,10,0.465,0.466,0.204,110,2.8,11.9,7.2,15.1,2.5,0.3,17.5,16.9,0.1,0.6,0.6,0.06,-5.2,-0.9,-6.2,NA,kennesaw-state,2021
7,Armani Harris,F,23,2,297,10.4,0.568,0.128,0.574,73,9.6,14.8,12.1,4,0.6,2.5,22.1,13.1,0.3,0.3,0.6,0.085,-5.5,-0.9,-6.4,NA,kennesaw-state,2021
8,Jamie Lewis,G,20,3,269,3.9,0.401,0.448,0.284,63,0.8,10.9,5.7,12.1,0.9,0,19.1,17.7,-0.3,0.3,0,-0.001,-6.8,-2,-8.9,NA,kennesaw-state,2021
9,Cole LaRue,F,21,3,203,8.2,0.461,0.292,0.417,56,8.4,12.7,10.5,4.9,0.8,5.8,22.8,18.6,-0.1,0.3,0.2,0.038,-7.5,0.5,-7,NA,kennesaw-state,2021
10,Nate Springs,F,17,0,151,4.2,0.441,0.5,0.158,36,6,20.2,12.9,5.3,0,1.4,25.5,18.4,-0.2,0.2,0,-0.006,-6.6,-1.6,-8.2,NA,kennesaw-state,2021
11,Antonio Spencer,F,8,2,72,14.8,0.537,0.15,0.15,26,20.5,18.7,19.6,3,1.6,6,31.8,22.2,0,0.1,0.1,0.063,-0.7,0.1,-0.6,NA,kennesaw-state,2021
12,Mayson Quartlebaum,F,12,0,72,4.6,0.472,0.286,0.286,15,4.7,11.9,8.2,2.7,0,1.5,20.1,14,0,0.1,0,0.023,-5.6,-1.3,-6.8,NA,kennesaw-state,2021
13,Glenn Robinson II,G,10,0,45,9.3,0.326,0.643,0.429,12,10.1,21.7,15.7,4.2,0,2.4,0,19,0,0.1,0,0.042,0.6,-2.9,-2.3,NA,kennesaw-state,2021
14,Kenny Burns,G,8,0,32,19.3,0.778,0.889,0,14,0,7.6,3.7,35.6,1.8,0,25,19,0.1,0,0.2,0.192,0.2,-1.8,-1.6,NA,kennesaw-state,2021
15,Demetrius Rives,F,4,0,7,60.7,0.517,0.5,4,8,48.7,0,25.3,24,8.2,0,0,42.1,0.1,0,0.1,0.56,33.3,-3.3,30,NA,kennesaw-state,2021
NA,Team Totals,,24,24,4800,NA,0.507,0.387,0.296,NA,NA,NA,NA,NA,NA,NA,NA,NA,2.8,6.3,9,0.075,-3.2,-0.9,-4.1,NA,kennesaw-state,2021
1,Chris Youngblood,G,30,30,924,19.9,0.606,0.546,0.18,371,6.5,13.7,10.1,6.6,1.7,1.8,10.9,21.2,2.6,1,3.6,0.156,3.6,-1.6,1.9,NA,kennesaw-state,2022
2,Spencer Rodgers,G,31,28,908,13.1,0.497,0.563,0.169,312,0.9,15.8,8.3,15,2.3,0.9,14.7,21.4,0.9,1.1,1.9,0.085,-1.5,-1.4,-2.8,NA,kennesaw-state,2022
3,Terrell Burden,G,30,29,879,17.8,0.51,0.17,0.61,392,1.6,9.5,5.5,30.2,2.4,2.2,16.9,23.7,1.8,0.9,2.8,0.127,0.5,-0.8,-0.3,NA,kennesaw-state,2022
4,Brandon Stroud,G,30,27,723,11.9,0.465,0.436,0.285,209,8.4,19.8,14.1,9.6,2.3,1.3,17.5,17.3,0.4,1,1.5,0.081,-2.5,-0.4,-2.9,NA,kennesaw-state,2022
5,Demond Robinson,F,30,29,627,20.4,0.584,0.041,0.413,260,11,16.9,14,5.4,2,3.5,17.3,23,1.3,0.8,2.1,0.132,-0.3,-1.8,-2.1,NA,kennesaw-state,2022
6,Kasen Jennings,G,31,2,565,14.3,0.575,0.572,0.257,195,1.5,6.3,3.9,18.1,2.6,0.2,16.2,18.3,1.1,0.5,1.6,0.116,-1.4,-1.2,-2.6,NA,kennesaw-state,2022
7,Alex Peterson,F,31,1,491,16.4,0.627,0.012,0.393,132,11.7,17.5,14.6,4.7,1.5,2.5,16,12.3,1,0.6,1.6,0.128,0.8,-0.7,0.1,NA,kennesaw-state,2022
8,Jamir Moultrie,G,25,3,439,15.9,0.602,0.619,0.177,169,0.8,4.1,2.4,13.5,1.7,0,11.2,20.8,1.2,0.3,1.4,0.132,0.6,-2.1,-1.5,NA,kennesaw-state,2022
9,Isaiah Reddish,G,23,3,278,20,0.637,0.308,0.205,96,7.6,18.9,13.2,5.6,2.1,1.3,13.2,18,0.7,0.4,1,0.149,2.7,-0.7,2,NA,kennesaw-state,2022
10,Nate Springs,F,16,1,154,11.9,0.503,0.286,0.286,49,8.4,17.8,13.1,8.3,1.1,2.4,17.3,19.1,0.1,0.2,0.3,0.075,-3.3,-1.2,-4.5,NA,kennesaw-state,2022
11,Cole LaRue,F,20,1,92,9.4,0.549,0.083,0.292,25,2.6,11.7,7.1,4.2,1.9,4,22.6,19.5,0,0.1,0.1,0.036,-9.2,-1.4,-10.6,NA,kennesaw-state,2022
12,Mayson Quartlebaum,F,10,0,78,20.7,0.728,0.083,0.667,24,9,16.8,12.9,11.5,2.3,0,11.2,11.6,0.3,0.1,0.4,0.185,1.3,0.9,2.2,NA,kennesaw-state,2022
13,Armani Harris,F,12,1,74,18.5,0.594,0.077,0.077,22,19,11.3,15.2,9.5,1.6,1.6,6.9,9.9,0.2,0.1,0.3,0.162,-4.6,-4.2,-8.9,NA,kennesaw-state,2022
14,Kenny Burns,G,6,0,50,19.1,0.553,0.579,0,23,2.3,11.9,7.1,36.4,1.2,4.8,20.8,24.4,0.1,0.1,0.2,0.121,8.4,1.8,10.2,NA,kennesaw-state,2022
15,Demetrius Rives,F,4,0,18,2.1,0.503,0.286,0.286,7,0,13.3,6.6,10.9,0,0,27.4,30.9,0,0,0,-0.049,-11,2,-9,NA,kennesaw-state,2022
NA,Team Totals,,31,31,6300,NA,0.553,0.385,0.297,NA,NA,NA,NA,NA,NA,NA,NA,NA,11.6,7.1,18.7,0.119,-0.1,-1.2,-1.2,NA,kennesaw-state,2022
1,Chris Youngblood,G,35,35,1098,20.5,0.614,0.539,0.323,476,5.1,12.2,8.7,11.5,1.9,1.5,9.7,21.3,3.5,1.7,5.2,0.189,3.5,0.1,3.6,NA,kennesaw-state,2023
2,Terrell Burden,G,35,35,1055,18.5,0.554,0.206,0.496,489,1.8,10.7,6.3,27.3,3.1,1.3,18.7,25.1,1.9,1.8,3.7,0.14,0.5,1,1.5,NA,kennesaw-state,2023
3,Spencer Rodgers,G,35,17,905,9.8,0.485,0.643,0.122,232,1.2,13.4,7.3,14,2,0.8,15.8,15.5,0.4,1.4,1.8,0.081,-1.6,0.9,-0.7,NA,kennesaw-state,2023
4,Brandon Stroud,G,35,34,892,17,0.523,0.406,0.418,332,8,21.6,14.8,12.1,3.2,1.1,14.3,20.3,1.3,1.9,3.2,0.144,-0.3,1.7,1.3,NA,kennesaw-state,2023
5,Demond Robinson,F,35,32,804,23.1,0.563,0.06,0.452,371,11.2,18.4,14.8,7.7,1.9,4.6,10.3,23.9,2.1,1.5,3.7,0.183,1.7,0.5,2.2,NA,kennesaw-state,2023
6,Kasen Jennings,G,33,18,786,10.6,0.559,0.609,0.267,202,1.3,7.1,4.2,12.4,2.1,1.2,15.8,13.9,0.9,1.1,2,0.104,-2,0.8,-1.2,NA,kennesaw-state,2023
7,Quincy Ademokoya,G,35,1,515,10,0.59,0.739,0.235,137,1.6,10.9,6.2,6.3,0.9,0.9,16.4,15.5,0.5,0.7,1.2,0.09,-0.9,-0.9,-1.8,NA,kennesaw-state,2023
8,Alex Peterson,F,32,3,451,14.2,0.559,0,0.325,142,5.7,18.1,11.9,9.5,1.9,2.1,17.5,17.9,0.5,0.8,1.3,0.112,-2.4,0.7,-1.6,NA,kennesaw-state,2023
9,Simeon Cottle,G,33,0,341,11.9,0.55,0.481,0.288,128,0.7,7.5,4.1,19.4,2.5,0.3,20.8,22.1,0.3,0.5,0.8,0.094,-3.3,-0.7,-3.9,NA,kennesaw-state,2023
10,Cole LaRue,F,20,0,122,6.3,0.509,0.27,0.297,41,9.6,19.1,14.4,3.2,0.5,1,26.2,23.7,-0.1,0.2,0.1,0.024,-9.6,-1.7,-11.3,NA,kennesaw-state,2023
11,Ahmad Johnson,G,5,0,28,18.3,0.618,0.375,0.875,13,4.2,16.7,10.4,6.5,2,0,15,24.1,0.1,0,0.1,0.185,-28.3,-2.9,-31.1,NA,kennesaw-state,2023
12,Yves Nkomba,C,9,0,25,11.1,0.341,0,1.5,8,9.4,18.7,14,6.9,2.3,14.2,16.3,24.8,-0.1,0.1,0,0.018,-8.4,-9.3,-17.7,NA,kennesaw-state,2023
13,Armani Harris,F,6,0,19,10.1,0.593,1,5,4,12.3,6.1,9.2,0,3,0,22.9,11.6,0,0,0,0.064,-10.4,-3.9,-14.3,NA,kennesaw-state,2023
14,Charles Stone,G,6,0,12,5.8,0.5,0.5,0,2,0,19.5,9.7,0,4.8,0,33.3,12.6,0,0,0,0.028,-18.4,-3.6,-22.1,NA,kennesaw-state,2023
15,Eric Holland,G,6,0,12,2.5,0.169,0.5,1,1,0,38.9,19.5,12.7,4.8,0,25.3,16.6,0,0,0,-0.03,1.5,19.9,21.4,NA,kennesaw-state,2023
16,Matt Brown,G,6,0,12,3.2,0.339,1,1,2,0,48.6,24.3,0,0,0,25.3,16.6,0,0,0,-0.005,11,3.3,14.2,NA,kennesaw-state,2023
NA,Team Totals,,35,35,7077,NA,0.555,0.387,0.358,NA,NA,NA,NA,NA,NA,NA,NA,NA,11.2,12,23.1,0.131,-0.4,0.5,0.1,NA,kennesaw-state,2023
1,Terrell Burden,G,31,30,972,20.2,0.525,0.285,0.538,571,2.4,9.6,5.9,36.7,2.4,1.2,15,27.5,2.3,0.9,3.3,0.134,2.4,-1.6,0.8,NA,kennesaw-state,2024
2,Simeon Cottle,G,31,26,917,16.7,0.543,0.56,0.249,443,1.4,9.9,5.6,15.6,2.5,0.3,11.4,25,1.7,0.9,2.6,0.113,0.4,-1.1,-0.6,NA,kennesaw-state,2024
3,Demond Robinson,F,31,30,848,21,0.58,0.292,0.22,373,10.6,17.8,14.1,6.1,2.1,3.4,9.7,20.1,2.1,1.1,3.2,0.152,1.6,-1.6,0,NA,kennesaw-state,2024
4,Quincy Ademokoya,G,31,21,761,13.7,0.554,0.65,0.397,288,4.1,12.8,8.3,6.6,1.1,2,11.9,19.2,1.2,0.6,1.9,0.097,-0.6,-2.2,-2.7,NA,kennesaw-state,2024
5,Jamel King,F,30,11,650,11.3,0.547,0.637,0.269,209,3,10.4,6.6,3.6,1.3,2.6,11.4,17.3,0.7,0.5,1.3,0.078,-2.3,-1.8,-4.1,NA,kennesaw-state,2024
6,Rongie Gordon,F,31,12,579,13.9,0.529,0.356,0.22,159,9.8,18.1,13.8,7.4,2.2,4.6,14.4,12,0.8,0.8,1.6,0.108,-3.2,-0.2,-3.4,NA,kennesaw-state,2024
7,Jusaun Holt,G,18,9,506,9.2,0.534,0.64,0.14,105,5,13.7,9.2,6.6,1.7,3.2,19.3,10.3,0.3,0.5,0.8,0.065,-2.3,-0.2,-2.5,NA,kennesaw-state,2024
8,RJ Johnson,G,30,3,486,12.8,0.521,0.333,0.304,205,2.5,9,5.7,20,2.3,1.1,18.4,22.6,0.4,0.4,0.8,0.067,-3.9,-2,-5.9,NA,kennesaw-state,2024
9,Frankquon Sherman,F,24,13,355,15.1,0.605,0.198,0.728,131,8.8,22.6,15.5,3.7,1.3,2.1,17.4,17,0.6,0.5,1.1,0.123,-3.7,-1.2,-4.9,NA,kennesaw-state,2024
10,Armani Harris,F,14,0,68,4.2,0.358,0.154,0.154,12,10.4,17.3,13.8,0,0.8,1.6,17.7,11.4,0,0.1,0,0.013,-10,-4.3,-14.4,NA,kennesaw-state,2024
11,Cole LaRue,F,12,0,63,25.7,0.7,0.15,0.3,30,14.4,15.3,14.9,3.1,0.8,3.4,4.2,17.3,0.3,0.1,0.3,0.217,-0.1,-1.9,-1.9,NA,kennesaw-state,2024
12,Charles Stone,G,4,0,16,-10.6,0.167,0.889,0,3,0,20,9.7,9.4,0,0,10,28.6,-0.1,0,-0.1,-0.206,-58.5,-22,-80.5,NA,kennesaw-state,2024
13,Eric Holland,G,5,0,16,6.5,0.5,0.4,0,5,0,20,9.7,10.4,6.6,0,37.5,22.9,0,0,0,-0.027,-25,-9.3,-34.3,NA,kennesaw-state,2024
14,Matt Brown,G,4,0,14,-20.4,0,0.333,0,0,0,15.3,7.4,0,3.8,0,57.1,22.9,-0.1,0,-0.1,-0.343,-17.8,2,-15.7,NA,kennesaw-state,2024
NA,Team Totals,,31,31,6251,NA,0.544,0.436,0.335,NA,NA,NA,NA,NA,NA,NA,NA,NA,10.1,6.5,16.6,0.106,-1,-1.5,-2.5,NA,kennesaw-state,2024
1,Adrian Wooley,G,33,32,1107,21.3,0.636,0.426,0.416,589,4.3,12.5,8.5,23.4,2.4,0.3,18.3,25.6,3.2,1.7,4.9,0.176,3.8,0.9,4.7,NA,kennesaw-state,2025
2,Simeon Cottle,G,33,33,1047,16.6,0.546,0.608,0.364,555,1,7.2,4.1,20.1,1.4,0.8,12.8,28.4,2.4,1.2,3.6,0.138,2.4,-1.3,1.1,NA,kennesaw-state,2025
3,Braedan Lue,F,33,32,843,14.2,0.518,0.403,0.317,305,6.3,16.8,11.6,5.7,1.6,4.7,14.2,21,0.7,1.5,2.2,0.102,-2.1,0.5,-1.6,NA,kennesaw-state,2025
4,Rongie Gordon,F,33,18,784,12.9,0.509,0.341,0.237,202,10.9,17.2,14.1,14.3,1.6,4.2,20.2,11.4,0.9,1.4,2.3,0.116,-0.8,2.2,1.4,NA,kennesaw-state,2025
5,Jamil Miller,G,33,27,774,12.6,0.533,0.359,0.533,210,5.1,16.7,11.1,4.8,1.5,2.1,10.3,14.3,0.9,1.2,2.1,0.108,-0.7,0.9,0.2,NA,kennesaw-state,2025
6,Frankquon Sherman,F,32,1,527,17.5,0.575,0.368,0.632,185,10.9,20.6,15.8,7.7,2.5,2.5,15.1,16.2,1.1,1,2.1,0.158,0.5,1.6,2.1,NA,kennesaw-state,2025
7,Ricardo Wright,G,31,2,525,5.9,0.439,0.642,0.149,179,1.7,8.7,5.3,12.9,1.3,0.8,16,23.2,-0.3,0.6,0.4,0.028,-4.2,-1,-5.3,NA,kennesaw-state,2025
8,Delaney Heard,G,32,5,444,3.4,0.326,0.558,0.286,67,2,5.3,3.7,9.4,2.3,0.2,13.8,10.9,-0.3,0.5,0.3,0.023,-4.7,1.5,-3.2,NA,kennesaw-state,2025
9,Andre Weir,F,22,15,327,19.2,0.594,0.027,0.432,117,17.2,20.8,19.1,7.8,1.9,9.1,23.9,17.1,0.4,0.7,1.2,0.141,-1.3,2.9,1.7,NA,kennesaw-state,2025
10,Ramone Seals,G,18,0,167,11.2,0.525,0.415,0.488,51,3.3,7.6,5.5,11.3,2.3,0.7,16.5,17.2,0.1,0.2,0.3,0.08,-3.1,0,-3.1,NA,kennesaw-state,2025
11,Mekhi Turner,F,7,0,51,21.5,0.39,0,0.444,23,34.7,27.1,30.8,8,3.3,6.5,15.5,24.1,0,0.1,0.1,0.114,-1.2,-3.6,-4.8,NA,kennesaw-state,2025
12,Charles Stone,G,4,0,16,1.9,0.2,0.6,0,3,6.9,26.6,16.9,21.5,0,0,16.7,17.8,0,0,0,-0.033,-4.6,-1.3,-5.9,NA,kennesaw-state,2025
13,Dozie Onyirimba,F,4,0,16,3.1,0.223,0,0.25,4,20.7,13.3,16.9,10.7,0,0,18.3,16.3,0,0,0,-0.019,-3.6,-1.6,-5.2,NA,kennesaw-state,2025
14,Eric Holland,G,3,0,13,-4.4,0.167,0.333,0,3,0,16.3,8.3,27.1,4.3,0,14.3,25.6,-0.1,0,0,-0.102,-29,2.4,-26.5,NA,kennesaw-state,2025
15,Chase Clemmons,G,2,0,9,20.8,0.5,1,0,3,0,23.6,12,20.8,6.2,0,0,15.9,0,0,0,0.201,NA,NA,NA,NA,kennesaw-state,2025
NA,Team Totals,,33,33,6650,NA,0.539,0.458,0.368,NA,NA,NA,NA,NA,NA,NA,NA,NA,9.1,10.3,19.3,0.116,-0.3,0.6,0.4,NA,kennesaw-state,2025
1,RJ Johnson,G,34,22,956,19,0.552,0.352,0.444,492,2.1,9.5,5.8,27.8,2.4,1.5,12.5,24.9,2.3,1.3,3.6,0.15,2.3,-0.3,2,NA,kennesaw-state,2026
2,Braedan Lue,F,35,34,928,16.2,0.517,0.265,0.292,376,8.8,12.3,10.5,8.6,1.9,5.8,12.1,21.1,1.3,1.5,2.7,0.118,-1,1,0.1,NA,kennesaw-state,2026
3,Trey Simpson,F,35,23,895,14.4,0.565,0.684,0.271,283,5.2,15.4,10.3,4,1.8,5.3,13.1,16.7,1.1,1.5,2.6,0.115,-0.6,0.8,0.2,NA,kennesaw-state,2026
4,Frankquon Sherman,F,35,25,883,20.3,0.573,0.351,0.589,380,13.8,22,17.9,7,2,3.1,12.2,19.1,2.2,1.6,3.9,0.175,1.8,0,1.8,NA,kennesaw-state,2026
5,Kaden Rickard,G,35,16,695,10.9,0.488,0.367,0.548,232,4.7,9.1,6.9,19.4,2.9,2.3,20.8,17.7,0.3,1,1.3,0.075,-3.4,1.2,-2.2,NA,kennesaw-state,2026
6,Amir Taylor,F,33,19,567,17.7,0.627,0.252,0.714,234,7.1,15.2,11.2,9.5,1.2,2.7,13.2,18.6,1.4,0.8,2.2,0.155,1.1,0.7,1.8,NA,kennesaw-state,2026
7,Simeon Cottle,G,17,17,516,22.6,0.604,0.632,0.489,322,1.4,7.4,4.4,24.9,2.7,0.8,13.1,29.6,1.9,0.7,2.5,0.197,3.7,-0.1,3.6,NA,kennesaw-state,2026
8,Jaden Harris,G,20,2,486,8.7,0.53,0.792,0.215,137,1.7,6.1,3.9,6.6,1.5,0.9,12.2,15.6,0.5,0.5,1,0.078,-1.4,-0.3,-1.7,NA,kennesaw-state,2026
9,Ramone Seals,G,22,14,394,16.5,0.555,0.519,0.364,156,7,18.1,12.5,5.6,1.5,2.8,11.2,20.1,0.7,0.6,1.3,0.135,0.2,0.2,0.5,NA,kennesaw-state,2026
10,Darius Washington III,G,24,0,363,12.1,0.519,0.316,0.5,137,5.5,10.3,7.9,19,1.4,0.3,15.4,18.4,0.5,0.4,0.9,0.102,-3.5,-0.6,-4.1,NA,kennesaw-state,2026
11,Perry Smith Jr.,F,26,3,304,12.4,0.618,0.02,0.571,86,10.1,12.6,11.4,9.6,1.3,0.7,19.4,11.8,0.5,0.4,0.8,0.11,-2.2,-0.6,-2.8,NA,kennesaw-state,2026
12,Eric Holland,G,10,0,24,14.9,0.452,0.444,1,12,0,8.9,4.4,15,2.3,0,0,25.8,0.1,0,0.1,0.135,-3.5,-0.7,-4.2,NA,kennesaw-state,2026
13,Charles Stone,G,8,0,19,6.7,0.302,0.778,0.222,6,5.6,16.8,11.2,0,2.9,5.7,0,24.4,0,0,0,0.023,-19.4,-4.1,-23.5,NA,kennesaw-state,2026
14,Dozie Onyirimba,F,7,0,18,19.7,0.5,0.429,0,6,11.8,29.6,20.7,0,0,6,0,18.1,0,0,0.1,0.153,-8.9,-4.2,-13.1,NA,kennesaw-state,2026
NA,Team Totals,,35,35,7048,NA,0.555,0.431,0.436,NA,NA,NA,NA,NA,NA,NA,NA,NA,12.6,10.4,23,0.131,-0.1,0.3,0.2,NA,kennesaw-state,2026
1,Evan Gordon,G,32,32,1053,15.4,0.511,0.52,0.263,421,2.6,7.5,5,14.7,3,0.4,16.2,25.3,1.5,1.6,3.2,0.12,0.2,0.2,0.4,NA,liberty,2011
2,Jesse Sanders,G,32,30,1043,19.8,0.537,0.218,0.654,434,8,12.8,10.4,35.5,2.1,0.5,22.2,20.6,2.5,1.7,4.2,0.16,1.8,0.1,1.8,NA,liberty,2011
3,John Brown,G,32,31,1021,20,0.534,0.003,0.265,365,14.2,24.1,19.1,9.5,3.3,1,22.2,21.2,1,2.4,3.4,0.134,-0.5,0.6,0.1,NA,liberty,2011
4,David Minaya,G,32,31,847,14,0.49,0.212,0.288,306,2,11.6,6.8,10.5,1.3,0.3,9.8,22.6,1.4,1.2,2.6,0.122,-2,-1,-3.1,NA,liberty,2011
5,Antwan Burrus,F,32,13,704,14.5,0.52,0,0.436,204,11.5,9.9,10.7,3.2,0.9,6.3,17.4,17,0.8,1.1,1.9,0.108,-2.6,-0.2,-2.8,NA,liberty,2011
6,Joel Vander Pol,C,31,16,463,12.9,0.553,0,0.783,121,9.5,14.8,12.1,2.1,0.6,5.1,18,14.9,0.6,0.8,1.3,0.114,-3.4,0,-3.4,NA,liberty,2011
7,John Caleb Sanders,G,32,0,397,9.1,0.482,0.8,0.096,113,2.3,6.9,4.6,10.3,1.5,0,13.3,18.8,0.4,0.5,0.9,0.086,-2.1,-1.1,-3.3,NA,liberty,2011
8,Chene Phillips,G,32,2,330,3.7,0.432,0.241,0.5,68,2.7,10.4,6.5,12.8,2.4,0,31.5,15.8,-0.3,0.5,0.2,0.025,-8,0.3,-7.7,NA,liberty,2011
9,Jeremy Anderson,G,26,0,260,7.4,0.515,0.985,0.06,58,0.4,7.5,3.9,3,0.7,0,10.4,14.7,0.3,0.3,0.6,0.086,-1.1,-1.2,-2.3,NA,liberty,2011
10,Sommy Ogukwe,F,30,2,223,8.1,0.435,0,0.483,34,10.6,20,15.3,0.8,1.1,11,32.3,11.7,-0.2,0.5,0.3,0.052,-7.2,3,-4.2,NA,liberty,2011
11,Carter McMasters,C,16,0,83,9.6,0.403,0,0.333,13,4.1,12.4,8.2,0,1.4,8.1,10.3,11.6,0,0.1,0.2,0.076,-6,-1.3,-7.3,NA,liberty,2011
12,James Spencer,G,12,2,41,-16.9,0,0.5,0.167,1,0,11.2,5.5,8.1,0,0,55.3,17.5,-0.3,0,-0.2,-0.243,-14,-6.9,-20.8,NA,liberty,2011
13,Asaad Woods,G,6,0,15,-34.2,0,0,0,0,0,22.9,11.4,0,4,0,33.3,39.7,-0.2,0,-0.2,-0.505,-39.5,-20.1,-59.6,NA,liberty,2011
14,Tanner Hoyt,G,6,0,13,4.5,0,0,0,0,8.7,35.2,21.9,0,0,0,0,3.8,0,0,0,0.058,-2.1,-1.6,-3.6,NA,liberty,2011
15,Garen Lafser,G,5,0,7,-12.2,0.2,0.6,0,2,0,0,0,0,0,0,0,35.5,0,0,0,-0.164,-12.4,-6,-18.4,NA,liberty,2011
NA,Team Totals,,32,32,6500,NA,0.508,0.282,0.352,NA,NA,NA,NA,NA,NA,NA,NA,NA,7.3,10.9,18.2,0.112,-1.7,-0.1,-1.8,NA,liberty,2011
1,Jesse Sanders,G,32,32,1123,25.7,0.593,0.176,0.675,517,9.3,18.9,13.9,43.6,2,0.4,20.7,19.6,4.2,0.8,5,0.178,5.1,-0.1,5,NA,liberty,2012
2,Tavares Speaks,G,32,27,979,12,0.496,0.078,0.23,288,2.9,11.1,6.8,5,2.3,0.3,13.4,20.1,0.7,0.4,1.1,0.045,-3.4,-1.8,-5.2,NA,liberty,2012
3,Antwan Burrus,F,32,31,954,18.4,0.559,0.007,0.296,334,9.8,16.7,13.1,4.2,1.1,4,13.8,20.1,1.8,0.6,2.4,0.101,-0.6,-2.2,-2.8,NA,liberty,2012
4,David Minaya,G,29,28,912,12.4,0.461,0.195,0.249,327,2.8,13.2,7.7,7.8,1.3,0,10,24.9,0.7,0.3,1,0.044,-2.3,-2.8,-5.2,NA,liberty,2012
5,John Caleb Sanders,G,32,13,839,16,0.559,0.568,0.247,319,1.7,11.7,6.5,11,1.7,0.1,13.4,23.6,1.6,0.3,1.8,0.088,0.5,-2.7,-2.2,NA,liberty,2012
6,Joel Vander Pol,C,29,7,448,14.2,0.579,0,0.866,128,8.8,19.6,14,2.1,0.7,4.5,18.3,16.4,0.6,0.3,0.9,0.083,-2.8,-1.2,-4,NA,liberty,2012
7,Tomasz Gielo,F,21,15,321,9.7,0.583,0.276,0.103,67,5.6,11,8.2,4.6,0.8,1.7,21.8,12.6,0.2,0.1,0.3,0.037,-1.8,-2.3,-4.2,NA,liberty,2012
8,Chene Phillips,G,26,3,276,5.1,0.323,0.188,0.542,54,2.6,17.1,9.5,20.1,2.8,0,27.6,15.7,-0.4,0.2,-0.1,-0.021,-8,-1.9,-9.8,NA,liberty,2012
9,Ethan Layer,G,30,0,156,11.1,0.527,0.915,0.191,46,0,5.9,2.8,8.6,1.9,0,8.9,18.7,0.2,0,0.3,0.068,-0.6,-2.3,-2.9,NA,liberty,2012
10,Stephen Baird,F,16,3,128,11.7,0.504,0.333,0.424,36,6.5,11.2,8.8,3,1.9,2.5,15,18.9,0.1,0.1,0.1,0.045,-4.9,-4.8,-9.7,NA,liberty,2012
11,Andrew Smith,F,22,0,96,13.1,0.663,0,0.375,23,8.7,17.7,13,4,0,6.7,29.8,14.5,0.1,0.1,0.1,0.05,-3.2,-1.4,-4.7,NA,liberty,2012
12,Kelly Assibesi,G,24,0,72,1.5,0.457,0.571,0.857,10,0,0,0,11.5,0.8,0,33.7,10.7,0,0,-0.1,-0.037,-4,-2.7,-6.7,NA,liberty,2012
13,Walt Aikens,G,15,0,61,-1.4,0.279,0.333,1.667,6,2,6.4,4.1,0,1,0,0,9.1,0,0,0,-0.023,-5.2,-0.4,-5.6,NA,liberty,2012
14,Hart Gliedman,F,10,0,47,2.8,0.337,0.125,0.625,8,7.6,11.1,9.3,3.6,0,0,16.2,13.7,0,0,0,-0.028,-6.3,-5,-11.3,NA,liberty,2012
15,Tanner Hoyt,G,7,1,13,-19.5,0,0.4,0,0,0,10.1,4.8,0,0,0,0,19.9,-0.1,0,-0.1,-0.264,-16.2,-7.6,-23.8,NA,liberty,2012
NA,Team Totals,,32,32,6425,NA,0.526,0.221,0.356,NA,NA,NA,NA,NA,NA,NA,NA,NA,9.7,3.1,12.8,0.079,-0.9,-1.9,-2.9,NA,liberty,2012
1,Davon Marshall,G,36,36,1158,18.2,0.632,0.717,0.254,449,0.9,6.7,3.8,19.7,1.4,0.2,15.8,20.7,3.3,0.3,3.6,0.124,3.8,-2.9,0.9,NA,liberty,2013
2,Tavares Speaks,G,36,30,1122,15,0.521,0.09,0.431,427,1.5,11.5,6.5,8.9,2.2,0.3,14.1,24.6,1.5,0.8,2.2,0.08,-2.5,-1.6,-4,NA,liberty,2013
3,John Caleb Sanders,G,36,31,1088,20.1,0.548,0.327,0.475,530,4.4,10.9,7.6,28.4,1.9,0.3,16.8,27.1,2.9,0.6,3.5,0.13,1.9,-2.2,-0.2,NA,liberty,2013
4,JR Coronado,F,36,30,879,13.6,0.503,0,0.613,207,11.8,27.8,19.8,4.8,1,3.1,20.3,13.1,0.8,1.2,2,0.089,-2.3,-0.9,-3.2,NA,liberty,2013
5,Tomasz Gielo,F,30,20,698,11.1,0.484,0.356,0.262,217,6.2,16.4,11.3,9,0.7,2.1,18.6,20.8,0.3,0.5,0.7,0.043,-2.9,-2.6,-5.5,NA,liberty,2013
6,Casey Roberts,G,36,12,596,12.4,0.517,0.6,0.241,185,3,8.9,5.9,12.2,1.5,0.2,10.4,18.4,1,0.3,1.2,0.083,-0.4,-2,-2.4,NA,liberty,2013
7,Andrew Smith,F,36,10,523,13.6,0.52,0,0.52,133,7,18.3,12.6,7.8,1.7,4,15.8,14.4,0.6,0.6,1.2,0.092,-3.2,-0.2,-3.4,NA,liberty,2013
8,Joel Vander Pol,C,26,1,365,18,0.545,0,0.769,126,15.2,24.9,20,4.1,1.3,4.9,20.8,19.2,0.6,0.5,1.1,0.117,-2.1,-1.5,-3.6,NA,liberty,2013
9,Chad Donley,G,31,2,287,11.8,0.479,0.828,0.092,82,1.6,7.4,4.5,13.3,2.7,0.4,9.9,18.3,0.3,0.2,0.5,0.067,-2.5,-0.8,-3.3,NA,liberty,2013
10,Sommy Ogukwe,F,31,3,224,8.7,0.54,0,0.818,40,10,17.9,14,4.3,2.4,5.6,37.1,11.3,0,0.3,0.3,0.047,-7.5,0.1,-7.4,NA,liberty,2013
11,Larry Taylor,G,27,0,127,1.3,0.337,0.357,0.571,18,1.9,6.5,4.2,17.6,2.8,3.3,45.7,13.4,-0.3,0.1,-0.2,-0.067,-8.6,-0.5,-9.1,NA,liberty,2013
12,Jarred Jourdan,G,6,4,110,5.4,0.446,0.154,0.346,28,4.3,7.5,5.9,13.4,1.1,1.9,24.8,19,-0.1,0,0,-0.016,-4.3,-1.5,-5.8,NA,liberty,2013
13,Kelly Assibesi,G,12,1,98,4.5,0.426,0.545,0.364,17,0,6,3,28.1,1.8,0,38.3,11.1,0,0,0,0.002,-5.2,-0.1,-5.2,NA,liberty,2013
14,Wesley Alcegaire,G,1,0,0,NA,NA,NA,NA,NA,NA,NA,NA,NA,NA,NA,NA,NA,0,0,0,NA,NA,NA,NA,NA,liberty,2013
NA,Team Totals,,36,36,7275,NA,0.536,0.342,0.394,NA,NA,NA,NA,NA,NA,NA,NA,NA,10.7,5.3,16.1,0.088,-1,-1.7,-2.7,NA,liberty,2013
1,Tomasz Gielo,F,32,31,997,16.2,0.567,0.361,0.259,327,5.9,16.4,11.3,9,1.3,2.2,15.2,18.6,1.8,1,2.8,0.111,0.1,-0.8,-0.7,NA,liberty,2014
2,John Caleb Sanders,G,32,31,982,14.6,0.532,0.384,0.411,401,3.6,7.8,5.7,27.6,0.6,0,18.5,22.3,1.9,0.4,2.4,0.097,-0.5,-3.5,-4,NA,liberty,2014
3,Davon Marshall,G,31,26,939,11,0.475,0.647,0.207,301,1.2,5.7,3.5,14.4,1.8,0,12.5,20.5,1,0.6,1.6,0.067,-1,-2,-3,NA,liberty,2014
4,Antwan Burrus,F,31,20,820,20.2,0.533,0.015,0.275,367,11.5,12.2,11.8,4.2,1,2.9,11.5,26.7,1.8,0.7,2.5,0.12,0.1,-2.7,-2.6,NA,liberty,2014
5,Andrew Smith,F,32,18,684,22.7,0.621,0.006,0.453,253,10.9,20.7,15.9,7.7,2.2,6.2,16.2,19.4,1.6,1.1,2.7,0.157,-0.6,0.7,0.2,NA,liberty,2014
6,Joe Retic,G,31,5,590,10.5,0.522,0.157,0.657,174,1.8,12,7,24.8,3,0.6,31.8,18,0,0.7,0.7,0.048,-5.9,-1.1,-6.9,NA,liberty,2014
7,JR Coronado,F,32,18,558,17.6,0.578,0,0.449,158,15.1,21.2,18.2,4.5,0.5,3.6,13.9,13.8,1.1,0.6,1.7,0.121,0.1,-1.6,-1.5,NA,liberty,2014
8,Joel Vander Pol,C,32,7,369,11.3,0.574,0,0.485,92,7.5,22.6,15.2,3.5,1.2,4.8,27,15.9,0.1,0.5,0.6,0.065,-6.4,-0.5,-6.9,NA,liberty,2014
9,Casey Roberts,G,29,4,157,14.9,0.566,0.721,0.186,48,2.3,15.5,9,12.2,1.6,0,6,16.2,0.4,0.2,0.5,0.138,-0.5,-0.8,-1.2,NA,liberty,2014
10,Ethan Layer,G,19,0,155,3.9,0.483,0.862,0.448,34,0.8,6.7,3.8,10,0.8,0,23.8,15.2,0,0.1,0.1,0.013,-4.4,-2.5,-6.9,NA,liberty,2014
11,Chad Donley,G,16,0,51,13.1,0.494,0.684,0.474,21,2.4,9.1,5.8,7.5,2.4,0,11.4,26.4,0.1,0,0.1,0.098,-8.3,-1.5,-9.8,NA,liberty,2014
12,Wesley Alcegaire,G,21,0,46,27,0.629,0.167,0.5,24,10.5,17.7,14.1,10.9,1.3,0,11.9,28.1,0.2,0,0.2,0.183,-0.9,1.4,0.5,NA,liberty,2014
13,Sommy Ogukwe,F,10,0,40,7.5,0.507,0.2,0.8,7,9,23.2,16.3,0,1.5,0,22.5,11.4,0,0.1,0.1,0.066,-18.3,-0.7,-19.1,NA,liberty,2014
14,Devon Pekas,G,10,0,12,5,0.447,0.25,0.25,4,20.1,9.7,14.8,0,5.1,0,40.1,31.9,-0.1,0,0,-0.138,-17.5,-9.2,-26.7,NA,liberty,2014
NA,Team Totals,,32,32,6400,NA,0.542,0.282,0.349,NA,NA,NA,NA,NA,NA,NA,NA,NA,9.7,6.1,15.8,0.099,-1.5,-1.6,-3.1,NA,liberty,2014
1,Andrew Smith,F,32,26,858,20.1,0.551,0.029,0.298,301,11.7,20.7,16.4,8,2.4,5.8,16.9,20.3,1.3,1.5,2.8,0.129,-1.2,0,-1.2,NA,liberty,2015
2,David Andoh,F,32,15,821,12.1,0.478,0.028,0.334,308,9.7,15.3,12.6,5.4,1,1.8,20,26.4,-0.1,0.8,0.7,0.034,-5.4,-2.7,-8.1,NA,liberty,2015
3,Theo Johnson,G,32,22,814,16.5,0.538,0.173,0.741,320,6.2,14.4,10.4,14.8,1.3,1.4,18.2,23.1,1.3,0.8,2.1,0.103,-0.3,-1.7,-2,NA,liberty,2015
4,Peter Moller,G,25,19,630,8.7,0.51,0.409,0.22,165,1.4,9,5.4,10.9,1,0,20.4,18.1,0.1,0.4,0.5,0.03,-4.4,-2.1,-6.5,NA,liberty,2015
5,James Johnson,F,32,23,569,8.3,0.54,0,0.345,169,7.5,12.1,9.9,3.8,0.7,2.2,27.4,21.5,-0.3,0.5,0.2,0.012,-8.3,-2,-10.3,NA,liberty,2015
6,Joe Retic,G,20,15,560,10.8,0.471,0.27,0.478,171,2.2,7.9,5.2,36,4.1,0.7,34.1,19.7,-0.3,0.7,0.4,0.03,-4.2,0.1,-4.1,NA,liberty,2015
7,A.C. Reid,G,29,5,525,5.1,0.416,0.808,0.131,115,1.4,9.5,5.7,12.5,1.3,0.5,17.8,16.5,-0.2,0.4,0.2,0.013,-6.2,-1.9,-8,NA,liberty,2015
8,Ryan Kemrite,G,32,15,487,12.5,0.594,0.766,0.411,133,3,8.5,5.9,5.8,2.2,0,12.9,15.6,0.8,0.4,1.2,0.102,-2,-0.7,-2.7,NA,liberty,2015
9,Jordan Dembley,G,25,10,364,8.8,0.575,0.429,0.595,77,2.7,6.4,4.6,22.8,1,0.7,31.7,11.2,0.3,0.2,0.4,0.049,-3,-2.6,-5.7,NA,liberty,2015
10,Ethan Layer,G,32,3,358,12.7,0.583,0.929,0.318,108,1.7,7.8,4.9,14.3,1.2,0.7,12.5,16.1,0.8,0.2,1,0.111,-0.7,-1.4,-2.1,NA,liberty,2015
11,Tomasz Gielo,F,7,7,216,16,0.562,0.45,0.517,78,4,19.1,11.9,9.3,1.7,0.6,17.6,21.7,0.3,0.3,0.6,0.112,-0.4,-0.5,-0.9,NA,liberty,2015
12,Evan Maxwell,C,29,0,176,10.6,0.583,0,0.65,54,7.6,12.6,10.3,0,0.3,3.5,24.5,20.3,0.1,0.1,0.2,0.046,-5.1,-1.9,-7,NA,liberty,2015
13,Calvin Hoffman,G,18,0,28,-3.1,0.193,0.667,0.167,6,8.7,19.9,14.6,6.8,6.4,0,18.8,29.4,-0.2,0.1,-0.1,-0.124,-13.3,0.8,-12.5,NA,liberty,2015
14,Ezra Talbert,F,5,0,19,6.1,0.362,0.8,0.8,4,0,29.3,15.3,0,3.2,0,12.7,21.5,0,0,0,0.02,-13.9,1.6,-12.4,NA,liberty,2015
NA,Team Totals,,32,32,6425,NA,0.52,0.285,0.392,NA,NA,NA,NA,NA,NA,NA,NA,NA,3.8,6.4,10.2,0.063,-3.5,-1.4,-4.9,NA,liberty,2015
1,Lovell Cabbil,G,32,31,982,12.5,0.527,0.551,0.275,321,1.5,12,6.8,17.2,2.8,1.3,20,21.3,0.5,1.2,1.6,0.067,-2.1,-0.4,-2.5,NA,liberty,2016
2,Ryan Kemrite,G,32,28,915,12.6,0.592,0.69,0.207,245,4.5,13.3,9,6.9,1.4,0.4,11.2,15.3,1.4,0.8,2.2,0.098,-1,-1.8,-2.8,NA,liberty,2016
3,Anthony Fields,G,32,11,768,8.1,0.52,0.241,0.277,200,1.4,4.6,3,24,1.2,0,26,15.7,0.3,0.4,0.7,0.038,-3.6,-3.1,-6.7,NA,liberty,2016
4,A.C. Reid,G,32,12,745,10.1,0.5,0.75,0.106,234,1.2,14.3,7.9,13.6,1.7,0.7,16.5,22.3,0,0.7,0.7,0.04,-1.6,-1.9,-3.6,NA,liberty,2016
5,Evan Maxwell,C,32,30,687,19.5,0.643,0,0.493,293,11.1,17.7,14.5,6.3,0.9,1.1,21.5,25.7,1.2,0.7,1.9,0.11,-1.1,-2.7,-3.8,NA,liberty,2016
6,John Dawson,G,21,21,671,16,0.572,0.509,0.21,276,1.2,19.8,10.7,24.9,2,0.2,21.9,26.2,0.6,0.8,1.4,0.083,0.3,-0.9,-0.6,NA,liberty,2016
7,Caleb Homesley,G,32,20,640,16.5,0.573,0.469,0.271,220,3.7,18.2,11.1,14.7,2.6,2.7,15.3,20.6,0.9,0.9,1.9,0.117,-0.4,0.7,0.4,NA,liberty,2016
8,Ezra Talbert,F,32,0,499,13.9,0.572,0.407,0.241,167,6.8,12.4,9.7,3.6,1,1.5,12.9,20.8,0.7,0.4,1.1,0.091,-1.8,-2.2,-4,NA,liberty,2016
9,Ryan Hiepler,G,23,6,261,3.5,0.635,0.786,0.5,28,1.5,5.3,3.5,9,0.5,0,31.6,5.4,0.1,0.1,0.2,0.038,-3.1,-1,-4.1,NA,liberty,2016
10,Hansel Atencia,G,19,1,165,4.6,0.389,0.222,0.704,37,2.4,9.2,5.9,19.5,1.5,0,21.7,15.6,-0.1,0.1,0,0.011,-6.9,-2.1,-9,NA,liberty,2016
11,Calvin Hoffman,G,7,0,39,0.7,0.5,1,0,5,3.4,9.7,6.6,14,0,0,57.1,10,-0.1,0,0,-0.038,-3.7,-2.4,-6,NA,liberty,2016
12,Sam Worman,G,10,0,29,6.8,0.5,0.125,0,7,4.5,8.7,6.7,0,8.5,0,33.3,23.1,-0.1,0.1,0,-0.02,-19.8,-8,-27.8,NA,liberty,2016
NA,Team Totals,,32,32,6401,NA,0.559,0.471,0.264,NA,NA,NA,NA,NA,NA,NA,NA,NA,5.5,6.3,11.9,0.074,-1.8,-1.5,-3.3,NA,liberty,2016
1,Georgie Pacheco-Ortiz,G,35,32,1086,13.6,0.559,0.439,0.382,319,1.5,11.8,6.6,17.9,1.5,0.1,12.6,16.5,1.7,1.6,3.3,0.121,-0.1,-0.3,-0.5,NA,liberty,2017
2,Ryan Kemrite,G,33,33,1037,19.5,0.681,0.719,0.434,377,2.1,9.1,5.5,6.4,1.9,0.4,6.9,19.3,3.3,1.5,4.8,0.187,3.1,-0.5,2.6,NA,liberty,2017
3,John Dawson,G,35,34,1003,12.3,0.518,0.566,0.27,317,1.4,18.2,9.6,20.5,2.2,1.6,19.3,20.7,0.3,1.9,2.2,0.089,-2.3,0.4,-1.9,NA,liberty,2017
4,Lovell Cabbil,G,32,27,925,15.5,0.567,0.496,0.3,299,1.1,13.9,7.4,14.9,3,1.1,13.3,19.8,1.2,1.8,3,0.128,-0.6,1.3,0.7,NA,liberty,2017
5,A.C. Reid,G,35,1,748,7.3,0.478,0.868,0.108,173,0,9.6,4.7,16,1.9,1,17.8,16.6,-0.2,1.2,0.9,0.051,-3.3,-0.3,-3.6,NA,liberty,2017
6,Brock Gardner,F,35,9,630,14.3,0.598,0.399,0.345,192,3.3,19.1,11.1,9.6,1.2,3.4,16.5,19,0.7,1.1,1.8,0.117,-2.7,-0.5,-3.2,NA,liberty,2017
7,Myo Baxter-Bell,F,35,28,626,17.4,0.522,0.041,0.434,279,8.4,16.1,12.3,12.5,2.8,0.9,15.1,28.8,0.6,1.2,1.8,0.118,-3.8,-0.6,-4.4,NA,liberty,2017
8,Caleb Homesley,G,10,8,280,20.5,0.513,0.431,0.49,130,3.2,26.5,14.7,26.6,2.2,4.1,14.3,30.4,0.3,0.6,0.9,0.126,1.2,1.2,2.5,NA,liberty,2017
9,Ray Chen,G,35,0,248,11.7,0.644,0.6,0.743,66,1.6,14.4,7.9,15.6,1.8,0,24.1,14.6,0.4,0.4,0.8,0.121,-4,-0.9,-4.9,NA,liberty,2017
10,Ezra Talbert,F,31,1,224,11.9,0.578,0.464,0.268,69,8,11.2,9.6,3.1,0.8,3.2,13.7,18.9,0.3,0.3,0.6,0.11,-2.2,-1.1,-3.3,NA,liberty,2017
11,Josiah Talbert,F,25,2,125,7.1,0.439,0.333,0.231,34,4.1,21.2,12.5,1.9,1,6.9,18.8,24.7,-0.3,0.2,0,-0.003,-7.1,0.3,-6.8,NA,liberty,2017
12,Ryan Hiepler,G,17,0,62,9.3,0.611,0.778,0,13,2.1,10.7,6.3,16.6,2,0,18.2,10.3,0.1,0.1,0.2,0.112,-7.8,0.4,-7.4,NA,liberty,2017
13,Xzavier Barmore,G,17,0,53,2.8,0.25,0.25,0,15,2.4,10,6.2,43.7,2.3,0,20,21.9,-0.1,0.1,0,-0.03,-11.3,-1.4,-12.7,NA,liberty,2017
14,Zach Farquhar,G,16,0,28,23.2,0.797,0.8,0.8,9,0,14.2,7,8.1,2.2,0,0,14.3,0.1,0,0.2,0.236,4.7,-1.1,3.5,NA,liberty,2017
NA,Team Totals,,35,35,7075,NA,0.561,0.497,0.342,NA,NA,NA,NA,NA,NA,NA,NA,NA,8.4,12.1,20.5,0.116,-1.3,-0.1,-1.4,NA,liberty,2017
1,Ryan Kemrite,G,35,34,1136,13.3,0.633,0.718,0.181,305,1.9,8.6,5.3,5.9,1.1,0.3,8.5,15.1,2.2,1.6,3.8,0.133,0.9,-0.9,-0.1,NA,liberty,2018
2,Georgie Pacheco-Ortiz,G,37,37,1131,14.7,0.577,0.419,0.408,371,1.5,8.7,5.3,16.6,1.9,0.6,15.2,18.6,2,1.7,3.8,0.133,-0.2,-0.1,-0.3,NA,liberty,2018
3,Lovell Cabbil,G,33,30,1070,16.2,0.523,0.48,0.333,397,1.8,16,9.1,23.7,2.5,1.9,16.3,22.1,1.4,2.1,3.5,0.132,-0.2,0.9,0.7,NA,liberty,2018
4,Scottie James,F,37,35,943,30.7,0.667,0.15,0.459,475,13.3,31.2,22.6,11,1,5.1,11.8,25.1,4.1,2.1,6.2,0.263,5.3,0.1,5.4,NA,liberty,2018
5,Elijah Cuffee,F,37,19,892,9.1,0.519,0.56,0.131,203,1.4,10.4,6,14.7,2.3,2,21.9,14.9,0.2,1.6,1.8,0.079,-3.1,0.5,-2.5,NA,liberty,2018
6,Caleb Homesley,G,35,4,688,20.1,0.604,0.444,0.332,270,3.1,26,14.9,21.5,2.4,2.3,18.6,22.7,1.3,1.5,2.8,0.165,0.8,1.7,2.6,NA,liberty,2018
7,Keegan McDowell,F,37,3,500,8.8,0.538,0.603,0.224,128,1.3,9.3,5.4,8.3,0.7,0.6,14.1,16.7,0.4,0.7,1,0.082,-2.8,-2.4,-5.3,NA,liberty,2018
8,Myo Baxter-Bell,F,36,8,457,18.4,0.54,0.044,0.373,207,7.9,12.6,10.4,19.5,3.6,1.9,19.1,28.3,0.6,1,1.5,0.134,-2.8,0.3,-2.5,NA,liberty,2018
9,Isaiah Williams,G,30,10,420,9,0.511,0.111,0.756,135,7.7,12.3,10.1,10.6,1.3,2.1,24.6,22,0,0.7,0.6,0.061,-6.2,-0.1,-6.3,NA,liberty,2018
10,Ezra Talbert,F,32,4,224,9.3,0.499,0.525,0.288,69,9,12.8,11,6.5,0.8,0.7,13,19.2,0.2,0.3,0.5,0.094,-6.9,-1.5,-8.5,NA,liberty,2018
11,Zach Farquhar,G,18,1,57,24.5,1.199,0.889,0.333,15,0,13.2,6.8,7.7,1.1,0,16.1,12.2,0.2,0.1,0.3,0.209,-6.9,-2.3,-9.3,NA,liberty,2018
12,Brody Hicks,G,13,0,35,18.2,0.4,0.4,0,10,15.3,25,20.3,31.9,1.8,8.3,28.6,11.2,0.1,0.1,0.1,0.157,-18.1,5.3,-12.8,NA,liberty,2018
NA,Team Totals,,37,37,7553,NA,0.58,0.413,0.339,NA,NA,NA,NA,NA,NA,NA,NA,NA,12.6,13.4,26,0.138,-0.6,0,-0.6,NA,liberty,2018
1,Lovell Cabbil,G,35,34,1048,18.9,0.642,0.447,0.41,404,1.9,12.6,7.5,17,2.7,0.7,19.5,20.7,2.5,2.2,4.8,0.182,1.6,1.8,3.4,NA,liberty,2019
2,Caleb Homesley,G,36,27,1002,20.6,0.545,0.464,0.121,433,2.4,21.7,12.6,19.5,1.6,2.7,10.9,25.2,2.2,2.3,4.5,0.18,2.6,1.3,3.9,NA,liberty,2019
3,Elijah Cuffee,F,36,36,962,12.5,0.61,0.643,0.179,265,1,8.1,4.7,12.5,1.7,2.2,17.6,15.6,1.4,1.8,3.2,0.133,-0.3,1.2,0.9,NA,liberty,2019
4,Georgie Pacheco-Ortiz,G,36,35,920,14.8,0.634,0.539,0.294,265,1,6.6,4,15.4,1.7,0.5,13.9,14.2,2.1,1.5,3.7,0.159,1.7,1.1,2.8,NA,liberty,2019
5,Scottie James,F,36,35,882,29.7,0.694,0.091,0.517,450,15.7,27.9,22.1,9.4,0.8,2.8,15.9,24.3,4,2.1,6,0.273,4.6,-0.1,4.4,NA,liberty,2019
6,Darius McGhee,G,36,0,767,15.9,0.52,0.74,0.085,254,1.9,13.6,8.1,9.2,2.6,1.4,6.6,20.6,1.2,1.7,2.9,0.149,1.4,1.1,2.5,NA,liberty,2019
7,Keenan Gumbs,F,36,12,596,17,0.573,0.341,0.28,215,6.1,10.2,8.3,11.9,2.6,0.6,14.3,20,1.2,1.2,2.4,0.162,0.4,0.9,1.3,NA,liberty,2019
8,Myo Baxter-Bell,F,36,1,552,14.7,0.525,0.074,0.342,206,7,13.9,10.7,17.8,2.5,1.8,20.3,21.6,0.7,1.2,1.9,0.139,-3.6,1.9,-1.7,NA,liberty,2019
9,Keegan McDowell,F,31,0,321,9.7,0.614,0.687,0.045,75,1.3,7.5,4.5,7.7,0.8,0.4,16,13.9,0.4,0.5,0.9,0.108,-1.9,-0.6,-2.4,NA,liberty,2019
10,Zach Farquhar,G,22,0,84,11.5,0.587,0.938,0.25,19,0,11.4,6,8,0.7,1.5,5.3,12.4,0.2,0.1,0.3,0.141,-7.7,-2.8,-10.5,NA,liberty,2019
11,Brendan Newton,C,22,0,66,21.7,0.583,0.053,0.842,31,18.3,12.7,15.3,6.4,0.9,9.2,20.8,28,0.1,0.1,0.2,0.149,-5.7,-1,-6.7,NA,liberty,2019
NA,Team Totals,,36,36,7200,NA,0.596,0.442,0.265,NA,NA,NA,NA,NA,NA,NA,NA,NA,16,14.7,30.8,0.171,1,1,2,NA,liberty,2019
1,Darius McGhee,G,34,34,1121,14.8,0.6,0.713,0.19,296,0.8,13.9,7.7,9.7,1.7,0.4,12.4,16,2.1,2.6,4.7,0.168,0.4,1.2,1.6,NA,liberty,2020
2,Georgie Pacheco-Ortiz,G,34,34,1084,17.1,0.604,0.49,0.318,349,1.7,9.2,5.7,12.7,1.6,0.5,12.3,18.4,2.8,2.3,5.1,0.189,1,0.9,2,NA,liberty,2020
3,Elijah Cuffee,F,34,34,1060,12.2,0.53,0.6,0.148,253,2.2,8,5.2,13.5,1.9,2.6,16.1,14.7,1.2,2.4,3.7,0.138,-1.4,1.5,0.1,NA,liberty,2020
4,Caleb Homesley,G,30,29,923,25.4,0.556,0.388,0.295,424,2,20.7,11.8,18.1,2.3,3.3,9.6,28.9,2.7,2.6,5.3,0.23,3.9,2.3,6.2,NA,liberty,2020
5,Scottie James,F,34,34,731,32.9,0.62,0.024,0.407,387,17.5,25.8,21.9,15.9,1.6,3.1,11.6,26.7,3.7,2.1,5.8,0.318,4.5,0.7,5.2,NA,liberty,2020
6,Kyle Rode,F,33,5,610,13.8,0.576,0.589,0.234,145,4,11.4,7.9,11.2,1.8,1.5,13.8,13.2,1.1,1.4,2.5,0.165,-0.3,1.6,1.3,NA,liberty,2020
7,Myo Baxter-Bell,F,34,0,589,22.4,0.587,0.105,0.55,260,6.4,15.5,11.2,19,2.9,0.7,18.2,26.1,1.6,1.6,3.2,0.216,0.6,2.2,2.8,NA,liberty,2020
8,Shiloh Robinson,F,34,0,371,10.7,0.539,0.384,0.301,87,1.8,17.1,9.8,9.2,0.9,3.6,20.1,16.4,0.2,0.9,1.1,0.119,-3,2.1,-0.9,NA,liberty,2020
9,Colton Reed,G,19,0,91,7.7,0.557,0.824,0.118,17,0,8,4.2,6.1,0.7,0,10,12.8,0.1,0.2,0.3,0.114,-9.1,-0.3,-9.4,NA,liberty,2020
10,Josh Price,G,11,0,72,12.2,0.603,0.5,0.188,21,0,3.4,1.8,16,0,3.7,18.7,17.3,0.1,0.1,0.3,0.141,-6.8,-1.3,-8.1,NA,liberty,2020
11,Blake Preston,F,14,0,68,27.3,0.5,0,0.875,39,25.8,23.3,24.4,6.4,1,5.8,10.5,32.6,0.3,0.2,0.5,0.266,-1.1,-1.9,-2.9,NA,liberty,2020
12,Brendan Newton,C,8,0,31,47.4,0.65,0,0.385,20,30.4,39.2,35.1,9,0,8.5,6.1,30.8,0.2,0.1,0.3,0.443,17.6,0.2,17.8,NA,liberty,2020
13,Tytist Dean,G,14,0,28,5,0.309,0,3,5,9.6,30.4,20.6,5.8,4.7,0,38.2,16.3,-0.1,0.1,0,0.052,-3,6.7,3.7,NA,liberty,2020
14,Luke McKay,G,2,0,21,8.4,0.5,1,0,4,0,5.8,3,16.7,3.1,0,25,11.1,0,0,0.1,0.109,-2.3,0,-2.3,NA,liberty,2020
NA,Team Totals,,34,34,6800,NA,0.579,0.405,0.312,NA,NA,NA,NA,NA,NA,NA,NA,NA,16.1,16.7,32.8,0.193,0.7,1.4,2.2,NA,liberty,2020
1,Darius McGhee,G,29,29,876,23.3,0.608,0.671,0.138,398,1.8,15.6,9.2,14.1,1.7,1.6,9.3,26,2.9,1.9,4.8,0.22,5.6,0.3,5.9,NA,liberty,2021
2,Chris Parker,G,29,28,822,15.4,0.558,0.319,0.294,320,1.6,7.5,4.8,21.9,1.5,0,18.6,22.4,1.6,1.4,3.1,0.149,0.4,-0.7,-0.3,NA,liberty,2021
3,Elijah Cuffee,F,28,28,809,16.7,0.641,0.633,0.171,255,2.2,11.9,7.3,11.4,1.5,1.4,12.6,17,2,1.6,3.7,0.182,1.5,0.6,2.1,NA,liberty,2021
4,Kyle Rode,F,29,29,742,17.9,0.597,0.494,0.207,253,6.2,13.8,10.2,20.2,1.7,1.1,15.5,16.1,2.1,1.6,3.7,0.199,2.4,1.4,3.8,NA,liberty,2021
5,Keegan McDowell,F,29,1,600,14.5,0.614,0.692,0.019,177,1.1,15.7,8.8,11.5,0.6,0.4,10.6,16.7,1.3,1.1,2.4,0.16,0.9,0,0.9,NA,liberty,2021
6,Blake Preston,F,29,21,517,31.4,0.633,0.012,0.546,276,15.4,29,22.6,15.7,1.9,2.7,12,25.2,2.6,1.4,4,0.312,4.1,1.2,5.3,NA,liberty,2021
7,Shiloh Robinson,F,29,1,427,13.9,0.557,0.237,0.333,118,6.6,23.1,15.4,4.2,0.6,4.9,16.3,16.9,0.5,1,1.6,0.146,-3,1,-2,NA,liberty,2021
8,Drake Dobbs,G,29,1,375,14.7,0.63,0.267,0.413,119,1.1,8.9,5.2,17.7,1,1.2,18.2,16.4,0.9,0.7,1.6,0.169,-1,0.2,-0.8,NA,liberty,2021
9,Micaiah Abii,F,24,7,220,22.8,0.601,0.347,0.375,98,4.3,15.1,10,15,1.4,1.6,6.6,23.1,0.9,0.5,1.4,0.248,0.4,0.1,0.5,NA,liberty,2021
10,Jonathan Jackson,G,16,0,119,15.2,0.614,0.921,0.105,41,1.1,11,6.4,7.8,0.5,1,11.1,21.1,0.3,0.2,0.5,0.159,-0.7,-1.2,-1.9,NA,liberty,2021
11,Isiah Warfield,G,20,0,83,15.2,0.789,0.615,0.154,22,3.2,14.3,9.1,12.5,1.5,1.4,17.7,11.4,0.2,0.2,0.4,0.201,-4.4,0.8,-3.6,NA,liberty,2021
12,Josh Price,G,12,0,58,16.6,0.585,0.526,0.263,21,0,10.3,5.4,10.3,0,0,4.5,21.6,0.2,0.1,0.2,0.17,-6.4,-4.5,-10.9,NA,liberty,2021
13,Luke McKay,G,11,0,43,5.9,0.5,0.625,0,7,0,5.5,2.9,3.8,2.9,0,20,13,0,0.1,0.1,0.064,-16.1,-5.2,-21.3,NA,liberty,2021
14,Colton Reed,G,11,0,40,3.8,0.5,1,0,5,10.1,3,6.3,3.9,4.6,0,62.5,11.2,-0.1,0.1,0,0.02,-4.3,-1.9,-6.2,NA,liberty,2021
15,Tytist Dean,G,12,0,39,4.6,0.335,0.375,0.25,8,3.5,27.5,16.2,12.9,3.2,0,30.9,18.6,-0.1,0.1,0,0.01,-5.6,-0.2,-5.8,NA,liberty,2021
16,Marten Maide,G,7,0,30,25.4,0.603,0.333,0.222,11,4.5,11.9,8.4,13.1,6.2,3.9,9.1,20.4,0.1,0.1,0.2,0.244,-18.1,-5.5,-23.6,NA,liberty,2021
NA,Team Totals,,29,29,5800,NA,0.604,0.474,0.237,NA,NA,NA,NA,NA,NA,NA,NA,NA,15.5,12.1,27.6,0.19,1.2,0.3,1.5,NA,liberty,2021
1,Darius McGhee,G,33,33,1111,29,0.607,0.602,0.221,742,1.8,13.9,8.2,27.1,2.1,0.6,13,38,4.6,2,6.6,0.237,7.5,-0.4,7.2,NA,liberty,2022
2,Kyle Rode,F,33,32,991,16.3,0.608,0.482,0.241,345,1.8,15.7,9.2,26.4,1.5,0.8,19.7,16.9,2.4,1.8,4.2,0.169,0.6,1.1,1.7,NA,liberty,2022
3,Keegan McDowell,F,30,26,944,12.7,0.605,0.806,0.129,253,1.4,12.4,7.2,4.9,0.8,0.4,8.2,15.6,1.7,1.4,3.1,0.13,1.2,-0.7,0.5,NA,liberty,2022
4,Shiloh Robinson,F,33,31,922,16.4,0.638,0.315,0.523,303,5.9,12.8,9.6,7.7,1.2,2.3,16.6,17.6,2.1,1.6,3.6,0.157,0.4,0.4,0.8,NA,liberty,2022
5,Joseph Venzant,G,33,31,701,11.1,0.557,0.352,0.557,147,7.6,17,12.6,4.9,2.6,1.4,19.5,10.8,0.8,1.5,2.3,0.133,-3.3,1.9,-1.4,NA,liberty,2022
6,Brody Peebles,G,33,3,547,12.9,0.545,0.42,0.187,171,1,12.5,7.1,14.1,1.1,1.1,14.2,19.1,0.7,0.9,1.5,0.113,-1,-0.4,-1.4,NA,liberty,2022
7,Isiah Warfield,G,32,0,429,7.3,0.544,0.405,0.429,63,1.8,11.3,6.9,9.1,2.4,0.9,20.5,8.1,0.3,0.8,1.1,0.099,-5.3,1.9,-3.5,NA,liberty,2022
8,Blake Preston,F,31,8,425,23.4,0.597,0.015,0.361,202,16.3,25.1,20.9,15.6,1.3,3.2,19.2,24.9,1.2,0.9,2.1,0.2,0.5,0.7,1.3,NA,liberty,2022
9,Micaiah Abii,F,24,0,231,14.8,0.587,0.302,0.434,81,5.1,17.5,11.7,16.3,1,2.1,20,19,0.4,0.4,0.9,0.15,-1.6,0.3,-1.3,NA,liberty,2022
10,DJ Moore,G,25,0,151,15,0.54,0.292,0.25,38,2.6,11.5,7.3,21,4.8,0,23,12.7,0.2,0.3,0.5,0.144,-3.6,3.9,0.3,NA,liberty,2022
11,Drake Dobbs,G,10,1,77,7.8,0.479,0.471,0.353,24,5.1,13.5,9.6,20.8,0,1.6,31.2,20.6,0,0.1,0.1,0.044,-4.8,-4.3,-9.1,NA,liberty,2022
12,Jonathan Jackson,G,20,0,71,9.4,0.433,0.9,0,23,1.8,9.8,6,8.2,0.9,0,0,23.2,0.1,0.1,0.2,0.085,-9.7,-5.4,-15.1,NA,liberty,2022
13,Stephen Burggraf,G,12,0,50,0.6,0.32,0.2,0.2,8,0,18.5,9.8,10.3,1.2,0,26.8,16.4,-0.1,0.1,0,-0.026,-18.3,-5,-23.3,NA,liberty,2022
NA,Team Totals,,33,33,6650,NA,0.594,0.495,0.278,NA,NA,NA,NA,NA,NA,NA,NA,NA,14.2,11.9,26.1,0.157,0.4,0.3,0.7,NA,liberty,2022
1,Darius McGhee,G,36,36,1150,29,0.599,0.659,0.205,721,1.6,11.1,6.4,21.6,3.1,0.6,9,35.5,4.8,2.6,7.4,0.257,9.4,1.6,11,NA,liberty,2023
2,Kyle Rode,F,36,36,1050,17.3,0.584,0.556,0.113,404,2.3,12.7,7.5,22.7,1.3,0.8,13.1,20,2.7,2,4.7,0.179,3.1,1.3,4.4,NA,liberty,2023
3,Colin Porter,G,36,36,981,14.9,0.546,0.531,0.281,324,1.2,10.9,6,23.9,3.2,0.2,18.6,17.5,1.6,2.2,3.9,0.157,-0.7,2.1,1.3,NA,liberty,2023
4,Joseph Venzant,G,36,36,760,13.5,0.649,0.25,0.427,169,10.6,19.1,14.9,3.6,1.4,0.8,12.2,9.4,1.6,1.6,3.3,0.171,-1.1,1.3,0.2,NA,liberty,2023
5,Shiloh Robinson,F,36,14,744,17.2,0.63,0.322,0.388,244,3.2,18.2,10.7,8.3,1.3,3.5,13.2,18.2,1.6,1.7,3.3,0.178,0.3,2.2,2.4,NA,liberty,2023
6,Isiah Warfield,G,35,0,622,9.2,0.557,0.413,0.44,115,3.6,12.6,8.1,8.4,2.2,1.2,19.5,9.8,0.6,1.3,1.9,0.124,-3,2.6,-0.4,NA,liberty,2023
7,Blake Preston,F,35,22,607,23.1,0.619,0.019,0.436,249,12.8,23.9,18.4,15.8,1.5,3.2,16.4,20.1,1.7,1.5,3.2,0.213,2.5,2.1,4.6,NA,liberty,2023
8,Brody Peebles,G,36,0,603,16.5,0.612,0.542,0.179,221,2.1,11.5,6.8,6.5,0.9,0.6,10.3,21.8,1.3,1.1,2.4,0.16,0.9,-0.6,0.3,NA,liberty,2023
9,Zach Cleveland,F,29,0,388,15.4,0.513,0.104,0.506,132,8.1,23.6,15.9,22.9,1.6,4.3,26.2,18.1,0.4,1,1.4,0.146,-1.4,2.9,1.5,NA,liberty,2023
10,Jonathan Jackson,G,27,0,98,13.2,0.613,0.968,0,29,1.3,6.3,3.8,3.8,1.2,0,6.1,18.2,0.2,0.2,0.4,0.144,-11.9,-4,-15.9,NA,liberty,2023
11,Gabriel McKay,G,22,0,79,-2.4,0.3,0.95,0,13,1.6,12.5,7.1,6.1,0,0,13,15.8,-0.1,0.1,0,-0.004,-21.1,-3,-24.2,NA,liberty,2023
12,Bryson Spell,F,21,0,64,-0.3,0.264,0.765,0.471,13,5.9,17.4,11.7,2.5,1,1.9,12.6,20.1,-0.2,0.1,0,-0.015,-7.6,-3,-10.6,NA,liberty,2023
13,Stephen Burggraf,G,20,0,53,13.2,0.577,0.25,2,13,4.7,23.4,14.1,17.4,0,0,20.4,10,0.1,0.1,0.2,0.166,-0.3,0.7,0.4,NA,liberty,2023
NA,Team Totals,,36,36,7199,NA,0.588,0.496,0.262,NA,NA,NA,NA,NA,NA,NA,NA,NA,16.5,15.6,32,0.178,1.2,1.5,2.7,NA,liberty,2023
1,Kaden Metheny,G,32,32,1022,15.8,0.592,0.628,0.17,397,1.7,11.2,6.4,16.4,1.4,0.2,14.4,22.2,1.9,1.6,3.5,0.137,2.8,-0.8,2,NA,liberty,2024
2,Colin Porter,G,32,32,999,11.5,0.542,0.588,0.213,286,0.6,10.5,5.5,21.5,1.4,0.1,15,14.7,1.5,1.6,3.1,0.124,-1,0.1,-0.9,NA,liberty,2024
3,Kyle Rode,F,32,32,982,18.1,0.548,0.667,0.15,429,4.1,15.4,9.7,15.7,1.5,0.4,8,24.6,2.3,1.7,4,0.164,4.4,-0.7,3.7,NA,liberty,2024
4,Zach Cleveland,F,32,32,915,21.4,0.59,0.032,0.569,423,7,19.6,13.2,27.9,1.9,4.5,21.9,24.1,1.9,2,3.9,0.172,1.9,2.4,4.4,NA,liberty,2024
5,Joseph Venzant,G,31,29,716,15.2,0.619,0.143,0.339,175,9.9,22.6,16.2,4.6,2.7,2.1,17.2,11.8,1.2,1.7,2.8,0.158,-0.8,1.6,0.8,NA,liberty,2024
6,Brody Peebles,G,32,3,683,16.5,0.563,0.475,0.17,289,3,7.8,5.4,6.7,0.8,0,7.6,25.9,1.4,0.9,2.3,0.134,0.5,-2.5,-2,NA,liberty,2024
7,Shiloh Robinson,F,31,0,449,17.3,0.598,0.187,0.43,145,7.3,16.5,11.9,6.3,1.3,2.4,7.9,16.7,1,0.9,1.9,0.167,-0.1,-0.2,-0.3,NA,liberty,2024
8,Gabriel McKay,G,32,0,273,4.8,0.535,0.696,0.286,60,0.9,6.7,3.8,4.4,0.9,0,18,15.2,0,0.4,0.4,0.057,-5.4,-1.1,-6.4,NA,liberty,2024
9,Ben Southerland,F,26,0,157,12.6,0.535,0.6,0.257,45,7.7,22.5,15.1,10.1,1.2,1.4,15.1,15.8,0.2,0.3,0.5,0.124,-3.4,-1.5,-4.9,NA,liberty,2024
10,Zander Yates,F,27,0,153,12.8,0.571,0.864,0.159,49,3.2,12.7,7.9,8.2,1.2,0.7,9.6,18.3,0.3,0.3,0.5,0.134,-5,-1.8,-6.8,NA,liberty,2024
11,Bryson Spell,F,14,0,64,16.5,0.462,0.385,0,17,13.2,17.1,15.1,10.6,2.8,3.4,0,10.9,0.1,0.1,0.3,0.178,-6.5,-1.7,-8.2,NA,liberty,2024
12,JC Shirer Jr.,G,8,0,37,18.7,0.468,0.5,0.333,16,6.5,13.2,9.8,24.1,4.9,0,12.6,23,0.1,0.1,0.2,0.162,5.1,1,6.1,NA,liberty,2024
NA,Team Totals,,32,32,6450,NA,0.57,0.476,0.255,NA,NA,NA,NA,NA,NA,NA,NA,NA,11.8,11.6,23.4,0.145,0.7,-0.1,0.6,NA,liberty,2024
1,Colin Porter,G,35,35,1114,15,0.629,0.558,0.257,359,0.9,6.8,4.1,23.1,2.9,0.2,17,14.9,2.3,2.4,4.7,0.168,0.5,2,2.5,NA,liberty,2025
2,Kaden Metheny,G,34,34,1088,14.3,0.576,0.725,0.15,403,0.7,9.6,5.5,11.6,1.5,0,10.7,22,1.5,2.1,3.6,0.132,1.3,0,1.3,NA,liberty,2025
3,Zach Cleveland,F,32,32,1027,16.5,0.508,0.058,0.52,447,6.1,16.4,11.6,29,1.3,3.4,19.2,22.7,1.5,2.4,3.8,0.15,0.5,2.6,3,NA,liberty,2025
4,Jayvon Maughmer,F,35,33,1004,13.4,0.56,0.538,0.162,292,3.3,14,9,9.2,2,1.7,12.5,16.9,1,2.3,3.3,0.131,-0.1,1.8,1.6,NA,liberty,2025
5,Owen Aquino,F,35,35,861,19,0.61,0.103,0.451,330,7.9,18.2,13.4,15.6,1.9,4.8,17.1,18.9,1.9,2.2,4.1,0.191,0,3.3,3.3,NA,liberty,2025
6,Taelon Peter,G,35,2,794,27.2,0.724,0.588,0.304,380,1.8,18.3,10.6,9.6,2.4,0.5,6,24.1,3.3,2,5.3,0.266,6.8,2.2,9,NA,liberty,2025
7,Zander Yates,F,32,0,262,13.8,0.582,0.871,0.106,90,3.9,13.2,8.9,7,1.4,0.4,7.3,20,0.4,0.5,1,0.145,0.8,-0.1,0.7,NA,liberty,2025
8,Gabriel McKay,G,32,0,248,3.4,0.327,0.909,0.091,35,1,12.2,7,7.5,2.6,0.9,13.2,11.6,-0.3,0.6,0.3,0.049,-6.2,1.9,-4.2,NA,liberty,2025
9,Isaiah Ihnen,F,11,4,198,27.2,0.651,0.456,0.228,95,9.1,18.6,14.2,5.5,3,1.6,7.4,26,0.6,0.5,1.2,0.234,4.2,0.8,5,NA,liberty,2025
10,Brett Decker Jr.,G,27,0,183,21.7,0.658,0.684,0.316,97,1.4,7.9,4.9,12.3,0,0.6,10.3,29,0.6,0.3,0.9,0.195,2.5,-3.2,-0.7,NA,liberty,2025
11,Curtis Blair III,G,15,0,87,19.2,0.573,0.464,0.321,36,10.3,15.4,13,4.3,3.4,0,8.5,22.1,0.2,0.2,0.4,0.192,-9.5,-0.9,-10.4,NA,liberty,2025
12,Bryson Spell,F,13,0,59,16.3,0.85,0.4,0,15,6.5,20.8,14.2,6,0,3.6,16.7,11.1,0.1,0.1,0.3,0.185,-7.6,-0.3,-7.9,NA,liberty,2025
13,Kai Yu,F,15,0,47,20.8,0.606,0,2.333,24,13.7,26.1,20.3,0,2.5,0,13.7,25.4,0.1,0.1,0.3,0.238,-7.4,-2,-9.4,NA,liberty,2025
14,JC Shirer Jr.,G,9,0,43,4.5,0.25,0.5,0,7,6,13,9.7,11,1.4,0,11.1,11.4,0,0.1,0,0.046,-6.4,-0.6,-7.1,NA,liberty,2025
15,Will Gibson,F,4,0,11,-6.6,0.202,0,0.5,3,23.3,20.3,21.7,0,0,0,16.8,29.4,-0.1,0,0,-0.123,-20.1,-8.1,-28.2,NA,liberty,2025
NA,Team Totals,,35,35,7026,NA,0.596,0.489,0.288,NA,NA,NA,NA,NA,NA,NA,NA,NA,13.2,15.9,29.1,0.166,0.8,1.6,2.3,NA,liberty,2025
1,Zach Cleveland,F,33,33,1153,20.4,0.598,0.015,0.479,510,3.7,22.8,13.9,35.7,2.2,4,24.3,21.3,2.4,2,4.4,0.153,2.2,2.7,4.9,NA,liberty,2026
2,Brett Decker Jr.,G,34,34,1142,19,0.665,0.613,0.2,464,0.8,8.4,4.9,6.3,0.8,0.6,5.5,22.8,3.2,0.8,4,0.139,4.7,-3.3,1.4,NA,liberty,2026
3,Kaden Metheny,G,33,32,1117,15.6,0.61,0.742,0.107,411,1,9.8,5.7,16.6,1.3,0,10.1,20,2.2,1,3.1,0.112,3,-1.9,1.1,NA,liberty,2026
4,Colin Porter,G,32,32,1099,14.7,0.588,0.653,0.298,371,0.6,10,5.7,17.1,2.6,0.3,11.9,17.8,2,1.3,3.3,0.119,0.2,-0.3,0,NA,liberty,2026
5,JJ Harper,G,34,34,914,21.3,0.681,0.345,0.43,345,4.5,8.1,6.5,10.5,3.1,4.2,6,17.7,3,1.3,4.3,0.189,2.9,1.2,4.1,NA,liberty,2026
6,Josh Smith,F,33,5,507,23.7,0.688,0.115,0.626,240,12.3,18.2,15.5,5,1.3,3.7,9.5,22.3,2,0.7,2.7,0.216,1.5,-1.3,0.2,NA,liberty,2026
7,Zander Carter,G,34,0,447,12.4,0.547,0.488,0.5,117,3.7,12.6,8.5,10.1,3,0.2,9,14.2,0.6,0.6,1.2,0.104,-1.5,0.6,-0.9,NA,liberty,2026
8,Zander Yates,F,28,0,170,7.8,0.477,0.837,0.102,49,4.1,14.8,9.8,7.9,1.8,1.3,14.9,20.2,-0.1,0.2,0.1,0.033,-11.1,-3.3,-14.4,NA,liberty,2026
9,Ryan Jones Jr.,F,27,0,133,9.9,0.51,0.706,0,44,6.2,20.7,14,0,0.5,3.3,8.9,23.9,0,0.2,0.2,0.048,-9.1,-4,-13.1,NA,liberty,2026
10,Drew Grimes,F,19,0,53,11.9,0.496,0.286,2.143,16,7.8,13.6,10.9,3,2.3,2.1,12.4,17.3,0,0.1,0.1,0.086,-8.4,-1.4,-9.8,NA,liberty,2026
11,JC Shirer Jr.,G,9,0,30,25.1,0.7,0.4,0,16,9.2,8,8.6,34.2,2.1,0,9.1,20.8,0.2,0,0.2,0.24,-13.8,-6.5,-20.4,NA,liberty,2026
12,Torr Sorensen,F,14,0,30,11.2,0.503,0.889,0.222,8,0,20,10.7,0,2.1,0,0,18.8,0,0,0.1,0.081,-3.8,-5.2,-9,NA,liberty,2026
13,Brady Kester,F,7,0,29,8.7,0.863,0,0.333,4,0,24.8,13.3,0,0,3.8,36.5,10.7,0,0,0,0.037,-16.3,-3,-19.2,NA,liberty,2026
14,TJ Drain,F,10,0,26,34.4,0.669,0,0.182,13,10.7,18.5,14.8,20.2,0,17,7.7,28.3,0.1,0,0.1,0.203,9.7,5,14.7,NA,liberty,2026
15,Isaiah Ihnen,F,1,0,0,NA,NA,NA,NA,NA,NA,NA,NA,NA,NA,NA,NA,NA,0,0,0,NA,NA,NA,NA,NA,liberty,2026
NA,Team Totals,,34,34,6850,NA,0.623,0.483,0.309,NA,NA,NA,NA,NA,NA,NA,NA,NA,15.5,8.3,23.8,0.139,1.5,-0.6,0.9,NA,liberty,2026
1,Olu Ashaolu,F,32,32,990,20.1,0.567,0.133,0.628,445,9.8,25.1,17.4,13.2,1.8,1.2,21.7,25.9,1.4,1.8,3.3,0.133,0.7,0.5,1.2,NA,louisiana-tech,2011
2,Kenyon McNeaill,G,32,30,942,9.2,0.493,0.541,0.339,279,1.3,9.7,5.5,17.1,2.4,0.1,24.1,19.6,0,1.3,1.2,0.052,-3.1,0.3,-2.8,NA,louisiana-tech,2011
3,DeAndre Brown,G,27,27,921,14,0.483,0.375,0.243,400,1.8,8.4,5.1,18.3,2,0.1,16.5,28.6,0.5,1.1,1.6,0.07,0.1,-1,-0.9,NA,louisiana-tech,2011
4,Lonnie Smith,G,31,9,704,9.7,0.527,0.596,0.314,174,2.1,10.4,6.2,7.1,0.9,1.5,14.3,14.9,0.7,0.8,1.5,0.083,-0.3,0.3,0,NA,louisiana-tech,2011
5,Cordarius Johnson,G,31,11,507,4.3,0.393,0.574,0.174,129,2.5,8.5,5.4,9.7,1.4,0.5,19.2,20.5,-0.6,0.6,-0.1,-0.006,-4.7,-0.6,-5.3,NA,louisiana-tech,2011
6,Romario Souza,F,28,15,430,10.7,0.534,0.035,0.256,102,7.4,12.7,10,4.5,1.4,1.1,17.2,13.5,0.4,0.6,0.9,0.087,-2.4,0.8,-1.6,NA,louisiana-tech,2011
7,Tevin Hall,G,30,1,406,7.3,0.515,0.23,0.607,88,1.1,12.6,6.8,15.1,1.7,0,29.6,13.7,0,0.5,0.5,0.05,-4.6,0.9,-3.7,NA,louisiana-tech,2011
8,Brandon Gibson,G,15,12,391,14.7,0.5,0.444,0.376,135,7,15.7,11.3,10.4,1.9,4.2,17.4,21.3,0.3,0.7,1,0.099,0.1,1.2,1.3,NA,louisiana-tech,2011
9,J.L. Lewis,F,29,5,350,6.1,0.499,0.087,0.326,62,10,14.6,12.3,4,2,2,33.7,11.4,-0.1,0.6,0.4,0.048,-7.1,1.9,-5.2,NA,louisiana-tech,2011
10,Antwond Roshell,C,29,8,285,10,0.508,0,0.368,75,15.1,15.5,15.3,3,0.6,9,31.6,17.2,-0.1,0.5,0.3,0.047,-6.5,1.4,-5.1,NA,louisiana-tech,2011
11,James Johnson,F,29,4,216,9.1,0.477,0,0.585,55,13.6,9.1,11.4,2.9,0.3,2.2,17.4,14.7,0.1,0.2,0.4,0.067,-3.9,-0.6,-4.5,NA,louisiana-tech,2011
12,Darius Redding,F,6,3,137,14.6,0.552,0.2,0.64,39,5,10.2,7.5,15.1,2.1,2.6,19.7,14.8,0.2,0.2,0.4,0.112,0.9,1.7,2.5,NA,louisiana-tech,2011
13,C.J. Scott,G,10,3,117,11.3,0.595,0.138,0.517,41,3.9,5,4.4,14,0.5,0,26.5,21,0.1,0.1,0.2,0.057,-0.1,-0.8,-0.9,NA,louisiana-tech,2011
14,Justin Rake,G,1,0,4,-31.8,0,0.5,0,0,0,29,14.3,0,0,0,33.3,37.5,-0.1,0,-0.1,-0.53,-19.6,-6.4,-26,NA,louisiana-tech,2011
NA,Team Totals,,32,32,6400,NA,0.506,0.34,0.373,NA,NA,NA,NA,NA,NA,NA,NA,NA,2.7,8.8,11.5,0.072,-2,0.3,-1.7,NA,louisiana-tech,2011
1,Trevor Gaskins,G,33,22,996,16,0.556,0.479,0.294,371,3.5,12.3,7.5,14.8,2.1,0,15.8,21.1,1.9,1,2.9,0.116,1.2,-0.2,1,NA,louisiana-tech,2012
2,Raheem Appleby,G,32,22,892,19.6,0.547,0.272,0.228,388,3.8,7,5.2,9.8,2.3,0.2,9.7,25.4,2.1,0.8,2.9,0.129,2.8,-0.6,2.2,NA,louisiana-tech,2012
3,Speedy Smith,G,34,13,878,9.5,0.433,0.424,0.407,198,4.6,12.9,8.3,28.3,2.8,0.6,36.8,12.7,-0.1,1.1,1,0.046,-2.6,0.8,-1.8,NA,louisiana-tech,2012
4,Cordarius Johnson,G,34,20,774,14.9,0.517,0.581,0.197,291,3.9,17.4,10,9.2,1.4,0.8,14.4,23.9,0.9,0.9,1.7,0.089,1.3,-1.4,-0.2,NA,louisiana-tech,2012
5,Kenyon McNeaill,G,34,25,740,12.4,0.499,0.588,0.294,236,1.8,10.8,5.8,19.6,2.6,0.4,19.1,19.5,0.6,0.8,1.4,0.074,-1.3,-0.1,-1.3,NA,louisiana-tech,2012
6,Brandon Gibson,G,34,24,720,13.5,0.442,0.482,0.364,261,6.5,20.9,13,11,2.2,2.1,12.7,23.7,0.4,1.1,1.5,0.084,-1.8,0.3,-1.5,NA,louisiana-tech,2012
7,Romario Souza,F,34,23,574,19.8,0.624,0,0.58,230,9.1,13.4,11.1,6.2,1,2.2,14.1,20.4,1.7,0.6,2.2,0.155,1,-0.6,0.4,NA,louisiana-tech,2012
8,J.L. Lewis,F,33,16,529,10.3,0.508,0.062,0.351,119,8.7,16.9,12.4,3.6,0.7,2.9,16.3,12.8,0.4,0.6,1,0.076,-3.3,-0.6,-4,NA,louisiana-tech,2012
9,Michale Kyser,F,33,2,445,17.6,0.474,0.009,0.426,122,8.6,15.6,11.7,3.6,1.7,13.9,9.1,16.1,0.5,0.7,1.2,0.111,-2.2,3.4,1.2,NA,louisiana-tech,2012
10,Lonnie Smith,G,16,1,150,8.4,0.401,0.648,0.13,46,7.3,17.7,12,7.9,2,0,14.9,22.5,-0.1,0.2,0.1,0.031,-4.4,-2.2,-6.6,NA,louisiana-tech,2012
11,Alex Carr,G,16,0,101,1,0.269,0.769,0,14,3.2,6.6,4.8,1.8,1.7,3.1,7.1,13.9,-0.1,0.1,-0.1,-0.02,-9.1,-0.6,-9.7,NA,louisiana-tech,2012
12,Isaiah Massey,F,5,2,64,13.1,0.505,0.056,0.556,23,10.2,12.5,11.2,6.4,0.9,6.4,20.9,22.5,0,0.1,0.1,0.07,-4.4,3.7,-0.7,NA,louisiana-tech,2012
13,Stojan Gjuroski,F,8,0,32,-3.5,0.2,0.6,0,6,10.2,16.6,13.1,11.3,1.8,0,33.3,23.5,-0.2,0,-0.1,-0.16,-8.7,-2.6,-11.3,NA,louisiana-tech,2012
14,Robby Price,F,4,0,5,5.4,0.5,0,0,1,0,0,0,0,0,0,0,20.1,0,0,0,0.064,-7.8,-3.7,-11.4,NA,louisiana-tech,2012
NA,Team Totals,,34,34,6900,NA,0.511,0.386,0.308,NA,NA,NA,NA,NA,NA,NA,NA,NA,8,7.9,15.9,0.092,-0.6,-0.1,-0.7,NA,louisiana-tech,2012
1,Speedy Smith,G,34,34,948,15.2,0.519,0.385,0.478,292,2.2,14.9,8,32.6,3.4,0.2,27.1,15.4,1.1,2.1,3.2,0.135,-1.3,2.7,1.3,NA,louisiana-tech,2013
2,Raheem Appleby,G,34,32,895,18,0.482,0.357,0.18,438,3,8.7,5.6,11.4,2.3,0.8,10.1,31.1,1.3,1.6,2.9,0.129,1.6,0.3,1.9,NA,louisiana-tech,2013
3,Cordarius Johnson,G,34,32,701,16.7,0.525,0.619,0.292,245,6.2,10.7,8.3,5.1,3.6,0.7,11.1,19.7,1.3,1.5,2.7,0.157,1,2,3,NA,louisiana-tech,2013
4,Brandon Gibson,G,34,24,674,12.4,0.471,0.562,0.342,224,5.2,16.4,10.3,6.9,2.4,1.9,14.7,21.1,0.4,1.5,1.9,0.112,-1.8,1.7,-0.1,NA,louisiana-tech,2013
5,Michale Kyser,F,34,33,657,20.3,0.505,0,0.368,188,12.9,17.6,15,5.5,1.9,13.9,13.8,14.2,1,1.7,2.8,0.168,-0.2,5,4.8,NA,louisiana-tech,2013
6,Alex Hamilton,G,34,3,596,20.6,0.522,0.236,0.626,279,2.7,11.8,6.8,31.7,3.3,1.3,18.4,24.8,1.3,1.3,2.5,0.169,2.1,2.6,4.7,NA,louisiana-tech,2013
7,Kenyon McNeaill,G,33,1,537,15.7,0.528,0.754,0.314,213,2.1,7.5,4.5,13.6,2.1,0.6,11.7,22,1.2,0.9,2.1,0.154,1.6,1.1,2.7,NA,louisiana-tech,2013
8,Jaron Johnson,G,34,0,514,13.3,0.53,0.366,0.415,151,8,14,10.7,3.3,1.2,1.5,13,15.7,0.8,0.9,1.8,0.137,-1.3,1,-0.3,NA,louisiana-tech,2013
9,Chris Anderson,C,34,10,491,15.3,0.497,0.172,0.299,149,7.2,20.5,13.2,7.6,3.5,3.4,15.9,17.7,0.5,1.3,1.8,0.146,-3.6,3.6,0,NA,louisiana-tech,2013
10,J.L. Lewis,F,33,1,353,12.3,0.557,0.048,0.548,96,12.6,13.8,13.1,4.2,1.4,1.4,20.4,13.2,0.5,0.7,1.2,0.134,-3.2,1,-2.2,NA,louisiana-tech,2013
11,Isaiah Massey,F,31,0,295,18,0.521,0,0.416,97,10.6,21,15.3,6,2.9,2,9.8,16.5,0.6,0.7,1.4,0.186,-2.2,2.5,0.4,NA,louisiana-tech,2013
12,Gilbert Talbot,F,16,0,67,25.2,0.554,0,0.3,35,15.1,25.4,19.7,7.3,0,1.5,8,26.5,0.3,0.1,0.4,0.239,-1.5,-0.8,-2.4,NA,louisiana-tech,2013
13,Stojan Gjuroski,F,15,0,53,11.4,0.501,0.8,0.1,17,1.9,2.3,2.1,0,0,1.9,0,18.8,0.1,0.1,0.2,0.119,-1.3,-0.9,-2.2,NA,louisiana-tech,2013
14,J.D. Wilkerson,G,6,0,10,29.2,0.678,1,1,4,10.1,0,5.5,18.9,5.7,0,0,14,0.1,0,0.1,0.29,-7.4,8.7,1.3,NA,louisiana-tech,2013
15,Demario Johnson,G,5,0,9,-1.3,0.127,0.667,0.667,2,0,13.5,6.1,35.3,0,0,0,20.9,0,0,0,-0.043,-9.3,-3.7,-13,NA,louisiana-tech,2013
NA,Team Totals,,34,34,6800,NA,0.507,0.376,0.345,NA,NA,NA,NA,NA,NA,NA,NA,NA,10.4,14.4,24.8,0.146,-0.4,2.1,1.7,NA,louisiana-tech,2013
1,Speedy Smith,G,36,35,1093,18.4,0.537,0.473,0.382,399,2.4,10.8,6.6,41.6,4.6,0.3,24.9,14.9,2.1,2.8,4.9,0.179,2.4,4.5,6.9,NA,louisiana-tech,2014
2,Alex Hamilton,G,37,37,1034,21,0.564,0.303,0.611,515,2.5,11.3,6.9,19.9,2.8,1.5,14.2,25.3,2.5,2.4,4.9,0.19,2.9,2.8,5.7,NA,louisiana-tech,2014
3,Chris Anderson,C,37,36,874,17.8,0.511,0.289,0.376,419,9.7,15.6,12.6,8,2.7,1.3,13.9,27,1.2,2.2,3.3,0.153,-0.3,1.2,1,NA,louisiana-tech,2014
4,Michale Kyser,F,36,34,839,20.3,0.563,0,0.495,253,10.6,19.7,15.1,2.9,1.2,12.7,9.3,13.9,1.6,2.4,4,0.19,0.7,4.6,5.4,NA,louisiana-tech,2014
5,Kenyon McNeaill,G,37,0,830,18.6,0.609,0.752,0.314,342,2,9.2,5.6,7.9,2.5,0.4,8.3,20.6,2.4,1.7,4.1,0.198,4,2.1,6.2,NA,louisiana-tech,2014
6,Jaron Johnson,G,37,18,794,18.6,0.609,0.434,0.478,315,8.3,9.2,8.8,6.2,1.6,1.5,10.1,18.3,2.2,1.6,3.8,0.192,3.4,1.4,4.8,NA,louisiana-tech,2014
7,Cordarius Johnson,G,37,9,768,14.5,0.481,0.546,0.305,265,6.2,14.5,10.3,7.5,3.3,1.3,12,19.8,0.7,1.9,2.6,0.136,-0.4,2.1,1.7,NA,louisiana-tech,2014
8,Raheem Appleby,G,25,13,505,19.3,0.538,0.307,0.273,246,1.9,7.9,4.8,14.5,2.2,0.6,9.7,26.9,1.1,1,2.1,0.167,2.3,1.1,3.4,NA,louisiana-tech,2014
9,Isaiah Massey,F,31,3,400,12.6,0.591,0.014,0.543,99,6.3,20.4,13.3,2.1,1.1,3.7,13.7,12,0.6,1,1.6,0.155,-2.8,2.2,-0.5,NA,louisiana-tech,2014
10,Gilbert Talbot,F,28,0,179,10.9,0.514,0,0.583,64,15.3,17.4,16.3,2,0.3,2.7,19.7,20,0.1,0.4,0.5,0.106,-7.2,-0.8,-8,NA,louisiana-tech,2014
11,Stojan Gjuroski,F,25,0,108,4.2,0.295,0.71,0.194,27,10.7,15.9,13.3,8.8,1,0,17.1,17.8,-0.1,0.2,0.1,0.028,-4.8,-2.5,-7.3,NA,louisiana-tech,2014
12,Josh Butler,F,1,0,1,0,NA,NA,NA,0,0,0,0,0,0,0,NA,0,0,0,0,0.047,-4.5,2.3,-2.2,NA,louisiana-tech,2014
NA,Team Totals,,37,37,7425,NA,0.548,0.38,0.415,NA,NA,NA,NA,NA,NA,NA,NA,NA,14.2,17.7,31.9,0.172,1.3,2.5,3.8,NA,louisiana-tech,2014
1,Speedy Smith,G,36,36,1190,15.5,0.511,0.485,0.308,358,2.6,10.9,6.8,38.1,3.4,0.3,28.2,13.6,1.7,2.1,3.8,0.129,0.7,1.7,2.4,NA,louisiana-tech,2015
2,Raheem Appleby,G,36,35,1184,17.1,0.496,0.432,0.172,488,2.1,7.1,4.6,12.8,2.3,0.2,6.7,25,2.1,1.6,3.7,0.125,2.1,-0.3,1.9,NA,louisiana-tech,2015
3,Alex Hamilton,G,36,36,1099,20.4,0.536,0.301,0.529,510,2.9,9.3,6.1,17.2,3.3,0.8,13.3,26.5,2.4,1.9,4.3,0.155,2.1,1.3,3.4,NA,louisiana-tech,2015
4,Michale Kyser,F,36,35,1022,20.7,0.611,0,0.448,298,8.7,17.3,13,2.8,1.3,10,10.2,14.1,2.3,2.1,4.5,0.174,1.1,2.9,4.1,NA,louisiana-tech,2015
5,Erik McCree,F,36,36,878,19.7,0.557,0.328,0.334,366,6.5,19.4,12.9,5,1.7,1.8,13,24.5,1.7,1.7,3.3,0.151,2.4,0.1,2.5,NA,louisiana-tech,2015
6,Xavian Stapleton,F,36,1,558,17.5,0.519,0.558,0.257,214,5.8,9.1,7.5,4.3,2.7,4.1,9.4,23.3,0.9,1,1.9,0.134,0.4,0.7,1.1,NA,louisiana-tech,2015
7,Jacobi Boykins,G,36,0,383,15.4,0.597,0.717,0.221,123,2.6,8,5.3,4,3.4,1.3,13.2,19.2,0.6,0.7,1.3,0.131,-0.1,1.4,1.4,NA,louisiana-tech,2015
8,Qiydar Davis,G,29,0,292,13.2,0.473,0.159,0.295,97,11.1,13.5,12.3,3.3,2.6,2.1,14.5,20.5,0.2,0.5,0.7,0.1,-3.3,-0.1,-3.4,NA,louisiana-tech,2015
9,Joniah White,C,26,0,186,10.8,0.568,0,0.778,32,8.4,12.1,10.3,0.9,0.3,10.2,22.1,8.7,0.1,0.3,0.5,0.098,-4.2,1.8,-2.3,NA,louisiana-tech,2015
10,Dayon Griffin,G,28,0,183,9.4,0.533,0.345,0.414,33,1.8,14.8,8.3,4.8,3.5,3.3,28.7,13.6,-0.1,0.4,0.3,0.055,-3.8,3.1,-0.7,NA,louisiana-tech,2015
11,Merrill Holden,F,27,1,178,15.3,0.57,0.036,0.929,48,11.3,10.8,11.1,2,1.3,6.2,12.9,13.3,0.3,0.3,0.6,0.136,-1,1.5,0.5,NA,louisiana-tech,2015
12,Leo Edwards,F,20,0,100,7.6,0.626,0,0.417,20,10.1,19.2,14.6,1.7,0,4,38.5,11.9,0,0.2,0.2,0.069,-4.9,0,-4.9,NA,louisiana-tech,2015
NA,Team Totals,,36,36,7253,NA,0.536,0.358,0.339,NA,NA,NA,NA,NA,NA,NA,NA,NA,12.2,12.7,24.9,0.137,0.8,1.1,2,NA,louisiana-tech,2015
1,Alex Hamilton,G,33,33,1166,26.6,0.585,0.267,0.649,692,3.2,14.2,8.7,35.3,3.1,1.4,15.7,27.2,4,2.2,6.3,0.214,4.9,1.7,6.5,NA,louisiana-tech,2016
2,Dayon Griffin,G,33,29,959,16.5,0.577,0.51,0.234,337,2.3,13.2,7.8,11.1,2.6,0.8,12.3,18.3,1.6,1.7,3.3,0.137,0.6,0.9,1.5,NA,louisiana-tech,2016
3,Erik McCree,F,30,29,955,17.9,0.546,0.37,0.405,441,4.4,20.6,12.5,7.8,1.1,1.7,14.3,26,1.4,1.7,3.1,0.13,0.9,-1.1,-0.1,NA,louisiana-tech,2016
4,Jacobi Boykins,G,31,29,889,11.9,0.535,0.574,0.225,259,2.4,9.7,6.1,5.6,1.5,1.8,10,16.2,1,1.3,2.3,0.105,-0.4,-0.1,-0.5,NA,louisiana-tech,2016
5,Derric Jean,G,33,0,709,14.9,0.546,0.365,0.323,257,4.7,10.4,7.6,18.2,2.6,1.1,17.8,18.2,1,1.2,2.2,0.124,-0.7,0.6,0,NA,louisiana-tech,2016
6,Merrill Holden,F,23,16,539,14.6,0.575,0.071,0.611,183,9.4,13.5,11.5,0.7,0.9,4.8,16.4,17.3,0.8,0.9,1.7,0.126,-3,-0.3,-3.3,NA,louisiana-tech,2016
7,Branden Sheppard,F,31,11,411,10,0.611,0,0.346,81,8.7,10.9,9.8,3.3,1.3,1.7,21.9,9,0.4,0.6,1,0.095,-3.2,0,-3.2,NA,louisiana-tech,2016
8,Jy'lan Washington,F,32,3,374,11.3,0.449,0.32,0.613,92,6.9,14.3,10.6,3.1,2.1,7.5,16.4,14.8,0,0.8,0.8,0.082,-3.9,1.5,-2.4,NA,louisiana-tech,2016
9,LeAntwan Luckett,F,29,5,312,5.3,0.386,0.382,0.353,94,5.2,6.5,5.8,7.3,1.6,1,12.5,20.9,-0.2,0.4,0.2,0.024,-6.8,-1.8,-8.6,NA,louisiana-tech,2016
10,Qiydar Davis,G,7,5,164,24.1,0.542,0.091,0.509,79,11.9,18.9,15.4,11.4,2.7,3.7,8.1,21.7,0.5,0.4,0.9,0.213,2,1,3,NA,louisiana-tech,2016
11,Da'Shawn Robinson,G,15,2,137,9.7,0.419,0.459,0.405,45,2.4,9.3,5.9,24.6,2.4,0,16.9,18.6,0,0.2,0.2,0.069,-4.1,-1.9,-5.9,NA,louisiana-tech,2016
12,Joniah White,C,4,3,89,14.9,0.503,0,0.235,24,15.8,7.2,11.5,3.9,0.6,9,9.6,11.2,0.1,0.1,0.3,0.129,-1.2,0.3,-0.9,NA,louisiana-tech,2016
13,Luke Walker,G,11,0,21,12.5,0.418,0,0.833,7,5.1,20.3,12.8,8.1,5.2,0,10.7,21.4,0,0.1,0.1,0.11,-5.1,9.4,4.3,NA,louisiana-tech,2016
NA,Team Totals,,33,33,6725,NA,0.547,0.353,0.422,NA,NA,NA,NA,NA,NA,NA,NA,NA,10.7,11.6,22.2,0.132,-0.1,0.3,0.2,NA,louisiana-tech,2016
1,Erik McCree,F,33,33,1046,21.5,0.582,0.351,0.389,521,5.8,25.1,15.7,8.5,0.8,1.5,14.3,27.7,2.3,2.3,4.6,0.175,2.9,-0.6,2.3,NA,louisiana-tech,2017
2,Jacobi Boykins,G,32,32,967,23.8,0.623,0.655,0.279,419,3,13.9,8.6,13.7,3.8,1.9,8.5,21.1,3.1,2.3,5.5,0.226,5.5,3.4,8.9,NA,louisiana-tech,2017
3,Derric Jean,G,33,33,941,11.7,0.489,0.444,0.389,308,3.8,6.7,5.3,19.4,2.2,1.4,18.5,17.9,0.8,1.7,2.5,0.107,-1.5,0.9,-0.6,NA,louisiana-tech,2017
4,DaQuan Bracey,G,33,27,924,16.4,0.507,0.27,0.301,376,2.7,7.9,5.4,37,2,0.1,15.7,18.8,2,1.6,3.5,0.154,0.4,-0.1,0.3,NA,louisiana-tech,2017
5,Omar Sherman,F,33,33,680,20.7,0.596,0.077,0.295,289,9.1,17.8,13.7,7.8,1.2,5.5,16.3,23.2,1.2,1.5,2.8,0.162,-0.6,1,0.3,NA,louisiana-tech,2017
6,Jalen Harris,G,27,2,618,17.8,0.556,0.397,0.253,271,3.9,11,7.6,13.2,2,1.2,13.7,24.6,1.1,1.2,2.3,0.147,0.6,0.1,0.7,NA,louisiana-tech,2017
7,Joniah White,C,33,0,568,19.7,0.57,0,0.741,157,12.4,17.9,15.2,7.6,1.6,12.9,16.7,12,1,1.6,2.5,0.178,0.1,4,4.1,NA,louisiana-tech,2017
8,Jy'lan Washington,F,32,0,434,13.4,0.698,0.522,0.507,106,4,8.5,6.3,6.5,1.3,2.9,16.1,11.3,0.8,0.8,1.5,0.142,0.4,0.9,1.2,NA,louisiana-tech,2017
9,Oliver Powell,F,27,0,241,6.4,0.446,0.088,0.324,39,4.3,22,13.4,6,1.2,0.9,24.9,10.7,-0.1,0.5,0.4,0.067,-4,0.6,-3.5,NA,louisiana-tech,2017
10,Qiydar Davis,G,5,5,112,4,0.449,0.6,0.24,25,4.1,9.7,7,4.3,2,0.9,26.4,16.7,-0.1,0.2,0.1,0.028,-4.8,0.5,-4.3,NA,louisiana-tech,2017
11,Jeremiah Taylor,G,14,0,36,-2.3,0.101,0.75,0.5,3,6.4,6,6.2,4,1.6,0,16.8,8.2,-0.1,0.1,0,0,-9.7,2,-7.7,NA,louisiana-tech,2017
12,Luke Walker,G,14,0,33,-4.7,0.309,0,0.167,6,0,16.4,8.5,0,0,0,18.8,23.9,-0.1,0.1,-0.1,-0.1,-14.8,-4.9,-19.7,NA,louisiana-tech,2017
13,Da'Shawn Robinson,G,3,0,18,9.8,0.25,0.5,0,3,0,12,6.2,26.4,6.3,0,20,13.7,0,0,0,0.058,-6,3.6,-2.4,NA,louisiana-tech,2017
NA,Team Totals,,33,33,6618,NA,0.563,0.364,0.345,NA,NA,NA,NA,NA,NA,NA,NA,NA,11.9,13.8,25.6,0.155,0.7,1,1.8,NA,louisiana-tech,2017
1,Jacobi Boykins,G,33,33,1008,20.2,0.616,0.723,0.309,425,2.1,16.2,9.2,10.2,1.9,1.1,9,21.7,3,1.4,4.4,0.175,5,0.8,5.8,NA,louisiana-tech,2018
2,Derric Jean,G,32,19,847,13.8,0.559,0.487,0.35,295,2.7,10.7,6.8,13.9,2.4,0.6,16.5,19.6,1.1,1.1,2.2,0.105,-0.4,1,0.6,NA,louisiana-tech,2018
3,Oliver Powell,F,32,13,750,14.4,0.576,0.012,0.412,223,6.8,15.8,11.3,4.5,0.8,2.8,14,16,1.1,1,2,0.108,-0.9,0,-0.9,NA,louisiana-tech,2018
4,Anthony Duruji,F,32,19,682,14.8,0.541,0.39,0.341,220,6.1,16,11.1,7.4,1,6.9,15.2,18.5,0.7,1.1,1.8,0.104,-1.1,1.5,0.4,NA,louisiana-tech,2018
5,DaQuan Bracey,G,25,16,622,18.9,0.546,0.266,0.382,327,3,5.7,4.4,36.7,2,0.3,17.6,28.2,1.3,0.7,1.9,0.123,2.2,-1.1,1.1,NA,louisiana-tech,2018
6,Jy'lan Washington,F,33,14,619,13.8,0.53,0.506,0.361,197,7.9,13.5,10.7,5.8,1.5,1.7,11.9,17.2,0.9,0.8,1.7,0.109,-0.3,-0.5,-0.8,NA,louisiana-tech,2018
7,Amorie Archibald,G,29,17,604,16.2,0.499,0.354,0.425,266,3.7,11,7.4,37.6,2.3,0.7,20.2,22.9,0.9,0.8,1.7,0.111,0.5,-0.4,0.2,NA,louisiana-tech,2018
8,Exavian Christon,G,33,3,542,10.8,0.541,0.519,0.185,146,2.4,12.5,7.5,7.3,1.9,0.4,14.5,16.1,0.4,0.7,1.1,0.083,-2.5,0.2,-2.3,NA,louisiana-tech,2018
9,Joniah White,C,20,20,338,14,0.55,0,0.569,94,12.1,16.3,14.2,5.4,0.9,8.1,23.8,14.5,0.3,0.5,0.8,0.099,-3.4,1.2,-2.2,NA,louisiana-tech,2018
10,JaColby Pemberton,F,27,0,276,10.5,0.559,0.163,0.698,73,6.7,12.9,9.8,11.8,1.7,0.8,23.9,13.8,0.2,0.4,0.6,0.086,-4.3,0.4,-3.9,NA,louisiana-tech,2018
11,Jalen Harris,G,11,11,276,24.1,0.608,0.319,0.469,155,3.4,16.6,10.1,21.6,2.5,1.1,16.8,30.5,0.8,0.4,1.2,0.174,2.3,0.1,2.4,NA,louisiana-tech,2018
12,Kyle McKinley,F,7,0,28,6.2,0.357,0,1.333,7,8.3,16.4,12.4,0,0,7.5,9.3,19.6,0,0,0,-0.006,-7.6,3.6,-4,NA,louisiana-tech,2018
13,Jeremiah Taylor,G,8,0,26,10.9,0.458,0.75,0,10,0,22.1,11.1,16.1,0,0,7.7,25.4,0,0,0,0.065,-6,-6,-12.1,NA,louisiana-tech,2018
14,Harrison Curry,F,1,0,6,0.4,0.256,0,2,1,0,38.3,19.3,0,0,0,0,16.5,0,0,0,-0.005,-14.8,-6.2,-20.9,NA,louisiana-tech,2018
NA,Team Totals,,33,33,6624,NA,0.559,0.408,0.371,NA,NA,NA,NA,NA,NA,NA,NA,NA,10.5,9,19.5,0.118,0.2,0.3,0.5,NA,louisiana-tech,2018
1,Amorie Archibald,G,33,32,1045,13.7,0.512,0.506,0.255,362,2.7,11.7,7.1,19.1,1.4,1,14.7,19.7,1.4,1.5,2.8,0.108,0.2,0,0.2,NA,louisiana-tech,2019
2,Anthony Duruji,F,33,33,988,18.4,0.559,0.393,0.357,365,5.3,18.1,11.5,6.5,1.8,4.7,13.2,21.2,1.7,1.9,3.6,0.144,0.9,1.3,2.2,NA,louisiana-tech,2019
3,DaQuan Bracey,G,31,28,964,19.4,0.508,0.37,0.331,482,3.2,8.4,5.7,28.7,2.4,0.5,12.4,28.3,2,1.4,3.4,0.141,2.7,0.2,2.9,NA,louisiana-tech,2019
4,JaColby Pemberton,F,33,24,889,15.2,0.561,0.427,0.507,308,6.3,16.9,11.4,9,1.2,1.2,16.1,19.1,1.4,1.4,2.8,0.127,-0.2,0,-0.2,NA,louisiana-tech,2019
5,Oliver Powell,F,33,32,813,11.3,0.52,0.058,0.665,228,8.2,15.3,11.7,6.8,1,2.2,21.5,16.2,0.5,1.2,1.8,0.086,-3.2,0,-3.3,NA,louisiana-tech,2019
6,Ra'Shawn Langston,G,33,1,742,12.7,0.511,0.601,0.231,225,1.2,8.5,4.8,13.7,1.9,0.5,9.1,17.3,1.1,1,2.1,0.114,-1,0.8,-0.1,NA,louisiana-tech,2019
7,Mubarak Muhammed,F,33,1,610,16.9,0.511,0.16,0.272,197,13.5,18.5,15.9,4.6,2,4.6,14.9,17.8,0.7,1.2,2,0.128,-0.9,0.7,-0.1,NA,louisiana-tech,2019
8,Derric Jean,G,9,8,226,19.6,0.543,0.646,0.338,88,4.4,11.7,7.9,23.9,2.3,2.1,8.5,18.4,0.7,0.4,1,0.185,2.8,1.5,4.3,NA,louisiana-tech,2019
9,Exavian Christon,G,7,6,196,17.6,0.64,0.466,0.276,75,2.8,11.8,7.2,13.9,1.5,0,17.6,20.5,0.4,0.3,0.7,0.144,2.3,0.7,3,NA,louisiana-tech,2019
10,Stacey Thomas,F,22,0,175,8,0.507,0.048,0.762,30,6.3,13.2,9.6,2,0.7,4,19.7,10.3,0,0.3,0.3,0.066,-2.3,1.6,-0.7,NA,louisiana-tech,2019
11,Kyle McKinley,F,7,0,16,0.4,0.101,0,0.5,1,6.8,28.8,17.5,0,0,7.3,0,15.6,-0.1,0,0,-0.053,-12.4,-6.5,-18.9,NA,louisiana-tech,2019
12,Kale Walters,F,7,0,10,-9.1,0,0,0,1,0,11.5,5.6,31.8,5.9,0,50,20.2,-0.1,0,0,-0.179,-5.3,-2.4,-7.7,NA,louisiana-tech,2019
NA,Team Totals,,33,33,6674,NA,0.529,0.392,0.358,NA,NA,NA,NA,NA,NA,NA,NA,NA,9.8,10.6,20.4,0.122,0,0.5,0.5,NA,louisiana-tech,2019
1,DaQuan Bracey,G,30,30,846,18.7,0.556,0.381,0.237,371,1.7,6.2,4,20.6,2.4,0.4,14.1,24.3,2,1.4,3.4,0.162,2.7,0.5,3.3,NA,louisiana-tech,2020
2,Derric Jean,G,30,30,844,16.9,0.567,0.456,0.241,293,3.2,9.8,6.6,16.7,3.1,1.6,17.8,18.6,1.6,1.7,3.3,0.157,1.9,3.1,5,NA,louisiana-tech,2020
3,Amorie Archibald,G,28,24,775,17.7,0.569,0.551,0.3,308,2.6,10.2,6.5,15.3,1.4,0.3,12,20.7,2.1,1.3,3.4,0.175,3,0.6,3.6,NA,louisiana-tech,2020
4,Mubarak Muhammed,F,29,29,701,22.9,0.613,0.046,0.32,260,15.2,23.8,19.6,4.8,2.2,2.6,14.4,17.1,2.1,1.8,3.8,0.219,2.4,0.9,3.4,NA,louisiana-tech,2020
5,Kalob Ledoux,G,29,6,638,19.8,0.58,0.598,0.188,282,2,13.4,7.9,6.4,1.7,0.4,11.1,26,1.7,1.2,2.8,0.177,3,-0.1,2.9,NA,louisiana-tech,2020
6,JaColby Pemberton,F,21,15,466,13.9,0.549,0.343,0.417,151,7.3,15.6,11.5,10.9,1,1.3,19.8,17.6,0.7,0.9,1.5,0.133,-0.6,0.6,0,NA,louisiana-tech,2020
7,Cobe Williams,G,29,0,435,10.2,0.478,0.407,0.229,128,2.4,13.9,8.3,12.9,2.4,0,18.7,18.8,0.2,0.9,1.1,0.097,-3,1.8,-1.2,NA,louisiana-tech,2020
8,Oliver Powell,F,28,5,353,8.9,0.462,0.156,0.813,57,6.6,15.3,11.1,7.9,1.7,2,25.3,8.6,0.2,0.7,0.9,0.098,-1.6,2.4,0.8,NA,louisiana-tech,2020
9,Isaiah Crawford,F,16,10,344,20.5,0.558,0.326,0.537,132,5.1,16.9,11.2,12.8,3.7,0.7,13.7,20.4,0.8,0.8,1.6,0.191,1.6,2.8,4.5,NA,louisiana-tech,2020
10,Andrew Gordon,F,29,1,308,25.6,0.615,0,0.311,120,13.3,21.8,17.6,2.6,2.7,10.1,14.1,19.9,0.8,0.9,1.7,0.226,-0.3,3.2,2.9,NA,louisiana-tech,2020
11,Exavian Christon,G,16,0,122,-1.2,0.28,0.677,0.323,25,0,9.9,5.1,15.4,1.4,0,23.5,19.5,-0.3,0.2,-0.1,-0.034,-10.9,-1.3,-12.2,NA,louisiana-tech,2020
12,Xaiver Armstead,G,16,0,101,17.6,0.434,0.698,0.209,42,2.3,26.1,14.6,19.8,3.5,0,9.6,26.3,0.1,0.3,0.4,0.158,-4.8,0.9,-3.9,NA,louisiana-tech,2020
13,Stacey Thomas,F,16,0,76,11.3,0.672,0,0.4,16,7.7,20.2,14.2,4.5,0,3.2,25.2,10.6,0.1,0.1,0.2,0.13,-4.2,1.7,-2.5,NA,louisiana-tech,2020
14,Kale Walters,F,11,0,28,8.3,0.639,0.2,0.2,7,12.5,0,6.1,0,2.1,4.3,42.2,17.2,0,0,0,0.039,-4.4,0.7,-3.7,NA,louisiana-tech,2020
15,Lane Hartley,G,6,0,13,21.1,0.593,1,0.429,7,0,0,0,0,0,0,10.6,36.9,0,0,0,0.125,-2.8,-4.8,-7.6,NA,louisiana-tech,2020
NA,Team Totals,,30,30,6050,NA,0.557,0.399,0.29,NA,NA,NA,NA,NA,NA,NA,NA,NA,12,12.2,24.2,0.16,1,1.3,2.3,NA,louisiana-tech,2020
1,Amorie Archibald,G,32,32,972,12.4,0.474,0.458,0.249,338,1.6,9.9,5.8,20.4,1.9,0.6,15.8,20.4,0.8,1.8,2.6,0.107,-0.4,1.1,0.7,NA,louisiana-tech,2021
2,JaColby Pemberton,F,32,30,868,14.2,0.534,0.411,0.421,276,5.5,16.9,11.3,9.1,1.4,0.9,14.6,17.2,1.3,1.7,3,0.139,0.3,1.5,1.8,NA,louisiana-tech,2021
3,Isaiah Crawford,F,32,21,834,20.7,0.577,0.37,0.31,359,5.7,15.3,10.6,14.1,2.1,3.1,14.4,22.6,2,1.9,3.8,0.184,3.3,2.4,5.7,NA,louisiana-tech,2021
4,Cobe Williams,G,31,26,820,14.3,0.56,0.448,0.393,273,1.2,11.3,6.3,18.9,2.3,1,19.6,17.9,1.1,1.6,2.8,0.136,-0.3,2.5,2.1,NA,louisiana-tech,2021
5,Kalob Ledoux,G,28,19,733,15,0.557,0.513,0.249,276,1.2,15.2,8.3,5.7,1.2,0,11.5,22.3,1.2,1.4,2.6,0.14,1.4,0.3,1.7,NA,louisiana-tech,2021
6,Kenneth Lofton Jr.,F,32,28,729,25.8,0.58,0,0.598,388,12.2,23.7,18,14.4,2.6,3.5,18.9,28.1,1.8,2,3.8,0.206,2.6,2.5,5.1,NA,louisiana-tech,2021
7,Exavian Christon,G,32,0,627,8.1,0.466,0.644,0.221,113,1.9,7.5,4.8,8.6,1.9,0.9,10.9,10.2,0.4,1.1,1.5,0.097,-1.7,2.7,1,NA,louisiana-tech,2021
8,Andrew Gordon,F,26,2,301,19.7,0.578,0,0.323,119,13.3,23.9,18.7,2.1,1.3,5.2,17.7,21.4,0.5,0.8,1.3,0.171,-1,1.8,0.8,NA,louisiana-tech,2021
9,Xaiver Armstead,G,22,0,218,13.4,0.505,0.71,0.113,67,3.1,12.8,8,14.2,3.4,0.5,15.5,17.6,0.2,0.5,0.7,0.131,-1.6,3.6,2,NA,louisiana-tech,2021
10,Stacey Thomas,F,21,2,121,8,0.505,0,0.476,29,10.1,8,9,3,0.9,2.8,18.9,13,0.1,0.2,0.3,0.094,-8.1,1.1,-7.1,NA,louisiana-tech,2021
11,Jace Bass,G,9,0,81,16.6,0.535,0.571,0.214,29,0,11.9,6.1,7.2,2.1,0,0,18.9,0.2,0.2,0.4,0.181,1.8,3.1,4.9,NA,louisiana-tech,2021
12,Kenny Hunter,F,10,0,35,22.8,0.474,0.059,0.118,18,28.5,9.2,18.7,0,0,15.9,18.2,31.1,0,0.1,0.1,0.109,-6.7,2.8,-3.9,NA,louisiana-tech,2021
13,Thailand Elder,G,12,0,35,-9.8,0.196,0.667,0.4,7,3.2,3.1,3.1,0,1.6,0,10.1,28.1,-0.2,0.1,-0.2,-0.176,-8.6,-1.4,-10,NA,louisiana-tech,2021
14,Lane Hartley,G,9,0,26,13.2,0.503,0.625,0.25,9,4.3,8.3,6.3,14.4,2.2,0,10.1,19,0,0,0.1,0.139,7.3,1.9,9.2,NA,louisiana-tech,2021
NA,Team Totals,,32,32,6400,NA,0.538,0.373,0.342,NA,NA,NA,NA,NA,NA,NA,NA,NA,9.5,13.2,22.7,0.142,0.4,1.9,2.2,NA,louisiana-tech,2021
1,Amorie Archibald,G,34,34,1068,17.9,0.592,0.424,0.391,408,1.6,11.2,6.5,14.5,1.8,0.6,10.7,19,2.9,1.6,4.4,0.166,2,1,3,NA,louisiana-tech,2022
2,Cobe Williams,G,34,34,1026,14,0.515,0.453,0.359,395,1.9,10.9,6.5,18.4,2.3,0.3,16.9,22.2,1.2,1.6,2.8,0.11,-0.1,1,0.8,NA,louisiana-tech,2022
3,Keaston Willis,G,34,31,1013,15.5,0.553,0.679,0.146,362,1.6,10.4,6.1,8,1.7,0.5,7.4,20.1,2,1.5,3.4,0.135,2.6,0.3,2.9,NA,louisiana-tech,2022
4,Kenneth Lofton Jr.,F,33,33,890,29.9,0.574,0.052,0.474,570,13.9,29.1,21.7,23.4,2.4,3,17.6,32.6,2.9,2.2,5.2,0.232,4.9,2.1,7,NA,louisiana-tech,2022
5,Exavian Christon,G,34,34,789,5.8,0.467,0.593,0.23,125,0.9,8.5,4.8,8.4,1.2,0.6,15.5,9.5,0.2,1,1.2,0.063,-2.5,1.1,-1.5,NA,louisiana-tech,2022
6,David Green,G,34,0,555,18.8,0.603,0.605,0.299,216,5.2,14.8,10.1,5.6,1.7,2,9,20.2,1.5,1,2.4,0.175,1.7,1,2.8,NA,louisiana-tech,2022
7,LaDamien Bradford,G,33,0,516,12.1,0.508,0.375,0.333,130,3.1,16.6,10,15.9,2.9,0.6,20.7,13.7,0.4,1,1.4,0.107,-2.7,2.8,0.1,NA,louisiana-tech,2022
8,Kenny Hunter,F,34,1,372,17,0.629,0,0.241,128,14.8,14.8,14.8,3.1,0.6,4.8,19.8,16.4,0.8,0.6,1.4,0.15,-1.8,-0.2,-2,NA,louisiana-tech,2022
9,Kaleb Stewart,G,31,0,326,10.6,0.499,0.564,0.096,95,0.7,4.3,2.6,12.7,1.6,0,10.1,16.9,0.3,0.4,0.7,0.087,-1.6,-0.4,-1.9,NA,louisiana-tech,2022
10,Terran Williams,G,16,0,92,14.3,0.58,0.75,0.219,35,2.5,14.1,8.5,6.3,0,0,10.2,21.6,0.2,0.1,0.3,0.13,-6.4,-3.9,-10.3,NA,louisiana-tech,2022
11,Stacey Thomas,F,14,0,70,14,0.578,0,0.545,19,14.7,12.4,13.5,5,0.8,1.6,17.8,12.2,0.1,0.1,0.2,0.128,-3.3,-1.7,-5,NA,louisiana-tech,2022
12,Isaiah Crawford,F,3,3,65,22.7,0.561,0.185,0.259,34,10.6,13.3,12,16.9,3.5,1.7,18.8,29,0.1,0.1,0.3,0.155,3.5,1.2,4.7,NA,louisiana-tech,2022
13,Ben Ponder,G,8,0,18,4.3,0.5,0.571,0,5,0,6,3.1,0,0,0,22.2,25.3,0,0,0,-0.034,-4.1,-3.4,-7.5,NA,louisiana-tech,2022
NA,Team Totals,,34,34,6800,NA,0.556,0.413,0.314,NA,NA,NA,NA,NA,NA,NA,NA,NA,12.5,11.2,23.8,0.14,0.7,0.9,1.6,NA,louisiana-tech,2022
1,Keaston Willis,G,32,31,1025,13.5,0.541,0.657,0.281,361,1.6,11.8,6.6,9.1,1.4,0.6,12,20.8,1.7,1,2.7,0.107,1,-0.9,0,NA,louisiana-tech,2023
2,Isaiah Crawford,F,32,32,952,21.8,0.577,0.248,0.336,433,5.4,16.3,10.7,19.5,3.8,2.9,18.1,24.9,2.1,1.7,3.8,0.16,2.9,2.3,5.2,NA,louisiana-tech,2023
3,Cobe Williams,G,23,21,779,22.6,0.574,0.409,0.372,423,2.4,10.2,6.2,27.1,3.5,1.4,16.8,29.7,2.2,1.1,3.3,0.17,3.9,1.2,5.1,NA,louisiana-tech,2023
4,Jordan Crawford,G,33,22,774,7.5,0.4,0.288,0.197,224,2.6,10.1,6.3,23.8,3,0.2,24.5,19.9,-0.6,1,0.4,0.021,-5.6,-0.8,-6.3,NA,louisiana-tech,2023
5,Dravon Mangum,F,32,20,722,14.2,0.58,0.652,0.242,217,6.4,14.1,10.2,5,1.6,0.6,12,16,1.4,0.8,2.2,0.124,0.1,-0.4,-0.3,NA,louisiana-tech,2023
6,Kenny Hunter,F,33,15,662,20,0.637,0,0.211,196,12.9,17.8,15.3,2.1,2.1,6.4,12.8,13.8,1.6,1.1,2.7,0.161,1.3,1.3,2.5,NA,louisiana-tech,2023
7,Quandre Bullock,G,29,0,524,13.3,0.521,0.347,0.323,143,5.7,16.8,11.1,6.2,2.3,2.8,15.4,16.5,0.4,0.8,1.2,0.091,-0.7,1.1,0.4,NA,louisiana-tech,2023
8,Will Allen,F,33,18,419,12.5,0.673,0,0.5,93,11.4,13.9,12.6,0.9,1.3,0.3,17.3,9.9,0.7,0.5,1.2,0.115,-2.3,-0.4,-2.6,NA,louisiana-tech,2023
9,Terran Williams,G,30,0,353,10.2,0.549,0.803,0.316,93,6.1,15.1,10.5,4.1,0.7,0.8,15.5,15,0.4,0.4,0.8,0.089,-1.3,-1.4,-2.7,NA,louisiana-tech,2023
10,Kaleb Stewart,G,18,4,307,6.4,0.422,0.722,0.065,87,1.9,4.9,3.4,7.5,1.3,0.4,9,20.4,0,0.2,0.2,0.032,-3.4,-2.2,-5.5,NA,louisiana-tech,2023
11,David Green,G,6,2,97,8,0.46,0.5,0.125,34,3.7,17.9,10.6,2.1,0.6,0,8.6,24.4,0,0.1,0.2,0.064,-1.3,-1.7,-3,NA,louisiana-tech,2023
12,LaDamien Bradford,G,10,0,69,1.9,0.417,0.25,0,18,5.2,14.4,9.7,36.2,3.4,0,57.1,20.7,-0.2,0.1,-0.1,-0.075,-7.1,0.8,-6.3,NA,louisiana-tech,2023
13,Pierre Geneste Jr.,F,7,0,40,23.5,0.754,0,1.286,16,17.8,18.6,18.2,0,0,6.6,21,18.2,0.1,0.1,0.2,0.179,2.3,1.1,3.4,NA,louisiana-tech,2023
14,Ben Ponder,G,2,0,26,11.2,0.5,0.8,0,9,9.1,4.8,7,0,0,0,9.1,21.6,0,0,0,0.063,NA,NA,NA,NA,louisiana-tech,2023
NA,Team Totals,,33,33,6749,NA,0.544,0.422,0.283,NA,NA,NA,NA,NA,NA,NA,NA,NA,9.9,9,18.8,0.112,0,0.2,0.2,NA,louisiana-tech,2023
1,Isaiah Crawford,F,32,32,1053,24.3,0.579,0.264,0.432,505,6.7,14,10.6,15.5,3.8,5.8,15.2,25.6,2.7,2.8,5.5,0.207,4.2,4.1,8.3,NA,louisiana-tech,2024
2,Tahlik Chavez,G,31,31,953,17.3,0.601,0.656,0.401,377,1.7,8.7,5.4,8.1,1.7,0.1,9.3,21,2.7,1.6,4.3,0.178,2.8,0.6,3.4,NA,louisiana-tech,2024
3,Daniel Batcho,F,28,28,833,27.2,0.614,0.007,0.564,404,15.3,21.5,18.6,3.2,1,8.9,14.1,24.5,2.6,2.1,4.7,0.224,2.9,1.9,4.7,NA,louisiana-tech,2024
4,Sean Newman Jr.,G,28,26,829,11.9,0.488,0.301,0.399,259,1.1,10.1,5.8,31.5,2.1,0.8,24.3,16.6,0.7,1.5,2.2,0.108,-2.1,0.3,-1.8,NA,louisiana-tech,2024
5,Dravon Mangum,F,31,10,609,13,0.502,0.517,0.369,173,6.2,15.5,11.1,5.1,1.9,1.6,9.3,16,0.8,1.3,2.1,0.14,-1.7,0.8,-0.9,NA,louisiana-tech,2024
6,Jordan Crawford,G,30,3,499,10.5,0.498,0.135,0.375,135,3.1,16.1,9.9,17.7,2.3,0.9,24.6,16.5,0,1.1,1.1,0.09,-3.3,2,-1.3,NA,louisiana-tech,2024
7,Jaylin Henderson,G,29,4,409,9.4,0.481,0.429,0.286,103,1.4,11.5,6.7,9.4,2.6,1.1,14.6,16.1,0.2,0.8,1,0.1,-5.4,2.1,-3.3,NA,louisiana-tech,2024
8,Tyler Henry,G,26,14,404,11.6,0.53,0.702,0.452,123,3.2,9.5,6.5,6.5,1.8,0,10.6,17.7,0.6,0.7,1.3,0.125,0.3,0.9,1.2,NA,louisiana-tech,2024
9,Devin Ree,F,27,8,381,16.4,0.578,0.532,0.306,134,7.8,12.4,10.2,4.2,2.6,0,9.9,18.7,0.8,0.8,1.6,0.17,-0.7,0.5,-0.2,NA,louisiana-tech,2024
10,Will Allen,F,28,2,244,12.7,0.459,0.026,0.308,55,17,13.2,15,2.9,1.2,5.4,11.8,10.5,0.3,0.5,0.8,0.132,-2.2,-0.1,-2.3,NA,louisiana-tech,2024
11,Terri Miller Jr.,F,17,2,151,15.8,0.498,0.06,0.22,62,13.3,12.1,12.7,18,2.7,2.2,19.1,22.9,0.2,0.3,0.5,0.131,-2.9,2.1,-0.8,NA,louisiana-tech,2024
12,Jordan Turner,G,10,0,62,9.8,0.64,0.667,0.5,18,0,17.3,9.1,15.4,1,0,32,17.8,0,0.1,0.1,0.073,-12.1,1.6,-10.5,NA,louisiana-tech,2024
13,Alex Vertus,G,3,0,18,17.2,0.5,0.375,0,7,0,23.8,12.5,13.4,3.3,0,11.1,25.3,0,0,0.1,0.128,NA,NA,NA,NA,louisiana-tech,2024
14,Ben Ponder,G,2,0,7,-0.1,0.25,0.5,0,2,0,30.6,16.1,0,0,0,0,28.9,0,0,0,-0.048,NA,NA,NA,NA,louisiana-tech,2024
NA,Team Totals,,32,32,6452,NA,0.556,0.351,0.41,NA,NA,NA,NA,NA,NA,NA,NA,NA,11.5,13.7,25.2,0.156,0.1,1.6,1.7,NA,louisiana-tech,2024
1,Sean Newman Jr.,G,31,30,1033,14.2,0.526,0.463,0.402,414,0.9,6.7,4,43.4,1.5,1,23.9,19.6,1.7,1.2,3,0.115,1,-1.8,-0.8,NA,louisiana-tech,2025
2,Amaree Abram,G,32,32,1026,13.5,0.54,0.515,0.134,351,1.9,13.4,8.1,10.4,2.7,0.4,14.1,21.8,0.9,1.8,2.6,0.102,-0.5,0.8,0.3,NA,louisiana-tech,2025
3,Kaden Cooper,G,32,30,899,17.1,0.548,0.386,0.22,285,7.1,24.2,16.4,7.9,3.2,2.7,15.8,18.9,0.9,2.1,3,0.133,0.1,2.2,2.2,NA,louisiana-tech,2025
4,Daniel Batcho,F,32,32,881,29.6,0.72,0.015,0.751,464,11.4,15.9,13.8,4.5,0.6,8.3,14.7,25.9,3.7,1.5,5.2,0.238,4.6,0.6,5.3,NA,louisiana-tech,2025
5,Al Green,G,30,10,741,15.5,0.587,0.564,0.22,263,2.9,7.5,5.4,7.6,1.8,0.6,8.4,20.2,1.5,0.9,2.5,0.134,2.7,-0.1,2.6,NA,louisiana-tech,2025
6,AJ Bates,G,29,4,508,11.4,0.539,0.406,0.485,143,1.8,10.8,6.6,17.5,2.6,0.7,18.9,15.9,0.5,0.8,1.3,0.1,-2.9,1.6,-1.3,NA,louisiana-tech,2025
7,Devin Ree,F,29,19,476,6.8,0.476,0.681,0.204,114,5.1,14.7,10.3,4.2,0.8,1.2,12.7,15.7,0.2,0.7,0.8,0.07,-5.6,-0.7,-6.3,NA,louisiana-tech,2025
8,Jordan Crawford,G,21,0,300,9.3,0.413,0.296,0.225,80,5.1,16.4,11.2,19.2,2.2,1.1,16.9,16.6,0,0.5,0.5,0.071,-3.2,1.4,-1.9,NA,louisiana-tech,2025
9,Sean Elkinton,F,21,0,251,18.8,0.575,0.56,0.209,107,11.2,11.8,11.5,5.8,0.7,2.7,7.4,22.6,0.7,0.3,1,0.165,2.6,-0.7,1.9,NA,louisiana-tech,2025
10,Will Allen,F,28,0,231,11.3,0.668,0,0.92,49,11.7,12.3,12,0.8,2.1,3.5,21.8,10.5,0.3,0.4,0.7,0.117,-4.2,1.3,-2.9,NA,louisiana-tech,2025
11,William Jeffress,G,3,3,73,23.4,0.645,0.5,0.75,32,17.6,16.5,17,13,0,3.1,8.4,17.1,0.3,0.1,0.4,0.228,3.8,-1.6,2.1,NA,louisiana-tech,2025
12,Landren Blocker,G,13,0,71,10.5,0.586,0,0.889,15,9,12.3,10.8,2.5,2.5,4.8,23.8,12.4,0,0.1,0.2,0.091,-5.1,1.5,-3.7,NA,louisiana-tech,2025
13,Ben Ponder,G,3,0,9,-40.9,0.05,1,0.222,2,14.3,12.2,13.1,0,0,0,9.1,64,-0.2,0,-0.2,-0.716,-29.7,-17.9,-47.6,NA,louisiana-tech,2025
NA,Team Totals,,32,32,6499,NA,0.571,0.41,0.342,NA,NA,NA,NA,NA,NA,NA,NA,NA,10.4,10.6,21.1,0.13,0.1,0.3,0.5,NA,louisiana-tech,2025
1,AJ Bates,G,34,34,1134,14.1,0.471,0.344,0.317,467,1.9,7.5,4.7,34.9,2.2,0.2,15.9,23.2,1.3,1.9,3.2,0.112,-1,-0.8,-1.8,NA,louisiana-tech,2026
2,DJ Dudley,G,34,27,1036,13.6,0.526,0.406,0.229,423,2.4,8,5.2,13.8,1.7,0.9,15.2,25.8,0.9,1.6,2.5,0.097,0.2,-0.7,-0.5,NA,louisiana-tech,2026
3,Avery Thomas II,F,33,26,831,18.5,0.513,0.465,0.279,296,11.8,20.5,16.2,4.7,2.9,2.7,7.9,19.4,1.6,2.1,3.6,0.176,-0.8,0.5,-0.3,NA,louisiana-tech,2026
4,Kaden Cooper,G,29,10,752,20.5,0.54,0.289,0.329,273,9.3,24.3,16.8,8.9,3.6,3.3,13.3,20.3,1.1,2.1,3.2,0.172,-0.3,2,1.7,NA,louisiana-tech,2026
5,Jaylen Fenner,G,32,24,687,11.1,0.493,0.356,0.452,177,5.5,9.3,7.4,8.2,3,1.8,15.3,15.5,0.4,1.4,1.7,0.101,-4.5,1.6,-2.9,NA,louisiana-tech,2026
6,Scooter Williams Jr.,G,28,3,592,18.2,0.516,0.345,0.412,261,5.2,10.4,7.8,14.1,2,2.8,8.5,25.4,1.2,1.1,2.3,0.153,1.8,1.1,2.9,NA,louisiana-tech,2026
7,Will Allen,F,33,10,525,10.5,0.551,0.291,0.506,117,10.9,14.5,12.7,3.8,2.2,2.6,24,12.5,0.2,1.1,1.3,0.1,-5.2,1.2,-4,NA,louisiana-tech,2026
8,Melian Martinez,C,30,19,462,17.3,0.709,0,0.195,110,7.9,13.6,10.8,2.6,0.4,15.6,20.4,12.4,0.6,1,1.6,0.135,-1.7,3.3,1.6,NA,louisiana-tech,2026
9,Sir Issac Herron,F,27,10,351,16,0.594,0.035,0.43,113,6.8,14.4,10.6,7.6,1.6,6.3,18.8,18.5,0.3,0.7,1.1,0.122,-1.5,1.6,0.1,NA,louisiana-tech,2026
10,Kylan Howze,F,25,4,265,12.3,0.527,0,0.833,58,10.3,13.5,11.9,4.1,1.9,7.3,20.6,12.2,0.1,0.6,0.7,0.101,-3.6,1.3,-2.3,NA,louisiana-tech,2026
11,William Jeffress,G,10,3,138,5,0.289,0.459,0.162,27,10.7,17,13.9,1.3,0.9,2,7,15.8,-0.1,0.3,0.1,0.035,-7.2,-1.6,-8.8,NA,louisiana-tech,2026
12,Jermaurhiyun Anderson,G,3,0,50,5.9,0.24,0.222,0.333,6,6.8,15.7,11.3,0,1.2,8.3,0,10.6,0,0.1,0.1,0.048,-5.7,3.2,-2.6,NA,louisiana-tech,2026
13,Keegan Rowell,G,13,0,43,23.4,0.808,0.692,0,15,2.7,5.2,3.9,5.2,5.7,0,13.3,17.8,0.1,0.1,0.2,0.215,-6.3,-3.7,-10,NA,louisiana-tech,2026
14,Lachlan Thompson,G,5,0,9,2.2,1,0,0,1,0,12.4,6.3,0,0,0,50,11.3,0,0,0,0.023,-6.7,-0.6,-7.3,NA,louisiana-tech,2026
NA,Team Totals,,34,34,6875,NA,0.52,0.335,0.328,NA,NA,NA,NA,NA,NA,NA,NA,NA,7.6,14,21.6,0.126,-1.5,0.7,-0.8,NA,louisiana-tech,2026
1,Preston Knowles,G,34,33,1023,19.5,0.517,0.585,0.164,463,2.5,12,7.3,20.7,3.6,0.9,12.6,26.8,2.2,2.1,4.3,0.169,4.1,3.8,7.9,NA,louisville,2011
2,Peyton Siva,G,35,35,975,17.9,0.54,0.359,0.539,398,1.4,11,6.3,34,4.2,0.7,23.9,21.6,1.7,2,3.7,0.153,1.2,4.4,5.7,NA,louisville,2011
3,Kyle Kuric,G,33,19,928,19.3,0.661,0.617,0.13,300,5.5,10,7.8,8.2,1.8,0.8,8.8,15.9,2.8,1.4,4.2,0.183,6.5,2.5,9,NA,louisville,2011
4,Chris Smith,G,35,20,909,17.9,0.559,0.372,0.336,336,6.8,13,9.9,18,2.1,0.4,16.5,19.3,2,1.6,3.6,0.158,4.1,2.5,6.6,NA,louisville,2011
5,Terrence Jennings,F,34,24,794,22.4,0.56,0,0.434,309,11.9,12.9,12.4,5.8,1.8,9,11,20.6,2.1,1.6,3.7,0.185,2.6,3.7,6.2,NA,louisville,2011
6,Mike Marra,G,31,11,635,12.2,0.459,0.809,0.166,202,2.9,8.7,5.8,16.9,2.6,1.7,15,19.9,0.6,1.1,1.6,0.102,0.9,2.9,3.8,NA,louisville,2011
7,Gorgui Dieng,C,29,9,451,24.2,0.609,0.009,0.473,160,13.4,18.3,15.9,8.2,1.7,13.7,16.7,17.9,1.1,1.1,2.2,0.194,2.3,5.4,7.7,NA,louisville,2011
8,Stephan Van Treese,F,33,12,440,15.6,0.632,0,0.46,103,14.3,15.5,14.9,3.6,2.8,1.2,21.5,11.1,0.7,0.9,1.6,0.143,1.1,2.5,3.6,NA,louisville,2011
9,Rakeem Buckles,F,16,10,301,17.8,0.564,0.321,0.383,116,13.7,22.7,18.3,14.9,2.5,1.5,27.3,21.9,0.3,0.7,1.1,0.14,-0.1,2.3,2.2,NA,louisville,2011
10,Elisha Justice,F,29,0,294,10.4,0.479,0.534,0.586,80,1.6,9.7,5.7,18.9,2.2,0,15.9,15,0.3,0.5,0.8,0.111,-1.5,2.8,1.3,NA,louisville,2011
11,George Goode,F,27,2,216,14.8,0.498,0.081,0.095,68,8.5,11.7,10.1,2.8,1.9,5.1,11.5,20.2,0.2,0.4,0.6,0.113,-1.5,1.9,0.4,NA,louisville,2011
12,Russ Smith,G,17,0,96,13.3,0.438,0.415,0.122,39,1.2,6.9,4.1,28,8,1.1,23.1,29.3,-0.1,0.3,0.2,0.08,-4.8,5.9,1.2,NA,louisville,2011
13,Tim Henderson,G,18,0,63,10.1,0.387,0.429,0.095,19,5.4,14,9.8,17.2,3.7,0,12,19.8,0,0.1,0.2,0.098,-6.6,2.2,-4.3,NA,louisville,2011
NA,Team Totals,,35,35,7125,NA,0.548,0.407,0.299,NA,NA,NA,NA,NA,NA,NA,NA,NA,13.9,13.8,27.8,0.156,2.5,3.3,5.8,NA,louisville,2011
1,Kyle Kuric,G,38,36,1369,16,0.55,0.591,0.233,421,3.7,9.5,6.6,6.9,2.1,1.5,8,17.3,3,2.5,5.5,0.161,3.7,3.9,7.7,NA,louisville,2012
2,Gorgui Dieng,C,40,40,1312,19.9,0.556,0.007,0.391,375,11.7,19.7,15.7,6.6,2.1,10.4,19.6,15.5,1.8,3.6,5.4,0.165,1.4,6.4,7.8,NA,louisville,2012
3,Peyton Siva,G,38,38,1203,13.2,0.485,0.229,0.395,411,1.8,9.7,5.7,35.5,3.2,0.4,26.8,20.3,0.6,2.5,3.1,0.102,-0.9,3.5,2.6,NA,louisville,2012
4,Chris Smith,G,40,38,1099,16.4,0.551,0.556,0.338,367,4.1,10.7,7.4,14.3,1.8,0,11.2,18,2.6,1.9,4.5,0.165,3.8,3.3,7,NA,louisville,2012
5,Chane Behanan,F,40,37,1039,19.1,0.54,0.126,0.483,373,12.6,20,16.2,6.8,1.8,1.9,17,20.4,1.7,2.4,4.1,0.159,2.8,2.9,5.7,NA,louisville,2012
6,Russ Smith,G,39,7,837,18.6,0.461,0.32,0.344,425,3.6,9.7,6.6,21.8,6.2,0.1,15.6,34.5,0.6,2.3,2.9,0.139,0.1,6,6.1,NA,louisville,2012
7,Jared Swopshire,F,39,2,509,12,0.464,0.209,0.417,128,6.6,17.8,12.1,6.6,1.5,1.9,13.8,15.7,0.4,1.1,1.5,0.118,-0.5,3.7,3.2,NA,louisville,2012
8,Rakeem Buckles,F,11,1,149,12.6,0.483,0.135,0.486,45,13.5,18.5,15.9,4.1,2.8,1.4,24.8,20.3,0,0.4,0.4,0.095,-2.3,1.5,-0.9,NA,louisville,2012
9,Elisha Justice,F,25,0,122,3.6,0.419,0.423,0.115,24,0.9,7.5,4.2,14.4,2.9,0,30.4,16.2,-0.2,0.2,0.1,0.019,-5.5,4.6,-0.9,NA,louisville,2012
10,Kevin Ware,G,20,0,105,-1.1,0.306,0.185,0.444,23,4.3,10.9,7.5,16.5,4,4.1,39.1,25.6,-0.5,0.3,-0.3,-0.107,-9.3,2.9,-6.4,NA,louisville,2012
11,Wayne Blackshear,G,15,1,105,8.5,0.396,0.488,0.293,35,7.4,15.3,11.3,4,1.7,1,13,25.6,0,0.2,0.2,0.063,-2.3,2.1,-0.2,NA,louisville,2012
12,Zach Price,C,19,0,82,2.3,0.298,0,1.154,13,8.2,12.6,10.3,0,1.5,3.9,13,14.1,-0.1,0.2,0.1,0.027,-8.5,2,-6.4,NA,louisville,2012
13,Tim Henderson,G,11,0,57,8.2,0.505,0.636,0.545,16,5.9,12.1,8.9,20.1,1,0,30.2,17.4,0,0.1,0.1,0.072,-2.8,1.5,-1.3,NA,louisville,2012
14,Angel Nunez,F,12,0,55,13.8,0.524,0.762,0.19,20,4.1,12.5,8.2,8.1,1.1,3.9,20.8,26.3,0,0.1,0.1,0.081,2.6,1,3.6,NA,louisville,2012
15,Mike Marra,G,2,0,25,25.2,0.67,0.5,0.25,10,4.5,18.3,11.3,20.3,2.4,0,18.3,21.9,0.1,0.1,0.1,0.2,4.2,4.9,9,NA,louisville,2012
16,Stephan Van Treese,F,3,0,20,12.7,0.408,0,1.333,5,22.3,11.5,17,0,3,5.4,16.9,14.8,0,0,0.1,0.125,-3.3,4.4,1.1,NA,louisville,2012
17,Mark Jackson,G,3,0,12,8.3,0.625,0.25,0,3,0,28.7,14.1,0,0,0,33.3,25,0,0,0,0.03,-7.9,-0.2,-8.1,NA,louisville,2012
NA,Team Totals,,40,40,8100,NA,0.51,0.321,0.362,NA,NA,NA,NA,NA,NA,NA,NA,NA,10,17.8,27.8,0.137,1.2,4.1,5.3,NA,louisville,2012
1,Peyton Siva,G,40,40,1247,17.5,0.513,0.384,0.285,463,1.1,8.1,4.5,34.3,4.3,0.6,21.3,20,2.3,3,5.3,0.17,2.6,4.7,7.3,NA,louisville,2013
2,Russ Smith,G,40,37,1211,25.3,0.541,0.338,0.493,700,4,9.2,6.5,21.1,4.1,0.2,13.5,33.2,4.4,2.9,7.3,0.24,6.3,4.1,10.4,NA,louisville,2013
3,Gorgui Dieng,C,33,32,1026,23.8,0.562,0,0.479,352,12.9,23.6,18.1,12.3,2.6,9.4,17,17,2.5,3.2,5.6,0.219,5.1,6.4,11.5,NA,louisville,2013
4,Chane Behanan,F,39,36,1018,20.6,0.52,0.04,0.463,385,13.2,16.8,15,8.3,3.2,1.8,14.5,21.1,2.1,2.6,4.7,0.185,4.1,3.5,7.5,NA,louisville,2013
5,Luke Hancock,F,40,9,897,17.5,0.605,0.699,0.389,298,3.8,10.4,7,11.4,2.7,0.4,12.7,17.2,2.5,1.9,4.4,0.198,4.8,4.2,9,NA,louisville,2013
6,Wayne Blackshear,G,39,34,782,16.5,0.537,0.56,0.25,257,3.3,15.7,9.3,6.3,2.6,1.5,8,19.4,1.8,1.9,3.7,0.189,2.7,4.1,6.8,NA,louisville,2013
7,Montrezl Harrell,F,40,3,649,20,0.571,0,0.375,208,11.4,15.5,13.4,2.5,1.9,4.9,10.4,17.1,1.5,1.5,3.1,0.189,3.7,3.1,6.8,NA,louisville,2013
8,Kevin Ware,G,37,2,616,12.1,0.534,0.28,0.386,158,3,10,6.4,9.2,3.8,0.8,21.2,16.2,0.5,1.5,1.9,0.125,-0.4,5.3,4.9,NA,louisville,2013
9,Stephan Van Treese,F,37,1,415,16.4,0.666,0,0.425,86,17.2,16.3,16.7,3.7,2.6,3.1,21.3,7.4,0.9,1,1.9,0.184,3.6,4.1,7.6,NA,louisville,2013
10,Zach Price,C,16,6,123,7.3,0.532,0,0.533,21,9.5,12,10.7,0,0.5,4.7,21,9.7,0.1,0.2,0.3,0.105,-3.5,2.9,-0.7,NA,louisville,2013
11,Tim Henderson,G,27,0,101,8.4,0.478,0.87,0,19,1.2,13.4,7.1,5.3,3.6,1.2,20.7,14.4,0,0.3,0.2,0.096,-1.5,4.6,3.1,NA,louisville,2013
12,Jordan Bond,G,5,0,17,2.2,0,0.667,0,1,6.9,14.5,10.6,9.1,3.5,0,0,8.9,0,0,0,0.032,-7.6,3.9,-3.7,NA,louisville,2013
13,Michael Baffour,G,6,0,12,-1.6,0.204,0.667,1.333,2,9.7,0,5,0,0,0,0,20.5,0,0,0,-0.036,-7.6,-5,-12.6,NA,louisville,2013
14,Logan Baumann,G,4,0,11,-7.8,0.202,0,0.5,2,0,33.5,16.3,0,0,0,16.8,27.2,-0.1,0,0,-0.089,-18.7,-2.9,-21.6,NA,louisville,2013
NA,Team Totals,,40,40,8125,NA,0.544,0.3,0.4,NA,NA,NA,NA,NA,NA,NA,NA,NA,18.4,20,38.5,0.189,3.6,4.4,8,NA,louisville,2013
1,Russ Smith,G,37,36,1084,26.2,0.576,0.376,0.451,662,2.9,9.6,6.2,31.6,4,0.4,15.2,30.7,3.9,2.9,6.7,0.249,7.2,4.3,11.5,"AA-1,AP-AA-1,NABC-AA-2,SN-AA-1,USBWA-AA-1,W-AA-1",louisville,2014
2,Montrezl Harrell,F,37,37,1083,25.7,0.592,0.008,0.418,489,12.1,19.7,15.9,8.2,2,4.8,10.8,22,3.2,3.2,6.4,0.236,5.6,3.4,9,,louisville,2014
3,Luke Hancock,F,36,21,861,20.4,0.587,0.648,0.5,415,2.8,9.5,6.1,16.2,2.4,0.9,12.3,24.1,2.9,2.1,4.9,0.228,5.3,3.2,8.5,,louisville,2014
4,Chris Jones,F,33,27,844,18.1,0.507,0.385,0.267,344,3.2,6.9,5,19.9,5,0.3,12.4,21.8,1.7,2.3,4,0.19,2.2,5.5,7.7,,louisville,2014
5,Stephan Van Treese,F,37,21,800,15.1,0.64,0.029,0.42,156,13.9,15.3,14.6,5.2,2.7,4,21,6.3,1.4,2.3,3.7,0.183,2.7,4.7,7.4,,louisville,2014
6,Wayne Blackshear,G,36,18,707,18.4,0.577,0.53,0.4,258,3.1,14.4,8.7,6.4,2.6,2.9,7.6,18.9,1.8,1.9,3.8,0.214,3.3,4.3,7.6,,louisville,2014
7,Terry Rozier,G,37,10,699,17.8,0.504,0.418,0.224,262,4.4,13.7,9,16.6,3.2,0.3,7.9,19.3,1.6,1.9,3.5,0.198,3.1,4.3,7.3,,louisville,2014
8,Mangok Mathiang,F,37,14,545,17.3,0.559,0,0.708,155,13.6,13.1,13.4,4.4,1.4,10,16.8,12.7,1,1.5,2.5,0.18,1.1,4.5,5.7,,louisville,2014
9,Chane Behanan,F,12,0,223,23.6,0.588,0,0.855,98,17.6,19.5,18.6,9.7,2.9,1.4,17.1,20.2,0.6,0.7,1.2,0.22,3.8,2.5,6.3,,louisville,2014
10,Tim Henderson,G,34,1,223,14,0.576,0.765,0.118,61,2.9,10,6.4,12.5,2.3,0,6.9,12.5,0.5,0.5,1,0.185,1.8,4.2,5.9,,louisville,2014
11,Anton Gill,G,23,0,136,6.1,0.403,0.735,0.353,30,2.4,10.7,6.5,5.8,1.7,0,7,15.2,0,0.3,0.3,0.097,-3.9,1.5,-2.3,,louisville,2014
12,Akoy Agau,F,19,0,95,8.9,0.618,0.111,1.111,16,5.8,18.8,12.2,1.7,0.6,5.6,33.7,10.6,0,0.2,0.2,0.093,-3,3.8,0.8,,louisville,2014
13,Kevin Ware,G,9,0,53,4.4,0.398,0.125,0.375,15,2.1,8.4,5.2,9.5,3.3,2,24.1,22.7,-0.1,0.1,0,0.023,-7.1,3.3,-3.8,,louisville,2014
14,David Levitch,G,18,0,47,6.1,0.426,0.533,0.533,15,0,14.2,7,10.2,1.2,0,13.8,22.4,0,0.1,0.1,0.091,-6.6,1,-5.6,,louisville,2014
NA,Team Totals,,37,37,7400,NA,0.562,0.351,0.412,NA,NA,NA,NA,NA,NA,NA,NA,NA,18.3,20,38.3,0.207,3.7,4.1,7.8,,louisville,2014
1,Terry Rozier,G,36,35,1260,22.1,0.509,0.301,0.338,591,3.8,13.9,8.8,19.7,3.5,0.5,11.6,27.8,3,3,6,0.191,4.8,4.6,9.4,NA,louisville,2015
2,Montrezl Harrell,F,35,35,1229,24.8,0.588,0.098,0.508,521,10,19.1,14.5,9.2,1.6,3.7,12.9,22.3,3.6,3,6.6,0.214,5.9,3.6,9.5,NA,louisville,2015
3,Wayne Blackshear,G,36,36,1129,16.5,0.533,0.542,0.353,379,3.3,11.9,7.6,7.6,2,2,8.7,19.4,2.4,2.4,4.8,0.17,3,3.6,6.6,NA,louisville,2015
4,Chris Jones,F,26,24,807,19.7,0.496,0.382,0.405,361,4,10.3,7.1,25.1,4,0.1,14.3,26.6,1.5,1.9,3.4,0.17,3.5,4.4,7.8,NA,louisville,2015
5,Mangok Mathiang,F,34,9,635,12.6,0.416,0,0.675,123,13.9,13.9,13.9,4.5,1.8,7.9,19.7,10.6,0.3,1.6,1.9,0.118,-1.2,4.5,3.2,NA,louisville,2015
6,Chinanu Onuaku,F,35,26,623,14.4,0.596,0,0.411,126,12.3,16.3,14.3,5.7,2.5,7.3,33.5,10.8,0.3,1.7,2,0.129,-0.8,5.7,4.9,NA,louisville,2015
7,Quentin Snider,G,36,10,589,8.1,0.429,0.441,0.25,149,1.7,9.3,5.5,15.5,1.1,0.2,14.6,17.3,0.1,1,1.1,0.076,-1.5,1.9,0.4,NA,louisville,2015
8,Anton Gill,G,31,0,292,7.3,0.415,0.506,0.224,74,0.8,8.8,4.8,11.6,3.1,1.5,17.5,20,-0.2,0.6,0.4,0.055,-4.1,3.2,-0.9,NA,louisville,2015
9,Anas Mahmoud,F,30,2,236,11.6,0.57,0,0.48,43,8,11.4,9.7,8.5,1,9.2,31.3,9.7,0.1,0.5,0.7,0.112,-1.3,5.1,3.8,NA,louisville,2015
10,Shaqquan Aaron,G,23,2,166,2.6,0.327,0.548,0.119,30,4,7.4,5.7,5.6,1.1,1.3,15.3,16.2,-0.2,0.3,0.1,0.015,-3.3,1.1,-2.2,NA,louisville,2015
11,Jaylen Johnson,F,23,0,106,14.3,0.494,0.037,0.185,31,13.6,16.9,15.2,3.9,2.3,3.1,17,17.1,0.1,0.3,0.4,0.136,-2.3,2.5,0.1,NA,louisville,2015
12,David Levitch,G,21,1,101,9.4,0.52,0.667,1.133,26,4.4,2.2,3.3,10.5,2.4,0,17.8,14.2,0.1,0.2,0.3,0.119,-2.5,2.1,-0.4,NA,louisville,2015
13,Dillon Avare,G,8,0,27,0.2,0.311,0.8,0.6,4,4.1,12.4,8.2,0,0,0,13.5,14.1,0,0,0,0.017,-9.6,0.1,-9.5,NA,louisville,2015
14,Matz Stockman,C,4,0,22,15.8,0.336,0,0.4,5,10.1,45.7,27.8,8.8,5.5,19.7,33.5,20.8,-0.1,0.1,0,0.084,-9.9,9.9,0.1,NA,louisville,2015
15,Trent Gilbert,G,4,0,16,8.2,0.5,0.833,0,6,6.9,7,7,26,0,0,25,25.6,0,0,0,0.078,-4.5,-1.1,-5.6,NA,louisville,2015
16,Akoy Agau,F,3,0,11,-8.2,0,1,0,0,0,10.2,5.1,0,0,0,50,9.3,0,0,0,-0.1,-9,-1.9,-10.9,NA,louisville,2015
NA,Team Totals,,36,36,7249,NA,0.512,0.314,0.387,NA,NA,NA,NA,NA,NA,NA,NA,NA,11.1,16.6,27.7,0.153,1.9,3.9,5.8,NA,louisville,2015
1,Damion Lee,G,30,30,1007,20.3,0.571,0.504,0.377,432,2.2,11.1,6.7,10.7,2.8,0.1,10.7,23.3,3,2.1,5.2,0.206,4.8,4.2,8.9,NA,louisville,2016
2,Quentin Snider,G,31,24,861,15.2,0.511,0.387,0.234,311,3.1,6.2,4.7,21.9,1.7,0,12.3,18.8,1.9,1.5,3.4,0.157,2.9,2.6,5.5,NA,louisville,2016
3,Trey Lewis,G,31,27,859,16.8,0.533,0.45,0.268,336,2.9,11.2,7.1,14.8,2.2,0.4,13.7,22.1,1.8,1.8,3.5,0.165,3.2,3.4,6.6,NA,louisville,2016
4,Chinanu Onuaku,F,31,29,762,26.4,0.62,0.005,0.253,314,13.7,25.8,19.8,12.9,1.9,9.6,20.8,20.5,1.8,2.3,4.2,0.218,4.1,6.3,10.5,NA,louisville,2016
5,Donovan Mitchell,G,31,5,591,18.2,0.527,0.379,0.3,233,6.6,13.5,10.1,15.8,2.5,0.6,12.1,20.9,1.4,1.3,2.8,0.187,2.7,4.4,7.1,NA,louisville,2016
6,Jaylen Johnson,F,31,22,541,13.4,0.478,0.066,0.172,159,10.6,12.5,11.5,4.5,1.1,2.2,9.4,16.7,0.8,1.1,1.8,0.134,0.2,2.3,2.5,NA,louisville,2016
7,Raymond Spalding,F,30,6,525,19.4,0.557,0.024,0.448,169,10.9,17.4,14.2,5.4,3.2,4.5,15.1,17,0.9,1.4,2.3,0.178,2,5.4,7.4,NA,louisville,2016
8,Anas Mahmoud,F,22,2,288,15.7,0.457,0,0.532,78,10,15.9,12.9,7,2.3,11.9,18,16.4,0.1,0.8,0.9,0.127,0.5,6.5,7,NA,louisville,2016
9,Deng Adel,F,22,8,267,11.5,0.551,0.294,0.397,85,4.3,15.4,9.9,9,1.4,0.4,24.3,20,0.1,0.5,0.7,0.104,-0.1,2.5,2.3,NA,louisville,2016
10,Mangok Mathiang,F,10,2,188,23.8,0.575,0,0.604,73,15.9,18.8,17.4,4.8,2.2,7.6,15.1,19.4,0.5,0.5,1,0.208,2.9,3.6,6.5,NA,louisville,2016
11,Matz Stockman,C,23,0,142,21.6,0.544,0,0.447,61,16.2,15.3,15.7,5.5,0.4,6.7,10.9,22.5,0.4,0.3,0.7,0.193,0.4,1.9,2.3,NA,louisville,2016
12,David Levitch,G,18,0,127,19.5,0.833,0.6,0.55,39,3.6,7.2,5.4,11.9,2.4,0,16.5,11.9,0.4,0.2,0.7,0.214,4.5,4.2,8.7,NA,louisville,2016
13,Jay Henderson,G,10,0,23,1.8,0.214,0.571,0,4,0,9.9,5,13.3,5.2,0,12.5,17.4,0,0.1,0,0.018,-8.4,4.1,-4.3,NA,louisville,2016
14,Dillon Avare,G,7,0,19,0.9,0.5,0.833,0,5,0,0,0,8.9,0,0,25,21.1,0,0,0,0.024,-3.7,-1.7,-5.4,NA,louisville,2016
NA,Team Totals,,31,31,6200,NA,0.546,0.29,0.318,NA,NA,NA,NA,NA,NA,NA,NA,NA,13.1,14,27.2,0.175,2.7,4,6.8,NA,louisville,2016
1,Donovan Mitchell,G,34,33,1098,21.8,0.534,0.509,0.243,502,3.7,12.9,8.3,16,3.7,1.7,10.2,24.6,3,2.4,5.4,0.197,5.7,5.5,11.1,NA,louisville,2017
2,Deng Adel,F,33,30,993,16.3,0.527,0.38,0.287,377,2.5,13.9,8.2,12.7,1.2,1.4,10.6,21,2.1,1.7,3.7,0.15,3.6,2.8,6.4,NA,louisville,2017
3,Quentin Snider,G,28,28,877,16.1,0.51,0.498,0.272,361,2.8,6.7,4.7,23.3,1.1,0,11,21.3,2.1,1.1,3.3,0.149,4.8,1.6,6.4,NA,louisville,2017
4,Jaylen Johnson,F,34,26,696,20.8,0.611,0.039,0.489,272,14.4,16.7,15.5,4.8,1.3,2.7,16.6,18.7,1.8,1.3,3.1,0.179,3.3,2.4,5.7,NA,louisville,2017
5,Mangok Mathiang,F,33,19,686,21.3,0.558,0,0.388,267,13.6,18.3,15.9,6.4,1.4,6.1,14.1,19.3,1.6,1.5,3.1,0.18,2.8,3.5,6.2,NA,louisville,2017
6,Raymond Spalding,F,34,8,653,18.2,0.586,0.022,0.575,209,10.9,20.9,15.9,7.2,2,5,20.1,16,1,1.5,2.6,0.157,1.6,4.7,6.4,NA,louisville,2017
7,Anas Mahmoud,F,31,15,580,20.9,0.6,0,0.426,177,9.1,14.7,11.8,8,2.7,12.6,19.3,15.4,0.9,1.5,2.4,0.167,2.2,7.9,10.1,NA,louisville,2017
8,V.J. King,F,33,7,444,15.8,0.55,0.273,0.403,166,4.2,12.8,8.5,6.4,0.9,0.8,11.7,20.7,0.9,0.7,1.6,0.145,3.3,1.9,5.2,NA,louisville,2017
9,David Levitch,G,32,3,296,11.1,0.49,0.63,0.241,70,4.1,10.1,7.1,15.6,2,0,10.4,11.1,0.5,0.5,0.9,0.128,0.5,4.2,4.8,NA,louisville,2017
10,Tony Hicks,G,23,1,231,10.6,0.458,0.247,0.333,83,1,10.6,5.7,14.8,2.5,0.5,18.3,24.4,0,0.4,0.4,0.066,-1.7,3.4,1.8,NA,louisville,2017
11,Ryan McMahon,G,28,0,176,13.4,0.533,0.867,0.233,69,1.2,7.6,4.4,16.6,2,1.3,13,21.3,0.4,0.3,0.7,0.152,1,2.9,3.9,NA,louisville,2017
12,Matz Stockman,C,18,0,74,21.1,0.642,0,0.882,33,17.8,13.5,15.7,7.4,1.6,3,22.5,20.6,0.2,0.1,0.3,0.183,1,3.3,4.3,NA,louisville,2017
13,Jay Henderson,G,17,0,35,14.3,0.419,0.5,0.25,14,0,9.5,4.7,15.5,5,0,5.3,26.5,0,0.1,0.1,0.141,-6.9,4.3,-2.5,NA,louisville,2017
14,Tyler Sharpe,G,7,0,11,-15.7,0.125,0.75,0,3,10,20.2,15.1,15.1,0,0,11.1,40.1,-0.1,0,-0.1,-0.261,-21.9,-7.6,-29.5,NA,louisville,2017
NA,Team Totals,,34,34,6850,NA,0.542,0.322,0.339,NA,NA,NA,NA,NA,NA,NA,NA,NA,14.4,13.2,27.6,0.161,3.1,3.7,6.9,NA,louisville,2017
1,Quentin Snider,G,36,36,1155,15.2,0.548,0.488,0.285,444,1.5,7.4,4.6,22.8,0.9,0,12.5,19.3,2.5,1.1,3.6,0.126,3.2,0.3,3.6,NA,louisville,2018
2,Deng Adel,F,34,33,1126,17.3,0.554,0.36,0.33,487,2.3,14.3,8.6,16.5,1.1,1,14.4,24.1,2,1.5,3.6,0.127,3.4,1.3,4.6,NA,louisville,2018
3,Raymond Spalding,F,36,34,995,25.6,0.568,0.056,0.338,452,13.2,20.9,17.3,9.6,3.1,6.3,13.5,22.9,2.4,2.4,4.8,0.193,4.1,4.1,8.2,NA,louisville,2018
4,V.J. King,F,36,36,914,10.3,0.493,0.282,0.368,289,2.9,11.1,7.2,6.4,1.3,0.4,14,20.1,0.4,1.1,1.6,0.068,-1.2,0.9,-0.4,NA,louisville,2018
5,Anas Mahmoud,F,36,22,841,19.5,0.543,0,0.293,254,8.6,14.8,11.9,8,2,12.4,16.9,16.3,0.9,1.8,2.7,0.128,1.1,5.6,6.7,NA,louisville,2018
6,Dwayne Sutton,F,36,4,548,16.8,0.547,0.403,0.37,161,8.5,19.8,14.5,6.7,3.1,2.4,10.8,14.4,1,1.2,2.1,0.157,1.4,4.2,5.6,NA,louisville,2018
7,Darius Perry,G,36,3,514,9.7,0.523,0.614,0.386,153,1.4,7.5,4.6,18,2.3,0.6,22.4,17.1,0.3,0.7,1,0.078,-2.2,2.2,-0.1,NA,louisville,2018
8,Ryan McMahon,G,29,0,452,16.3,0.618,0.805,0.25,170,1.3,6.3,3.9,17.9,3.2,0.4,17.3,19.4,0.9,0.6,1.6,0.141,3,3,5.9,NA,louisville,2018
9,Malik Williams,C,32,12,338,16.8,0.523,0.564,0.145,114,7.9,16.7,12.6,2.8,2,3.9,8.6,19.2,0.5,0.6,1.1,0.132,2.3,2,4.2,NA,louisville,2018
10,Jordan Nwora,F,28,0,336,19.4,0.609,0.509,0.348,141,5.2,14.6,10.2,6.4,2.9,0.9,15,23.1,0.7,0.6,1.3,0.156,2.8,2.4,5.2,NA,louisville,2018
11,Lance Thomas,F,12,0,50,25.1,0.73,0.5,0.571,21,7,25.1,16.5,0,2.3,4,14.4,21,0.2,0.1,0.3,0.226,0.5,3.5,3.9,NA,louisville,2018
12,Jo Griffin,G,6,0,18,0.1,0,1,0,1,0,0,0,16.7,3.2,0,50,5.6,0,0,0,-0.009,-7,2.1,-4.9,NA,louisville,2018
13,Jacob Redding,G,6,0,13,52.9,1.313,0.75,0.5,5,0,0,0,0,0,0,0,19.2,0.1,0,0.1,0.315,24,4.8,28.7,NA,louisville,2018
NA,Team Totals,,36,36,7300,NA,0.552,0.352,0.319,NA,NA,NA,NA,NA,NA,NA,NA,NA,12,11.8,23.8,0.131,2,2.5,4.4,NA,louisville,2018
1,Jordan Nwora,F,34,29,1084,20.7,0.567,0.464,0.306,510,4.3,21.8,13.4,9.3,1.7,1.2,13.6,27.7,2.2,2.1,4.3,0.16,5.4,3.1,8.5,NA,louisville,2019
2,Dwayne Sutton,F,34,34,1069,16.2,0.56,0.527,0.336,358,8.2,15.8,12.2,11.5,1.6,0.9,14.1,16.9,2.1,1.8,3.9,0.148,4,3.6,7.6,NA,louisville,2019
3,Christen Cunningham,G,33,33,1035,15.2,0.582,0.368,0.474,375,0.8,6.8,3.9,30.1,1,0.2,18.5,17.3,2.3,1.2,3.5,0.136,3.5,2,5.5,NA,louisville,2019
4,Khwan Fore,G,34,23,655,5.5,0.422,0.314,0.182,121,1.4,6.1,3.8,11.6,1.7,0.2,16.5,12.3,-0.1,0.8,0.8,0.047,-2,3.8,1.7,NA,louisville,2019
5,Ryan McMahon,G,34,1,654,13.7,0.587,0.829,0.331,237,0.5,5.4,3.1,17.8,1.3,0.7,16.4,19.5,1.3,0.8,2.1,0.128,3.5,2.5,6,NA,louisville,2019
6,Steven Enoch,F,34,14,651,21.5,0.6,0.169,0.333,284,9.1,20.8,15.2,2.1,0.5,3.7,11.6,23.7,1.7,1.2,2.9,0.18,3.3,2.5,5.8,NA,louisville,2019
7,Malik Williams,C,34,20,620,20.3,0.53,0.429,0.424,254,11.8,25.2,18.7,3,0.8,7.2,11.2,22.8,1.3,1.4,2.6,0.171,2.5,3.4,5.9,NA,louisville,2019
8,Darius Perry,G,33,11,539,11.6,0.589,0.545,0.318,176,1.1,8.2,4.8,18.2,1.5,0,20.8,18.2,0.7,0.7,1.4,0.107,0,2.5,2.5,NA,louisville,2019
9,V.J. King,F,32,5,437,9.8,0.449,0.292,0.358,132,6.6,17.5,12.3,8.4,0.8,1,15.1,19.3,0.1,0.7,0.8,0.075,-1.9,2,0.1,NA,louisville,2019
10,Akoy Agau,F,19,0,110,12,0.431,0,0.808,39,17.9,20.6,19.3,5,0.5,4,20,20.9,0.1,0.2,0.3,0.092,-2.9,1.1,-1.8,NA,louisville,2019
11,Jo Griffin,G,9,0,23,4,0.5,0.25,0,4,0,0,0,8.2,0,0,20,11.1,0,0,0,0.02,-1.4,1.1,-0.4,NA,louisville,2019
12,Jacob Redding,G,7,0,12,24.8,0.75,1,0,5,9.7,17.9,14,0,0,0,0,17,0.1,0,0.1,0.232,8.7,2.9,11.6,NA,louisville,2019
13,Wyatt Battaile,G,7,0,11,-11.5,0,1,0,1,0,19.6,10.1,14.7,0,0,25,18.5,-0.1,0,-0.1,-0.196,-12.8,-1.4,-14.3,NA,louisville,2019
NA,Team Totals,,34,34,6900,NA,0.553,0.437,0.349,NA,NA,NA,NA,NA,NA,NA,NA,NA,11.9,10.9,22.8,0.132,2.5,2.8,5.3,NA,louisville,2019
1,Jordan Nwora,F,31,30,1026,22.6,0.568,0.44,0.298,500,6,19.8,13.3,8.4,1.3,0.9,11.7,27.8,3.2,2,5.2,0.201,6.3,1.9,8.2,"AP-AA-3,NABC-AA-3,SN-AA-3,USBWA-AA-3",louisville,2020
2,Dwayne Sutton,F,31,31,976,19.5,0.608,0.432,0.463,301,9.3,19.8,14.8,10.1,1.5,2.6,11.8,13.8,2.8,2,4.8,0.196,5.4,3.9,9.3,,louisville,2020
3,Ryan McMahon,G,31,15,765,15.6,0.636,0.813,0.229,248,0.6,4.3,2.5,13.7,1.6,0.3,12.4,16.3,2.2,1,3.2,0.165,4.7,2.9,7.6,,louisville,2020
4,Lamarr Kimble,G,31,17,676,9.3,0.445,0.372,0.263,185,1.6,6.1,4,22,2.2,0.5,21.1,16.9,0.3,1,1.3,0.078,-0.4,2.6,2.2,,louisville,2020
5,Steven Enoch,F,31,28,632,20.4,0.569,0.121,0.327,265,8.7,21.9,15.6,4.4,0.8,3.6,14,24.3,1.4,1.3,2.7,0.174,2.1,2.1,4.1,,louisville,2020
6,Darius Perry,G,31,26,604,9.8,0.495,0.462,0.103,179,0.4,8.1,4.4,23.9,1.6,0,20.4,17.5,0.5,0.9,1.4,0.095,-0.6,2,1.4,,louisville,2020
7,Malik Williams,C,26,3,485,25.4,0.561,0.203,0.595,217,14.8,22.2,18.7,3.8,1.5,3.9,8,22.6,1.7,1.1,2.8,0.233,6.1,2.2,8.3,,louisville,2020
8,Samuell Williamson,G,31,1,475,10.7,0.532,0.235,0.252,135,6.8,11.5,9.2,7.1,1.3,1.3,21.4,17.7,0.3,0.8,1.1,0.093,-0.7,2,1.3,,louisville,2020
9,David Johnson,G,27,4,432,19.2,0.525,0.16,0.278,202,8,11.8,10,35.9,2.5,1.9,23.8,25.4,0.8,0.8,1.6,0.147,3.9,3.3,7.2,,louisville,2020
10,Aidan Igiehon,F,13,0,61,6.9,0.551,0,1,11,3.9,26.8,15.9,0,0,3.9,25.3,13.3,0,0.1,0.1,0.077,-6.1,1.6,-4.5,,louisville,2020
11,Josh Nickelberry,G,15,0,55,5.8,0.467,0.7,0.6,12,2.2,4,3.1,3,0,0,7.2,12.9,0.1,0.1,0.1,0.085,-2,-0.7,-2.6,,louisville,2020
12,Quinn Slazinski,F,15,0,45,13.6,0.636,0.75,1,15,5.3,19.3,12.6,11.5,0,0,25.3,18,0.1,0.1,0.2,0.145,0.5,0.9,1.5,,louisville,2020
13,Keith Oddo,G,8,0,10,22.2,0.769,0.5,2,5,0,0,0,0,0,0,0,20,0.1,0,0.1,0.307,3.2,3.5,6.6,,louisville,2020
14,Grant Williams,G,4,0,4,0,NA,NA,NA,0,0,0,0,0,0,0,NA,0,0,0,0,0.03,-0.7,1.7,1,,louisville,2020
15,Hogan Orbaugh,C,4,0,4,-9.2,NA,NA,NA,0,0,0,0,0,0,0,NA,0,0,0,0,0.038,-12.2,3.1,-9,,louisville,2020
NA,Team Totals,,31,31,6250,NA,0.557,0.38,0.322,NA,NA,NA,NA,NA,NA,NA,NA,NA,13.4,11.2,24.6,0.158,3.2,2.5,5.7,,louisville,2020
1,Carlik Jones,G,19,19,713,19.8,0.491,0.199,0.327,325,2.2,12.4,7.4,26.2,2.2,0.3,10.7,26.5,1.7,1,2.7,0.151,3.5,2.6,6,NA,louisville,2021
2,David Johnson,G,19,19,667,13.4,0.504,0.379,0.183,239,2.9,15.4,9.3,18.8,1.8,0.9,20.4,23.3,0.4,1,1.4,0.083,1.1,1.9,3.1,NA,louisville,2021
3,Dre Davis,G,20,17,578,9.8,0.497,0.375,0.375,155,6.7,5.5,6.1,7.2,1.2,1.2,18,16.5,0.5,0.6,1,0.071,-0.3,1.2,0.8,NA,louisville,2021
4,Samuell Williamson,G,18,15,515,15.9,0.533,0.247,0.233,172,8.2,23.1,15.8,8.9,0.6,0.5,16,19.5,0.8,0.8,1.5,0.12,2,1.6,3.6,NA,louisville,2021
5,Jae'lyn Withers,F,20,20,514,22,0.598,0.148,0.373,192,11.4,21.9,16.7,3.8,2.1,1.6,12.6,19.3,1.4,1,2.4,0.188,3.7,2.5,6.2,NA,louisville,2021
6,Quinn Slazinski,F,20,8,422,14.4,0.552,0.522,0.522,119,5.2,13.6,9.5,5,1.4,0.3,9.7,15.3,0.9,0.5,1.4,0.133,2.2,2.1,4.3,NA,louisville,2021
7,JJ Traynor,F,20,0,261,14.5,0.567,0.182,0.527,72,6.1,11,8.6,0.8,0.5,5,10.4,15.3,0.5,0.3,0.8,0.124,1.5,1.8,3.3,NA,louisville,2021
8,Josh Nickelberry,G,9,0,117,0.7,0.338,0.889,0.056,23,1,5.7,3.4,4.7,0,0,5.1,17.3,-0.1,0.1,0,0,-3.2,-0.7,-3.9,NA,louisville,2021
9,Gabe Wiznitzer,C,12,0,69,7.6,0.401,0,1,18,14.9,9.6,12.2,7.8,0,1.7,15.6,14.5,0,0.1,0.1,0.065,-3.1,0.1,-3,NA,louisville,2021
10,Malik Williams,C,3,2,62,8.9,0.342,0.35,0.2,17,11.1,21.3,16.3,9.4,2,0,15.4,21.7,-0.1,0.1,0,0.023,-0.7,1.1,0.5,NA,louisville,2021
11,Charles Minlend,G,7,0,56,4.4,0.3,0.6,0,8,6.1,5.9,6,6.2,1.1,2.1,9.1,10.2,0,0.1,0,0.029,-1,2.6,1.6,NA,louisville,2021
12,Aidan Igiehon,F,5,0,41,14.5,0.602,0,1.143,12,11.2,10.8,11,0,1.5,2.9,8.5,14.9,0.1,0.1,0.2,0.155,-3.4,1.7,-1.7,NA,louisville,2021
13,Brad Colbert,G,3,0,6,0,NA,NA,NA,0,0,0,0,0,0,0,NA,0,0,0,0,0.015,-2,1.4,-0.5,NA,louisville,2021
14,Hogan Orbaugh,C,3,0,3,58.6,1.5,1,0,1,0,36.8,18.7,0,0,0,0,17.3,0,0,0,0.288,26.9,8.9,35.8,NA,louisville,2021
15,Ashton Myles-Devore,G,1,0,1,-65.4,NA,NA,NA,0,0,0,0,0,0,0,100,51.9,0,0,0,-1.069,-38.4,-18.8,-57.2,NA,louisville,2021
NA,Team Totals,,20,20,4025,NA,0.514,0.303,0.321,NA,NA,NA,NA,NA,NA,NA,NA,NA,6.1,5.5,11.6,0.115,1.6,1.9,3.5,NA,louisville,2021
1,Jarrod West,G,32,26,899,11.4,0.505,0.591,0.216,219,1.1,9.2,5.1,19.1,2.9,0,16.7,13.4,0.9,1,1.8,0.082,-1,2.8,1.8,NA,louisville,2022
2,Noah Locke,G,32,25,836,10.5,0.481,0.648,0.091,274,1.8,8.3,5,7.7,0.9,0.3,9.3,21.8,0.6,0.5,1.1,0.053,1,-0.6,0.4,NA,louisville,2022
3,Malik Williams,C,27,25,679,20.5,0.534,0.385,0.272,249,7.8,28.1,17.8,8.1,3,3,13.3,21.1,1.1,1.3,2.4,0.139,3.2,2.9,6.1,NA,louisville,2022
4,El Ellis,G,32,9,655,12.8,0.509,0.471,0.269,261,1,9.6,5.2,16.6,1.1,0,14.2,25.1,0.7,0.5,1.1,0.069,0.9,-0.3,0.6,NA,louisville,2022
5,Dre Davis,G,30,23,600,13.8,0.493,0.266,0.276,220,7.5,9.5,8.5,8.8,1.7,2.8,15.4,22.9,0.5,0.6,1.1,0.07,-0.3,1,0.7,NA,louisville,2022
6,Mason Faulkner,G,31,9,569,11.3,0.504,0.574,0.361,170,1.7,7.2,4.4,26.1,1.5,0.2,18.8,16,0.7,0.4,1.1,0.078,-0.7,0,-0.7,NA,louisville,2022
7,Matt Cross,F,28,9,537,12.1,0.497,0.603,0.247,159,7.2,15.5,11.3,4.7,1.9,3,16.8,18.9,0.3,0.7,0.9,0.07,-0.7,1.3,0.7,NA,louisville,2022
8,Jae'lyn Withers,F,29,15,527,12,0.482,0.41,0.231,162,6.3,22.1,14.1,6.1,2.2,2.6,20.3,21.3,-0.1,0.8,0.7,0.052,-2.2,1.9,-0.2,NA,louisville,2022
9,Samuell Williamson,G,30,6,506,13.6,0.482,0.087,0.342,167,6.3,18.3,12.2,9.8,1.6,0.9,15.2,20.8,0.3,0.6,0.9,0.067,-0.7,0.9,0.2,NA,louisville,2022
10,Sydney Curry,F,28,12,383,25.1,0.65,0,0.344,184,13,23.6,18.2,12.8,0.5,1.2,16.9,24.7,1.2,0.4,1.6,0.17,4,0.1,4.2,NA,louisville,2022
11,Roosevelt Wheeler,F,21,0,137,16.6,0.668,0,0.632,34,8.9,20.9,14.8,2.8,2.2,3.3,13.9,10.8,0.3,0.2,0.5,0.15,-0.1,3.1,2.9,NA,louisville,2022
12,JJ Traynor,F,10,1,82,5.8,0.444,0.333,0,17,8.1,11.2,9.6,2.3,1.4,1.4,21.7,14.5,0,0.1,0,0.018,-3.8,1.2,-2.6,NA,louisville,2022
13,Gabe Wiznitzer,C,5,0,31,2.4,1,0,0,2,0,14.8,7.2,5.5,0,3.7,50,3.3,0,0,0,0.044,-7,3.4,-3.7,NA,louisville,2022
14,Brad Colbert,G,4,0,6,-17.6,0.169,1,1,1,0,19.1,9.4,0,0,0,25.3,34,-0.1,0,-0.1,-0.342,-15.2,-7.8,-23,NA,louisville,2022
15,Sam Bearden,F,1,0,2,101,0.769,0,2,2,0,0,0,0,29.6,0,0,50.4,0,0,0,0.692,31.4,27.3,58.8,NA,louisville,2022
16,Ashton Myles-Devore,G,1,0,1,-16.6,NA,NA,NA,0,0,0,0,0,0,100,100,51.7,0,0,0,-0.77,-8.9,16.7,7.9,NA,louisville,2022
NA,Team Totals,,32,32,6450,NA,0.511,0.422,0.251,NA,NA,NA,NA,NA,NA,NA,NA,NA,6.2,7.1,13.2,0.082,0.2,1.1,1.3,NA,louisville,2022
1,El Ellis,G,32,32,1152,16.4,0.527,0.401,0.343,574,1.1,7.8,4.5,30.7,1.6,0.2,18.3,29.8,1.6,0,1.6,0.056,2.4,-2.5,0,NA,louisville,2023
2,Michael James,G,32,32,993,11.4,0.576,0.419,0.41,300,2.7,10,6.4,7.6,1,1.4,18.9,18.2,1,0,1,0.042,-0.2,-1.1,-1.3,NA,louisville,2023
3,JJ Traynor,F,32,15,818,12.2,0.546,0.38,0.115,212,6,12,9,5.5,0.9,2.2,13.6,15,0.9,0.1,1,0.047,0.7,-1,-0.3,NA,louisville,2023
4,Jae'lyn Withers,F,32,29,800,12.7,0.554,0.429,0.304,262,3.7,22.2,13,7.1,1.6,1.9,21.7,21.4,0.3,0.5,0.8,0.039,-0.8,-0.4,-1.2,NA,louisville,2023
5,Kamari Lands,F,32,6,674,8.7,0.471,0.48,0.32,182,1.5,9.6,5.5,8.1,1.7,0.7,13.7,18.2,0.2,0.1,0.3,0.017,-2.1,-0.8,-2.9,NA,louisville,2023
6,Brandon Huntley-Hatfield,F,24,21,615,12,0.537,0.142,0.378,164,7.6,18,12.8,5.3,1.5,3.3,23.5,16.7,0.2,0.3,0.5,0.03,-1.5,0,-1.5,NA,louisville,2023
7,Sydney Curry,F,32,25,561,12.1,0.537,0,0.458,161,10.3,19.5,14.9,4.4,0.9,1.6,20.2,17.1,0.4,0.2,0.5,0.039,-2.2,-1.3,-3.6,NA,louisville,2023
8,Roosevelt Wheeler,F,25,0,218,6.8,0.37,0.031,0.563,39,12.4,15.1,13.7,2.7,1.4,2.6,16.5,11.7,-0.1,0.1,0,0.003,-3.9,-0.3,-4.2,NA,louisville,2023
9,Hercy Miller,G,27,0,201,7.5,0.404,0.469,0.449,55,7.3,10.9,9.1,12.2,1.2,0.6,14.4,18.1,0,0,0,0.001,-2.3,-1.1,-3.4,NA,louisville,2023
10,Fabio Basili,G,17,0,138,3.9,0.335,0.378,0.189,32,4.5,15.9,10.2,14.9,3.9,0.8,21.4,19.5,-0.3,0.1,-0.1,-0.043,-8.3,2.1,-6.2,NA,louisville,2023
11,Zan Payne,G,23,0,80,2.7,0.279,0.375,0.25,9,10.7,10.6,10.7,2.3,0,0,10.1,6.5,0,0,0,-0.012,-4.1,-1.9,-6,NA,louisville,2023
12,Emmanuel Okorafor,F,5,0,74,14,0.471,0.048,0.238,25,16.6,18.1,17.3,6.2,0,10.8,17.6,20.1,0,0,0.1,0.047,-4.8,-1.1,-5.9,NA,louisville,2023
13,Devin Ree,F,16,0,67,4.7,0.39,0.647,0.118,13,1.8,16.3,9.1,0,1.8,5.1,21.8,17.9,-0.1,0,-0.1,-0.054,-4.5,-0.1,-4.6,NA,louisville,2023
14,Ashton Myles-Devore,G,6,0,7,-19.8,0,0.333,0,0,0,0,0,0,0,0,0,22.5,-0.1,0,-0.1,-0.34,-16.8,-9.2,-26,NA,louisville,2023
15,Aidan McCool,G,3,0,4,4.2,NA,NA,NA,0,0,30.4,15.3,0,0,0,NA,0,0,0,0,0.015,-6,2.3,-3.7,NA,louisville,2023
NA,Team Totals,,32,32,6402,NA,0.52,0.358,0.329,NA,NA,NA,NA,NA,NA,NA,NA,NA,4.2,1.3,5.5,0.034,-0.7,-1,-1.8,NA,louisville,2023
1,Michael James,G,32,32,1064,12.8,0.534,0.35,0.508,386,3.4,14.2,8.7,8.7,1,0.6,13.2,20.3,1.4,0.4,1.8,0.067,0.5,-0.6,-0.1,NA,louisville,2024
2,Brandon Huntley-Hatfield,F,32,32,985,20.2,0.606,0.076,0.484,404,9.7,22.4,15.9,7.2,1.1,2.9,13.7,19.9,2.3,0.7,3.1,0.124,3,0.1,3.1,NA,louisville,2024
3,Skyy Clark,G,29,28,923,12.5,0.535,0.432,0.347,374,1,10.5,5.6,19.5,1.8,0.5,19.7,24.1,0.5,0.4,0.9,0.04,-0.2,-0.5,-0.7,NA,louisville,2024
4,Tre White,G,29,26,907,15,0.539,0.272,0.357,341,5,17.1,10.9,9,1.5,1.5,13.8,21.1,1.1,0.5,1.7,0.073,1.4,0.4,1.8,NA,louisville,2024
5,Ty-Laur Johnson,G,30,8,694,13.6,0.492,0.29,0.505,294,2.5,6.5,4.4,31,3.4,1.3,20.9,24.1,0.4,0.5,0.9,0.05,-1.1,0.4,-0.7,NA,louisville,2024
6,Curtis Williams,G,32,4,564,5.9,0.427,0.646,0.111,155,1,7.8,4.3,6.9,1.2,0.4,11.6,19.9,-0.3,0.1,-0.2,-0.014,-2.4,-1.4,-3.8,NA,louisville,2024
7,Kaleb Glenn,F,32,11,481,10.9,0.516,0.086,0.324,127,8.3,19.6,13.8,2.8,1.4,1.2,15.4,14.8,0.3,0.3,0.6,0.052,-2.1,0.2,-1.9,NA,louisville,2024
8,JJ Traynor,F,8,3,204,14.6,0.566,0.297,0.25,71,6.7,14.6,10.6,1.1,0.6,2.2,10.1,19.4,0.3,0.1,0.4,0.073,0.8,-0.6,0.3,NA,louisville,2024
9,Zan Payne,G,23,2,175,5.7,0.409,0.6,0.467,21,6.5,14.3,10.3,3.9,1.6,0,9.8,5.8,0.1,0.1,0.2,0.034,-1.6,1.6,0,NA,louisville,2024
10,Danilo Jovanovich,F,20,5,165,6.6,0.424,0.24,0.28,30,7.6,7.9,7.8,5.3,0.7,1.4,12.4,9.8,0.1,0,0.1,0.021,-1.6,-0.3,-1.9,NA,louisville,2024
11,Emmanuel Okorafor,F,20,0,139,22.9,0.63,0,0.484,50,17.2,18.8,18,1.5,2,7.2,9.5,15.1,0.4,0.2,0.5,0.158,2.9,1.7,4.6,NA,louisville,2024
12,Dennis Evans,C,7,5,64,10.3,0.615,0,0.25,11,7.1,3.7,5.5,0,0,8.7,0,7,0.1,0,0.1,0.075,-2.2,1.4,-0.9,NA,louisville,2024
13,Hercy Miller,G,10,3,42,1.5,0.426,0.636,0.364,11,0,2.8,1.4,13,4.1,0,31.7,22.4,-0.1,0,-0.1,-0.078,-7,0.2,-6.7,NA,louisville,2024
14,Aidan McCool,G,12,1,16,5.4,1.053,NA,NA,2,0,7.4,3.6,0,0,0,0,3,0,0,0,0.075,-4.7,0.9,-3.8,NA,louisville,2024
NA,Team Totals,,32,32,6423,NA,0.531,0.312,0.388,NA,NA,NA,NA,NA,NA,NA,NA,NA,6.5,3.4,9.9,0.062,0.1,-0.1,0,NA,louisville,2024
1,Chucky Hepburn,G,34,34,1184,20.9,0.586,0.5,0.5,601,1.8,9.4,5.7,31.3,4,0.3,17.8,24.4,3.3,2.3,5.7,0.191,4.5,4.8,9.3,NA,louisville,2025
2,J'Vonne Hadley,G,35,35,1157,17.4,0.607,0.281,0.365,426,7.6,17.4,12.6,10.2,1.3,0.8,13.6,17.5,2.7,1.9,4.7,0.162,3.6,2.7,6.3,NA,louisville,2025
3,Terrence Edwards,G,35,32,1146,17.3,0.546,0.431,0.289,553,3.1,10.9,7.1,16.4,1.3,0.7,12.3,26.6,2.4,1.6,4,0.14,3.8,1.7,5.5,NA,louisville,2025
4,Reyne Smith,G,31,18,943,14.9,0.592,0.89,0.17,341,1.7,8.5,5.2,4.7,1.2,0.4,5.5,19.2,2.3,1.3,3.6,0.151,4.5,1.8,6.3,NA,louisville,2025
5,James Scott,F,35,31,826,19.1,0.703,0.042,0.483,259,10.2,18.8,14.6,10.9,1.5,4.1,16.6,12.7,2.1,1.6,3.7,0.179,3.2,4.5,7.7,NA,louisville,2025
6,Noah Waterman,F,31,20,636,8.7,0.471,0.711,0.166,181,6.7,13.5,10.2,3.3,0.6,2.3,10.2,17.6,0.3,1,1.3,0.081,-0.9,1.6,0.7,NA,louisville,2025
7,Khani Rooths,F,35,0,469,11.1,0.467,0.486,0.318,121,8.4,17.2,12.8,3.6,1.6,2.9,13.4,15.1,0.2,0.9,1.1,0.093,0.5,2.8,3.4,NA,louisville,2025
8,Aboubacar Traore,G,25,2,339,16.6,0.562,0.069,0.391,125,12.9,22.8,17.9,7.7,2.2,3.7,21.9,19.4,0.4,0.8,1.1,0.134,-0.5,3.6,3.2,NA,louisville,2025
9,Kasean Pryor,G,7,3,163,22,0.502,0.485,0.485,86,6.4,23.3,15,17.7,3.9,5.6,15.2,30.2,0.2,0.4,0.7,0.166,2.5,5.4,8,NA,louisville,2025
10,Frank Anselem,C,23,0,86,7.4,0.369,0.125,0.75,13,10.7,16.9,13.9,3.6,0,6.6,8.4,6.9,0.1,0.1,0.2,0.099,-3.4,3.2,-0.2,NA,louisville,2025
11,Koren Johnson,G,2,0,39,5.8,0.273,0.364,0,9,3,5.7,4.4,21.5,4.5,0,8.3,15.3,0,0.1,0,0.048,-7.3,4.5,-2.8,NA,louisville,2025
12,Cole Sherman,G,10,0,10,1.7,0.5,1,0,2,0,11.2,5.7,0,0,0,0,15,0,0,0,0.091,-7.8,2.9,-4.9,NA,louisville,2025
13,Patrick Antonelli,G,9,0,10,-8.8,0.385,0,2,3,0,0,0,0,5.8,0,43.5,34.4,-0.1,0,-0.1,-0.213,-16.1,-0.6,-16.7,NA,louisville,2025
14,Aidan McCool,G,10,0,9,8,0.526,NA,NA,1,0,0,0,0,6.4,0,0,5.3,0,0,0,0.11,-4.1,8.5,4.4,NA,louisville,2025
15,Spencer Legg,F,9,0,8,-3.3,0,0,0,0,0,14,7.1,0,0,0,0,6.2,0,0,0,-0.035,-5.4,-0.3,-5.7,NA,louisville,2025
NA,Team Totals,,35,35,7025,NA,0.567,0.478,0.337,NA,NA,NA,NA,NA,NA,NA,NA,NA,14,12.1,26.1,0.148,2.8,3,5.8,NA,louisville,2025
1,Ryan Conwell,G,34,34,1049,19,0.566,0.659,0.302,580,2.3,14.4,8.6,16.6,2,0.6,11.5,29.5,2.6,1.8,4.4,0.166,5.1,2.2,7.3,NA,louisville,2026
2,Isaac McKneely,G,35,35,1012,13.1,0.605,0.829,0.171,336,2.2,9.1,5.8,8.3,1.1,0.2,8.7,16.6,2,1.3,3.3,0.132,4.1,1.8,5.9,NA,louisville,2026
3,J'Vonne Hadley,G,34,33,952,18.8,0.648,0.323,0.338,362,5.1,14.8,10.1,11.2,2,1.2,8.8,16.9,2.7,1.7,4.3,0.183,5,3.8,8.8,NA,louisville,2026
4,Adrian Wooley,G,35,16,785,15.1,0.576,0.511,0.314,309,6.9,12.3,9.7,13.5,1.7,0.3,12.9,18.7,1.7,1.2,2.9,0.148,3.3,2.6,5.9,NA,louisville,2026
5,Sananda Fru,F,35,29,771,23.1,0.74,0.047,0.529,319,14.9,16,15.5,10.1,1.2,7.2,18.7,16.5,2.4,1.5,3.9,0.202,5,3.9,8.9,NA,louisville,2026
6,Mikel Brown Jr.,G,21,19,613,20.5,0.577,0.586,0.447,377,0.2,12.1,6.4,30.3,2.4,0.5,16.4,31.4,1.6,1,2.6,0.172,4.9,1.7,6.6,NA,louisville,2026
7,Khani Rooths,F,31,2,493,15.6,0.532,0.457,0.449,170,7.1,22.2,14.9,10.1,2.1,3.1,13,17.4,0.7,1,1.7,0.141,1.4,3.8,5.2,NA,louisville,2026
8,Kobe Rodgers,G,34,1,485,13.8,0.604,0.416,0.429,144,8.1,11.5,9.9,16.1,3.5,1.1,21.9,11.9,0.9,0.9,1.8,0.15,0.6,5.5,6.1,NA,louisville,2026
9,Aly Khalifa,F,35,0,415,14,0.581,0.688,0.083,154,3.4,13.7,8.7,33.7,1.6,3.5,24.8,15.5,0.8,0.7,1.5,0.144,3.2,4.6,7.8,NA,louisville,2026
10,Vangelis Zougris,F,27,6,246,14.5,0.592,0,0.469,89,16.5,13.5,15,11.5,2.1,2.2,25.9,16,0.4,0.4,0.8,0.131,-0.2,3.2,3,NA,louisville,2026
11,Kasean Pryor,G,23,0,148,12,0.475,0.458,0.25,49,6.3,23.9,15.4,7,3.4,3,17,21.2,0,0.4,0.3,0.089,-3,4.1,1,NA,louisville,2026
12,Cole Sherman,G,10,0,12,26.5,0.667,1,0,8,0,0,0,21.8,4.7,0,18.2,44.5,0,0,0,0.117,7.2,0.1,7.3,NA,louisville,2026
13,Will Hanke,G,10,0,10,14.4,0.333,0,0,3,23.2,21.5,22.3,0,0,11,0,14.6,0,0,0,0.12,0.6,2.1,2.7,NA,louisville,2026
14,Spencer Legg,F,9,0,9,28.1,0.707,0.75,0.5,8,25.8,23.9,24.8,45,0,0,37.7,42.9,0,0,0,0.174,6.6,0.3,6.8,NA,louisville,2026
NA,Team Totals,,35,35,7000,NA,0.597,0.529,0.331,NA,NA,NA,NA,NA,NA,NA,NA,NA,15.6,12.1,27.8,0.159,3.7,3.1,6.8,NA,louisville,2026
1,Jimmy Butler,G,37,35,1282,24,0.587,0.152,0.628,569,8.2,12,10.1,13.2,2.4,1.1,9.8,21.3,4.8,1.5,6.3,0.198,7.2,2.2,9.4,NA,marquette,2011
2,Darius Johnson-Odom,G,37,35,1109,19,0.547,0.43,0.377,521,1.9,9.6,5.8,16.6,1.6,0.7,12.3,27.3,2.8,1,3.9,0.14,4.3,0.6,4.9,NA,marquette,2011
3,Jae Crowder,F,37,17,1021,24.2,0.564,0.359,0.383,415,9.5,18.7,14.2,11.4,2.8,3.3,7.2,20.2,3.4,1.7,5.1,0.199,6.6,3,9.7,NA,marquette,2011
4,Dwight Buycks,G,36,29,1013,14.2,0.557,0.374,0.26,329,2.9,9.7,6.3,22.1,2.2,0.2,22.7,18.1,1.3,1,2.3,0.091,2.3,1.5,3.8,NA,marquette,2011
5,Junior Cadougan,G,36,5,712,10.1,0.493,0.119,0.734,189,1.8,8.8,5.4,27.3,1.7,0.3,28.3,14.3,0.4,0.6,1.1,0.06,-0.7,1.3,0.6,NA,marquette,2011
6,Vander Blue,G,37,12,703,11.1,0.445,0.143,0.423,203,5.2,11.8,8.5,15.1,2.8,1.2,19.5,18.5,0.2,0.9,1.1,0.061,-1.9,2,0.1,NA,marquette,2011
7,Chris Otule,C,37,35,651,14.7,0.566,0,0.545,181,10.5,13.3,11.9,1.4,1,8.9,19,15.7,0.8,0.9,1.7,0.102,-1.4,2.7,1.4,NA,marquette,2011
8,Davante Gardner,F,33,0,296,23.7,0.628,0,0.663,143,13.9,14.6,14.3,7.1,0.8,1.8,14.2,23.7,1.1,0.3,1.4,0.193,3.8,0.4,4.2,NA,marquette,2011
9,Joe Fulce,F,29,1,255,19.3,0.567,0.267,0.173,86,6.9,20.5,13.8,9.2,1.6,2.9,6.9,17,0.7,0.4,1.1,0.171,3.3,2.4,5.7,NA,marquette,2011
10,Erik Williams,F,24,11,168,13.8,0.502,0.042,0.208,52,11.9,14.2,13.1,3.4,1.4,0,13.2,18,0.2,0.2,0.4,0.095,-1.2,-0.8,-2,NA,marquette,2011
11,Jamail Jones,G,18,0,110,8.7,0.43,0.552,0.172,28,7.5,14.5,11,4.8,3.2,1,22.3,18.2,-0.1,0.2,0.1,0.041,-3.2,1.1,-2.1,NA,marquette,2011
12,Reggie Smith,C,8,5,79,10.3,0.397,0.364,0.545,18,5.9,11.5,8.8,27.2,6.7,2.7,48.4,16.9,-0.2,0.2,0,0.001,-3.3,5.1,1.8,NA,marquette,2011
13,Robert Frozena,G,14,0,26,12.5,0.404,0.25,0.5,8,9,8.8,8.9,6.7,2.3,0,0,18.9,0,0,0.1,0.116,-2.3,0.3,-2,NA,marquette,2011
NA,Team Totals,,37,37,7425,NA,0.549,0.261,0.443,NA,NA,NA,NA,NA,NA,NA,NA,NA,15.5,9,24.5,0.132,2.9,1.8,4.7,NA,marquette,2011
1,Jae Crowder,F,35,35,1153,28.8,0.598,0.406,0.372,551,7,22.6,14.7,13.5,4.3,3.1,7.9,23.4,4.5,3.1,7.6,0.263,8.4,5.4,13.8,NA,marquette,2012
2,Darius Johnson-Odom,G,34,33,1120,20.1,0.568,0.426,0.351,551,2.3,10.1,6.1,17.7,1.6,0.4,12.7,27.2,3.1,1.5,4.7,0.167,5.3,1.5,6.8,NA,marquette,2012
3,Junior Cadougan,G,34,33,972,10.5,0.464,0.2,0.453,284,1.5,7.2,4.3,32.4,2.3,0.6,28.1,16,0.4,1.3,1.8,0.072,-0.6,1.8,1.2,NA,marquette,2012
4,Vander Blue,G,35,34,901,14.3,0.49,0.128,0.496,323,7.4,12.8,10.1,18.5,2.5,0.8,20.7,20.3,0.8,1.5,2.4,0.107,1,2.5,3.5,NA,marquette,2012
5,Jamil Wilson,F,34,15,821,14.4,0.503,0.137,0.274,243,8.1,11.8,9.9,8.8,1.7,5.8,13.4,16.3,1.1,1.4,2.5,0.121,0.5,3.6,4.1,NA,marquette,2012
6,Todd Mayo,G,35,2,737,12.6,0.539,0.433,0.391,257,4.7,10.3,7.4,10.7,1.7,0.3,18.3,20.5,0.9,1,1.9,0.104,0.6,1.5,2.2,NA,marquette,2012
7,Davante Gardner,F,27,12,516,24.5,0.617,0.013,0.675,249,15.8,15.8,15.8,7.6,2.3,1,13.7,22.6,1.9,1,2.9,0.224,4.6,1.7,6.3,NA,marquette,2012
8,Derrick Wilson,G,33,2,292,7,0.415,0.125,1.063,35,4.3,10.4,7.3,12.9,3.7,0.3,27.2,5.5,0.1,0.6,0.7,0.092,-3.3,6.1,2.8,NA,marquette,2012
9,Jamail Jones,G,28,1,237,6.4,0.387,0.421,0.088,46,2.9,15.2,9,8.1,1.7,0.4,14.4,14.2,-0.1,0.4,0.3,0.049,-2.6,1.6,-1,NA,marquette,2012
10,Chris Otule,C,8,8,142,15.6,0.588,0,0.76,38,10.5,18,14.2,1.3,2.8,9.2,27.6,16,0.1,0.3,0.4,0.111,-2.4,4.7,2.3,NA,marquette,2012
11,Juan Anderson,F,24,0,109,7,0.463,0,0.692,19,7.4,13.9,10.6,6,2.1,0.9,31.7,11.2,0,0.2,0.2,0.056,-1.6,2.8,1.2,NA,marquette,2012
NA,Team Totals,,35,35,7000,NA,0.543,0.293,0.409,NA,NA,NA,NA,NA,NA,NA,NA,NA,12.8,12.4,25.2,0.144,2.4,2.9,5.3,NA,marquette,2012
1,Vander Blue,G,34,34,1123,17.1,0.542,0.328,0.315,443,2.3,10.3,6.3,12.8,2,0,14.6,25.7,2.3,1.1,3.5,0.124,3.4,1,4.5,NA,marquette,2013
2,Junior Cadougan,G,35,35,982,13.9,0.497,0.238,0.323,324,2.1,11.2,6.7,28.3,2.4,0.4,22.5,20.9,1,1.2,2.1,0.086,0.9,1.4,2.3,NA,marquette,2013
3,Trent Lockett,G,35,34,931,13.5,0.519,0.207,0.537,265,8.1,16.5,12.4,13.3,1.7,1.9,21.6,17.2,1.1,1.3,2.4,0.103,1.3,2.2,3.5,NA,marquette,2013
4,Jamil Wilson,F,35,6,880,19.3,0.547,0.373,0.321,325,7.6,17.4,12.5,14.6,1.4,3.9,14.4,21.8,2.2,1.2,3.4,0.155,4.7,2.4,7.1,NA,marquette,2013
5,Davante Gardner,F,35,0,748,29.5,0.669,0.023,0.811,373,12.4,16.6,14.5,9.8,1.9,3.1,15.5,25.3,3.6,1.1,4.7,0.252,7.8,2.2,10,NA,marquette,2013
6,Chris Otule,C,35,35,623,17.2,0.612,0,0.398,166,12.1,13.6,12.9,2.7,0.8,6.7,17,15,1.1,0.7,1.9,0.12,2.1,1.9,4,NA,marquette,2013
7,Derrick Wilson,G,35,0,457,7.2,0.31,0.145,0.364,69,3.1,6.2,4.7,22.3,3.5,0.3,22.8,9.7,0,0.5,0.5,0.044,-1.9,4,2.1,NA,marquette,2013
8,Juan Anderson,F,35,31,455,11,0.418,0.433,0.309,105,7.5,20.9,14.2,12.6,3.1,3,20.1,16.3,0.1,0.9,0.9,0.083,-1.2,3.8,2.6,NA,marquette,2013
9,Todd Mayo,G,23,0,325,13.1,0.506,0.604,0.426,113,2.8,7.9,5.4,10.2,2.1,0.7,15.3,23.4,0.5,0.3,0.8,0.098,1.8,1,2.8,NA,marquette,2013
10,Steve Taylor Jr.,F,35,0,301,20.7,0.56,0.148,0.333,102,15.6,15.8,15.7,5.2,2.7,0.4,13,19,0.7,0.4,1.2,0.156,4.8,0.9,5.7,NA,marquette,2013
11,Jake Thomas,G,23,0,206,10,0.459,0.857,0.19,42,1.3,12.5,6.9,11.9,1.8,1.1,9.8,13.1,0.2,0.2,0.5,0.09,0.4,1.8,2.2,NA,marquette,2013
12,Jamal Ferguson,G,14,0,65,13.7,0.688,0,0.444,14,2,15.8,9,12.3,3.9,0,26.8,12.2,0.1,0.1,0.2,0.123,-3.2,4.2,1,NA,marquette,2013
13,Dylan Flood,G,4,0,4,6.8,NA,NA,NA,0,0,0,0,0,0,28.8,NA,0,0,0,0,0.052,7.4,8.6,16.1,NA,marquette,2013
NA,Team Totals,,35,35,7100,NA,0.541,0.27,0.409,NA,NA,NA,NA,NA,NA,NA,NA,NA,12.9,9.2,22.1,0.124,2.5,2,4.5,NA,marquette,2013
1,Derrick Wilson,G,32,30,987,10.3,0.42,0.093,0.57,225,4.8,9.8,7.3,25.1,2.5,0.2,20,12.5,0.4,1.4,1.8,0.074,-1.1,2.9,1.9,NA,marquette,2014
2,Jake Thomas,G,32,30,957,9.3,0.555,0.831,0.222,224,1.2,9.6,5.4,8.5,1.1,0.7,12.9,14.1,1,1.1,2.1,0.089,0.9,1.3,2.2,NA,marquette,2014
3,Jamil Wilson,F,32,32,926,16.3,0.509,0.308,0.333,368,5.8,18.3,12.1,19.3,1.2,2.1,14,23.8,1.3,1.5,2.7,0.118,2.3,1.9,4.2,NA,marquette,2014
4,Davante Gardner,F,32,8,850,26.1,0.602,0.053,0.668,442,9.6,15.7,12.7,12.1,0.7,2.1,8.3,26.2,3.5,1.2,4.7,0.22,6.9,0.9,7.8,NA,marquette,2014
5,Todd Mayo,G,30,0,715,18.4,0.588,0.329,0.566,312,1.8,11.4,6.6,18.6,2.2,1,17.4,25.2,1.5,1,2.5,0.139,3.3,2,5.3,NA,marquette,2014
6,Chris Otule,C,32,31,574,15.9,0.587,0,0.909,183,13.7,14.4,14,1.8,0.4,6.4,19,17.4,0.8,0.8,1.6,0.115,0.1,0.8,0.9,NA,marquette,2014
7,Juan Anderson,F,31,19,417,13.3,0.444,0.265,0.265,117,10.5,18.1,14.3,14.8,4.5,1.7,21.9,17.4,0,0.9,1,0.094,-1.8,4.1,2.2,NA,marquette,2014
8,Deonte Burton,G,32,3,402,23.5,0.518,0.044,0.374,198,9.5,10.8,10.2,10.9,5.3,4.1,11.6,31,0.7,0.9,1.6,0.155,2.6,4.5,7,NA,marquette,2014
9,JaJuan Johnson,G,21,3,283,13.5,0.528,0.392,0.19,84,1.3,8.3,4.8,15.4,1.9,0.8,10.4,17.5,0.4,0.4,0.8,0.106,-0.1,1.5,1.4,NA,marquette,2014
10,John Dawson,G,24,0,245,4,0.435,0.52,0.22,53,0.5,12,6.3,18.9,0.7,0.5,23.5,15.2,-0.1,0.3,0.2,0.03,-5.4,0.5,-4.9,NA,marquette,2014
11,Steve Taylor Jr.,F,23,3,237,8.5,0.372,0.191,0.265,63,9.5,21.4,15.5,8.2,1.8,0.5,16.4,19.9,-0.2,0.4,0.2,0.035,-3.2,0.4,-2.8,NA,marquette,2014
12,Dylan Flood,G,6,0,7,1.9,0.333,0.333,0,2,0,16.8,8.5,0,0,0,0,22,0,0,0,-0.004,-14.4,-4.4,-18.8,NA,marquette,2014
NA,Team Totals,,32,32,6600,NA,0.53,0.267,0.449,NA,NA,NA,NA,NA,NA,NA,NA,NA,9.2,9.9,19.2,0.116,1.3,1.9,3.2,NA,marquette,2014
1,Derrick Wilson,G,32,27,1053,11.7,0.449,0.236,0.436,246,3.4,10.9,7.2,27.9,2.2,1.1,20.4,12.8,0.8,1,1.8,0.068,-0.4,2.6,2.2,NA,marquette,2015
2,Matt Carlino,G,28,27,924,19.3,0.574,0.619,0.297,386,2.1,11.3,6.8,21.9,2.7,0.2,14.9,25.1,2,0.9,3,0.129,5.1,1.6,6.6,NA,marquette,2015
3,Duane Wilson,G,32,29,899,15.3,0.519,0.45,0.407,351,1.8,8.4,5.1,17.2,2.6,1,13.9,25.5,1.2,0.8,2,0.088,1.2,1.2,2.4,NA,marquette,2015
4,Juan Anderson,F,31,27,883,14.8,0.539,0.232,0.429,268,9.4,14.7,12.1,13.1,2.5,1.5,21.2,18.5,0.8,1.1,1.9,0.084,0.1,1.6,1.8,NA,marquette,2015
5,Steve Taylor Jr.,F,32,14,707,13.5,0.508,0.187,0.241,186,10.7,16.5,13.7,4.3,1.5,0.8,13.6,16.3,0.7,0.7,1.4,0.079,0.3,0,0.3,NA,marquette,2015
6,Luke Fischer,C,24,19,704,18.8,0.61,0.006,0.523,232,6.8,12.8,9.8,7.4,1.1,8.5,16.5,20,1.2,0.8,2,0.113,0.3,3,3.3,NA,marquette,2015
7,JaJuan Johnson,G,31,10,673,12.7,0.448,0.324,0.244,222,2.7,11.6,7.2,18.1,3.1,1.9,16.3,24.1,-0.1,0.8,0.7,0.042,-1,1.8,0.8,NA,marquette,2015
8,Sandy Cohen,F,31,7,465,9.5,0.495,0.629,0.267,109,1.3,11.2,6.3,11.4,2.1,1.7,15.7,16.3,0.2,0.5,0.6,0.053,-1.2,1.7,0.5,NA,marquette,2015
9,Deonte Burton,G,8,0,129,15.7,0.579,0.278,0.472,43,4.7,5.5,5.1,3.5,4.8,2.6,20,23,0.1,0.2,0.3,0.084,-1,3.1,2.1,NA,marquette,2015
10,Michael Mache,F,4,0,6,25,0.5,0,0,3,40.8,0,20,0,0,0,0,18,0,0,0,0.157,8.7,-5,3.7,NA,marquette,2015
11,John Dawson,G,1,0,4,-11.5,0,0,0,0,0,0,0,0,0,0,0,13.5,0,0,0,-0.193,-13.6,-6.6,-20.2,NA,marquette,2015
12,Matthew Mache,F,3,0,3,0,NA,NA,NA,0,0,0,0,0,0,0,NA,0,0,0,0,-0.006,-2.7,0.8,-1.9,NA,marquette,2015
NA,Team Totals,,32,32,6450,NA,0.524,0.354,0.358,NA,NA,NA,NA,NA,NA,NA,NA,NA,6.9,6.8,13.6,0.084,0.7,1.7,2.4,NA,marquette,2015
1,Henry Ellenson,F,33,33,1107,20.9,0.534,0.239,0.439,536,7.8,24.2,16.5,11,1.4,4.4,12.9,26.7,2,2,4,0.143,2.8,1.1,3.9,NA,marquette,2016
2,Haanif Cheatham,G,33,33,974,13.9,0.6,0.28,0.455,364,1.6,10.8,6.5,14.3,2,0.1,21.4,20.9,1.1,1.1,2.2,0.091,0.5,0.6,1.1,NA,marquette,2016
3,Duane Wilson,G,33,15,939,14,0.539,0.508,0.339,361,1.3,8.5,5.1,17.2,2.5,0.6,15.8,22.1,1,1.1,2.1,0.089,1.2,1.3,2.5,NA,marquette,2016
4,Luke Fischer,C,33,33,932,20.3,0.627,0,0.469,388,13,11.8,12.4,7,0.8,5,15.4,19.8,2.4,1.1,3.5,0.148,2.6,0.6,3.2,NA,marquette,2016
5,Traci Carter,G,33,19,790,10.7,0.474,0.446,0.414,245,2.1,9.2,5.9,32.8,3.3,0.6,29.1,16.4,0.2,1.1,1.3,0.065,-1.8,1.6,-0.2,NA,marquette,2016
6,JaJuan Johnson,G,32,16,757,19.7,0.595,0.27,0.286,306,3.8,11.2,7.7,16.7,3.7,1,15.2,20.9,1.5,1.2,2.7,0.141,3.2,3,6.2,NA,marquette,2016
7,Sandy Cohen,F,32,15,745,11.3,0.574,0.547,0.388,188,1.5,13.5,7.9,13.2,1.8,1.9,17.5,13.1,0.8,1,1.8,0.095,0.3,2.4,2.7,NA,marquette,2016
8,Wally Ellenson,G,29,1,254,11,0.462,0.392,0.353,62,9.1,19.4,14.5,6.8,2.2,1.6,11.8,13,0.2,0.4,0.6,0.095,-1.2,1.8,0.7,NA,marquette,2016
9,Matt Heldt,C,20,0,101,2.5,0.455,0,0.9,15,7.2,11.6,9.6,1.6,1.1,2.9,35.9,10.8,-0.1,0.1,0,0.008,-6.7,0.6,-6.1,NA,marquette,2016
10,Sacar Anim,F,17,0,83,6.1,0.479,0.294,0.353,18,7.3,2.6,4.8,2.1,2.7,0,20.1,14.7,0,0.1,0,0.021,-4,-0.3,-4.3,NA,marquette,2016
11,Michael Mache,F,4,0,10,7.2,0.256,0,2,2,24.2,0,11.4,0,0,0,0,9.6,0,0,0,0.043,-1,-6.3,-7.4,NA,marquette,2016
12,Cam Marotta,G,3,0,8,-6.8,0.169,0.5,1,1,0,0,0,0,0,0,0,18.1,0,0,0,-0.128,-13.7,-7.6,-21.3,NA,marquette,2016
NA,Team Totals,,33,33,6700,NA,0.559,0.303,0.405,NA,NA,NA,NA,NA,NA,NA,NA,NA,8.9,9.2,18.1,0.108,1,1.4,2.4,NA,marquette,2016
1,Sam Hauser,F,32,28,847,16.9,0.642,0.678,0.141,262,4.2,18,11.3,8.3,1.7,2.3,9.1,14.3,2.1,0.9,2.9,0.138,4.9,1.4,6.3,NA,marquette,2017
2,Haanif Cheatham,G,32,25,814,14.4,0.552,0.197,0.507,294,3.3,14.5,9.1,14.5,1.6,0.5,16.8,18.7,1.3,0.6,1.9,0.096,1.5,0.2,1.7,NA,marquette,2017
3,JaJuan Johnson,G,31,24,806,20.6,0.566,0.291,0.284,370,3.2,15.4,9.5,18.9,4.1,1.8,17.8,24.8,1.4,1.1,2.6,0.127,3.4,2.5,5.9,NA,marquette,2017
4,Luke Fischer,C,32,25,767,24.9,0.642,0,0.366,349,13.2,16.3,14.8,9.5,1.4,7.2,12.2,20.3,2.7,0.9,3.6,0.187,4.3,1.6,5.9,NA,marquette,2017
5,Katin Reinhardt,G,29,4,749,15.5,0.552,0.589,0.209,307,3.5,9.1,6.3,14.1,1.4,0.4,12.1,21.6,1.5,0.4,1.9,0.103,4.3,-1,3.3,NA,marquette,2017
6,Markus Howard,G,31,27,681,23.1,0.686,0.558,0.234,365,1.6,10.3,6.1,19.9,2.1,0.3,17.4,26.7,2.4,0.5,2.9,0.169,7.9,0,7.9,NA,marquette,2017
7,Andrew Rowsey,G,32,9,667,22.8,0.674,0.691,0.413,347,1.1,9.1,5.2,19.7,1.8,0.2,13.2,23.8,2.8,0.4,3.2,0.191,7.7,0.2,7.9,NA,marquette,2017
8,Duane Wilson,G,30,7,492,12.3,0.503,0.375,0.25,152,0.8,11.9,6.5,16.5,3.3,0.6,14.9,17.1,0.5,0.5,1,0.082,-0.6,2.6,2,NA,marquette,2017
9,Matt Heldt,C,32,7,418,11.9,0.67,0,0.8,91,12.1,14.9,13.5,2.2,0.8,3.2,15.3,7.8,0.8,0.3,1.2,0.112,0.8,0.4,1.2,NA,marquette,2017
10,Traci Carter,G,8,4,130,15.6,0.634,0.304,0.348,49,2.9,12.6,7.9,36.3,1.7,0,29.1,14.6,0.3,0.1,0.4,0.129,1.1,0.4,1.5,NA,marquette,2017
11,Cam Marotta,G,9,0,19,-3.1,0.36,0.5,0.333,6,0,12.3,6.3,15.9,0,0,30.2,26.3,-0.1,0,-0.1,-0.112,-9.9,-5.6,-15.5,NA,marquette,2017
12,Sandy Cohen,F,3,0,19,-12,0,0,0,1,6.5,12.3,9.5,7.4,0,11,50,21.1,-0.1,0,-0.1,-0.271,-12.9,-1.4,-14.3,NA,marquette,2017
13,Deon Franklin,F,8,0,16,-3.7,0,0.5,0,0,0,22,11.3,0,3.5,6.5,33.3,9.4,-0.1,0,0,-0.076,-10.5,2.6,-7.9,NA,marquette,2017
NA,Team Totals,,32,32,6425,NA,0.607,0.415,0.31,NA,NA,NA,NA,NA,NA,NA,NA,NA,15.5,5.9,21.4,0.133,3.8,0.9,4.7,NA,marquette,2017
1,Andrew Rowsey,G,35,32,1143,24,0.61,0.608,0.392,714,1.5,9.9,5.7,28.6,1.6,0.7,14.4,30.4,4.7,0.4,5,0.175,7.9,-0.6,7.2,NA,marquette,2018
2,Sam Hauser,F,35,35,1141,21.5,0.653,0.559,0.175,472,3.8,18,10.9,16,1.7,1.5,10,18.6,3.9,0.7,4.6,0.161,7.1,1.2,8.3,NA,marquette,2018
3,Markus Howard,G,34,31,1071,22.8,0.611,0.534,0.217,622,1.5,11.1,6.3,18.4,1.8,0.2,13,30.9,3.5,0.4,3.9,0.146,6.4,-0.6,5.8,NA,marquette,2018
4,Sacar Anim,F,35,30,944,10.8,0.524,0.157,0.38,286,5.8,7.8,6.8,10.3,1.7,0.2,15.6,16.2,1.1,0.2,1.3,0.056,-0.8,0.1,-0.7,NA,marquette,2018
5,Matt Heldt,C,35,32,768,13.1,0.689,0,0.376,164,9.2,17.4,13.3,5.4,0.7,4.8,15.2,7.8,1.6,0.4,2,0.105,0.8,1.7,2.6,NA,marquette,2018
6,Greg Elliott,G,35,4,639,14.3,0.605,0.28,0.449,175,4.5,11.3,7.9,12.2,2.7,4,18.8,12.7,1.1,0.5,1.6,0.098,1.7,3.1,4.7,NA,marquette,2018
7,Jamal Cain,F,34,1,584,12.9,0.583,0.451,0.189,154,6.4,17.9,12.1,6.3,2.7,2.2,21.8,14.7,0.5,0.5,1,0.066,1,1.8,2.8,NA,marquette,2018
8,Theo John,F,33,1,391,11.8,0.566,0,0.375,122,8.3,16,12.1,3.7,1.6,7.1,24.7,19.4,0.1,0.3,0.4,0.042,-5.1,1.6,-3.5,NA,marquette,2018
9,Harry Froling,C,20,4,248,10.1,0.48,0.339,0.089,71,9.5,20.6,15.1,13.5,0.7,1.7,21.5,15.2,0.2,0.1,0.3,0.047,-1,0.6,-0.4,NA,marquette,2018
10,Haanif Cheatham,G,5,5,131,10.2,0.508,0.351,0.189,39,1.9,11.4,6.7,9.3,2.2,0,16.6,18.7,0,0.1,0.1,0.029,-1.1,0.3,-0.8,NA,marquette,2018
11,Cam Marotta,G,7,0,12,-8.8,0,0.5,0,0,0,10.4,5.2,0,0,0,0,8.4,0,0,0,-0.117,-15.2,-3.4,-18.6,NA,marquette,2018
12,Mike Lelito,G,1,0,3,-14.8,0,1,0,0,0,0,0,0,0,0,0,16.9,0,0,0,-0.249,-17.9,-9.4,-27.3,NA,marquette,2018
NA,Team Totals,,35,35,7075,NA,0.601,0.444,0.288,NA,NA,NA,NA,NA,NA,NA,NA,NA,16.5,3.6,20.1,0.114,3.2,0.7,4,NA,marquette,2018
1,Markus Howard,G,34,34,1138,25.7,0.59,0.497,0.425,806,1.5,11.2,6.7,27.3,1.8,0.1,15.7,37.4,4.4,1.7,6.1,0.213,7.2,1,8.2,"AA-2,AP-AA-2,NABC-AA-2,SN-AA-2,USBWA-AA-2,W-AA-1",marquette,2019
2,Sam Hauser,F,34,33,1134,20.9,0.612,0.581,0.21,479,3.7,19.5,12.1,14.6,1.1,1.7,10,20.2,3.6,2,5.6,0.198,6.5,2.7,9.2,,marquette,2019
3,Sacar Anim,F,34,31,1026,9.2,0.506,0.277,0.261,269,2.4,8.6,5.7,7.5,1,0.5,12.5,15.5,0.8,1.3,2.1,0.081,-0.5,1.8,1.2,,marquette,2019
4,Joey Hauser,F,34,31,992,13.1,0.587,0.447,0.384,339,3.7,16,10.2,15.2,0.7,0.3,20,17.6,1.6,1.5,3.1,0.125,1.6,1.8,3.3,,marquette,2019
5,Theo John,F,34,33,669,16.2,0.583,0,0.754,198,11.2,16.3,13.9,4.4,0.8,11.1,19.6,14.8,0.9,1.4,2.4,0.143,-1.3,5,3.7,,marquette,2019
6,Joseph Chartouny,G,34,0,510,10.3,0.563,0.525,0.3,127,1.2,14.9,8.5,22.4,2.8,0,34,13.5,0.2,0.9,1.1,0.088,-1.5,3.6,2.1,,marquette,2019
7,Ed Morrow,F,33,1,494,19.2,0.596,0,0.309,192,15.7,18.4,17.1,5,1.9,4.5,21.6,20,0.8,1,1.9,0.15,0.2,2.4,2.6,,marquette,2019
8,Brendan Bailey,F,34,3,478,10.2,0.44,0.558,0.221,116,6.6,7.5,7.1,5.2,1.5,3.5,5.3,13.7,0.4,0.7,1.2,0.098,0.5,2.7,3.2,,marquette,2019
9,Jamal Cain,F,29,3,251,8.1,0.483,0.458,0.167,52,7.2,19.8,13.9,3.5,2.5,2.5,28.8,14.4,-0.2,0.5,0.4,0.057,-3.2,3.7,0.5,,marquette,2019
10,Matt Heldt,C,25,1,159,8.4,0.683,0,1.75,24,6.1,12,9.2,3.1,1.1,3.3,17,5.5,0.2,0.3,0.5,0.121,-1.4,4,2.6,,marquette,2019
11,Cam Marotta,G,8,0,13,11.9,0.75,1,0,3,0,0,0,13.4,4.4,0,33.3,11.5,0,0,0,0.099,2.9,5.7,8.6,,marquette,2019
12,Mike Lelito,G,3,0,3,-9.5,0,1,0,0,0,35.2,18.8,0,0,0,0,16.6,0,0,0,-0.146,-15.4,-0.1,-15.6,,marquette,2019
13,Tommy Gardiner,F,3,0,2,-8.2,NA,NA,NA,0,0,0,0,0,0,0,NA,0,0,0,0,0.038,-13.5,2.3,-11.2,,marquette,2019
14,Buddy Jaffee,G,2,0,1,-16.3,NA,NA,NA,0,0,0,0,0,0,0,NA,0,0,0,0,0.049,-28.5,5.8,-22.7,,marquette,2019
NA,Team Totals,,34,34,6870,NA,0.572,0.417,0.351,NA,NA,NA,NA,NA,NA,NA,NA,NA,12.8,11.5,24.3,0.141,2.1,2.5,4.6,,marquette,2019
1,Sacar Anim,F,30,30,1005,14.3,0.523,0.377,0.277,365,4.1,8.8,6.6,8.9,1.7,0.8,12.2,20.7,1.6,1.1,2.6,0.105,2.3,1.1,3.4,,marquette,2020
2,Markus Howard,G,29,29,963,29.2,0.593,0.524,0.444,730,1.9,9.1,5.7,26.2,1.6,0.1,12.6,39.3,4.8,1,5.8,0.24,10.5,0.6,11,"AA-1,AP-AA-1,NABC-AA-1,SN-AA-1,USBWA-AA-1,W-AA-1",marquette,2020
3,Koby McEwen,G,29,29,829,10.5,0.509,0.553,0.525,298,1.1,17,9.5,21.2,1.1,0.2,23.2,20.8,0.7,1.1,1.7,0.083,-0.6,1.4,0.8,,marquette,2020
4,Brendan Bailey,F,30,30,762,13.8,0.531,0.625,0.104,212,5.9,16,11.2,8.6,1.3,2.9,10.2,14.4,1.2,1.1,2.3,0.122,3,2.3,5.4,,marquette,2020
5,Theo John,F,30,29,626,16.5,0.559,0,0.735,170,9.9,16.8,13.5,6.6,1.2,9,16.4,12.8,1,1.1,2.2,0.138,0.9,4,4.9,,marquette,2020
6,Jamal Cain,F,30,1,552,15,0.595,0.474,0.276,156,6.4,17.6,12.3,8.4,1.9,2,18.1,14.1,0.9,0.9,1.8,0.127,2.4,2.6,5,,marquette,2020
7,Greg Elliott,G,24,1,454,12.8,0.566,0.489,0.309,125,3.3,10.7,7.2,13.3,2,0.7,17,13.9,0.7,0.5,1.2,0.11,1.8,2.5,4.3,,marquette,2020
8,Jayce Johnson,C,27,1,397,16.8,0.601,0,0.806,123,17.1,24.9,21.2,5.3,0.3,3.9,20.4,13.2,0.8,0.7,1.5,0.151,0.8,1,1.8,,marquette,2020
9,Symir Torrence,G,28,0,309,8.7,0.554,0.615,0.282,67,0.4,11.7,6.3,25.5,1.3,0,31.1,10.1,0.3,0.3,0.6,0.08,-1.1,1.2,0.1,,marquette,2020
10,Ed Morrow,F,16,0,191,14,0.505,0,0.444,62,13.8,16.7,15.4,5.1,1.2,5.3,22.7,18,0.1,0.3,0.4,0.093,-1.4,1.5,0.1,,marquette,2020
11,Tommy Gardiner,F,4,0,5,11.4,0.5,0.5,0,1,0,0,0,0,0,0,0,19.5,0,0,0,0.059,-1.5,-1.9,-3.5,,marquette,2020
12,Brendan Carney,G,3,0,3,54.1,1.5,1,0,1,0,0,0,0,0,0,0,16.2,0,0,0,0.191,31.2,6.6,37.8,,marquette,2020
13,Michael Kennedy,F,3,0,3,13.5,0,1,0,1,38.3,0,18.1,53.6,0,0,0,16.2,0,0,0,0.054,5.8,-1.8,4,,marquette,2020
NA,Team Totals,,30,30,6099,NA,0.557,0.446,0.392,NA,NA,NA,NA,NA,NA,NA,NA,NA,12.2,8.1,20.2,0.133,2.7,1.7,4.5,,marquette,2020
1,D.J. Carton,G,27,24,839,16.4,0.549,0.432,0.373,354,2.2,12.2,7.5,23.8,2.2,1.4,21.2,24.7,1.1,1,2.1,0.101,2.3,1.6,3.8,NA,marquette,2021
2,Koby McEwen,G,27,23,809,11.6,0.518,0.467,0.345,281,1.1,12,6.9,19.9,1.3,0.8,18.9,20.8,0.8,0.8,1.6,0.079,-0.5,0.9,0.5,NA,marquette,2021
3,Jamal Cain,F,27,26,807,14.8,0.535,0.442,0.161,244,5.9,17.4,12,6.6,1.7,0.9,11.1,17.2,1.3,1,2.3,0.114,2.3,1.9,4.2,NA,marquette,2021
4,Dawson Garcia,F,27,27,802,19.2,0.58,0.29,0.421,331,8.9,16.3,12.8,5.7,0.5,1.7,12.5,22,2.2,0.8,3,0.148,3.7,0,3.7,NA,marquette,2021
5,Theo John,F,27,26,708,16.7,0.623,0.029,0.529,217,7.3,14.3,11,9.4,1.4,6.1,22.5,16.1,1.2,1,2.1,0.121,1.1,3.4,4.5,NA,marquette,2021
6,Greg Elliott,G,27,5,489,16.1,0.651,0.589,0.321,150,2.5,7.5,5.2,8.2,2.8,1.1,16.8,16.2,1,0.5,1.6,0.128,3.3,3.1,6.3,NA,marquette,2021
7,Justin Lewis,F,21,1,441,15.1,0.464,0.212,0.344,168,11.7,17.4,14.7,7.8,1.1,3.4,14.2,23.8,0.3,0.6,0.9,0.081,0.4,0.3,0.7,NA,marquette,2021
8,Symir Torrence,G,24,3,313,6.2,0.402,0.59,0.344,70,0.4,11,6,21.6,1.3,0.3,22.8,15,-0.1,0.3,0.2,0.02,-2.8,1,-1.8,NA,marquette,2021
9,Jose Perez,G,10,0,113,4.7,0.434,0.548,0.323,29,1.1,5.7,3.6,6.8,0,1.9,14.4,18.9,0,0,0,0.004,-2.4,-1,-3.4,NA,marquette,2021
10,Dexter Akanno,G,12,0,63,-8.7,0.299,0.364,0.455,9,3.9,8.6,6.4,2.7,0,0,40.2,18.2,-0.3,0,-0.2,-0.14,-11.1,-2.2,-13.3,NA,marquette,2021
11,Oso Ighodaro,F,5,0,38,9.7,0.67,0,0.25,7,6.4,11.4,9.1,9.9,1.5,2.8,30.9,8.7,0,0,0.1,0.077,-1.6,2.8,1.2,NA,marquette,2021
12,Brendan Carney,G,1,0,1,0,NA,NA,NA,0,0,0,0,0,0,0,NA,0,0,0,0,0.002,-0.8,1.8,1,NA,marquette,2021
13,Luke Fizulich,G,1,0,1,0,NA,NA,NA,0,0,0,0,0,58.5,0,100,51.2,0,0,0,-0.523,-24.5,48.9,24.4,NA,marquette,2021
14,Michael Kennedy,F,1,0,1,0,NA,NA,NA,0,0,0,0,0,0,0,NA,0,0,0,0,0.002,0.6,1,1.7,NA,marquette,2021
NA,Team Totals,,27,27,5425,NA,0.544,0.374,0.35,NA,NA,NA,NA,NA,NA,NA,NA,NA,7.5,6.1,13.6,0.1,1.3,1.4,2.7,NA,marquette,2021
1,Justin Lewis,F,32,32,1030,19.9,0.539,0.375,0.264,488,4.2,21.6,13.4,11,1.9,2,11.1,27.5,1.8,1.8,3.6,0.138,3.9,1.3,5.2,NA,marquette,2022
2,Tyler Kolek,G,32,32,936,11.2,0.437,0.569,0.187,304,1.9,11.3,6.8,34,2.6,0.2,24.6,17.6,0.3,1.3,1.6,0.067,-0.4,1.5,1,NA,marquette,2022
3,Darryl Morsell,G,31,31,920,15.3,0.547,0.371,0.287,392,2,10.7,6.6,16.3,2.2,1.4,17,25.2,1,1.2,2.2,0.094,1.4,1.5,2.9,NA,marquette,2022
4,Olivier-Maxence Prosper,G,32,25,663,13.2,0.562,0.364,0.303,200,3.3,13.4,8.7,7.9,2.4,0.6,13.3,16.6,0.9,0.9,1.8,0.109,0.1,2,2.1,NA,marquette,2022
5,Kur Kuath,F,32,32,608,21.1,0.699,0,0.252,166,6.9,15.1,11.3,5.9,1.3,13.4,13.4,12.4,1.3,1.1,2.5,0.163,2.2,5.6,7.8,NA,marquette,2022
6,Oso Ighodaro,F,32,0,582,18.1,0.692,0,0.389,176,7.4,12.1,9.9,9.2,1.8,5,16.3,13.3,1.4,0.8,2.3,0.155,2.1,3.2,5.3,NA,marquette,2022
7,Kameron Jones,G,31,7,575,14.1,0.563,0.733,0.092,202,1.6,6.4,4.2,11.9,2.2,0.5,10.5,20,0.8,0.6,1.4,0.1,2.8,1.2,4,NA,marquette,2022
8,Greg Elliott,G,28,1,469,16.9,0.566,0.591,0.356,188,2,10.5,6.5,14.5,2.6,0.4,12.1,21.4,1,0.6,1.6,0.134,3.5,2,5.5,NA,marquette,2022
9,Stevie Mitchell,G,32,0,345,11.8,0.531,0.278,0.347,95,3,10.4,6.9,15.3,3.6,0.9,20,15.4,0.2,0.5,0.8,0.09,-2.1,3.7,1.6,NA,marquette,2022
10,David Joplin,F,32,0,222,11,0.485,0.67,0.114,79,3.7,9.7,6.9,6.1,0.8,3.6,11.5,23.9,0,0.2,0.2,0.045,0.5,0.1,0.6,NA,marquette,2022
11,Emarion Ellis,G,14,0,85,9,0.547,0.529,1.176,30,5.4,9.6,7.7,12.1,1.3,0,25.4,21.1,0,0.1,0.1,0.055,-1.5,0.2,-1.2,NA,marquette,2022
12,Cameron Brown,G,4,0,6,-24.6,0,0.5,0,0,0,17,9.1,0,0,0,33.3,25.3,-0.1,0,-0.1,-0.368,-26.6,-8.2,-34.8,NA,marquette,2022
13,Michael Kennedy,F,4,0,5,-5.6,0,1,0,0,0,20.5,10.9,0,0,0,0,10.1,0,0,0,-0.102,-5.2,-2.1,-7.3,NA,marquette,2022
14,Brendan Carney,G,4,0,4,-15.1,0,1,0,0,0,0,0,0,0,0,0,12.6,0,0,0,-0.173,-13.4,-2.6,-16,NA,marquette,2022
NA,Team Totals,,32,32,6450,NA,0.55,0.418,0.262,NA,NA,NA,NA,NA,NA,NA,NA,NA,8.6,9.3,17.9,0.111,1.5,2.1,3.6,NA,marquette,2022
1,Tyler Kolek,G,36,36,1164,22.5,0.579,0.337,0.317,575,2.8,12.6,7.7,39.9,3.2,0.5,18.3,21.8,3.8,1.8,5.6,0.193,6.1,2.6,8.7,"AP-AA-3,NABC-AA-3,SN-AA-2,USBWA-AA-2",marquette,2023
2,Oso Ighodaro,F,36,36,1120,22,0.65,0,0.262,436,7.2,15.8,11.5,19.1,1.6,5.5,15.5,17.2,3.3,1.7,5.1,0.181,4.8,3.7,8.5,,marquette,2023
3,Kameron Jones,G,36,36,1073,20.6,0.584,0.639,0.14,464,0.9,13.4,7.2,12.5,2.7,0.5,7.2,24,2.8,1.6,4.3,0.161,6.2,1.9,8.1,,marquette,2023
4,Olivier-Maxence Prosper,G,36,36,1049,17.9,0.617,0.392,0.515,412,7,12.3,9.7,3.9,1.8,0.5,12.1,20.3,2.7,1.3,4,0.152,2.9,0.3,3.2,,marquette,2023
5,Stevie Mitchell,G,36,36,841,14.8,0.546,0.343,0.294,246,4.2,10.9,7.5,7.2,4.1,0.5,9.7,15.7,1.3,1.4,2.7,0.13,0.7,3.6,4.3,,marquette,2023
6,David Joplin,F,36,0,685,17,0.569,0.625,0.178,294,5.1,15.3,10.2,7.6,1.9,1.8,13.6,25.4,1.1,1,2.1,0.123,3.4,0.4,3.8,,marquette,2023
7,Chase Ross,G,36,0,589,13,0.562,0.47,0.265,158,2.9,9.6,6.2,7.4,3.9,1,13.4,15,0.7,1,1.7,0.114,-0.2,3.5,3.2,,marquette,2023
8,Sean Jones,G,33,0,403,9.5,0.506,0.398,0.32,122,1.2,6.9,4,14.1,2.3,0,18.5,18.6,0.2,0.4,0.6,0.061,-1.7,0.6,-1,,marquette,2023
9,Ben Gold,F,36,0,286,14.9,0.538,0.602,0.157,93,8,7.6,7.8,4.7,2.2,7.1,13.6,18.6,0.3,0.4,0.8,0.106,0.7,1.5,2.1,,marquette,2023
10,Keeyan Itejere,F,13,0,29,15.1,0.924,0,0.4,7,4.2,24.9,14.6,0,0,3.9,33.5,15.9,0,0,0.1,0.099,-3.5,1.5,-2,,marquette,2023
11,Zach Wrightsil,F,3,0,26,0.9,0.333,0.167,0,5,4.6,18.5,11.6,11.9,2.2,0,40,19.8,-0.1,0,-0.1,-0.081,-7.7,-1.2,-8.9,,marquette,2023
12,Michael Kennedy,F,11,0,10,-13.5,0,1,0,0,0,36.1,18.1,0,5.8,0,25,20.6,-0.1,0,0,-0.198,-20.9,1.2,-19.7,,marquette,2023
13,Jonah Lucas,G,8,0,8,21.2,0.333,0.667,0,4,30.2,30.1,30.1,20.9,0,0,0,19.3,0,0,0,0.171,4.3,-1.3,3,,marquette,2023
14,RJ Walson,G,9,0,8,-37.6,0,0.8,0,0,0,0,0,0,0,0,16.7,38.6,-0.1,0,-0.1,-0.567,-29.8,-13.5,-43.3,,marquette,2023
15,Caleb Kozinski,G,5,0,5,-12.2,NA,NA,NA,0,0,0,0,0,0,0,100,10.3,0,0,0,-0.19,-10.8,-4.2,-15,,marquette,2023
16,Jake Ciardo,G,5,0,5,-8.9,0,0,0,0,0,0,0,0,0,0,0,10.3,0,0,0,-0.133,-9.5,-4.3,-13.9,,marquette,2023
NA,Team Totals,,36,36,7301,NA,0.582,0.42,0.27,NA,NA,NA,NA,NA,NA,NA,NA,NA,16,10.7,26.7,0.146,3.2,2.1,5.4,,marquette,2023
1,Oso Ighodaro,F,36,36,1170,21.9,0.59,0.006,0.429,520,9.4,15.3,12.4,16.1,1.9,4.7,13.5,20.7,3.2,2,5.2,0.177,4.5,3.4,8,,marquette,2024
2,Kameron Jones,G,36,36,1046,22.8,0.614,0.499,0.162,544,1.8,9.7,5.8,16.6,2.3,0.2,8.8,27.1,3.3,1.4,4.7,0.181,7.2,2.3,9.5,,marquette,2024
3,David Joplin,F,37,37,1025,13.9,0.536,0.595,0.202,350,3.1,13.3,8.3,3.6,1.7,4,10.5,20.9,1,1.6,2.5,0.099,1.9,1.8,3.7,,marquette,2024
4,Tyler Kolek,G,31,31,1022,24.3,0.6,0.345,0.268,557,2.6,14.8,8.8,42.1,2.8,0.6,18.4,24.3,3.4,1.7,5.1,0.2,6.9,3.2,10.1,"AA-2,AP-AA-2,NABC-AA-2,SN-AA-2,USBWA-AA-1,W-AA-1",marquette,2024
5,Stevie Mitchell,G,33,33,869,17.4,0.588,0.313,0.295,281,6.4,11.8,9.2,5.4,4.1,0.7,9.5,16.1,1.7,1.6,3.3,0.153,2.4,4.2,6.6,,marquette,2024
6,Chase Ross,G,32,10,698,12.7,0.544,0.451,0.373,182,2.6,13.9,8.3,4.8,3.4,2.4,12.6,15.1,0.6,1.3,1.9,0.109,0.3,4.1,4.5,,marquette,2024
7,Ben Gold,F,37,2,621,13.4,0.585,0.78,0.113,176,5.2,15.4,10.4,6.3,1.5,3.1,9.7,14.4,1,1,2,0.126,1.9,2.4,4.3,,marquette,2024
8,Tre Norman,G,34,0,306,8.1,0.434,0.5,0.122,72,4.3,11.7,8,7.7,2.6,1.2,12.3,14.9,0,0.5,0.5,0.063,-2.4,2.9,0.5,,marquette,2024
9,Zaide Lowery,F,31,0,295,6.7,0.449,0.592,0.286,56,5.2,11.7,8.5,4.5,1.8,1.2,15.2,11.4,0,0.4,0.4,0.061,-1.5,1.9,0.4,,marquette,2024
10,Sean Jones,G,16,0,259,13.6,0.514,0.443,0.304,99,1.8,8.9,5.4,20.6,3.3,0,16.6,21.4,0.3,0.4,0.7,0.102,-0.4,3.5,3.1,,marquette,2024
11,Al Amadou,F,14,0,52,12.6,0.612,0.083,0.333,17,6.8,6.7,6.8,13.4,0,6.9,17.8,16.7,0.1,0.1,0.1,0.107,-3.9,2.2,-1.6,,marquette,2024
12,Cameron Brown,G,11,0,16,-4.1,0.214,0.429,0,3,7.4,7.2,7.3,0,0,0,0,22.4,0,0,0,-0.095,-9.2,-4.8,-13.9,,marquette,2024
13,Jack Riley,C,11,0,16,0.2,0,0,2,1,7.4,36.1,21.9,0,0,0,0,6.2,0,0,0,0.009,-6.3,-1.8,-8.1,,marquette,2024
14,Jonah Lucas,G,11,0,15,-4.4,0.429,0.857,0,5,0,0,0,0,0,0,22.2,30.7,-0.1,0,0,-0.123,-9.6,-5.9,-15.5,,marquette,2024
15,Casey O'Malley,G,9,0,13,-19.7,0,0.5,0,1,9.1,8.9,9,10.6,4.4,0,25,31.5,-0.1,0,-0.1,-0.358,-23.5,-4.7,-28.3,,marquette,2024
NA,Team Totals,,37,37,7423,NA,0.571,0.411,0.255,NA,NA,NA,NA,NA,NA,NA,NA,NA,14.4,11.9,26.3,0.142,3.1,2.9,6.1,,marquette,2024
1,Kameron Jones,G,34,34,1149,24.5,0.551,0.374,0.16,671,2.1,13.6,7.6,38.1,2.4,0.9,9.6,28.9,3.9,1.9,5.8,0.202,7.3,3.3,10.6,"AA-2,AP-AA-2,NABC-AA-2,SN-AA-2,USBWA-AA-2,W-AA-1",marquette,2025
2,David Joplin,F,34,34,1080,16.7,0.547,0.569,0.237,443,4.6,15.6,9.9,7.6,2,3.4,13,23.8,1.6,1.9,3.4,0.126,3.1,2.1,5.1,,marquette,2025
3,Chase Ross,G,34,34,1031,17.4,0.587,0.414,0.454,358,4.1,10.7,7.3,12.1,3.5,2.5,13.8,17.4,2,1.9,3.9,0.152,2.9,4.3,7.1,,marquette,2025
4,Stevie Mitchell,G,34,34,925,20.4,0.564,0.299,0.395,362,7.1,10.3,8.6,10.4,5,0.5,8.3,19.2,2.3,1.9,4.2,0.182,3.5,5.2,8.7,,marquette,2025
5,Ben Gold,F,34,34,859,13.4,0.585,0.722,0.167,240,5.4,14.4,9.7,6.1,0.9,3.9,11.2,14.2,1.4,1.3,2.7,0.126,2.1,2,4.1,,marquette,2025
6,Royce Parham,F,34,0,504,14.4,0.5,0.574,0.154,168,7.9,9.5,8.7,4.3,2.4,3,7,18.8,0.7,0.8,1.5,0.118,1.4,1.9,3.3,,marquette,2025
7,Zaide Lowery,F,31,0,489,13.5,0.584,0.549,0.137,116,5,17.7,11.1,2.4,2.5,0.5,8.4,12.3,0.7,0.9,1.6,0.13,1.8,2.8,4.6,,marquette,2025
8,Tre Norman,G,34,0,304,6.8,0.413,0.5,0.406,71,5.1,14.6,9.7,8.5,2.3,1.2,18.2,15.6,-0.1,0.5,0.4,0.048,-4,2.2,-1.8,,marquette,2025
9,Damarius Owens,F,30,0,286,9.4,0.485,0.457,0.343,83,5,9.2,7,8.7,2.1,2.1,18.1,17.6,0.1,0.4,0.5,0.071,-1.5,1.8,0.3,,marquette,2025
10,Caedin Hamilton,F,29,0,184,10.6,0.415,0.159,0.432,59,11.4,11.1,11.3,15.5,1.3,4.5,18.5,17.9,0,0.3,0.3,0.069,-3.3,1.5,-1.9,,marquette,2025
11,Jack Anderson,G,5,0,10,-6,0.167,0.167,0,2,11.1,12,11.5,0,0,0,0,30.4,-0.1,0,0,-0.169,-17.4,-10.1,-27.6,,marquette,2025
12,Cameron Brown,G,5,0,7,17.2,1.053,NA,NA,2,0,17.2,8.2,0,0,0,0,6.9,0,0,0,0.226,-0.3,2.3,2,,marquette,2025
13,Casey O'Malley,G,5,0,7,6.7,0.517,0,4,3,0,17.2,8.2,0,8.4,0,40.8,35.5,0,0,0,-0.064,-12.8,1.9,-10.9,,marquette,2025
14,Jake Ciardo,G,5,0,7,10,0.25,0.75,0,3,31.6,34.3,32.9,0,0,0,0,29,0,0,0,0.03,-8.3,-4.9,-13.1,,marquette,2025
15,Jonah Lucas,G,5,0,7,-3.8,0,0.5,0,0,0,17.2,8.2,0,8.4,0,0,14.5,0,0,0,-0.08,-16.8,5.7,-11,,marquette,2025
NA,Team Totals,,34,34,6849,NA,0.546,0.464,0.259,NA,NA,NA,NA,NA,NA,NA,NA,NA,12.6,11.7,24.3,0.142,2.7,3,5.8,,marquette,2025
1,Chase Ross,G,32,32,1055,16.2,0.522,0.355,0.427,447,1.7,12.6,7,20.2,3.9,0.7,13.8,23.7,1.1,1.6,2.7,0.101,0.8,3.5,4.3,NA,marquette,2026
2,Nigel James Jr.,G,32,29,935,21,0.547,0.289,0.31,530,2.8,10.5,6.5,37.3,3.7,1.2,15.6,30.1,1.6,1.3,2.9,0.125,4.6,3.1,7.7,NA,marquette,2026
3,Royce Parham,F,31,20,893,17.2,0.599,0.372,0.376,347,7,12,9.5,6.5,1.4,3.1,11.5,20.2,1.6,0.9,2.6,0.115,2.9,1,3.9,NA,marquette,2026
4,Ben Gold,F,31,26,844,12.8,0.512,0.636,0.223,242,6.4,17.5,11.8,6.2,1.6,1.8,7.6,15.4,0.9,1.1,2,0.093,0.6,1.2,1.8,NA,marquette,2026
5,Adrien Stevens,G,32,23,836,12.6,0.578,0.702,0.151,237,3.1,7.9,5.5,11,3.1,0.8,12.7,14.9,1,1,1.9,0.093,0.6,3,3.6,NA,marquette,2026
6,Damarius Owens,F,30,1,472,12,0.519,0.509,0.397,142,5.5,12.8,9.1,8.3,2.1,1.4,13.2,16.6,0.4,0.5,0.9,0.078,0.1,1.5,1.7,NA,marquette,2026
7,Caedin Hamilton,F,32,17,414,10,0.479,0.026,0.513,111,9.9,14.9,12.4,8.3,1.9,3.2,21.1,14.7,0.1,0.5,0.6,0.059,-3.7,2.2,-1.5,NA,marquette,2026
8,Zaide Lowery,F,11,9,255,11.6,0.47,0.494,0.135,90,5.9,8.1,7,14,2.7,0.4,12.1,20.9,0.1,0.3,0.4,0.059,-0.8,1.2,0.4,NA,marquette,2026
9,Tre Norman,G,30,0,246,10.6,0.494,0.176,0.608,76,7.5,11.2,9.3,15.6,3.7,0,25.1,17.6,0,0.3,0.3,0.051,-3.5,3.1,-0.5,NA,marquette,2026
10,Michael Phillips II,F,28,0,223,7.4,0.457,0.78,0.237,59,6.8,11.8,9.2,4.7,1.3,4.5,12.1,16.5,0,0.2,0.2,0.044,-3.7,1.3,-2.5,NA,marquette,2026
11,Sean Jones,G,8,3,170,9.5,0.45,0.583,0.333,59,0,7.4,3.6,31.8,2.7,0,17.8,19.6,0,0.2,0.2,0.051,-2.6,1,-1.6,NA,marquette,2026
12,Josh Clark,F,23,0,126,15.3,0.428,0,0.433,33,12.9,26.3,19.4,0,1.8,7,2.7,14.6,0.1,0.2,0.3,0.098,-1.1,1.6,0.6,NA,marquette,2026
13,Braeden Brenn,F,3,0,2,36.3,1,0,0,1,0,0,0,0,0,0,0,24.7,0,0,0,0.26,0.5,5.3,5.8,NA,marquette,2026
14,Casey O'Malley,G,4,0,2,-2.8,0,0,0,1,0,0,0,75.6,0,0,0,24.7,0,0,0,-0.174,-4.3,-3.1,-7.5,NA,marquette,2026
15,Jonah Lucas,G,4,0,2,-20.5,NA,NA,NA,0,0,57.1,27.8,0,0,0,100,24.7,0,0,0,-0.402,-23.6,-4.2,-27.7,NA,marquette,2026
NA,Team Totals,,32,32,6475,NA,0.533,0.422,0.328,NA,NA,NA,NA,NA,NA,NA,NA,NA,6.8,8.2,15,0.093,0.7,2.2,2.9,NA,marquette,2026
1,DeAndre Kane,G,34,34,1076,17.7,0.523,0.388,0.494,508,4.3,15.1,9.9,23.3,1.7,0.3,19,27.8,1.8,1.7,3.4,0.128,1.9,0.6,2.5,NA,marshall,2011
2,Tirrell Baines,F,34,34,971,20.6,0.567,0.015,0.364,414,11.7,14.1,12.9,6.9,0.9,1.2,13.3,22.5,2.7,1.3,4,0.164,2.5,0,2.5,NA,marshall,2011
3,Shaquille Johnson,G,33,16,861,12.3,0.507,0.35,0.565,287,3.1,9.2,6.3,14.9,1.8,1,18.7,20,0.9,1.1,2.1,0.096,-0.8,1.3,0.5,NA,marshall,2011
4,Damier Pitts,G,25,23,802,20.1,0.56,0.5,0.48,409,2.2,7.5,4.9,30.8,1.2,0.4,16.2,26.6,2.6,0.9,3.5,0.174,4.6,-0.4,4.2,NA,marshall,2011
5,Johnny Thomas,F,30,17,745,19.4,0.574,0.252,0.234,253,9.5,10.8,10.2,4.8,1.3,3.1,7.4,17,2.1,1,3.1,0.167,3.4,1.4,4.8,NA,marshall,2011
6,Dago Pena,F,32,12,684,15.4,0.573,0.722,0.233,210,4.1,11.1,7.7,10.2,1.8,0.5,12.3,16.5,1.5,0.9,2.4,0.139,3.2,1.5,4.7,NA,marshall,2011
7,Nigel Spikes,C,32,32,649,14.8,0.547,0,1,168,10.7,21.8,16.4,2.6,1.1,5.1,16.8,13.6,0.9,1.3,2.1,0.131,-0.9,2.4,1.5,NA,marshall,2011
8,Orlando Allen,C,32,2,319,6,0.419,0,0.354,57,12,15,13.5,1.7,0.6,7.8,30,12.4,-0.2,0.6,0.3,0.043,-5.7,2.4,-3.3,NA,marshall,2011
9,Aundra Williams,C,31,0,297,13.8,0.587,0,0.946,64,10.1,13.6,11.9,0.6,1.2,3.5,6.9,9.6,0.6,0.5,1,0.14,0.5,2.2,2.7,NA,marshall,2011
10,Johnny Higgins,G,26,0,264,10.5,0.492,0.297,1.189,70,0.9,9.1,5.1,23.2,3.1,0.8,29.3,15.3,0.1,0.4,0.5,0.082,-5.4,0.5,-4.9,NA,marshall,2011
11,Eladio Espinosa,F,10,0,125,7.6,0.416,0.15,0.55,25,7.4,13.9,10.8,7,1.4,2.5,21.7,12.7,0,0.2,0.2,0.06,-7.2,-0.3,-7.5,NA,marshall,2011
12,Xavier Humphrey,F,9,0,12,5.4,0.333,0,0,4,19.3,18.2,18.7,0,0,0,14.3,28.8,0,0,0,-0.01,-11.4,-6,-17.4,NA,marshall,2011
13,Noah Fischer,G,9,0,11,-3.7,0.128,0.5,2,1,0,39.6,20.4,0,0,9.4,20.4,22,-0.1,0,0,-0.149,-9.6,0.5,-9.1,NA,marshall,2011
14,Justin Howe,G,7,0,9,7,0.513,0,2,1,0,24.2,12.5,0,6.5,0,33.9,16.2,0,0,0,0.003,-14.4,1.2,-13.3,NA,marshall,2011
NA,Team Totals,,34,34,6825,NA,0.541,0.309,0.471,NA,NA,NA,NA,NA,NA,NA,NA,NA,12.8,9.9,22.7,0.133,1.1,1,2,NA,marshall,2011
1,Damier Pitts,G,35,35,1191,16.1,0.527,0.49,0.263,506,1.6,7.3,4.2,26.2,1.8,0.2,18.6,24.8,2.4,0.8,3.2,0.108,2.6,-0.5,2.1,NA,marshall,2012
2,DeAndre Kane,G,34,33,1156,19.3,0.477,0.255,0.436,561,6.5,13,9.5,22.9,2.5,1,14.7,29.4,2.3,1.3,3.5,0.122,3,1.2,4.3,NA,marshall,2012
3,Dennis Tinnon,F,35,35,1024,22.3,0.588,0.008,0.364,360,14.8,26.6,20.1,6.4,1.4,1,13.4,16.9,3,1.4,4.4,0.172,4,0.3,4.3,NA,marshall,2012
4,Shaquille Johnson,G,35,24,975,14.5,0.524,0.443,0.443,311,3.1,12.6,7.4,12.7,2.1,0.9,14.8,18.2,1.8,1,2.8,0.114,1.1,1.7,2.8,NA,marshall,2012
5,Robert Goff,F,35,33,851,12.3,0.467,0,0.522,211,8.1,14.8,11.1,4.7,1.1,4.6,12,15,0.8,0.9,1.8,0.083,-1.2,1.9,0.8,NA,marshall,2012
6,Dago Pena,F,35,9,726,12.5,0.523,0.799,0.143,195,4.2,4.1,4.2,8.6,1.9,1,12.2,15.7,1.2,0.4,1.7,0.093,1.9,0.4,2.3,NA,marshall,2012
7,Nigel Spikes,C,29,0,485,16.3,0.535,0,0.58,124,12.4,22.4,16.9,2.3,2.5,4.9,18.8,14.1,0.6,0.8,1.4,0.116,-0.7,2.5,1.8,NA,marshall,2012
8,Justin Coleman,G,17,6,268,13.8,0.506,0.383,0.284,82,5.2,14.6,9.5,3.8,1.1,1.6,12.4,19.4,0.4,0.2,0.6,0.088,0.2,1.3,1.5,NA,marshall,2012
9,Youssoupha Mbao,C,33,0,215,3.1,0.244,0,1.286,22,11.5,23.1,16.8,3.8,0.9,12.1,51.6,10.7,-0.5,0.4,-0.2,-0.029,-9.1,4.8,-4.3,NA,marshall,2012
10,Jamir Hanner,F,28,0,148,18.7,0.44,0.047,0.674,57,26.2,26.5,26.4,5.6,0.8,2.8,18.6,23.3,0.1,0.2,0.3,0.078,1,-2.1,-1.1,NA,marshall,2012
11,Chris Martin,G,18,0,73,11.2,0.472,0.682,0.227,20,0,10.8,4.9,10.6,3.3,0,14.1,19.2,0.1,0.1,0.1,0.074,-0.6,0.8,0.1,NA,marshall,2012
12,J.P. Kambola,C,9,0,13,-1.2,0.333,0,0,2,8.3,10.1,9.1,0,0,0,25,15.2,0,0,0,-0.048,-15.1,-2.1,-17.2,NA,marshall,2012
NA,Team Totals,,35,35,7125,NA,0.51,0.316,0.38,NA,NA,NA,NA,NA,NA,NA,NA,NA,12.1,7.5,19.6,0.11,1.4,1,2.4,NA,marshall,2012
1,DeAndre Kane,G,28,25,1039,16.3,0.461,0.329,0.434,479,4.7,9.2,6.8,42,2.8,0.6,20.5,26.7,1.2,0.6,1.8,0.069,1.1,-1.5,-0.5,NA,marshall,2013
2,Elijah Pittman,F,32,29,1032,20.3,0.608,0.503,0.463,449,5.2,10.1,7.4,11.2,1.4,2.3,15.4,23.4,3,0.4,3.4,0.132,5,-1,4,NA,marshall,2013
3,Dennis Tinnon,F,32,27,979,17.1,0.526,0.153,0.339,336,11.6,23.1,17,10.2,1.7,0.9,17.8,19,1.5,1,2.5,0.102,0.6,-1,-0.4,NA,marshall,2013
4,D.D. Scarver,G,32,29,844,13.7,0.504,0.596,0.284,340,1.9,7.2,4.4,13.4,1.5,0.8,13.5,25,1.4,0.2,1.6,0.076,1.1,-1.7,-0.6,NA,marshall,2013
5,Nigel Spikes,C,32,31,793,15.7,0.494,0.008,1.008,200,12.9,21.1,16.7,4.6,1.7,7.4,19.7,13.9,0.7,1,1.6,0.083,-1.1,0.9,-0.2,NA,marshall,2013
6,Robert Goff,F,29,10,509,10.5,0.485,0.025,0.449,136,9.6,13.9,11.6,5.7,1.5,4,19.2,16.8,0.2,0.4,0.6,0.045,-4.7,0.1,-4.6,NA,marshall,2013
7,Chris Martin,G,23,2,347,2.2,0.377,0.651,0.233,70,0.6,7,3.6,10.4,2.5,0,23.9,17.4,-0.5,0.2,-0.3,-0.04,-7,-1,-8,NA,marshall,2013
8,Tamron Manning,G,28,5,307,3.5,0.446,0.625,0.625,50,1.7,6.4,3.9,18.3,1.7,0.6,40.3,10.9,-0.2,0.1,-0.1,-0.014,-5.5,-0.3,-5.8,NA,marshall,2013
9,Jamir Hanner,F,25,0,231,20.2,0.608,0.105,0.596,85,12,19,15.3,10.5,2.3,2.5,19.7,19,0.5,0.2,0.7,0.129,1.4,0.5,1.9,NA,marshall,2013
10,DeVince Boykins,G,22,0,230,-0.7,0.235,0.667,0.222,19,3.2,6.9,4.9,5.3,2.3,0,28.7,8.8,-0.3,0.1,-0.3,-0.044,-7.6,0.5,-7.1,NA,marshall,2013
11,Youssoupha Mbao,C,13,1,73,0.8,0.273,0,1.75,7,10.2,8.4,9.3,0,0,9.4,45,8.8,-0.1,0,-0.1,-0.051,-8.8,0.2,-8.6,NA,marshall,2013
12,J.P. Kambola,C,11,0,38,16.9,0.455,0,1.6,8,14,12.8,13.5,0,3.1,7.7,0,11.1,0.1,0,0.1,0.099,-2,0.7,-1.3,NA,marshall,2013
13,Kelvin Amayo,G,3,0,28,7.1,0.355,0.143,1.286,9,0,4.4,2,29.3,6.2,0,21,24.5,-0.1,0,0,-0.038,-5,6,1,NA,marshall,2013
NA,Team Totals,,32,32,6450,NA,0.508,0.36,0.443,NA,NA,NA,NA,NA,NA,NA,NA,NA,7.2,4.3,11.5,0.072,-0.3,-0.7,-1,NA,marshall,2013
1,Kareem Canty,G,33,31,1211,13.1,0.475,0.426,0.271,566,2.1,4.4,3.3,31.3,1.1,0.3,17.6,27.4,0.8,1,1.8,0.061,0.7,-3.3,-2.6,NA,marshall,2014
2,Chris Thomas,G,33,26,833,17.7,0.512,0.249,0.428,401,6.5,10.6,8.5,15.7,2.6,1.9,16.5,28.5,0.8,1.2,2,0.096,0.2,0.1,0.2,NA,marshall,2014
3,Ryan Taylor,F,31,29,796,20.7,0.555,0.231,0.528,372,8.1,22.4,15,8.2,1.6,2.5,13.7,25.2,1.7,1.4,3.1,0.156,0.1,0.2,0.4,NA,marshall,2014
4,TyQuane Goard,F,31,16,787,14.3,0.567,0.023,0.602,203,8.2,11.9,10,5.7,2,2.9,14.1,12.2,1.2,1.1,2.3,0.117,-0.6,1.2,0.6,NA,marshall,2014
5,Tamron Manning,G,31,4,729,8.5,0.451,0.529,0.403,138,1.9,10.7,6.2,10.7,2.5,0.7,14.5,11,0.3,1,1.3,0.071,-4.3,1.5,-2.8,NA,marshall,2014
6,Shawn Smith,F,33,15,715,13.6,0.512,0.35,0.429,240,6.8,13.7,10.2,5.8,1.4,1.8,12.8,18.9,0.8,1,1.8,0.1,-1.6,-0.1,-1.7,NA,marshall,2014
7,DeVince Boykins,G,33,14,554,6.7,0.477,0.495,0.358,105,3.6,9.7,6.6,6.8,1.8,0.2,17.8,11.8,0,0.7,0.7,0.049,-4,0.5,-3.5,NA,marshall,2014
8,Cheikh Sane,F,31,20,549,12.2,0.473,0,0.658,117,11.2,19.4,15.2,3.2,2.3,5.2,20.7,11.5,0.2,1.1,1.2,0.091,-3.3,1.9,-1.5,NA,marshall,2014
9,Elijah Pittman,F,9,9,249,28.3,0.567,0.551,0.529,154,5.4,11.9,8.6,4.4,2.1,2.1,7.1,35.6,0.8,0.3,1.1,0.179,7.2,-1.8,5.4,NA,marshall,2014
10,Youssoupha Mbao,C,22,1,143,6,0.739,0,0.111,12,2.9,23.1,12.7,0,0,10.3,42.5,5.6,0,0.3,0.2,0.067,-9.2,3.2,-6.1,NA,marshall,2014
11,Austin Loop,G,13,0,75,18.2,0.572,0.909,0.182,34,0,4.4,2.1,11.7,1.5,1.4,2.7,23.7,0.3,0.1,0.3,0.174,-6.4,-2,-8.4,NA,marshall,2014
12,Kevin McNair,G,3,0,9,30.4,0.686,0.5,2.5,6,11.5,0,5.9,0,0,0,0,23.5,0.1,0,0.1,0.319,-8.9,0,-8.9,NA,marshall,2014
NA,Team Totals,,33,33,6650,NA,0.513,0.338,0.422,NA,NA,NA,NA,NA,NA,NA,NA,NA,6.8,9.2,16,0.096,-1.2,-0.1,-1.3,NA,marshall,2014
1,Austin Loop,G,32,32,1033,14.1,0.624,0.833,0.276,309,2.4,5.1,3.8,5.4,1.8,0.4,9.9,15.2,2.2,1,3.2,0.124,1.5,-0.3,1.2,NA,marshall,2015
2,Ryan Taylor,F,32,32,920,20.2,0.512,0.284,0.471,453,6.8,24.3,15.6,23.9,1.7,2.8,16.7,27.9,1.3,1.8,3.1,0.135,1.7,1.1,2.8,NA,marshall,2015
3,Aleksa Nikolic,G,32,25,833,4.4,0.334,0.284,0.124,207,2.6,13.8,8.2,26.7,2.3,0.5,28.5,19.5,-1.7,1.2,-0.5,-0.026,-6.5,-0.4,-6.9,NA,marshall,2015
4,Justin Edmonds,G,31,24,713,13,0.515,0.605,0.344,275,2.8,9.2,6,13.2,1.9,0.4,16,23.9,0.5,0.8,1.3,0.074,0.6,-1,-0.4,NA,marshall,2015
5,Cheikh Sane,F,32,19,574,11,0.472,0.048,0.645,169,10.6,15.1,12.8,8.6,1.7,2.9,21.7,17.5,0.1,0.9,1,0.068,-4.3,0,-4.3,NA,marshall,2015
6,Jay Johnson,F,32,0,508,9.8,0.429,0.62,0.251,167,7.6,16.4,12,7.8,1.6,1.8,14.5,22.4,-0.2,0.8,0.6,0.046,-2.6,-0.9,-3.4,NA,marshall,2015
7,Tamron Manning,G,31,6,503,7.6,0.412,0.261,0.361,127,1.9,10.4,6.1,19.4,3.2,0.4,22.7,17.5,-0.4,0.8,0.3,0.028,-5.7,1.3,-4.4,NA,marshall,2015
8,J.P. Kambola,C,29,15,478,19.4,0.603,0.317,0.254,171,11,16.3,13.7,2.5,0.9,6.1,15.9,19.2,0.8,0.7,1.6,0.133,0.9,0.3,1.2,NA,marshall,2015
9,DeVince Boykins,G,30,2,463,7.2,0.488,0.205,0.42,113,3.6,6.7,5.2,18.7,1.8,0.2,29.4,15.7,-0.3,0.5,0.2,0.019,-3.7,-0.3,-4,NA,marshall,2015
10,Milan Mijovic,F,28,0,209,5.5,0.599,0,0.75,41,8,9.5,8.8,3.8,1.6,0,34.3,11.5,0,0.2,0.3,0.048,-6.9,0.4,-6.6,NA,marshall,2015
11,Shawn Smith,F,5,5,124,16.2,0.616,0.558,0.279,48,1.7,4.2,3,6,1.4,0.8,12.6,21.9,0.2,0.1,0.4,0.114,1.3,-0.5,0.8,NA,marshall,2015
12,Brett Bowling,G,14,0,67,7.6,0.441,0.741,0.37,24,1.6,3.1,2.3,0,0.8,0,5.9,24.5,0,0,0.1,0.043,-0.9,-1.6,-2.5,NA,marshall,2015
NA,Team Totals,,32,32,6425,NA,0.499,0.428,0.346,NA,NA,NA,NA,NA,NA,NA,NA,NA,2.7,8.8,11.5,0.071,-1.7,0,-1.8,NA,marshall,2015
1,Stevie Browning,G,33,32,1076,14.6,0.54,0.377,0.172,440,3.9,10.4,7.1,17.9,1.7,1,17.4,19.9,1.4,0.6,2,0.074,0.8,-0.8,0,NA,marshall,2016
2,James Kelly,F,33,33,1009,26.8,0.615,0.332,0.263,576,6.3,27,16.6,7.4,2.2,3.1,12.5,27.7,2.9,1.4,4.3,0.169,4.2,0,4.2,NA,marshall,2016
3,Austin Loop,G,33,33,955,12.2,0.61,0.908,0.151,274,2.1,4,3,5.4,1.3,0.7,5.2,12.8,1.9,0.2,2.1,0.088,2,-0.8,1.2,NA,marshall,2016
4,Ryan Taylor,F,33,33,882,22.9,0.61,0.221,0.571,484,7.8,17.8,12.8,19.5,2,2.5,17.2,23.9,2.6,0.9,3.4,0.156,2.8,1,3.8,NA,marshall,2016
5,Jon Elmore,G,25,25,866,15.9,0.54,0.6,0.414,420,2.3,7.9,5.1,26.3,1.1,0.3,15.3,21.9,1.9,0.3,2.2,0.102,1.6,-2.3,-0.7,NA,marshall,2016
6,C.J. Burks,G,33,4,742,14.7,0.569,0.453,0.207,277,2.2,7,4.6,13.4,2.2,0.2,12.7,17.8,1.2,0.4,1.6,0.087,0.5,-0.2,0.3,NA,marshall,2016
7,Terrence Thompson,F,32,0,360,14.3,0.519,0.077,0.731,123,11.5,21,16.3,4.6,2,1.2,14.6,15.5,0.5,0.4,0.9,0.097,-1.5,-0.6,-2.1,NA,marshall,2016
8,Justin Edmonds,G,27,3,236,5.3,0.443,0.779,0.273,80,2.2,8.3,5.3,14.2,1.5,0,21.6,21.3,-0.2,0.1,-0.1,-0.019,-3.7,-2.2,-6,NA,marshall,2016
9,Aleksandar Dozic,F,23,0,199,5.2,0.406,0.405,0.135,36,2.6,14.6,8.6,8.7,1.3,0.9,15.1,10.6,0,0.1,0.1,0.019,-4.4,0.3,-4.1,NA,marshall,2016
10,Ajdin Penava,F,18,1,109,7.4,0.471,0.452,0.419,35,3.8,13.3,8.5,7,0.5,6.4,15.8,18.4,0,0.1,0.1,0.038,-7.9,0.3,-7.6,NA,marshall,2016
11,Noah Frampton,G,6,0,64,5,0.227,0.818,0,9,6.5,4.8,5.7,6.4,4.8,0,15.4,9.2,-0.1,0.1,0,0.003,-5,2.5,-2.5,NA,marshall,2016
12,Jacob Kilgore,F,14,0,55,15.3,0.602,0.857,0.143,16,5.7,5.6,5.6,2.8,2.8,1.6,0,12.3,0.1,0,0.2,0.119,2.1,-0.2,2,NA,marshall,2016
13,Milan Mijovic,F,13,0,52,12,0.482,0,1.273,21,14,17.9,15.9,8.6,0,1.7,14.5,18,0.1,0,0.1,0.084,-4.9,-2.5,-7.5,NA,marshall,2016
14,Brett Bowling,G,10,0,23,-0.7,0.35,0.8,0,7,4.5,4.5,4.5,6.9,0,0,16.7,23.7,-0.1,0,-0.1,-0.093,-8.7,-6.1,-14.8,NA,marshall,2016
15,Aleksa Nikolic,G,2,1,22,-17.9,0.072,0.167,0.333,1,0,9.4,4.7,5.9,2.3,0,36.5,22.6,-0.2,0,-0.2,-0.285,-20.1,-3.8,-23.9,NA,marshall,2016
NA,Team Totals,,33,33,6650,NA,0.566,0.451,0.312,NA,NA,NA,NA,NA,NA,NA,NA,NA,12.1,4.6,16.6,0.1,1.1,-0.6,0.5,NA,marshall,2016
1,Jon Elmore,G,35,34,1230,20.6,0.558,0.465,0.459,727,1.8,10.5,6.3,30.6,1.7,0.5,15,27.4,3.3,0.8,4.2,0.136,3.8,-1.9,1.9,NA,marshall,2017
2,Austin Loop,G,35,34,1092,13.8,0.675,0.958,0.136,319,1.3,5,3.2,6.1,1.2,0.8,6,12.7,2.5,0.4,2.9,0.105,3.4,-0.9,2.4,NA,marshall,2017
3,Stevie Browning,G,34,33,1084,18.8,0.559,0.394,0.185,528,2.9,10.1,6.7,19.4,1.8,0.5,10.5,23.3,2.5,0.8,3.3,0.12,2.5,-1.2,1.3,NA,marshall,2017
4,Ryan Taylor,F,32,32,921,21.3,0.569,0.216,0.603,467,7.6,21.6,14.9,14.5,1.5,4.8,16,24.2,1.9,1.2,3.2,0.137,1,0.7,1.7,NA,marshall,2017
5,C.J. Burks,G,25,1,641,12.2,0.557,0.374,0.277,242,2.2,8,5.2,15.2,1.5,0.9,19.7,19.8,0.5,0.4,0.9,0.058,-0.5,-0.9,-1.4,NA,marshall,2017
6,Ajdin Penava,F,35,14,542,16.6,0.593,0.265,0.424,210,7.7,18,13,5.7,1.4,5.9,15.8,18.4,1,0.7,1.7,0.123,-2.9,1,-2,NA,marshall,2017
7,Terrence Thompson,F,23,22,513,18.5,0.571,0.176,0.728,212,10.2,19.4,15,4.3,1.8,1.3,11.2,18.6,1.2,0.6,1.7,0.135,1.5,-0.7,0.8,NA,marshall,2017
8,Aleksa Nikolic,G,25,3,347,10.9,0.529,0.213,0.115,81,4.3,15.1,9.9,13.2,2.1,1.2,21.9,11,0.2,0.3,0.6,0.066,-1.4,-0.1,-1.5,NA,marshall,2017
9,Ky're Allison,G,23,0,194,3.7,0.48,0.554,0.125,59,1.6,7.1,4.5,14.3,1.6,0.4,26.1,19.2,-0.2,0.1,0,-0.009,-6.3,-1.2,-7.5,NA,marshall,2017
10,Milan Mijovic,F,23,1,179,9.2,0.649,0.036,0.5,42,4.2,9.9,7.1,3.6,1.4,0.9,20.6,11.3,0.2,0.1,0.3,0.067,-4.5,-1,-5.4,NA,marshall,2017
11,Christian Thieneman,F,19,1,160,6.1,0.504,0.652,0.348,28,4,17.9,11.2,2.8,0.3,0,15.7,9.2,0.1,0.1,0.2,0.043,-3.7,-1.6,-5.3,NA,marshall,2017
12,Phil Bledsoe,G,16,0,115,15.7,0.513,0.367,0.7,44,10.2,18,14.2,4.2,1.3,0,4.8,16.9,0.3,0.1,0.4,0.125,0.6,-2.6,-2.1,NA,marshall,2017
13,Jacob Kilgore,F,8,0,36,5.9,0.375,1,0,6,3,13.7,8.5,0,0,4.7,0,10.3,0,0,0,0.021,-2,-2.9,-4.9,NA,marshall,2017
14,Ot Elmore,G,6,0,21,-5.4,0.231,0.846,0,5,0,0,0,0,2.5,0,0,28.6,-0.1,0,-0.1,-0.166,-7.1,-3.2,-10.3,NA,marshall,2017
NA,Team Totals,,35,35,7075,NA,0.571,0.43,0.365,NA,NA,NA,NA,NA,NA,NA,NA,NA,13.3,5.8,19.1,0.108,1,-0.8,0.3,NA,marshall,2017
1,Jon Elmore,G,36,35,1380,23.5,0.593,0.496,0.507,859,1.3,14,8,32.7,2.2,0.8,16.1,28.2,4.4,1.8,6.2,0.181,5.1,0.2,5.3,NA,marshall,2018
2,C.J. Burks,G,35,34,1256,17.4,0.583,0.428,0.196,642,1.6,10,6.1,16.7,1.5,0.3,15.2,26.9,2.1,1.3,3.4,0.107,1.7,-1.3,0.4,NA,marshall,2018
3,Jarrod West,G,36,35,1168,10.8,0.587,0.708,0.218,295,1.3,6.9,4.3,14.3,2.6,0.2,17.9,11.8,1.3,1.3,2.5,0.087,-1,1.1,0.1,NA,marshall,2018
4,Ajdin Penava,F,34,34,1001,27.6,0.643,0.285,0.453,509,7.5,22,15.2,12.6,1.7,11.8,14,22.8,3.1,2.2,5.2,0.209,3.1,4.2,7.3,NA,marshall,2018
5,Rondale Watson,G,25,2,642,11.6,0.537,0.39,0.213,195,4.9,9.5,7.3,8.6,2.1,1,14.2,15.6,0.6,0.7,1.3,0.083,-0.9,0.8,-0.1,NA,marshall,2018
6,Jannson Williams,F,35,9,584,14.9,0.619,0.522,0.306,175,6.1,14.8,10.7,2.3,1.4,4.4,11.5,14,1,0.8,1.8,0.124,0.3,0.8,1.1,NA,marshall,2018
7,Darius George,F,28,1,403,13.2,0.561,0.443,0.392,124,7.2,14.9,11.3,3.3,2.3,2.2,14.2,15.8,0.4,0.6,1,0.1,-1.8,1,-0.8,NA,marshall,2018
8,Milan Mijovic,F,25,22,315,3.6,0.429,0.025,0.35,52,4.6,12.4,8.7,7.2,0.8,1.7,28.9,9.9,-0.2,0.3,0.2,0.023,-5.9,0.2,-5.7,NA,marshall,2018
9,Dani Koljanin,F,21,7,234,6.8,0.449,0.51,0.286,57,4.8,11.5,8.4,9.4,0.7,0.8,13.9,13.1,0.1,0.2,0.3,0.05,-2.8,-0.9,-3.6,NA,marshall,2018
10,Phil Bledsoe,G,19,0,139,12.6,0.519,0.358,0.113,56,10.5,13.7,12.2,2.6,0.4,0.6,9.7,21.1,0.2,0.1,0.3,0.088,-3.2,-2.8,-6,NA,marshall,2018
11,Ot Elmore,G,11,1,87,4.7,0.409,0.955,0,22,2.6,4.6,3.6,16,0,0,8.3,13.1,0,0,0.1,0.037,-2.8,-2.3,-5.1,NA,marshall,2018
12,Christian Thieneman,F,8,0,48,1.2,0.353,0.625,0.875,9,7,18.7,13.2,0,0,1.8,20.9,14.2,-0.1,0.1,0,-0.008,-6.9,-0.9,-7.8,NA,marshall,2018
13,Marcus Reed,G,3,0,9,13.9,0.169,1,1,3,12.5,33.3,23.5,46.5,0,0,0,15.6,0,0,0,0.106,-5.7,-5.7,-11.5,NA,marshall,2018
14,Christian Villers,G,2,0,5,-16.3,0,0.5,0,0,0,20,10.6,0,0,0,0,19,0,0,0,-0.233,-21.8,-5.3,-27.1,NA,marshall,2018
15,Will Fenton,G,1,0,4,7.5,NA,NA,NA,0,0,49.9,26.4,0,0,0,NA,0,0,0,0,0.09,-10.3,-2.1,-12.5,NA,marshall,2018
NA,Team Totals,,36,36,7275,NA,0.583,0.453,0.335,NA,NA,NA,NA,NA,NA,NA,NA,NA,12.8,9.6,22.4,0.123,0.9,0.6,1.5,NA,marshall,2018
1,Jon Elmore,G,37,37,1330,20.7,0.539,0.526,0.358,758,0.9,14.6,7.6,26.8,2.5,1.5,14.1,28.8,2.8,1.4,4.2,0.126,3.7,-0.8,2.9,NA,marshall,2019
2,C.J. Burks,G,37,37,1240,18.4,0.569,0.358,0.236,617,1.8,10.7,6.2,17.5,2.8,0.5,16.2,26.1,1.9,1.2,3.1,0.1,1.1,-1.1,0,NA,marshall,2019
3,Jarrod West,G,37,36,1059,8.6,0.462,0.673,0.195,218,1.3,8.7,4.9,9,4,0,16.1,11.9,0,1.2,1.2,0.046,-3,1.5,-1.5,NA,marshall,2019
4,Taevion Kinsey,G,37,13,916,20.4,0.645,0.27,0.347,382,7.8,9.4,8.6,9.6,1.8,2,10.7,17.4,2.8,0.7,3.5,0.151,3.4,-1,2.4,NA,marshall,2019
5,Jannson Williams,F,37,37,899,17.7,0.583,0.665,0.26,305,5.2,17.5,11.2,2.7,1.4,7.9,8.6,16.4,1.7,1.1,2.8,0.124,1.5,0.3,1.8,NA,marshall,2019
6,Rondale Watson,G,37,7,807,14.7,0.508,0.249,0.382,300,5.3,14.7,9.9,16,1.8,1.1,12.5,17.8,1.2,0.7,1.9,0.096,-0.2,-0.9,-1.1,NA,marshall,2019
7,Darius George,F,35,10,513,15.3,0.546,0.475,0.383,178,6.7,15.3,10.9,4.1,1.9,3.5,10.2,17.1,0.8,0.6,1.3,0.105,-0.3,-0.6,-0.9,NA,marshall,2019
8,Mikel Beyers,F,33,0,325,11.3,0.58,0.421,0.237,98,5.4,13.1,9.2,7.4,2.1,3.6,24.2,16.2,0.1,0.3,0.5,0.061,-3.2,0,-3.2,NA,marshall,2019
9,Iran Bennett,F,16,7,203,10.7,0.541,0.059,0.412,66,8.7,14.5,11.5,3.5,1.5,6.3,25.6,19.1,0,0.2,0.2,0.041,-6.7,0.2,-6.5,NA,marshall,2019
10,Ante Sustic,F,14,0,77,2.4,0.299,0.118,0.176,16,12.2,14.1,13.1,2,1.4,1.3,21.3,14.4,-0.1,0.1,0,-0.022,-8.9,-2.9,-11.8,NA,marshall,2019
11,Christian Thieneman,F,15,1,74,7.1,0.467,0.8,0.6,19,5.6,8.8,7.2,4.2,0.7,0,4.9,12.9,0.1,0,0.1,0.063,-3.2,-2.2,-5.4,NA,marshall,2019
12,Luke Thomas,G,8,0,21,-12.7,0,1,0,1,0,0,0,6.8,2.5,0,0,18,-0.1,0,-0.1,-0.231,-16.9,-4.7,-21.6,NA,marshall,2019
13,DeAundra Murphy,G,4,0,11,-21.1,0,0.75,0.25,0,0,9.9,4.8,0,0,0,0,19.2,-0.1,0,-0.1,-0.271,-22,-5.9,-27.9,NA,marshall,2019
NA,Team Totals,,37,37,7475,NA,0.549,0.447,0.305,NA,NA,NA,NA,NA,NA,NA,NA,NA,11,7.6,18.6,0.099,0.4,-0.4,0.1,NA,marshall,2019
1,Jarrod West,G,32,32,1153,16.4,0.523,0.479,0.241,460,1.9,9,5.5,20.4,3,0.4,14.4,20.4,1.9,1.7,3.6,0.124,1.3,1,2.3,NA,marshall,2020
2,Taevion Kinsey,G,32,32,1153,18.4,0.544,0.176,0.368,542,4.8,8.9,6.9,22,1.6,1.1,16.5,23.1,2.4,1.4,3.8,0.131,2.1,-0.4,1.7,NA,marshall,2020
3,Andrew Taylor,G,23,23,736,12.5,0.504,0.521,0.178,238,1.7,12.5,7.2,17,3,0.5,19.2,18,0.4,1.2,1.7,0.091,-1.6,1.7,0.1,NA,marshall,2020
4,Iran Bennett,F,32,30,662,18.4,0.527,0.009,0.432,293,12.2,13.6,12.9,6.6,1.2,5.8,15.6,22.8,1.1,1.1,2.1,0.13,-1.7,0.1,-1.6,NA,marshall,2020
5,Jannson Williams,F,32,22,657,13.8,0.471,0.741,0.215,196,3.6,16.8,10.4,4.4,2,7.3,10.7,17.8,0.4,1.3,1.7,0.102,-0.4,2.4,2,NA,marshall,2020
6,Marko Sarenac,G,32,5,459,11.7,0.572,0.527,0.236,131,5.6,14.1,10,3.7,1.3,2.3,22.2,15.9,0.3,0.7,1,0.084,-0.9,0,-0.8,NA,marshall,2020
7,Darius George,F,31,9,452,18.6,0.593,0.423,0.35,156,7.3,17.5,12.6,4,2.9,3.2,13.8,17,0.8,0.9,1.8,0.156,0.3,1.5,1.9,NA,marshall,2020
8,Mikel Beyers,F,27,7,392,17.8,0.549,0.542,0.284,178,5,15.5,10.4,9.5,1.6,5.2,17.8,25.2,0.5,0.7,1.2,0.123,0.8,0.6,1.4,NA,marshall,2020
9,Goran Miladinovic,C,29,0,296,11.8,0.501,0,0.326,111,11.2,16.2,13.8,5,0.9,4.2,23.1,22.3,0,0.5,0.5,0.065,-5.7,-0.8,-6.5,NA,marshall,2020
10,Cam Brooks-Harris,F,19,0,287,12.5,0.486,0.603,0.178,79,3.6,16.4,10.2,11.2,3,6.1,21.7,16.3,0,0.6,0.6,0.087,-2.6,3.3,0.7,NA,marshall,2020
11,Jeremy Dillon,G,21,0,132,2.4,0.381,0.75,0.313,19,3.9,15.6,9.9,9.1,2.8,0,39.5,10.6,-0.2,0.2,0.1,0.021,-7,2,-5.1,NA,marshall,2020
12,Luke Thomas,G,9,0,46,8.7,0.5,1,0,8,0,2.1,1.1,6.9,2.3,0,0,9,0.1,0,0.1,0.084,-0.2,1.1,0.9,NA,marshall,2020
NA,Team Totals,,32,32,6425,NA,0.526,0.386,0.29,NA,NA,NA,NA,NA,NA,NA,NA,NA,7.7,10.4,18.1,0.112,-0.3,0.9,0.6,NA,marshall,2020
1,Taevion Kinsey,G,22,22,829,23.3,0.602,0.148,0.319,425,6.3,11.7,9.1,14.9,1.1,0.9,10.5,23.6,3.1,0.9,4,0.191,4.7,-1.1,3.6,NA,marshall,2021
2,Andrew Taylor,G,22,22,725,19,0.608,0.379,0.138,280,3.3,15.6,9.7,20.6,2.5,0.7,16.9,17.6,1.8,1.1,2.9,0.158,2.7,1.4,4,NA,marshall,2021
3,Jarrod West,G,21,21,716,20.2,0.568,0.486,0.184,302,2.1,9.1,5.7,29.1,4,0.1,16,18.8,1.9,1.1,3,0.167,2.8,1.6,4.4,NA,marshall,2021
4,Jannson Williams,F,22,21,531,17.3,0.544,0.685,0.146,178,3.3,16.1,9.9,2.5,1.5,8.7,7.3,19,0.8,1,1.8,0.133,1,1.3,2.3,NA,marshall,2021
5,Mikel Beyers,F,22,3,399,17.6,0.559,0.58,0.207,169,2.6,17.4,10.3,10.9,1.9,4.6,16.3,24.2,0.5,0.7,1.2,0.121,1,1,2,NA,marshall,2021
6,Obinna Anochili-Killen,F,22,17,372,13,0.508,0.302,0.635,121,4,14.1,9.2,3.8,1.6,6.1,13.8,19.1,0.3,0.6,0.9,0.098,-3.5,0.8,-2.7,NA,marshall,2021
7,Darius George,F,18,0,270,19.5,0.68,0.412,0.353,97,6.4,15.4,11.1,5,1.8,1.9,13.1,16.6,0.7,0.4,1.1,0.169,2.7,0.4,3.1,NA,marshall,2021
8,David Early,G,22,1,247,11.3,0.529,0.679,0.192,83,1.9,9.5,5.8,7.8,2.4,0.4,16.6,20.3,0.1,0.3,0.5,0.075,-1.2,-0.5,-1.7,NA,marshall,2021
9,Goran Miladinovic,C,22,3,209,13.5,0.52,0.077,0.138,71,9.4,16.9,13.3,2.4,1.3,4.4,17.8,19.8,0.1,0.3,0.5,0.087,-3.4,-0.6,-4,NA,marshall,2021
10,Marko Sarenac,G,11,0,64,4.7,0.457,0.9,0.2,11,5.4,6.7,6.1,2.3,0.9,1.6,21.5,10.7,0,0.1,0,0.029,-2.4,-1,-3.3,NA,marshall,2021
11,Luke Thomas,G,6,0,24,-0.7,0,1,0,1,0,8.9,4.6,5.6,2.3,0,33.3,6.1,-0.1,0,0,-0.039,-6.5,0.7,-5.8,NA,marshall,2021
12,Jeremy Dillon,G,4,0,18,-3.2,0,1,0,0,0,23.7,12.3,0,6.1,0,50,10.9,-0.1,0,0,-0.085,-13.4,3.2,-10.1,NA,marshall,2021
13,Devin Collins,G,4,0,12,10.3,0.417,0.667,0,5,9.6,0,4.6,0,4.6,0,14.3,28.6,0,0,0,-0.001,-4.6,-2.9,-7.5,NA,marshall,2021
14,Iran Bennett,F,1,0,9,-21.8,0,0,0,1,25.6,35.6,30.8,0,0,0,60,27.3,-0.1,0,-0.1,-0.308,-22.9,-4.4,-27.3,NA,marshall,2021
NA,Team Totals,,22,22,4425,NA,0.571,0.41,0.242,NA,NA,NA,NA,NA,NA,NA,NA,NA,9.1,6.5,15.7,0.142,1.4,0.5,2,NA,marshall,2021
1,Andrew Taylor,G,33,33,1162,15.8,0.506,0.449,0.102,489,4,11.7,7.7,23.2,2.8,0.4,17.6,23,1.2,1.1,2.3,0.08,0.8,-0.6,0.2,NA,marshall,2022
2,Taevion Kinsey,G,31,31,1144,18.5,0.495,0.182,0.36,613,6.2,8.6,7.4,22.5,1.4,0.2,12.3,28.3,2.3,0.6,2.9,0.101,1.4,-2.5,-1,NA,marshall,2022
3,Obinna Anochili-Killen,F,33,25,905,21.3,0.559,0.349,0.244,355,7,19,12.8,6.2,1.9,9.3,11.8,20.4,1.7,1.4,3.1,0.138,1.2,1.1,2.3,NA,marshall,2022
4,Mikel Beyers,F,29,24,640,12.4,0.51,0.519,0.296,214,2.6,15,8.6,11.2,2.1,2.1,18.5,19.6,0.3,0.7,1,0.064,-1.3,0.1,-1.2,NA,marshall,2022
5,David Early,G,32,11,602,7.9,0.504,0.736,0.169,163,1.7,11.6,6.5,13.4,1.3,0,19.2,15.6,0.2,0.4,0.6,0.042,-2.8,-1,-3.8,NA,marshall,2022
6,Darius George,F,31,15,565,15.3,0.58,0.347,0.313,176,5.7,15.3,10.3,4.4,2.3,1.7,13.6,16.1,0.8,0.6,1.5,0.103,-0.8,0.3,-0.5,NA,marshall,2022
7,Goran Miladinovic,C,29,25,432,12,0.499,0.214,0.25,123,7.4,20,13.5,4.4,1.3,3.4,16.1,16.4,0.2,0.5,0.7,0.065,-4,-0.9,-4.9,NA,marshall,2022
8,Marko Sarenac,G,28,0,391,11.4,0.553,0.896,0.094,99,1.8,9.5,5.6,5.9,1.7,3.3,13.8,14.1,0.4,0.3,0.7,0.07,-0.7,-0.2,-1,NA,marshall,2022
9,Aymeric Toussaint,G,27,0,271,13,0.698,0,0.46,76,7.2,11.3,9.2,2.6,1.4,2.5,24.7,14.2,0.3,0.2,0.6,0.082,-4.2,-0.2,-4.4,NA,marshall,2022
10,Kyle Braun,G,16,0,197,7.3,0.408,0.764,0.055,50,2.6,8.9,5.7,14,1.7,0.5,13.8,15.8,0,0.1,0.1,0.025,-2.9,-1.2,-4.1,NA,marshall,2022
11,Chase McKey,F,18,1,181,8.8,0.545,0,0.346,37,5.1,17.5,11.1,9,0.9,2.2,28.4,11.1,0,0.2,0.2,0.041,-4.5,-0.5,-4.9,NA,marshall,2022
12,Jeremy Dillon,G,10,0,73,10.3,0.6,0.933,0,18,4.2,7.5,5.8,11.2,0.7,0,16.7,11.7,0.1,0,0.1,0.074,-0.9,-1.9,-2.8,NA,marshall,2022
13,Wyatt Fricks,F,2,0,19,0,0,0.667,0,1,5.4,5.8,5.6,0,2.9,10.3,25,10,-0.1,0,0,-0.083,-5.1,2.9,-2.1,NA,marshall,2022
14,Devin Collins,G,3,0,18,8.7,0.4,0.7,0,7,5.7,0,2.9,0,0,5.5,0,26.4,0,0,0,0.018,-29.1,-6.1,-35.2,NA,marshall,2022
NA,Team Totals,,33,33,6600,NA,0.521,0.394,0.238,NA,NA,NA,NA,NA,NA,NA,NA,NA,7.6,6.2,13.8,0.084,-0.7,-0.6,-1.3,NA,marshall,2022
1,Taevion Kinsey,G,32,32,1209,26.7,0.596,0.094,0.39,702,4.3,9.2,6.8,26.6,2.5,1.3,10.4,25.7,5.1,1.9,7,0.231,6.2,1.4,7.6,NA,marshall,2023
2,Andrew Taylor,G,32,32,1170,19.1,0.504,0.376,0.115,629,3.4,9.9,6.7,23.4,3.2,0,12.9,29.6,2.1,2,4.1,0.14,2.4,0.1,2.5,NA,marshall,2023
3,Kamdyn Curfman,G,32,32,1130,12.2,0.586,0.861,0.122,346,1.5,5.5,3.5,12.9,1.7,0,14.9,15.3,1.8,1.3,3.2,0.112,1.1,-0.3,0.8,NA,marshall,2023
4,Micah Handlogten,C,32,32,810,23.7,0.649,0.078,0.455,268,14.3,26.1,20.3,7.2,2.8,9.1,18.3,13.3,1.9,2.3,4.2,0.208,0.8,3.6,4.5,NA,marshall,2023
5,Obinna Anochili-Killen,F,32,32,810,16.3,0.531,0.228,0.411,267,6,13.7,9.9,6.3,2.2,5.4,10.3,16.9,1.3,1.6,2.9,0.142,-1.7,1.7,0.1,NA,marshall,2023
6,Jacob Conner,F,32,0,670,13.6,0.541,0.667,0.215,165,4,14.3,9.2,8.8,3.4,1.5,11.9,11.9,0.9,1.4,2.3,0.137,-0.5,2.7,2.2,NA,marshall,2023
7,Wyatt Fricks,F,29,0,312,11.6,0.501,0.583,0.323,107,6.5,16.1,11.4,6.5,1.6,2.2,15.9,19.9,0.2,0.6,0.8,0.101,-3.4,-0.2,-3.5,NA,marshall,2023
8,David Early,G,13,0,116,9,0.43,0.59,0.154,39,5.5,15.1,10.4,14.6,1.4,0,16,20.2,0,0.2,0.2,0.073,-2.8,-0.4,-3.2,NA,marshall,2023
9,Goran Miladinovic,C,15,0,102,16.3,0.502,0.138,0.207,38,17.7,14.1,15.9,7.9,0.5,8.6,20.1,18.4,0.1,0.2,0.3,0.122,-3.4,0.3,-3.1,NA,marshall,2023
10,Aymeric Toussaint,G,14,0,80,8.3,0.467,0,0.778,25,11.9,16.7,14.4,5.9,0.7,8.6,28.9,20.4,-0.1,0.2,0.1,0.03,-10.2,0.3,-9.9,NA,marshall,2023
11,Marko Sarenac,G,6,0,29,7.8,0.321,0.917,0.083,9,11,10.6,10.8,5.2,5.7,0,13.8,23.5,0,0.1,0,0.022,-17.8,-5,-22.7,NA,marshall,2023
12,Kyle Braun,G,6,0,26,-3.9,0.3,0.4,0,7,8.2,11.9,10,6,2.1,0,28.6,25.3,-0.1,0,-0.1,-0.101,-15.6,-4.9,-20.5,NA,marshall,2023
13,Creighton Thieneman,G,4,0,10,-25.5,0,0.2,0,0,0,10.3,5.2,0,0,0,16.7,28.2,-0.1,0,-0.1,-0.372,-18.1,-7.6,-25.7,NA,marshall,2023
NA,Team Totals,,32,32,6474,NA,0.55,0.368,0.258,NA,NA,NA,NA,NA,NA,NA,NA,NA,13.2,11.6,24.8,0.154,1.1,1.1,2.2,NA,marshall,2023
1,Kamdyn Curfman,G,33,33,1101,10.1,0.493,0.673,0.167,402,1.2,6,3.5,15,1.5,0.1,14.1,21.9,0.5,0.7,1.2,0.044,-1.2,-1.9,-3.1,NA,marshall,2024
2,Nate Martin,F,33,33,1043,21.3,0.605,0,0.502,403,12.7,20.2,16.3,16.6,1.2,4.1,14.8,15.6,2.8,1.4,4.1,0.158,1.5,0.4,1.9,NA,marshall,2024
3,Kevon Voyles,G,33,33,963,16.6,0.505,0.397,0.154,445,3.8,9.1,6.3,15.3,3.3,0.4,10.1,26.6,1.1,1.1,2.3,0.094,0.1,0.4,0.5,NA,marshall,2024
4,Obinna Anochili-Killen,F,30,30,919,17.4,0.53,0.28,0.502,399,4.8,15.1,9.7,10.8,1.7,3.3,10.5,23.3,1.5,1.1,2.6,0.114,-0.2,0,-0.2,NA,marshall,2024
5,Jacob Conner,F,33,32,875,10.2,0.465,0.577,0.204,220,2.4,17.8,9.8,18.1,2.3,1.9,20.4,14.5,0,1.2,1.2,0.055,-3,1.1,-1.9,NA,marshall,2024
6,Wyatt Fricks,F,31,2,565,12.9,0.513,0.387,0.355,172,5.6,14.6,9.9,4.3,1.4,4.5,13,17.4,0.4,0.7,1.1,0.075,-2.3,0.3,-2,NA,marshall,2024
7,Cameron Crawford,G,24,2,422,11.5,0.464,0.382,0.225,187,4.9,9.3,7,16.6,2.5,0.9,16.9,28.4,-0.2,0.4,0.3,0.025,-3.6,-1.6,-5.2,NA,marshall,2024
8,Ryan Nutter,G,31,0,392,7,0.407,0.475,0.61,88,4.7,9.2,6.9,19,1.7,1.3,22.4,11.8,0.1,0.4,0.4,0.041,-5.3,0.5,-4.8,NA,marshall,2024
9,Kycen Pruett,G,14,0,104,3.9,0.333,0.833,0,20,2.8,11.2,6.9,4.9,1.6,1.9,6.3,14.5,-0.1,0.1,0,0.004,-3,0.7,-2.3,NA,marshall,2024
10,Marko Sarenac,G,16,0,94,9.4,0.394,0.769,0.154,24,6.3,15.8,10.8,9.3,2.3,3.1,3.5,14.5,0,0.1,0.2,0.075,-5,1.5,-3.5,NA,marshall,2024
11,Goran Miladinovic,C,9,0,75,19.9,0.546,0.1,0.4,28,9.1,25.4,17,15.3,2.2,9.2,20.1,18.7,0.1,0.2,0.2,0.122,-2.3,3.2,0.9,NA,marshall,2024
12,Chase McKey,F,5,0,41,-5.8,0.176,0,0.556,4,2.4,5.2,3.7,0,1.3,0,8.1,14.2,-0.1,0,-0.1,-0.085,-10.6,-1.7,-12.4,NA,marshall,2024
13,Creighton Thieneman,G,3,0,7,10.2,0.847,1,1,4,14,30.3,21.8,0,0,0,50.4,40,0,0,0,-0.036,-9,-9.3,-18.3,NA,marshall,2024
NA,Team Totals,,33,33,6601,NA,0.505,0.411,0.291,NA,NA,NA,NA,NA,NA,NA,NA,NA,6.1,7.4,13.4,0.081,-1.3,-0.1,-1.4,NA,marshall,2024
1,Dezayne Mingo,G,31,30,1033,14.1,0.507,0.228,0.407,428,1.8,14.3,7.9,29.3,1.3,0.3,17.5,22.2,1.3,1.3,2.6,0.099,-1.2,-1.1,-2.3,NA,marshall,2025
2,Mikal Dawson,G,33,33,997,14.6,0.539,0.66,0.153,374,4.4,10.8,7.5,9,2,0.7,11.7,21.4,1.5,1.3,2.7,0.109,1.2,-0.7,0.5,NA,marshall,2025
3,Nate Martin,F,33,33,920,19,0.557,0.058,0.592,351,11.9,21.1,16.4,14.2,1.6,3.1,15.6,18,1.8,1.5,3.3,0.146,0.7,0.5,1.2,NA,marshall,2025
4,Jalen Speer,G,31,23,894,11.8,0.523,0.669,0.136,318,1.7,7,4.3,16.5,1.8,0.1,12,20,1.2,1,2.1,0.096,-0.9,-0.5,-1.4,NA,marshall,2025
5,Obinna Anochili-Killen,F,32,32,840,26.9,0.613,0.194,0.548,404,6.3,17.9,12,7.1,1.9,12.7,9.6,24.3,2.6,1.8,4.4,0.21,2.6,3.6,6.2,NA,marshall,2025
6,Cade Gibbs,F,30,0,395,13.5,0.521,0.333,0.25,124,7.9,14.1,10.9,6.5,3.4,1.6,13,17.2,0.4,0.7,1.1,0.116,-3.6,1.3,-2.3,NA,marshall,2025
7,Wyatt Fricks,F,31,3,391,16.9,0.556,0.488,0.306,142,7.7,13.3,10.4,6.9,2.4,5.4,14.2,20.2,0.5,0.7,1.2,0.119,-1,0.4,-0.6,NA,marshall,2025
8,Jakob Gibbs,F,30,0,369,11.1,0.536,0.228,0.684,90,7.6,10.4,9,6.8,1.7,0.9,12.7,11.5,0.5,0.4,1,0.103,-2.4,0,-2.4,NA,marshall,2025
9,Ryan Nutter,G,22,11,346,10.4,0.469,0.451,0.439,109,7.5,4.6,6.1,16.5,2.5,0.3,16.8,16.8,0.3,0.4,0.7,0.08,-4.2,0.2,-4,NA,marshall,2025
10,Kai Spears,G,22,0,144,5.6,0.415,0.409,0.545,28,3.7,11,7.3,11.1,1.6,0.7,17.8,11.4,0,0.2,0.2,0.053,-6.3,0.6,-5.8,NA,marshall,2025
11,Will Moore,G,15,0,111,5.6,0.442,0.827,0,39,0,4.1,2,8.8,1,2.8,11.9,26,-0.1,0.1,0,0.013,-4.8,-2.3,-7.1,NA,marshall,2025
12,Erich Harding,F,15,0,94,11.4,0.547,0,0.3,22,6.9,12.1,9.4,0,0.6,5.6,8,12.9,0.1,0.1,0.2,0.097,-2.9,1.1,-1.8,NA,marshall,2025
13,Kaiden White,G,10,0,63,4.7,0.305,0.636,0.091,15,5.1,7.2,6.1,5.4,3.7,0,8,19.4,-0.1,0.1,0,0.001,-7.7,-1.2,-8.9,NA,marshall,2025
14,Kycen Pruett,G,3,0,16,3.7,0.375,1,0,6,0,14.2,6.9,23.1,0,6.5,20,30.6,0,0,0,-0.047,1.7,2.2,3.8,NA,marshall,2025
15,Creighton Thieneman,G,3,0,8,60.1,1,0.75,0,6,26.9,0,13.8,42.9,14.4,0,20,30.6,0.1,0,0.1,0.436,2.6,20.9,23.5,NA,marshall,2025
16,Grant Moore,F,1,0,4,-27.8,0,1,0,0,0,85,41.4,0,0,0,66.7,36.7,-0.1,0,-0.1,-0.533,NA,NA,NA,NA,marshall,2025
NA,Team Totals,,33,33,6625,NA,0.537,0.403,0.341,NA,NA,NA,NA,NA,NA,NA,NA,NA,10,9.6,19.6,0.118,-0.7,0.3,-0.4,NA,marshall,2025
1,Jalen Speer,G,32,32,1041,16.4,0.523,0.576,0.217,529,1.4,11.9,6.9,29.8,1.9,0.3,13.7,26,2,1,3,0.115,1.8,-1.8,0,NA,marshall,2026
2,Noah Otshudi,G,31,31,978,14.1,0.539,0.193,0.303,450,2.8,8.7,5.9,20.3,1.6,0.1,16.8,24.9,1.2,0.7,1.9,0.079,-1.4,-2.4,-3.8,NA,marshall,2026
3,Wyatt Fricks,F,32,31,934,22.6,0.638,0.427,0.299,436,6,14.8,10.6,9,1.5,5.7,8.8,22.5,2.8,1.1,4,0.17,3.2,-0.3,2.9,NA,marshall,2026
4,Wilson Dubinsky,G,32,0,599,11.5,0.527,0.772,0.228,172,6.7,11.5,9.2,10.1,1.5,0,8.5,13.4,1,0.5,1.5,0.099,0.8,-1.2,-0.4,NA,marshall,2026
5,Caleb Hollenbeck,G,32,27,554,10.8,0.578,0.901,0.079,168,3.7,6.1,4.9,9.7,0.9,0,8.2,15,1,0.3,1.2,0.087,-0.9,-2.6,-3.5,NA,marshall,2026
6,Landen Joseph,G,31,6,550,19.4,0.61,0.514,0.268,242,4,11,7.7,20.6,3.7,1.6,15.8,21.3,1.2,0.7,1.9,0.141,2,0.6,2.6,NA,marshall,2026
7,Matthew Van Komen,C,22,20,461,23.7,0.748,0,0.442,170,14.4,25,19.9,4.9,0.6,13.9,23.8,16,1,0.8,1.9,0.162,1,1.8,2.9,NA,marshall,2026
8,Erich Harding,F,32,12,458,12.3,0.596,0.026,0.679,131,11,9.8,10.4,5.3,1.1,4.8,17.6,13.3,0.6,0.4,1,0.088,-3.3,-0.6,-3.9,NA,marshall,2026
9,Shamarrie Hugie,G,26,1,322,13.3,0.587,0.358,0.42,106,5.3,15.9,10.9,6.7,2.1,1,16.4,17.6,0.4,0.4,0.8,0.094,-1.6,-1.2,-2.8,NA,marshall,2026
10,Andrew Fuquay,F,29,0,216,17.1,0.664,0.245,0.449,74,8.5,17.9,13.4,4.7,1.8,5.1,11.9,15.3,0.5,0.3,0.8,0.153,-1.9,0,-1.9,NA,marshall,2026
11,Bryce Slay,G,24,0,207,9.3,0.476,0.609,0.348,57,5.5,8.1,6.9,10.3,2.7,1.6,13,14.5,0.2,0.2,0.4,0.075,-3.9,0.4,-3.5,NA,marshall,2026
12,Kai Spears,G,15,0,73,13.6,0.444,0.125,0.563,23,9.4,14.3,12,12.5,4.6,0,4.7,14.2,0.1,0.1,0.2,0.136,-5,3.4,-1.6,NA,marshall,2026
13,Grant Moore,F,2,0,7,4,0.5,1,0,2,0,15,7.8,0,0,15.8,25,27.9,0,0,0,-0.045,-14,-0.8,-14.8,NA,marshall,2026
NA,Team Totals,,32,32,6400,NA,0.577,0.444,0.291,NA,NA,NA,NA,NA,NA,NA,NA,NA,12.1,6.5,18.6,0.116,0.2,-0.9,-0.7,NA,marshall,2026
1,Will Barton,G,35,25,1070,16.8,0.502,0.377,0.213,427,5.4,12.9,9.3,19.5,2.9,1.6,17.2,23.8,1.3,1.7,3,0.111,1.5,1.8,3.3,NA,memphis,2011
2,Chris Crawford,G,35,19,920,11.4,0.438,0.59,0.124,262,2.1,11,6.7,23.5,3.5,1.7,21.9,18,0.1,1.4,1.6,0.067,-0.7,2.7,2,NA,memphis,2011
3,Antonio Barton,G,35,12,861,14.3,0.591,0.468,0.414,265,1.8,9.7,5.9,13.4,1.7,0.7,15.6,16.4,1.6,0.9,2.6,0.119,1.7,1.2,2.9,NA,memphis,2011
4,Tarik Black,F,35,24,792,20,0.547,0,0.545,306,14.4,11.3,12.8,3.2,2,7.3,13.9,20.9,1.6,1.2,2.8,0.143,0.5,1.6,2.1,NA,memphis,2011
5,Charles Carmouche,G,32,28,791,13.3,0.534,0.478,0.462,231,2.7,12.1,7.6,12.7,2.9,1.2,15.9,16.4,1.1,1.2,2.3,0.115,-0.1,2.8,2.7,NA,memphis,2011
6,Joe Jackson,G,35,27,765,15,0.532,0.239,0.573,362,4.2,6.8,5.6,29.3,2.6,0.7,26.2,28.2,0.6,0.9,1.5,0.079,0.1,-0.3,-0.1,NA,memphis,2011
7,Will Coleman,F,35,15,671,18,0.628,0,0.522,214,8,18.6,13.4,3.1,0.9,4.9,16.2,17.1,1.3,1.1,2.3,0.139,0.2,1.4,1.6,NA,memphis,2011
8,Wesley Witherspoon,F,23,11,526,18.3,0.615,0.28,0.744,197,7,14.2,10.7,8.5,2.8,1.8,19.5,19.6,1.2,0.8,2,0.153,1.6,2,3.6,NA,memphis,2011
9,D.J. Stephens,F,32,4,358,21.8,0.64,0.026,0.256,109,12.3,14.6,13.5,8,2.6,7.5,14.6,14.1,0.9,0.7,1.5,0.169,3.1,3.5,6.7,NA,memphis,2011
10,Drew Barham,G,27,10,190,10.1,0.411,0.738,0.164,61,11.9,12.3,12.1,12.8,2.1,2.2,16.5,20.4,0.1,0.3,0.3,0.072,-2.4,0.6,-1.8,NA,memphis,2011
11,Angel Garcia,F,9,0,104,17.6,0.511,0.421,0.553,45,9.1,17.1,13.3,1.9,1.1,3,11.1,25.5,0.2,0.2,0.4,0.147,-1,-1.6,-2.5,NA,memphis,2011
12,Hippolyte Tsafack,F,3,0,16,-0.2,0.508,0,1,2,0,7,3.6,0,0,6.5,40.4,15.2,0,0,0,-0.053,-8.3,-0.3,-8.5,NA,memphis,2011
13,Charles Holt,G,4,0,5,35.9,1.5,1,0,1,0,22.3,11.5,0,0,0,0,9.8,0,0,0,0.211,15.8,4.1,19.9,NA,memphis,2011
14,Trey Draper,G,3,0,4,-35.8,0,1,0,0,0,0,0,0,0,0,0,36.8,0,0,0,-0.457,-34.3,-14.6,-48.9,NA,memphis,2011
15,Preston Laird,G,2,0,2,-8.5,NA,NA,NA,0,0,0,0,0,0,0,NA,0,0,0,0,0.02,-16.4,2.2,-14.2,NA,memphis,2011
NA,Team Totals,,35,35,7075,NA,0.538,0.324,0.396,NA,NA,NA,NA,NA,NA,NA,NA,NA,9.8,10.4,20.2,0.114,0.6,1.7,2.3,NA,memphis,2011
1,Will Barton,G,35,34,1236,26.6,0.587,0.237,0.396,617,7.6,20.2,14.2,17.4,2.4,2.1,12.3,25.8,4.6,2.6,7.2,0.232,6.9,2.8,9.8,NA,memphis,2012
2,Chris Crawford,G,35,24,997,17.8,0.542,0.471,0.145,342,1.2,12.1,7,25.1,3.8,2.9,19.4,19.1,1.6,2,3.6,0.144,3.4,4.5,8,NA,memphis,2012
3,Joe Jackson,G,34,19,914,18.5,0.557,0.245,0.646,400,1.6,8.4,5.2,25.9,2.7,0.6,19.8,23.9,2.1,1.4,3.5,0.154,2.3,1.7,4.1,NA,memphis,2012
4,Tarik Black,F,35,31,895,22.2,0.673,0,0.684,333,10.7,13.1,12,1.3,1.5,6.2,14,18.7,2.8,1.5,4.3,0.194,3.2,2.7,5.9,NA,memphis,2012
5,Antonio Barton,G,34,19,743,12.8,0.588,0.441,0.265,212,1.1,11.7,6.7,13,1.3,0.6,18.3,16.4,1.1,1,2.1,0.112,1.6,1.8,3.3,NA,memphis,2012
6,Wesley Witherspoon,F,33,9,725,17.3,0.568,0.389,0.605,237,6.4,14.2,10.5,8.6,3.9,2,16.4,17.9,1.4,1.6,2.9,0.162,2.1,4.3,6.4,NA,memphis,2012
7,Adonis Thomas,F,19,8,455,15.9,0.555,0.264,0.171,148,4.1,12.3,8.5,6.5,1.4,3.2,13.7,20.1,0.7,0.7,1.4,0.12,2.7,1.6,4.3,NA,memphis,2012
8,Ferrakohn Hall,F,27,23,451,9.1,0.502,0.012,0.388,105,7.7,14,11,5.1,0.9,3,19.9,14.5,0.2,0.7,0.9,0.081,-1.9,2.3,0.4,NA,memphis,2012
9,D.J. Stephens,F,28,0,233,19.8,0.675,0.143,0.381,60,8,17.9,13.3,0.8,2,9.5,10.8,12.4,0.6,0.5,1.1,0.186,2.2,4.9,7.1,NA,memphis,2012
10,Stan Simpson,F,30,4,206,7.5,0.44,0.043,0.34,53,11,12.2,11.6,3.4,0.6,8.7,22.7,17.9,0,0.3,0.3,0.056,-6.3,2.3,-4,NA,memphis,2012
11,Charles Carmouche,G,7,4,121,20.3,0.547,0.371,0.314,45,2.2,15.8,9.4,20.1,4.4,2.6,13,19.9,0.3,0.3,0.6,0.188,3.3,5.9,9.2,NA,memphis,2012
12,Hippolyte Tsafack,F,13,0,39,10.6,0.609,0,0.857,11,6.8,9.2,8.1,0,0,0,9.2,14.5,0.1,0,0.1,0.134,-1.8,0.4,-1.4,NA,memphis,2012
13,Charles Holt,G,12,0,30,7.5,0.505,0.778,0.444,10,4.4,19.9,12.6,0,0,0,21.6,24.1,0,0,0,0.052,-3.5,-0.9,-4.4,NA,memphis,2012
14,Preston Laird,G,8,0,15,-5.1,0.216,0.833,0.333,3,0,8,4.2,0,0,0,0,24.1,-0.1,0,0,-0.1,-12.7,-4,-16.7,NA,memphis,2012
15,Trey Draper,G,10,0,15,-11.6,0,1,1,0,0,15.9,8.4,0,0,0,25.3,13.7,-0.1,0,-0.1,-0.166,-14.2,-3,-17.2,NA,memphis,2012
NA,Team Totals,,35,35,7075,NA,0.575,0.269,0.413,NA,NA,NA,NA,NA,NA,NA,NA,NA,15.2,12.7,27.9,0.158,2.7,2.9,5.6,NA,memphis,2012
1,Joe Jackson,G,36,36,1175,20.2,0.613,0.262,0.491,497,1.7,10.4,6.1,27.8,2.9,0.6,20.3,20.9,3.2,1.9,5.2,0.175,3,2.5,5.5,NA,memphis,2013
2,Adonis Thomas,F,36,36,1056,15.6,0.482,0.232,0.295,409,6.1,12,9,12.4,1.3,2.4,11.7,22.9,1.7,1.5,3.2,0.123,1.4,0.6,2,NA,memphis,2013
3,Chris Crawford,G,36,10,982,18.9,0.567,0.587,0.191,364,1.9,14.8,8.3,21.6,3.2,1.4,15.4,19.5,2.3,1.9,4.2,0.17,3.6,3.6,7.1,NA,memphis,2013
4,Geron Johnson,G,33,26,949,16.7,0.54,0.42,0.227,359,5.7,13.4,9.6,22.9,3.6,1.5,23.4,21.4,1.2,1.9,3.1,0.13,1,3.3,4.3,NA,memphis,2013
5,D.J. Stephens,F,36,28,851,24.8,0.672,0.212,0.4,252,10.2,23.1,16.6,5.2,2.2,11.4,10.6,13,2.5,2.2,4.6,0.217,4.6,5.4,10,NA,memphis,2013
6,Shaq Goodwin,F,36,33,744,17.1,0.509,0.025,0.593,283,12,13.5,12.7,11.8,2.9,5.5,19.7,21.4,1,1.5,2.5,0.135,-1.4,3.1,1.8,NA,memphis,2013
7,Tarik Black,F,32,5,664,16.7,0.561,0,0.663,233,10.3,17.4,13.8,4.1,1.9,3.1,15.7,20.1,1,1.3,2.3,0.138,-0.9,1.9,0.9,NA,memphis,2013
8,Antonio Barton,G,26,0,433,13.9,0.525,0.579,0.298,133,2.2,6.9,4.5,11.9,2.9,0.9,13.2,18,0.6,0.6,1.3,0.119,0.8,2.2,3,NA,memphis,2013
9,Ferrakohn Hall,F,29,3,153,5.9,0.398,0.026,0.333,43,12.3,17.1,14.7,9,0.8,2.7,26.2,19.6,-0.1,0.2,0.1,0.031,-7.1,0.1,-7,NA,memphis,2013
10,Damien Wilson,F,28,0,133,10.4,0.538,0.132,0.368,46,8.9,14.3,11.6,8.5,2.2,2.3,33,24.6,-0.1,0.2,0.1,0.03,-4.8,0.5,-4.3,NA,memphis,2013
11,Stan Simpson,F,14,3,84,6.7,0.481,0,0.182,22,11.2,9.9,10.6,0,0.7,6.1,25.1,18.6,0,0.1,0.1,0.041,-7.5,0.5,-7,NA,memphis,2013
12,Anthony Cole,G,8,0,9,6.2,0,0.5,0,0,0,66.2,32.9,0,6.4,11.4,0,10.9,0,0,0,0.081,-14.9,10.9,-4,NA,memphis,2013
13,Trey Draper,G,8,0,9,2.8,0.641,0.5,2,5,0,0,0,19.8,0,0,43.5,37.6,0,0,0,-0.085,-4.9,-6.3,-11.2,NA,memphis,2013
14,Charles Holt,G,3,0,8,-5.5,0,0.5,0,1,0,0,0,18.6,0,0,0,12.2,0,0,0,-0.09,-7.2,-3.5,-10.7,NA,memphis,2013
15,Hippolyte Tsafack,F,1,0,1,-17.4,NA,NA,NA,0,0,0,0,0,0,0,NA,0,0,0,0,0.042,-24.3,2.1,-22.2,NA,memphis,2013
NA,Team Totals,,36,36,7251,NA,0.55,0.286,0.372,NA,NA,NA,NA,NA,NA,NA,NA,NA,13.2,13.4,26.6,0.147,1.3,2.7,4,NA,memphis,2013
1,Joe Jackson,G,34,33,1129,18.4,0.545,0.241,0.546,499,3.6,8.3,6,24.2,2.6,0.2,14.3,21.9,2.7,1.6,4.4,0.154,3.1,2.1,5.2,NA,memphis,2014
2,Chris Crawford,G,34,31,1012,12.9,0.516,0.745,0.106,291,1.5,13.1,7.4,16.6,2.9,0.9,15.6,16.3,1,1.8,2.7,0.108,1.6,3,4.6,NA,memphis,2014
3,Shaq Goodwin,F,34,33,981,20.5,0.594,0.004,0.612,384,10.1,14.9,12.6,11.2,2.5,5.9,18.8,19.9,1.7,2,3.7,0.151,2.3,3.7,6,NA,memphis,2014
4,Geron Johnson,G,34,32,948,13.6,0.477,0.339,0.325,340,6.4,12.9,9.8,21.8,2.7,1.5,20.4,20.2,0.6,1.7,2.2,0.093,0.3,2.4,2.7,NA,memphis,2014
5,Austin Nichols,F,34,33,774,18.1,0.586,0.004,0.292,265,6.4,14.3,10.4,4.2,0.9,5.1,11.2,18.9,1.3,1.2,2.5,0.132,2,1.7,3.7,NA,memphis,2014
6,Michael Dixon,G,34,3,773,20.2,0.603,0.458,0.333,366,2.5,8,5.3,20,3.2,0.5,14.2,24.3,2.2,1.2,3.4,0.176,3.8,2.7,6.5,NA,memphis,2014
7,David Pellom,F,30,0,406,16.8,0.658,0,0.383,122,10.7,13.1,11.9,7.9,1.5,1.4,15.8,13.5,0.8,0.6,1.5,0.143,2.2,1.7,3.9,NA,memphis,2014
8,Nick King,F,34,0,377,21.9,0.541,0.14,0.746,162,14.3,18.7,16.5,5.9,2.7,2.5,10.4,22.1,0.8,0.8,1.6,0.171,3,1.3,4.2,NA,memphis,2014
9,Kuran Iverson,F,19,0,172,8.8,0.427,0.2,0.467,51,6.6,13.3,10,13.8,2,2.2,23.6,20.2,-0.2,0.3,0.1,0.027,-2.8,0.4,-2.4,NA,memphis,2014
10,Dominic Woodson,F,20,0,136,11.8,0.421,0,0.25,52,13.5,17.6,15.6,10.9,2.5,3.5,15.9,24.5,0,0.3,0.2,0.073,-5.4,1.3,-4.1,NA,memphis,2014
11,Damien Wilson,F,15,0,106,8.2,0.463,0.28,0.44,28,5.4,10.2,7.9,9.5,2.7,0,20.9,17.4,0,0.2,0.1,0.05,-3.9,0.4,-3.5,NA,memphis,2014
12,Trey Draper,G,11,0,16,-13.4,0.121,0.4,0.5,6,35.7,0,17.4,0,0,0,13.9,43.4,-0.1,0,-0.1,-0.311,-18.1,-17.6,-35.7,NA,memphis,2014
13,Anthony Cole,G,5,0,10,27.4,0.612,0,1.333,6,11.4,10.9,11.1,0,0,0,0,23.7,0.1,0,0.1,0.29,4.1,-0.9,3.2,NA,memphis,2014
14,Jake McDowell,G,10,0,10,7.6,0.303,0.25,0.5,3,0,21.7,11.1,0,5.7,0,0,23.9,0,0,0,0.042,-9.8,1.8,-8,NA,memphis,2014
NA,Team Totals,,34,34,6850,NA,0.547,0.275,0.399,NA,NA,NA,NA,NA,NA,NA,NA,NA,10.8,11.7,22.5,0.131,1.8,2.3,4.1,NA,memphis,2014
1,Avery Woodson,G,32,30,872,10.7,0.529,0.714,0.123,220,1.1,8.8,5,7.9,2.2,1,12.4,16,1,1.3,2.4,0.108,-0.7,1.8,1.1,NA,memphis,2015
2,Shaq Goodwin,F,31,24,803,21.1,0.58,0.087,0.529,299,11.6,19.7,15.7,12.7,1.5,4.7,19.1,20.3,1.6,1.6,3.2,0.162,2.9,2.2,5.1,NA,memphis,2015
3,Austin Nichols,F,27,26,796,24.1,0.517,0.03,0.293,318,7.9,15.7,11.9,7.6,1.6,12.5,9.9,24.6,1.5,1.8,3.3,0.166,3.3,3.8,7.1,NA,memphis,2015
4,Trahson Burrell,F,31,11,741,20.6,0.517,0.295,0.346,290,11.5,13.2,12.4,16.6,2.2,2.4,12.2,21.4,1.7,1.3,3,0.165,4.3,1.7,6,NA,memphis,2015
5,Markel Crawford,G,30,22,682,11.8,0.499,0.5,0.157,177,2.7,8.9,5.9,15.1,2.9,0.5,16.8,16,0.6,1.1,1.7,0.099,-0.9,2.2,1.3,NA,memphis,2015
6,Kedren Johnson,G,27,17,634,10.7,0.539,0.472,0.347,189,1.5,8.9,5.2,22,1.1,0.8,24.4,17.8,0.6,0.8,1.4,0.085,-0.8,0,-0.8,NA,memphis,2015
7,Nick King,F,28,7,528,17.4,0.461,0.131,0.404,202,11.3,17.6,14.5,11,1.8,1.8,11.7,23.9,0.7,1,1.7,0.128,1.2,0.5,1.7,NA,memphis,2015
8,Calvin Godfrey,F,31,9,438,16.6,0.481,0,0.522,139,12,16.9,14.5,4.5,2.5,5.8,13.8,19.4,0.5,1,1.5,0.133,-1.7,2.1,0.3,NA,memphis,2015
9,Pookie Powell,G,27,11,416,10.3,0.467,0.456,0.211,135,1.1,8.6,5,33.4,2.9,1,30.1,22,-0.2,0.7,0.5,0.044,-2,0.3,-1.7,NA,memphis,2015
10,D'Marnier Cunningham,G,20,0,217,10.7,0.428,0.169,0.186,64,1.6,6.2,4,29.2,4.2,2,25.5,20.3,-0.1,0.4,0.3,0.056,-3.3,2.4,-0.9,NA,memphis,2015
11,Chris Hawkins,F,18,2,205,14.6,0.525,0.098,0.341,54,11.9,14.8,13.4,9.3,2.1,1,17.3,14.3,0.3,0.4,0.6,0.124,0.2,1.3,1.5,NA,memphis,2015
12,Kuran Iverson,F,8,0,94,15,0.584,0.192,0.462,37,7.4,10.7,9.1,17.6,1.9,4.5,29.1,24.3,0.1,0.2,0.2,0.094,-1.3,2.3,1,NA,memphis,2015
13,Jake McDowell,G,10,1,24,1.3,0.313,0.25,0,5,0,18.7,9.5,7.7,5.1,0,20,21.3,-0.1,0.1,0,-0.002,-13,3.5,-9.5,NA,memphis,2015
NA,Team Totals,,32,32,6450,NA,0.513,0.277,0.316,NA,NA,NA,NA,NA,NA,NA,NA,NA,8.3,11.5,19.8,0.123,0.7,1.8,2.5,NA,memphis,2015
1,Dedric Lawson,F,33,32,1062,19.7,0.49,0.18,0.409,526,10,19.6,14.8,16.9,2,5.1,16.4,27.8,1,2.4,3.5,0.131,2.4,2.1,4.5,NA,memphis,2016
2,Ricky Tarrant,G,34,33,1006,15.3,0.527,0.495,0.632,396,1.3,7.9,4.6,20.4,2.5,0.1,11.9,19.8,2,1.7,3.6,0.144,1.2,2.2,3.4,NA,memphis,2016
3,Shaq Goodwin,F,33,32,976,22,0.549,0.036,0.639,460,8,18,13,10.6,1.8,6.1,12.9,24,2.1,2.2,4.3,0.178,2.6,2.9,5.5,NA,memphis,2016
4,Avery Woodson,G,32,15,840,14.1,0.597,0.752,0.168,260,1.2,8.8,5,10.5,1.7,1.1,7.9,15.4,1.7,1.3,3,0.143,2.6,2.1,4.7,NA,memphis,2016
5,Trahson Burrell,F,32,10,766,21.2,0.525,0.34,0.291,340,9.6,16.7,13.1,23.1,2.5,2.8,12.1,21,1.8,1.7,3.4,0.18,4.8,3.2,7.9,NA,memphis,2016
6,Markel Crawford,G,33,24,657,11.7,0.51,0.161,0.406,173,2.9,13.7,8.3,13,2.3,1,15,14.2,0.5,1.3,1.8,0.108,-1.6,3.1,1.5,NA,memphis,2016
7,Jeremiah Martin,G,29,5,399,8.8,0.422,0.256,0.423,89,2.8,5.1,4,14.8,3.3,1.7,16.1,13,0,0.7,0.7,0.075,-2.6,3.9,1.3,NA,memphis,2016
8,Nick Marshall,F,31,1,274,18.3,0.548,0,0.253,95,13,18.3,15.7,5.3,1.4,4.7,12.8,17.2,0.4,0.6,1,0.149,0.1,1.4,1.5,NA,memphis,2016
9,Sam Craft,G,17,7,211,5.2,0.395,0.341,0.136,41,1.9,7.8,4.8,13.2,1.5,0.5,14.6,12.1,0,0.3,0.3,0.054,-4.5,1.8,-2.7,NA,memphis,2016
10,K.J. Lawson,F,10,2,197,11.9,0.462,0.127,0.718,85,5.2,13,9.1,11,1.7,3,16.6,26.9,0,0.4,0.4,0.075,-2.8,1,-1.8,NA,memphis,2016
11,Craig Randall,G,24,5,181,2.9,0.343,0.597,0.111,51,3.4,14.1,8.7,11.5,1.8,1.6,19.2,24,-0.4,0.3,-0.1,-0.025,-5.8,0.2,-5.6,NA,memphis,2016
12,Jake McDowell,G,24,2,129,2.2,0.487,0,0.417,15,2.4,4.8,3.6,5.2,1.3,0,25.8,7,0,0.2,0.1,0.045,-6.7,2.2,-4.5,NA,memphis,2016
13,Kedren Johnson,G,10,2,91,1.8,0.48,0.381,0.19,19,2.2,12.4,7.3,2,0.6,0,28.2,16.3,-0.1,0.1,0,0.005,-7.1,-0.6,-7.7,NA,memphis,2016
14,Caleb Wallingford,G,11,0,30,-0.3,0.251,0.556,0.222,7,6.8,6.8,6.8,17.4,0,0,16.7,18.5,-0.1,0,0,-0.041,-6.8,-1.8,-8.6,NA,memphis,2016
15,Dante Scott,G,10,0,27,-9,0.122,0.4,0.2,4,3.8,18.9,11.3,0,2,0,0,28.2,-0.2,0.1,-0.1,-0.161,-16.2,-4.2,-20.4,NA,memphis,2016
16,Raquan Mitchell,G,1,0,4,-1,NA,NA,NA,0,0,25.6,12.8,39.1,0,0,100,11.6,0,0,0,-0.092,-5.9,-0.9,-6.7,NA,memphis,2016
NA,Team Totals,,34,34,6850,NA,0.511,0.299,0.419,NA,NA,NA,NA,NA,NA,NA,NA,NA,8.7,13.2,22,0.128,0.8,2.3,3.1,NA,memphis,2016
1,Jeremiah Martin,G,32,32,1114,15.3,0.535,0.336,0.447,355,2.5,7.2,4.9,22.8,3,2.3,17,16.3,1.6,1.6,3.1,0.112,0.6,2.3,2.9,NA,memphis,2017
2,Dedric Lawson,F,32,32,1104,27.3,0.542,0.237,0.437,606,9.1,22.8,15.9,20.5,2.1,6.9,11.8,28.5,3.2,2.3,5.4,0.197,5.9,2.7,8.6,NA,memphis,2017
3,K.J. Lawson,F,32,31,1078,14.4,0.47,0.185,0.325,410,7.4,19.3,13.3,15.5,0.8,1.4,13.6,22.1,1,1.5,2.5,0.093,0.1,-0.4,-0.3,NA,memphis,2017
4,Markel Crawford,G,32,29,1036,17.3,0.576,0.404,0.292,371,3.9,11.3,7.5,11.4,2.5,0.4,11,18.9,2.1,1.4,3.5,0.137,2,1.4,3.4,NA,memphis,2017
5,Jimario Rivers,G,31,19,686,14.9,0.572,0.028,0.424,193,7.2,10.1,8.6,7.8,1.7,4.4,12.2,14.1,1.1,0.9,2,0.119,-0.2,1.9,1.7,NA,memphis,2017
6,Craig Randall,G,32,0,579,8.9,0.464,0.753,0.175,157,2.6,6,4.3,10.2,2,1,13.5,17.6,0.1,0.6,0.7,0.05,-1.5,-0.1,-1.6,NA,memphis,2017
7,Keon Clergeot,G,26,2,257,10.5,0.527,0.568,0.541,90,3.8,9.2,6.5,7,1.1,0,16.2,21.2,0.2,0.3,0.5,0.076,-1.6,-1.1,-2.8,NA,memphis,2017
8,Christian Kessee,G,29,0,218,6.9,0.447,0.737,0.211,58,1,8.7,4.8,17.5,0.8,0,13.8,16.4,0.1,0.2,0.3,0.053,-3.6,-0.8,-4.5,NA,memphis,2017
9,Chad Rykhoek,F,15,13,212,11.4,0.506,0.035,0.596,69,6.2,11.6,8.9,10.1,1.3,4.2,17.9,20.6,0,0.3,0.3,0.06,-4.8,0.1,-4.6,NA,memphis,2017
10,Jake McDowell,G,15,1,108,9.1,0.41,0.083,0.25,16,11.1,8.3,9.7,3,2.6,1,6.9,6.6,0.1,0.1,0.2,0.086,-2,1.5,-0.4,NA,memphis,2017
11,Alex Moffatt,F,9,1,25,1.9,0.286,0.286,0,5,13.1,9,11.1,0,2.3,4.5,30,19.6,-0.1,0,0,-0.075,-7,-2.8,-9.8,NA,memphis,2017
12,Jonathan Bins,G,8,0,19,17.9,0.5,0.375,0,10,5.7,0,2.9,52.4,0,0,11.1,23.2,0.1,0,0.1,0.148,4.4,-3.8,0.6,NA,memphis,2017
13,Kaleb Castro,G,7,0,14,10.6,0.75,0.75,0,4,0,8,3.9,0,0,0,20,17.5,0,0,0,0.075,-0.8,-2.2,-2.9,NA,memphis,2017
NA,Team Totals,,32,32,6450,NA,0.523,0.318,0.367,NA,NA,NA,NA,NA,NA,NA,NA,NA,9.5,9.2,18.8,0.116,0.9,1.1,2,NA,memphis,2017
1,Kyvon Davenport,F,34,34,995,21.4,0.605,0.367,0.51,409,8.8,16.4,12.7,6.1,1.3,5.1,13.1,22.2,2.7,1.1,3.8,0.153,3.4,0.2,3.7,NA,memphis,2018
2,Jeremiah Martin,G,27,26,936,25.2,0.577,0.441,0.523,489,2.6,12,7.4,25.5,3.9,2.2,14.2,28.3,3,1.3,4.3,0.183,6,2.7,8.7,NA,memphis,2018
3,Jamal Johnson,G,34,26,901,10.4,0.504,0.705,0.33,222,3.4,11.3,7.4,7.4,1.5,2.1,12.2,15.1,0.9,0.7,1.6,0.072,-0.3,0,-0.2,NA,memphis,2018
4,Kareem Brewton Jr.,G,34,14,832,12.7,0.489,0.305,0.338,316,4.8,8.4,6.6,20.8,2.2,0.3,18.4,24,0.6,0.6,1.2,0.057,-1,-0.8,-1.8,NA,memphis,2018
5,Jimario Rivers,G,32,24,761,13.2,0.547,0.091,0.461,238,7.3,10.8,9.1,16.2,1.6,2.7,22.4,17.5,0.8,0.6,1.5,0.077,-0.9,0.4,-0.5,NA,memphis,2018
6,Mike Parks Jr.,F,34,33,753,16.9,0.581,0.033,0.287,263,11,13.5,12.3,6.6,0.6,3.5,16.5,19.5,1.3,0.6,1.9,0.101,0.4,-0.9,-0.5,NA,memphis,2018
7,Raynere Thornton,F,34,11,702,12.7,0.542,0.414,0.656,189,6.5,16,11.4,11,1.8,0.7,18.5,15.1,0.8,0.7,1.5,0.085,0.1,0.2,0.3,NA,memphis,2018
8,David Nickelberry,F,33,0,360,9.6,0.467,0.348,0.174,99,4.5,14.1,9.4,17.4,2,1.7,23.7,18.7,-0.1,0.4,0.3,0.03,-2.8,-0.3,-3.1,NA,memphis,2018
9,Victor Enoh,F,34,1,301,6.3,0.495,0,1.083,61,9.1,13.3,11.2,4.3,0.2,0.8,23.8,12.2,0.1,0.2,0.2,0.033,-3.8,-1.5,-5.3,NA,memphis,2018
10,Malik Rhodes,G,26,0,264,6.9,0.497,0.685,0.444,73,0.5,4,2.3,22.8,0.9,0,24.3,16.9,0.1,0.1,0.2,0.029,-2.8,-2.4,-5.2,NA,memphis,2018
11,Karim Sameh Azab,F,15,1,84,3,0.334,0,0.143,16,1.5,14,7.9,11.5,0.7,2.9,15.1,16.2,-0.1,0.1,0,-0.018,-6.3,-1.4,-7.7,NA,memphis,2018
12,Alex Moffatt,F,2,0,7,-18.4,0,0,0,0,0,0,0,0,0,0,50,14.7,0,0,0,-0.248,-18,-5.2,-23.2,NA,memphis,2018
13,Evin Olds,G,1,0,2,0,NA,NA,NA,0,0,0,0,0,0,0,NA,0,0,0,0,-0.006,-3.9,-0.5,-4.4,NA,memphis,2018
14,Jesse Johnson,F,1,0,2,0,NA,NA,NA,0,0,0,0,0,0,0,NA,0,0,0,0,-0.006,-2.5,-1.2,-3.7,NA,memphis,2018
NA,Team Totals,,34,34,6900,NA,0.545,0.346,0.436,NA,NA,NA,NA,NA,NA,NA,NA,NA,10,6.4,16.4,0.095,0.6,0.1,0.7,NA,memphis,2018
1,Jeremiah Martin,G,36,36,1230,24.3,0.577,0.391,0.543,698,3.5,10.1,6.8,24.6,3.4,2.1,13.4,26.3,4.1,2.1,6.2,0.202,6.8,3.2,10,NA,memphis,2019
2,Kyvon Davenport,F,36,23,940,20.2,0.569,0.305,0.446,438,9.9,19,14.4,7.4,1.4,3.3,11.7,22.8,2.3,1.6,3.9,0.167,3.1,1.1,4.2,NA,memphis,2019
3,Raynere Thornton,F,36,32,938,13.9,0.566,0.262,0.366,266,9.1,16.6,12.8,6.6,2.1,2.5,19.4,13.6,1.1,1.6,2.7,0.116,1.1,2.3,3.5,NA,memphis,2019
4,Tyler Harris,G,36,15,919,10.9,0.513,0.717,0.177,358,1.5,6.2,3.9,13.3,1.3,0,14,22,1,0.9,2,0.086,0.8,-0.3,0.4,NA,memphis,2019
5,Kareem Brewton Jr.,G,36,21,801,13.9,0.536,0.305,0.228,299,4.4,11.7,8.1,18.6,2.9,0.4,19.5,19.3,0.9,1.3,2.2,0.109,-0.1,2.5,2.4,NA,memphis,2019
6,Alex Lomax,G,35,11,696,10.4,0.453,0.207,0.433,218,4.9,10.8,7.9,20.6,2.7,0.6,23.3,16.9,0.2,1.1,1.2,0.071,-1.1,2.3,1.2,NA,memphis,2019
7,Antwann Jones,G,35,6,582,12.2,0.538,0.333,0.341,181,3.4,16.2,9.8,18.3,2.1,2.7,25,16,0.4,1,1.4,0.097,-0.1,2.9,2.8,NA,memphis,2019
8,Mike Parks Jr.,F,35,26,532,15.1,0.597,0.062,0.386,188,10.7,11.9,11.3,2.5,1.2,4.4,19.3,18.3,0.7,0.8,1.4,0.109,-0.6,1,0.4,NA,memphis,2019
9,Isaiah Maurice,F,36,9,481,13.3,0.546,0.238,0.256,178,4.8,20.5,12.6,5,0.7,6.4,17.9,21.3,0.4,0.8,1.2,0.102,-2.5,1.9,-0.6,NA,memphis,2019
10,Victor Enoh,F,11,1,67,4.8,0.457,0,2.5,11,11.4,6.5,9,0,0.8,1.6,25.5,8,0,0.1,0.1,0.046,-2.7,-0.1,-2.8,NA,memphis,2019
11,David Wingett,G,4,0,22,-3.9,0.1,0.8,0,2,0,5,2.5,0,7.2,5,0,20.8,-0.1,0.1,-0.1,-0.102,-10.1,3.7,-6.3,NA,memphis,2019
12,Evin Olds,G,8,0,16,19.1,0.769,0.667,2,8,6.8,6.8,6.8,0,3.3,0,25.5,22.4,0.1,0,0.1,0.219,-3.2,3.5,0.3,NA,memphis,2019
NA,Team Totals,,36,36,7224,NA,0.547,0.361,0.373,NA,NA,NA,NA,NA,NA,NA,NA,NA,11.1,11.4,22.5,0.124,1.4,1.9,3.3,NA,memphis,2019
1,Precious Achiuwa,F,31,31,943,23.3,0.534,0.108,0.507,460,11.4,24.6,18.6,7.5,2,6.4,16,27.7,1.5,2.9,4.4,0.187,2.5,3.4,5.8,NA,memphis,2020
2,Lester Quinones,G,26,23,766,13.3,0.568,0.593,0.552,273,3.3,9.7,6.8,14.4,1.4,0.4,18.6,18.8,1.3,1.5,2.7,0.142,0.8,2.2,3,NA,memphis,2020
3,Boogie Ellis,G,31,27,759,10.3,0.457,0.483,0.387,240,2,11.2,7,11.4,2.8,0.5,14.2,20,0.3,1.8,2,0.107,-1.9,3.6,1.7,NA,memphis,2020
4,Alex Lomax,G,31,4,751,15.4,0.542,0.144,0.549,262,3.7,10.7,7.5,33.3,3.4,1.8,28.8,17.3,0.8,1.8,2.7,0.142,0,4.4,4.4,NA,memphis,2020
5,Damion Baugh,G,31,25,641,9.9,0.48,0.152,0.384,166,4.5,13.1,9.2,24.7,3,1.5,33.3,14.8,-0.1,1.6,1.5,0.092,-2.7,4.6,1.9,NA,memphis,2020
6,Tyler Harris,G,31,0,639,10.9,0.531,0.695,0.202,233,1.3,7.4,4.6,8.1,1.2,0.2,15,22.5,0.6,1.1,1.7,0.108,0.9,1.2,2.1,NA,memphis,2020
7,D.J. Jeffries,F,19,13,514,16.8,0.583,0.256,0.219,185,4.3,11.8,8.4,11.8,1.5,4.3,15.7,19.6,0.9,1.1,2,0.156,1.5,3.4,4.9,NA,memphis,2020
8,Lance Thomas,F,29,13,423,12.5,0.502,0.53,0.188,119,6.3,11.2,9,4.6,1.6,7.6,14.1,16.8,0.3,1,1.3,0.125,-0.8,4.2,3.4,NA,memphis,2020
9,Malcolm Dandridge,C,24,4,317,13.4,0.646,0.021,0.646,79,6.6,16.1,11.8,9.8,3.3,5.6,35.8,14.8,0,0.9,0.9,0.117,-2.3,6.5,4.2,NA,memphis,2020
10,Isaiah Maurice,F,24,11,227,12.2,0.491,0.307,0.267,74,6.1,17.4,12.3,2.8,0.7,7.3,18.4,21.9,0,0.6,0.5,0.095,-2.9,3.1,0.2,NA,memphis,2020
11,Jayden Hardaway,G,22,1,169,7.3,0.513,0.537,0.195,43,4.8,5.7,5.3,4.6,1.6,0.6,21.1,16.1,0,0.3,0.3,0.075,-2.9,1.5,-1.4,NA,memphis,2020
12,James Wiseman,C,3,3,69,52.7,0.76,0.038,1.038,48,21.8,26.5,24.4,4.4,0.8,13.6,7.2,29.1,0.5,0.2,0.7,0.434,13.1,4.9,18,NA,memphis,2020
13,Ryan Boyce,G,5,0,33,2.8,0.435,0.6,0.8,6,3.5,5.8,4.8,5.4,0,3.2,12.7,11.5,0,0.1,0.1,0.065,-6.1,2,-4.1,NA,memphis,2020
NA,Team Totals,,31,31,6251,NA,0.532,0.352,0.399,NA,NA,NA,NA,NA,NA,NA,NA,NA,6.1,14.9,21,0.134,-0.1,3.4,3.4,NA,memphis,2020
1,Landers Nolley II,G,28,25,767,16.2,0.549,0.549,0.199,328,3.6,12.7,8.2,13.2,2.2,0.8,15.8,24.7,1.3,1.8,3.1,0.162,2.9,2.3,5.2,NA,memphis,2021
2,Lester Quinones,G,28,28,737,16.6,0.561,0.534,0.325,262,6.8,17.5,12.2,13.4,1.8,0.8,13.8,17.8,1.6,1.8,3.4,0.185,2.8,2.9,5.7,NA,memphis,2021
3,D.J. Jeffries,F,28,11,717,14.7,0.508,0.3,0.308,268,5.7,16,10.9,14.7,2,4,18.1,22,0.6,1.9,2.5,0.139,0.4,3.5,3.9,NA,memphis,2021
4,Boogie Ellis,G,28,15,655,14.7,0.53,0.557,0.283,252,1.4,8.5,5,12.8,2.5,1.1,12.4,22.3,1.1,1.5,2.6,0.158,1.6,2.9,4.6,NA,memphis,2021
5,Deandre Williams,F,21,20,548,22.5,0.572,0.186,0.441,261,9.7,14.8,12.2,26.4,4.7,2.4,22.5,23.9,1.2,1.7,2.9,0.21,3.7,6.1,9.9,NA,memphis,2021
6,Moussa Cisse,C,28,28,521,17.1,0.511,0.007,0.51,178,13.4,23.7,18.6,4.9,0.9,10.5,19.6,20.5,0.2,1.6,1.8,0.137,-1.7,3.3,1.7,NA,memphis,2021
7,Damion Baugh,G,26,4,509,8.9,0.476,0.232,0.268,106,2.8,11.8,7.3,16.6,2.7,1.6,28,12,0,1.3,1.3,0.103,-2,4.8,2.7,NA,memphis,2021
8,Alex Lomax,G,19,4,410,18.1,0.546,0.205,0.542,146,3.8,11.2,7.5,34.1,4.6,1.7,25.6,16.3,0.7,1.2,1.9,0.186,1,6,7,NA,memphis,2021
9,Malcolm Dandridge,C,26,0,317,13.2,0.53,0,0.268,97,10.8,15.5,13.2,7.9,2.3,6.4,26.3,18.8,0,0.9,0.9,0.111,-2.8,4,1.2,NA,memphis,2021
10,Jayden Hardaway,G,28,5,278,9.2,0.434,0.466,0.356,74,3.6,3.9,3.8,10.2,1.8,1.7,10.5,16.3,0.2,0.6,0.7,0.104,-1.4,2.3,0.9,NA,memphis,2021
11,Lance Thomas,F,12,0,97,10,0.45,0.417,0.333,27,10.3,18,14.2,5.5,0,4.9,15.2,16.1,0.1,0.2,0.3,0.12,-3.7,1.3,-2.4,NA,memphis,2021
12,Ahmad Rand,F,3,0,18,5,0,0,0,1,18.4,30.4,24.4,0,3.1,6.6,50,10.6,-0.1,0.1,0,0.013,-6.4,2.3,-4.1,NA,memphis,2021
13,Conor Glennon,G,8,0,15,-6,0,0.667,0,0,0,7.3,3.7,0,3.7,0,0,9.5,0,0,0,-0.028,-12.2,4,-8.2,NA,memphis,2021
14,Jordan Nesbitt,G,3,0,11,-9.3,0.375,0.75,0,3,0,29.8,15,16,0,0,42.9,30.3,-0.1,0,0,-0.136,-12.8,-2.6,-15.4,NA,memphis,2021
NA,Team Totals,,28,28,5600,NA,0.528,0.361,0.327,NA,NA,NA,NA,NA,NA,NA,NA,NA,6.7,14.6,21.3,0.152,0.7,3.7,4.4,NA,memphis,2021
1,Lester Quinones,G,33,30,897,15.5,0.6,0.603,0.376,300,4.4,9.5,7.1,8.6,2.4,0.5,14,17.1,2,1.3,3.3,0.146,3.3,1.9,5.3,NA,memphis,2022
2,Landers Nolley II,G,29,18,772,13.2,0.501,0.44,0.292,288,2.9,12.7,8.1,18.8,1.8,1.2,17.2,21.3,1,1.1,2.1,0.111,1.6,1.5,3.1,NA,memphis,2022
3,Alex Lomax,G,28,23,751,12.4,0.52,0.231,0.493,214,2.2,10.1,6.4,25.4,3.6,1.4,29.4,14.9,0.5,1.3,1.8,0.097,0.2,3.8,3.9,NA,memphis,2022
4,Jalen Duren,C,29,29,733,25.3,0.608,0.004,0.441,330,14,21.5,18,10.5,1.8,9.9,18.6,22.8,1.8,1.7,3.5,0.19,3.7,3.3,7.1,NA,memphis,2022
5,Deandre Williams,F,26,25,650,21.7,0.608,0.149,0.371,278,10.7,14.9,12.9,13.9,3,3.1,18.2,21.4,1.6,1.3,2.9,0.177,4.1,3.4,7.5,NA,memphis,2022
6,Tyler Harris,G,33,3,622,15.1,0.568,0.609,0.248,268,1.7,5.2,3.6,17.5,1.4,0,13.5,22.8,1.6,0.6,2.3,0.145,3.2,0,3.2,NA,memphis,2022
7,Earl Timberlake,G,29,11,495,11.5,0.496,0.036,0.477,151,7,15.1,11.3,16.7,1.7,3.4,24.4,17.4,0.2,0.8,1.1,0.086,-0.8,2.7,2,NA,memphis,2022
8,Josh Minott,G,33,5,483,23.7,0.571,0.088,0.409,215,12.9,15.7,14.4,12.8,3.1,5.4,14,21.9,1.4,1,2.4,0.199,3.8,3.4,7.2,NA,memphis,2022
9,Emoni Bates,F,18,13,422,10.3,0.495,0.497,0.314,160,4.2,11,7.8,10.2,1.3,1.7,19.3,24.7,0.1,0.6,0.7,0.067,-0.1,-0.3,-0.4,NA,memphis,2022
10,Malcolm Dandridge,C,31,7,366,15.8,0.533,0.01,0.529,136,10.4,14.4,12.5,12,3.5,8.1,26.5,22.7,0,0.8,0.9,0.095,-1.5,5,3.6,NA,memphis,2022
11,Jayden Hardaway,G,23,1,229,13.1,0.522,0.448,0.224,64,3.7,7.4,5.6,9.8,2.2,2.6,11.1,15.1,0.4,0.3,0.7,0.119,2.3,2.2,4.5,NA,memphis,2022
12,Chandler Lawson,F,17,0,141,14.2,0.482,0.105,1,31,6.8,21.6,14.7,9.3,2.8,7.6,20,11.9,0.1,0.3,0.4,0.118,0.6,5.2,5.7,NA,memphis,2022
13,Tadarius Jacobs,G,11,0,27,16.1,0.731,0.2,0.2,6,8.8,3.9,6.2,0,2.1,0,0,9.7,0.1,0,0.1,0.145,2.4,2.5,4.8,NA,memphis,2022
14,Conor Glennon,G,7,0,10,-4.9,0,0,0,1,0,0,0,14.8,0,0,0,9.6,0,0,0,-0.068,-4.9,-2.4,-7.3,NA,memphis,2022
15,John Camden,F,1,0,2,7.9,NA,NA,NA,0,0,52.6,28,0,0,0,NA,0,0,0,0,0.115,-1.1,0.8,-0.3,NA,memphis,2022
NA,Team Totals,,33,33,6600,NA,0.555,0.304,0.378,NA,NA,NA,NA,NA,NA,NA,NA,NA,10.9,11.2,22.1,0.134,2,2.5,4.5,NA,memphis,2022
1,Kendric Davis,G,34,34,1187,24.2,0.551,0.341,0.474,750,1.8,9.7,6,30.1,3.1,0.6,13.5,31.9,4,1.8,5.8,0.196,5.9,1.8,7.7,SN-AA-3,memphis,2023
2,Deandre Williams,F,35,35,1085,26.6,0.593,0.16,0.341,607,9.5,19.8,15,19.2,2.6,3.6,13.4,27,3.7,2.2,5.9,0.216,6.2,3.2,9.4,,memphis,2023
3,Elijah McCadden,G,35,22,867,13.2,0.582,0.179,0.437,275,7.3,11.3,9.4,10.1,1.1,1.5,18.5,15.8,1.3,1,2.3,0.107,1.1,1,2.1,,memphis,2023
4,Chandler Lawson,F,35,24,685,14.1,0.605,0.117,0.433,182,8.3,17.2,13,6.5,2,3.3,19,12.7,1,1.2,2.2,0.126,0.7,2.7,3.5,,memphis,2023
5,Alex Lomax,G,24,16,663,13.5,0.525,0.239,0.275,186,2.4,10,6.4,18.6,4.6,0.4,22,14.6,0.5,1.2,1.8,0.106,-0.1,5.2,5.1,,memphis,2023
6,Keonte Kennedy,G,25,12,577,15.1,0.564,0.508,0.152,205,5.5,7.4,6.5,6.2,2.8,0.6,10.9,19.3,1,0.8,1.8,0.123,2.1,1.8,4,,memphis,2023
7,Jayden Hardaway,G,29,19,492,10.5,0.547,0.515,0.197,139,2,4.6,3.3,5.5,1.4,1,10,15.8,0.6,0.4,1.1,0.088,0.5,1,1.6,,memphis,2023
8,Johnathan Lawson,G,29,0,454,8.6,0.595,0.605,0.197,101,1.9,8.5,5.4,11.8,1.2,1.8,25.9,12,0.3,0.5,0.8,0.068,-0.2,1.3,1.1,,memphis,2023
9,Damaria Franklin,G,25,1,446,9.2,0.463,0.398,0.148,123,4.4,15.1,10.1,7.2,2.7,1.6,17.5,18.1,-0.1,0.8,0.7,0.064,-2.3,2,-0.3,,memphis,2023
10,Kaodirichi Akobundu-Ehiogu,F,30,9,315,15.5,0.699,0.024,0.69,69,5,12.9,9.2,2.1,0,17.5,20.1,10.7,0.4,0.5,0.9,0.118,-0.8,4.6,3.7,,memphis,2023
11,Malcolm Dandridge,C,20,3,290,18.1,0.621,0.014,0.521,106,8,19.5,14.1,4.9,2.3,7.7,20.9,19.3,0.4,0.6,1.1,0.146,-0.5,4.4,3.9,,memphis,2023
12,Ian Granja,F,5,0,12,-6,0.25,0.667,0,3,0,0,0,13.3,4.6,9.8,25,32.4,-0.1,0,-0.1,-0.173,-12.9,0.7,-12.3,,memphis,2023
13,Conor Glennon,G,1,0,3,0.4,NA,NA,NA,1,0,0,0,94,0,0,100,16.2,0,0,0,-0.081,-5.7,1.5,-4.1,,memphis,2023
NA,Team Totals,,35,35,7076,NA,0.567,0.291,0.354,NA,NA,NA,NA,NA,NA,NA,NA,NA,13.2,11,24.2,0.137,2.1,2.5,4.6,,memphis,2023
1,Jahvon Quinerly,G,32,31,1047,16.3,0.537,0.486,0.347,462,1.2,9.6,5.5,26.7,2.3,0.2,15.3,21.7,2.2,1,3.2,0.122,2.1,0.3,2.4,NA,memphis,2024
2,David Jones,F,32,32,1035,27.2,0.592,0.428,0.447,652,8.9,16.7,12.9,11.9,3.8,1.5,14,31.5,3.6,1.7,5.2,0.203,7.3,1.5,8.8,NA,memphis,2024
3,Jaykwon Walton,F,32,28,890,11.4,0.483,0.52,0.242,273,3.7,11.6,7.8,11.4,2.4,1.4,14.5,17.3,0.7,1,1.6,0.074,-0.4,1.3,1,NA,memphis,2024
4,Nick Jourdain,F,32,25,707,15.8,0.63,0.29,0.303,217,9.2,10.4,9.8,9.1,1.6,4.6,14.9,13.1,1.5,0.7,2.2,0.125,1.3,1.8,3.1,NA,memphis,2024
5,Nae'Qwan Tomlin,F,21,11,565,24.9,0.678,0.282,0.33,261,9.6,14.6,12.1,5,1.6,4.8,9.2,20.2,2.2,0.7,2.9,0.203,5.1,1.1,6.3,NA,memphis,2024
6,Malcolm Dandridge,C,27,19,508,21.5,0.603,0,0.567,210,10.6,18.5,14.7,7.5,2.6,8.6,18.3,20.5,0.9,0.9,1.8,0.145,0.7,3,3.7,NA,memphis,2024
7,Jayden Hardaway,G,30,0,379,7.9,0.532,0.506,0.26,87,2.1,6.2,4.2,6,0.7,0.9,13.1,12.5,0.3,0.2,0.5,0.056,-1.2,-0.2,-1.4,NA,memphis,2024
8,Caleb Mills,G,14,5,339,11.9,0.51,0.341,0.5,107,2,12,7.1,9.4,1.8,2,10.7,17.1,0.4,0.4,0.8,0.093,-0.5,1.6,1.1,NA,memphis,2024
9,Jayhlon Young,G,27,0,296,9.9,0.507,0.245,0.245,70,4.9,8.3,6.7,12.6,3.9,1.1,28,13.2,0,0.4,0.4,0.054,-2.1,3.1,1,NA,memphis,2024
10,Ashton Hardaway,F,30,3,246,7,0.47,0.729,0.071,64,1.8,8.2,5.1,7.5,1.6,2.7,14.2,16.3,0,0.2,0.3,0.042,-1.4,0.8,-0.6,NA,memphis,2024
11,Jordan Brown,F,18,5,186,10.5,0.501,0,0.417,70,10.3,13.2,11.8,3,1.2,3,21.8,23.5,0,0.2,0.1,0.03,-5.1,-1.2,-6.3,NA,memphis,2024
12,Jonathan Pierre,G,19,1,116,8.3,0.495,0.688,0.219,32,2.9,9.2,6.1,5.8,2.4,1,18.5,17.8,0,0.1,0.1,0.038,-2.1,0,-2.1,NA,memphis,2024
13,Carl Cherenfant,G,18,0,79,9,0.389,0.2,0.6,15,10,13.5,11.8,7.6,3.5,1.4,18.9,9.6,0,0.1,0.2,0.078,-2.5,2.8,0.4,NA,memphis,2024
14,Joe Cooper,G,6,0,50,14,0.449,0.286,0.571,16,6.8,15,11,36.6,3.3,2.2,36,13.2,0,0.1,0.1,0.092,1,3.6,4.6,NA,memphis,2024
15,JJ Taylor,F,3,0,5,6.2,NA,NA,NA,0,0,42.7,21.9,0,0,0,NA,0,0,0,0,0.076,-1.4,0.6,-0.9,NA,memphis,2024
16,Noah Stansbury,G,3,0,3,-21.4,0,0,2,1,0,0,0,47.9,18.5,0,33.9,46.8,-0.1,0,0,-0.515,-25.3,3.1,-22.2,NA,memphis,2024
NA,Team Totals,,32,32,6451,NA,0.562,0.389,0.363,NA,NA,NA,NA,NA,NA,NA,NA,NA,11.8,7.6,19.5,0.121,1.6,1.3,2.9,NA,memphis,2024
1,PJ Haggerty,G,35,35,1282,22.2,0.583,0.205,0.526,735,3.7,13.7,8.9,20.4,2.8,0.3,15.1,28.7,3.8,2,5.8,0.181,4.3,2.1,6.4,"AA-2,AP-AA-2,NABC-AA-3,SN-AA-2,USBWA-AA-2",memphis,2025
2,Tyrese Hunter,G,32,32,1089,15.4,0.552,0.517,0.264,437,2.9,9.5,6.3,18.7,2.4,0.6,15.4,20.6,1.9,1.5,3.4,0.125,3.1,1.7,4.8,,memphis,2025
3,Colby Rogers,G,35,35,1059,9.4,0.508,0.611,0.124,336,1.8,5.3,3.6,8.1,1.6,1.2,12.4,19,0.9,1.1,2,0.075,-0.1,0.7,0.6,,memphis,2025
4,Dain Dainja,F,35,19,951,23.4,0.615,0.003,0.462,489,11.9,18.3,15.2,13.1,1.9,5.6,19.1,25.8,2.1,1.8,3.9,0.162,2.9,2.5,5.4,,memphis,2025
5,Nick Jourdain,F,35,35,913,14.4,0.57,0.302,0.401,255,8.7,15,12,11.8,1.5,4.7,15.7,12,1.6,1.5,3,0.132,1.1,3.3,4.4,,memphis,2025
6,Moussa Cisse,C,35,16,637,19.5,0.537,0,0.992,225,17.3,22.7,20.1,4.3,2.1,9.8,16.3,16.7,1,1.4,2.4,0.152,0.6,3.3,3.9,,memphis,2025
7,PJ Carter,G,35,0,504,12.3,0.597,0.807,0.207,164,3,8.6,5.9,4.1,1.2,0,10.7,17,1,0.5,1.5,0.118,2.4,0.3,2.6,,memphis,2025
8,Baraka Okojie,G,31,2,352,5.8,0.478,0.359,0.436,64,3.3,8.6,6.1,16.2,2.1,1,30.8,9.3,0,0.5,0.5,0.055,-3.2,2.7,-0.5,,memphis,2025
9,Dante Harris,G,16,1,188,10.5,0.516,0.182,0.242,43,2.5,12.6,7.8,14.7,5.1,0,26.1,12.7,0,0.4,0.4,0.088,-4.3,5,0.7,,memphis,2025
10,Demarien Yates,F,14,0,50,25.6,0.859,0.25,0.5,18,11.7,13,12.4,14,4.5,6.8,16.8,11.4,0.2,0.1,0.3,0.248,5.5,7.4,12.9,,memphis,2025
11,Jared Harris,G,16,0,49,2.5,0.7,0.4,0,7,4.8,6.6,5.7,3.2,2.3,0,54.5,10.8,-0.1,0.1,0,-0.011,-3.9,2.2,-1.6,,memphis,2025
NA,Team Totals,,35,35,7074,NA,0.567,0.333,0.393,NA,NA,NA,NA,NA,NA,NA,NA,NA,12.4,10.8,23.2,0.131,1.7,2.2,3.9,,memphis,2025
1,Dug McDaniel,G,32,32,1100,14.9,0.505,0.359,0.179,462,2.5,9.2,5.8,26.3,3.2,0.2,15.7,22.5,1.1,1.3,2.5,0.089,0.9,1.4,2.4,NA,memphis,2026
2,Curtis Givens III,G,25,15,641,12.5,0.546,0.511,0.314,229,2.5,6.5,4.5,16.6,1.8,0.9,15.6,18.9,0.7,0.5,1.3,0.078,1,0.4,1.4,NA,memphis,2026
3,Zachary Davis,G,29,11,606,11.9,0.507,0.393,0.268,205,6.1,15.9,11,10.2,2.9,2,20.4,20.3,0,0.9,0.9,0.061,-1.5,1.8,0.3,NA,memphis,2026
4,Sincere Parker,G,31,4,604,18.9,0.511,0.282,0.312,318,4,16.6,10.3,12.8,1.9,2.2,7.2,29.2,1.2,0.8,2,0.134,2.5,0.9,3.4,NA,memphis,2026
5,Julius Thedford,G,27,17,550,18.9,0.575,0.28,0.541,223,11.5,15.1,13.3,6.6,3,1.5,11.2,19.1,1.2,0.8,2,0.147,2.5,1.7,4.2,NA,memphis,2026
6,Aaron Bradshaw,F,29,22,549,18,0.608,0.161,0.47,242,13.4,10.9,12.2,5.9,1.5,3.5,17,21.3,1.1,0.6,1.7,0.125,0.7,0.5,1.2,NA,memphis,2026
7,Quante Berry,G,30,11,542,12.4,0.502,0.532,0.335,180,3.6,11.3,7.4,12.4,3.3,2.2,13.7,18.5,0.4,0.8,1.2,0.088,-1.5,2.8,1.3,NA,memphis,2026
8,Ashton Hardaway,F,25,9,488,10.9,0.507,0.523,0.148,139,3.3,10.7,7,13.3,2.2,4.4,18.4,16.3,0.2,0.6,0.8,0.062,-0.1,2.4,2.2,NA,memphis,2026
9,Thierno Sylla,C,23,14,319,10.7,0.537,0.079,0.635,86,7.1,12.7,9.9,3.9,0.7,7.1,16.3,14.5,0.2,0.4,0.6,0.071,-3.8,1.4,-2.4,NA,memphis,2026
10,Simon Majok,C,25,10,311,11.5,0.567,0.156,0.867,76,9.1,12.3,10.7,2.2,2,5.4,20.1,12.1,0.2,0.4,0.7,0.084,-2.6,2.2,-0.4,NA,memphis,2026
11,Hasan Abdul-Hakim,G,13,10,290,9.9,0.453,0.253,0.373,88,6,13.9,10,14.8,2.9,2.9,24.7,19.1,-0.2,0.4,0.2,0.025,-2.8,2.1,-0.7,NA,memphis,2026
12,Tariq Ingraham,F,25,1,234,12.8,0.556,0.038,0.808,79,9.3,10.7,10,3.9,1.7,2.5,15.3,17.2,0.3,0.3,0.5,0.092,-1.8,1.5,-0.4,NA,memphis,2026
13,William Whorton,F,19,4,172,8.9,0.465,0.036,0.643,37,8.2,10.2,9.2,3.9,1,9,19.8,12.5,0,0.2,0.2,0.042,-3.9,2.7,-1.2,NA,memphis,2026
14,Arop Arop,F,9,0,23,7.1,0.38,0.167,0.667,7,14.2,14.2,14.2,0,0,5.2,11.2,18.3,0,0,0,0.023,-7.7,-2.8,-10.5,NA,memphis,2026
15,Mason Matthews,F,7,0,22,-3.9,0.214,0.857,0,4,4.9,0,2.5,7.4,0,0,0,15.1,0,0,0,-0.051,-10.6,-3.9,-14.5,NA,memphis,2026
NA,Team Totals,,32,32,6451,NA,0.526,0.337,0.347,NA,NA,NA,NA,NA,NA,NA,NA,NA,6.4,8.1,14.4,0.089,-0.2,1.5,1.3,NA,memphis,2026
1,James Washington III,G,32,30,1121,17.6,0.598,0.603,0.51,427,1,6.8,3.9,17.9,2.8,0.1,16.5,20.1,2.9,1.5,4.5,0.159,2,0.2,2.1,NA,middle-tennessee,2011
2,Jason Jones,F,32,30,948,18.2,0.534,0.081,0.58,400,6.6,12.9,9.7,12.4,2.6,0.8,16.4,24.9,1.6,1.5,3.2,0.133,1.1,0,1.1,NA,middle-tennessee,2011
3,J.T. Sulton,F,32,28,762,16.6,0.536,0.073,0.406,283,9.3,16.2,12.7,5,2.3,2.8,18.4,22.6,0.9,1.3,2.3,0.12,-1,-0.1,-1.1,NA,middle-tennessee,2011
4,James Gallman,G,31,20,648,12.8,0.538,0.613,0.253,212,1.8,5.7,3.7,11.1,1.5,0,11.4,19,1.2,0.7,1.9,0.118,0.4,-1.1,-0.7,NA,middle-tennessee,2011
5,Trevor Ottley,F,32,20,627,15.6,0.492,0,0.892,202,12.1,19.9,15.9,8.3,3.2,7.5,24.5,19.7,0.3,1.4,1.7,0.11,-3.5,2.4,-1.1,NA,middle-tennessee,2011
6,Rod Emanuel,G,29,10,538,9.2,0.44,0.328,0.207,120,1.3,16.3,8.6,17.2,2.8,0.9,19.6,14.8,0.1,1,1,0.075,-3.3,1.2,-2,NA,middle-tennessee,2011
7,Jimmy Oden,G,31,8,485,8.6,0.386,0.53,0.455,83,3.4,15.8,9.4,18.1,5.1,0.8,32.1,12.3,-0.4,1.1,0.7,0.059,-4.8,4.7,-0.1,NA,middle-tennessee,2011
8,Kerry Hammonds,G,31,3,449,10.6,0.469,0.57,0.456,128,5.4,12.4,8.8,7.5,2.4,3.1,19.2,19.2,0.1,0.7,0.8,0.075,-2.4,0.5,-1.9,NA,middle-tennessee,2011
9,Shawn Jones,F,32,2,349,16.9,0.537,0,0.369,128,12.7,13.1,12.9,5.6,1.7,7.3,17.7,21.2,0.5,0.6,1.1,0.129,-2.4,0.6,-1.8,NA,middle-tennessee,2011
10,Trevor Charles,F,30,7,327,13.2,0.537,0,0.622,116,14.6,14,14.3,5,0.5,4.7,23.7,21.4,0.2,0.5,0.7,0.084,-4.1,-1.9,-6,NA,middle-tennessee,2011
11,Kyle Hunt,F,19,2,223,14.9,0.523,0.052,0.603,76,11.5,18.3,14.8,2.1,1.6,1.7,18.6,20.7,0.2,0.4,0.6,0.106,-2.9,-1.7,-4.6,NA,middle-tennessee,2011
12,Zane Gibson,G,9,0,33,3.5,0.112,1,0.25,3,3.5,3.7,3.6,16.2,1.8,0,0,6.8,0,0,0,0.023,-5.2,1,-4.1,NA,middle-tennessee,2011
13,K.C. Anuna,F,6,0,10,23.7,0.583,0.5,0,5,0,0,0,0,0,0,0,30.2,0,0,0,0.152,8.3,-0.4,7.8,NA,middle-tennessee,2011
14,Cory Herald,G,5,0,5,-8.2,0.333,0.333,0,2,0,0,0,0,0,0,25,40.2,0,0,0,-0.242,-13.3,-3.9,-17.2,NA,middle-tennessee,2011
15,David Murray,G,1,NA,NA,NA,NA,NA,NA,NA,NA,NA,NA,NA,NA,NA,NA,NA,NA,NA,NA,NA,NA,NA,NA,NA,middle-tennessee,2011
NA,Team Totals,,32,32,6525,NA,0.526,0.286,0.479,NA,NA,NA,NA,NA,NA,NA,NA,NA,7.7,10.8,18.5,0.113,-1.2,0.5,-0.6,NA,middle-tennessee,2011
1,Marcos Knight,G,34,34,940,20.6,0.531,0.191,0.386,408,7.9,15.2,11.6,21.1,2.8,1.7,15.8,24.6,2.1,1.9,4,0.172,2.9,1.8,4.7,NA,middle-tennessee,2012
2,LaRon Dendy,F,34,34,937,25.1,0.563,0.118,0.712,476,9.5,22.3,16.1,16.3,1.4,5.6,15.8,28.9,2.6,2.1,4.7,0.201,3.4,2,5.4,NA,middle-tennessee,2012
3,Bruce Massey,G,34,33,927,14.7,0.507,0.167,0.562,262,3.6,13.7,8.8,25.6,3.5,1.1,23.8,15,1.1,2,3,0.131,0.1,3.6,3.7,NA,middle-tennessee,2012
4,J.T. Sulton,F,34,33,850,19.3,0.582,0.029,0.512,332,11,14.9,13,5.7,1.8,2.7,16.9,22,1.9,1.6,3.5,0.166,1.2,0.7,1.8,NA,middle-tennessee,2012
5,Raymond Cintron,G,34,17,764,15,0.666,0.82,0.286,242,1.3,7,4.2,9.1,1.3,0.4,17,17.5,1.8,1,2.8,0.148,3.4,0.4,3.7,NA,middle-tennessee,2012
6,Shawn Jones,F,32,1,519,19.5,0.56,0.006,0.365,203,9.8,14.9,12.4,3,1.6,7.8,15.7,24.7,0.8,1.1,1.9,0.147,-1.4,1.6,0.2,NA,middle-tennessee,2012
7,Kerry Hammonds,G,27,11,499,16.5,0.648,0.554,0.207,134,3.8,13.8,8.9,18,2.2,2.8,21.7,13.4,0.9,0.9,1.9,0.151,3.2,2.7,5.9,NA,middle-tennessee,2012
8,James Gallman,G,34,3,466,9.2,0.545,0.61,0.248,119,2.5,5.2,3.9,11,1.3,0,17,15.7,0.5,0.6,1.1,0.091,-1,0.2,-0.7,NA,middle-tennessee,2012
9,Jimmy Oden,G,34,1,382,9,0.49,0.636,1.152,77,2,11.7,7,23.1,3,0,34.6,10.6,0.2,0.7,0.9,0.099,-3.2,3.1,-0.1,NA,middle-tennessee,2012
10,Jason Jones,F,23,3,317,14.5,0.549,0.095,0.452,108,8,10.3,9.2,9.9,1.3,0,13.6,19.2,0.6,0.5,1.1,0.139,-0.4,-0.3,-0.8,NA,middle-tennessee,2012
11,Torin Walker,C,19,0,91,8.6,0.565,0,0.688,22,4.2,6.6,5.5,2,0,3.6,12.4,13.7,0.1,0.1,0.2,0.108,-4,0.5,-3.5,NA,middle-tennessee,2012
12,Zane Gibson,G,15,0,68,16.8,0.759,1,0.667,13,3.8,14.2,9.1,12.3,3.5,0,11.2,6.8,0.2,0.1,0.3,0.183,0.6,3.9,4.5,NA,middle-tennessee,2012
13,Jacquez Rozier,F,18,0,66,5.5,0.387,0.105,0.474,16,0,7.3,3.8,5.6,3.6,1.7,14.7,21.3,-0.1,0.1,0,0.027,-8.9,1.2,-7.7,NA,middle-tennessee,2012
14,Julian Edmonson,G,10,0,19,21.5,0.618,0.5,0.167,7,6.7,12.7,9.8,10.8,0,0,0,17.6,0.1,0,0.1,0.198,9.6,-0.8,8.8,NA,middle-tennessee,2012
15,Tavarres Jefferson,G,3,0,5,-0.1,0,0,0,1,0,24.1,12.4,31.1,0,0,0,10.3,0,0,0,0.021,-10.2,-2.7,-12.9,NA,middle-tennessee,2012
NA,Team Totals,,34,34,6850,NA,0.564,0.25,0.47,NA,NA,NA,NA,NA,NA,NA,NA,NA,12.9,12.8,25.7,0.15,1.1,1.7,2.8,NA,middle-tennessee,2012
1,Marcos Knight,G,34,31,899,22.3,0.516,0.164,0.418,424,6.8,20.6,13.6,21.4,2.6,1.7,13.7,27.6,2.3,2.4,4.7,0.21,4.3,2.9,7.2,NA,middle-tennessee,2013
2,Bruce Massey,G,34,31,794,17.2,0.501,0.153,0.565,272,6.7,10.4,8.5,26.7,3.9,1.8,21.4,18.5,1.3,2,3.3,0.167,1.7,4.3,6,NA,middle-tennessee,2013
3,Kerry Hammonds,G,34,23,738,14.8,0.599,0.558,0.325,205,2.5,16,9.1,14.5,1.7,1.4,18.4,15.2,1.4,1.7,3,0.165,2.5,2.6,5.1,NA,middle-tennessee,2013
4,Shawn Jones,F,34,26,718,18.9,0.526,0,0.419,273,12,19.8,15.8,4.2,0.9,7.1,14.6,23.1,1.3,1.8,3.1,0.174,0.2,1.6,1.7,NA,middle-tennessee,2013
5,Raymond Cintron,G,33,8,709,17.1,0.632,0.79,0.185,243,1.4,10.4,5.8,13.5,1.4,0.7,13.6,18.7,2,1.4,3.4,0.192,4.3,1.2,5.6,NA,middle-tennessee,2013
6,J.T. Sulton,F,34,22,677,14.1,0.525,0.013,0.553,204,8.5,16.3,12.4,4.1,1.7,3.7,17,18.4,0.9,1.6,2.5,0.15,-1.1,2,0.9,NA,middle-tennessee,2013
7,Neiko Hunter,F,34,15,629,16.7,0.578,0.177,0.38,235,9,10.7,9.8,4.8,1.6,2.2,17.2,22.4,1.3,1.3,2.6,0.164,0.5,0.9,1.4,NA,middle-tennessee,2013
8,Trantell Knight,G,34,3,560,19.7,0.596,0.245,0.575,186,4.8,15.4,10,30,4.7,0.6,25.4,16.6,1.1,1.6,2.7,0.193,2,5.3,7.3,NA,middle-tennessee,2013
9,James Gallman,G,32,7,429,11.7,0.553,0.624,0.183,120,1.1,9.2,5.1,12.6,1.4,0,15.1,16.8,0.7,0.8,1.5,0.141,0.5,1.1,1.6,NA,middle-tennessee,2013
10,Jason Jones,F,30,3,292,17.7,0.618,0.061,0.606,102,9.7,16.5,13,9.1,1.5,0.8,16.7,18,0.8,0.7,1.4,0.197,0.2,1.5,1.7,NA,middle-tennessee,2013
11,Torin Walker,C,28,0,193,12.9,0.547,0,0.542,64,12.7,11.8,12.3,1,0.6,2.4,19.9,20.1,0.3,0.4,0.7,0.135,-2.2,-0.5,-2.7,NA,middle-tennessee,2013
12,Jacquez Rozier,F,12,1,106,4.7,0.313,0.08,0.72,25,8.1,14.3,11.2,6.5,1.2,5.6,15.2,19.2,-0.1,0.2,0.1,0.055,-6,1,-5.1,NA,middle-tennessee,2013
13,Zane Gibson,G,16,0,61,-1.5,0.214,0.714,0,6,2,10.4,6.1,13.6,1,0,41.7,10.1,-0.1,0.1,0,-0.005,-7,0.9,-6,NA,middle-tennessee,2013
14,Gavin Gibson,G,12,0,33,2.2,0.314,0.857,0.286,5,0,11.5,5.7,5.1,3.7,0,11.2,14,0,0.1,0.1,0.071,-9.4,3.3,-6.1,NA,middle-tennessee,2013
15,Finoy Perkins,F,8,0,12,-3.1,0.202,0.25,0.5,3,10.2,10.6,10.4,13.5,0,0,16.8,25.5,0,0,0,-0.059,-9.5,-4.4,-13.9,NA,middle-tennessee,2013
NA,Team Totals,,34,34,6850,NA,0.548,0.262,0.414,NA,NA,NA,NA,NA,NA,NA,NA,NA,13,16.2,29.2,0.17,1.4,2.3,3.7,NA,middle-tennessee,2013
1,Kerry Hammonds,G,32,30,1013,17.1,0.576,0.609,0.437,373,1.4,11.6,6.6,16.8,1.6,2.3,13.2,20,2.4,2,4.4,0.172,3.2,1.7,4.9,NA,middle-tennessee,2014
2,Shawn Jones,F,33,32,930,28,0.604,0.003,0.464,428,12.6,22.5,17.6,5.2,2,7.7,11,24,3,2.5,5.6,0.239,4,2.5,6.5,NA,middle-tennessee,2014
3,Trantell Knight,G,33,31,923,13.3,0.491,0.145,0.705,284,2.6,11.1,6.9,31,4.3,0.4,28.5,18,0.2,2.2,2.4,0.105,-2.5,3.3,0.8,NA,middle-tennessee,2014
4,Neiko Hunter,F,33,31,912,19.6,0.535,0.189,0.352,400,9.2,11.4,10.3,7.4,2.1,2.5,11.9,26.1,1.8,1.9,3.7,0.163,2,0.9,2.9,NA,middle-tennessee,2014
5,Jaqawn Raymond,G,33,7,695,10.9,0.546,0.634,0.251,199,2.2,10.2,6.3,11.8,1.3,0.7,15.9,17.2,0.8,1.2,2.1,0.118,-0.1,1,0.8,NA,middle-tennessee,2014
6,Reggie Upshaw Jr.,F,33,20,676,14.6,0.499,0.232,0.343,209,6.7,13.4,10.1,11.8,2.2,2.5,12.1,18.2,0.8,1.5,2.3,0.136,-1,2.4,1.4,NA,middle-tennessee,2014
7,Jacquez Rozier,F,33,2,497,12.4,0.511,0.012,0.667,127,12.2,16.2,14.2,5.7,1.8,4.4,21.9,14.6,0.3,1.2,1.5,0.118,-3.4,2.2,-1.1,NA,middle-tennessee,2014
8,Marcus Tarrance,G,30,5,481,10.5,0.475,0.512,0.558,149,4.2,8,6.1,8,1.8,0.7,12.4,19.9,0.4,0.9,1.3,0.106,-2.2,0.7,-1.5,NA,middle-tennessee,2014
9,Tavarres Jefferson,G,17,1,116,NA,0.44,0.6,0,NA,NA,NA,NA,NA,NA,NA,26.5,NA,NA,NA,NA,NA,NA,NA,NA,NA,middle-tennessee,2014
10,Joshua Phillips,F,21,0,106,12.4,0.531,0,1.2,29,12.3,26.4,19.4,5.2,0.6,7.5,27.6,15.8,0,0.3,0.3,0.12,-9.6,3.7,-6,NA,middle-tennessee,2014
11,Zane Gibson,G,19,0,89,3.1,0.339,0.5,1,11,2.7,2.6,2.6,14.9,1.4,0,31.1,7.4,0,0.1,0.1,0.045,-3.3,0.4,-2.9,NA,middle-tennessee,2014
12,Eric Wortham Jr.,G,5,0,75,15.5,0.64,0.421,0.579,27,3.2,14,8.6,11.1,0.8,1.5,14.2,19.3,0.2,0.1,0.3,0.179,-0.2,2,1.7,NA,middle-tennessee,2014
13,Torin Walker,C,16,1,66,1.1,0.31,0,0.1,15,10.8,12.4,11.6,2.9,0.9,5.2,22.3,21,-0.2,0.1,0,-0.019,-15.3,-4.5,-19.8,NA,middle-tennessee,2014
14,Tharone Chilton,G,11,0,40,20.1,0.685,0.417,0.583,18,3,5.8,4.4,11.4,1.5,0,16.4,23.5,0.1,0.1,0.2,0.199,-2.4,-1.2,-3.6,NA,middle-tennessee,2014
15,Gavin Gibson,G,9,0,21,5.4,0.5,1,0,4,5.6,16.6,11.2,16.8,0,0,40,12.2,0,0,0,0.047,-10.2,-0.6,-10.9,NA,middle-tennessee,2014
16,Blake Johnson,G,4,0,6,-8.4,0.169,0.5,1,1,0,0,0,27.2,0,0,0,25.3,0,0,0,-0.07,-11.6,0.9,-10.7,NA,middle-tennessee,2014
17,Ronald Ross,G,1,0,5,-17.8,0,0,0,0,0,23.3,11.8,0,0,0,50,20.6,0,0,0,-0.265,-16.2,-6,-22.3,NA,middle-tennessee,2014
NA,Team Totals,,33,33,6651,NA,0.538,0.29,0.443,NA,NA,NA,NA,NA,NA,NA,NA,NA,9.8,14.2,24,0.145,0,1.8,1.8,NA,middle-tennessee,2014
1,Jaqawn Raymond,G,36,29,1088,10.5,0.52,0.54,0.358,275,1.3,12,6.5,15.4,2.1,0.9,21.9,17.2,0.6,1.6,2.2,0.08,-1.5,1,-0.5,NA,middle-tennessee,2015
2,Reggie Upshaw Jr.,F,36,24,1048,18.4,0.501,0.174,0.419,361,7.9,23,15.1,13.6,2.2,4.1,15.4,22.2,1.3,2.1,3.4,0.13,0.5,1.4,2,NA,middle-tennessee,2015
3,Jacquez Rozier,F,36,32,903,15.5,0.538,0.034,0.67,267,12,13.2,12.5,6.8,1.9,3.2,18.9,17.8,1.2,1.4,2.6,0.116,-0.5,0.4,0,NA,middle-tennessee,2015
4,Marcus Tarrance,G,36,19,733,13.3,0.572,0.571,0.5,210,5.6,8.5,7,9.1,1.7,0.2,15.1,16.9,1.3,0.9,2.2,0.122,0.4,0.4,0.8,NA,middle-tennessee,2015
5,Giddy Potts,G,36,21,649,14,0.51,0.573,0.192,212,1.9,17.9,9.5,11.9,2.6,0.8,14.7,23.2,0.6,1.1,1.7,0.107,-0.5,0.9,0.4,NA,middle-tennessee,2015
6,Darnell Harris,F,36,13,641,17,0.55,0.439,0.24,222,7.4,16.5,11.7,8.8,1,1.9,12.1,21.4,1.3,0.9,2.2,0.14,2.4,0,2.4,NA,middle-tennessee,2015
7,Perrin Buford,G,35,13,623,21.6,0.561,0.092,0.461,264,10.7,14.6,12.6,9,1.3,4.4,15.2,26.2,1.4,1,2.4,0.154,2.5,0.2,2.8,NA,middle-tennessee,2015
8,Edward Simpson Jr.,G,35,9,524,8.3,0.495,0.625,0.177,98,1.2,9.8,5.3,10.5,1.6,0.7,14.7,12.9,0.3,0.7,1,0.073,-1.8,0.8,-1,NA,middle-tennessee,2015
9,JaQuel Richmond,G,27,13,451,5,0.401,0.343,0.157,113,0.8,9.4,4.9,29.4,1.7,0,27.9,19.7,-0.5,0.6,0.1,0.007,-5.6,-1.4,-7,NA,middle-tennessee,2015
10,DeVante Jones,G,27,2,285,18.5,0.52,0.657,0.267,116,3.4,9.7,6.4,19.9,3.6,0.4,11.3,25.8,0.6,0.5,1.1,0.157,3.4,2.4,5.8,NA,middle-tennessee,2015
11,Jacob Ivory,G,22,4,268,7.7,0.501,0.185,0.815,80,1.8,8.9,5.2,19.9,1,0,27.2,21.2,0,0.3,0.3,0.04,-3.4,-1.2,-4.6,NA,middle-tennessee,2015
12,Joshua Phillips,F,17,1,151,6.9,0.38,0,0.667,32,9.6,14.9,12.1,7,1.3,4.1,22,16.6,-0.1,0.2,0.1,0.034,-4.4,0.9,-3.6,NA,middle-tennessee,2015
13,Gavin Gibson,G,7,0,12,-15.8,0,0.8,0,0,0,0,0,0,5.4,0,0,23,-0.1,0,-0.1,-0.24,-19.8,-1.4,-21.3,NA,middle-tennessee,2015
NA,Team Totals,,36,36,7376,NA,0.518,0.362,0.38,NA,NA,NA,NA,NA,NA,NA,NA,NA,7.9,11.5,19.3,0.105,-0.4,0.6,0.2,NA,middle-tennessee,2015
1,Reggie Upshaw Jr.,F,35,35,1091,22.8,0.531,0.191,0.452,494,10.4,20.5,15.4,14.6,2.7,3,12.4,23.9,2.3,2.2,4.6,0.168,2.7,1.7,4.3,NA,middle-tennessee,2016
2,Perrin Buford,G,35,30,1016,19.3,0.557,0.117,0.343,418,6.9,16.1,11.4,14,1.4,4.5,15.1,22,1.9,1.8,3.7,0.145,1.2,1.7,2.9,NA,middle-tennessee,2016
3,Darnell Harris,F,35,32,931,16.1,0.522,0.435,0.348,385,5.7,11.4,8.5,9.3,1.1,2.8,10.7,23.8,1.6,1.3,2.9,0.125,1.7,0.2,1.9,NA,middle-tennessee,2016
4,Jaqawn Raymond,G,35,15,829,9.4,0.539,0.623,0.384,196,1.7,8.2,4.9,13.4,2.4,0.5,21,13.3,0.5,1.2,1.8,0.085,-2.6,2,-0.6,NA,middle-tennessee,2016
5,Giddy Potts,G,29,27,812,23.6,0.653,0.553,0.284,359,3.5,17.5,10.4,9.3,2.1,1.4,8.8,21.8,2.9,1.4,4.3,0.213,5.9,1.9,7.7,NA,middle-tennessee,2016
6,Edward Simpson Jr.,G,30,14,651,9.3,0.482,0.62,0.285,160,2,11.8,6.8,14.6,1.3,0.3,14.3,14.1,0.5,0.9,1.3,0.082,-2,0.9,-1.1,NA,middle-tennessee,2016
7,Quavius Copeland,G,35,8,524,8.1,0.474,0.291,0.215,174,0.4,6.6,3.4,23.1,1.4,0,23.3,21.9,-0.2,0.6,0.4,0.031,-4.1,-1.2,-5.3,NA,middle-tennessee,2016
8,Xavier Habersham,G,34,2,381,7.5,0.464,0.61,0.162,97,3.5,12,7.7,4.3,0.5,1.5,10.3,16.7,0.1,0.5,0.6,0.063,-2.9,-0.6,-3.5,NA,middle-tennessee,2016
9,Jacob Ivory,G,16,11,257,10.9,0.525,0.171,0.829,70,0.9,10.3,5.5,18.4,2.5,0.4,21.9,14.4,0.3,0.4,0.7,0.102,-3.5,2.2,-1.2,NA,middle-tennessee,2016
10,Aldonis Foote,G,29,0,253,14.5,0.525,0.157,0.329,86,7.4,20.4,13.8,10,2.5,0.4,15.6,19.1,0.3,0.5,0.8,0.122,-3.4,1.7,-1.7,NA,middle-tennessee,2016
11,Joshua Phillips,F,27,1,144,5.7,0.491,0.042,0.667,32,9.2,24.7,16.8,0,1.6,2.4,33.6,16.7,-0.2,0.3,0.1,0.027,-10.2,0.9,-9.3,NA,middle-tennessee,2016
12,Karl Gamble,F,32,0,136,4.8,0.367,0,0.767,33,10.6,17.7,14.1,0,0.4,4.2,16.4,18.1,-0.1,0.2,0.1,0.023,-7.6,-0.4,-8,NA,middle-tennessee,2016
NA,Team Totals,,35,35,7025,NA,0.537,0.354,0.355,NA,NA,NA,NA,NA,NA,NA,NA,NA,9.9,11.4,21.2,0.121,-0.1,1.1,1,NA,middle-tennessee,2016
1,Reggie Upshaw Jr.,F,36,36,1152,24.5,0.595,0.274,0.335,516,8.6,17.4,13,13.9,2.1,3.2,11.1,22.5,3.8,2.4,6.2,0.215,5,2.1,7.1,NA,middle-tennessee,2017
2,Giddy Potts,G,36,33,1098,23.7,0.605,0.486,0.256,496,3.8,17.4,10.7,12.5,2.6,0.9,9.3,24.1,3.6,2.3,5.9,0.215,5.4,2,7.3,NA,middle-tennessee,2017
3,Jacorey Williams,F,36,36,1069,26.2,0.56,0.031,0.306,565,7.4,22.6,15.1,11.4,1.8,1.9,9.8,30.2,3.2,2.3,5.5,0.204,3.8,1,4.8,NA,middle-tennessee,2017
4,Tyrik Dixon,G,36,32,905,13,0.507,0.356,0.277,242,1.5,12.5,7.1,21.2,3,0.5,18.7,14.3,1,1.8,2.8,0.124,-0.5,3.1,2.6,NA,middle-tennessee,2017
5,Edward Simpson Jr.,G,36,23,865,8.4,0.515,0.757,0.198,146,0.6,9.9,5.3,13.8,1.6,0.3,15.3,8.7,0.8,1.4,2.1,0.099,-0.8,2.1,1.3,NA,middle-tennessee,2017
6,Xavier Habersham,G,36,11,701,12.9,0.662,0.667,0.163,189,3.7,7.2,5.5,14.3,1.1,0.5,18.7,12.8,1.4,1,2.4,0.137,1.8,1,2.8,NA,middle-tennessee,2017
7,Antwain Johnson,G,36,2,474,11.9,0.505,0.353,0.544,171,2.1,8.4,5.3,13.6,2,0.5,14.9,22.3,0.5,0.8,1.3,0.111,-2.9,0.8,-2.1,NA,middle-tennessee,2017
8,Brandon Walters,F,34,2,374,22.2,0.627,0.009,0.284,166,19.4,17.6,18.5,3.1,1.8,6.1,20.5,23.3,0.9,0.8,1.8,0.188,-2,1.1,-1,NA,middle-tennessee,2017
9,Aldonis Foote,G,31,2,255,9.3,0.434,0.072,0.319,80,8.8,10.8,9.8,12.6,1.7,0.5,15.9,19.5,0.1,0.4,0.5,0.082,-3.7,0.3,-3.4,NA,middle-tennessee,2017
10,Karl Gamble,F,30,3,154,18,0.47,0.1,0.525,49,8.9,19.5,14.3,6.7,2.3,8.6,5.7,18.1,0.2,0.4,0.6,0.162,-2.2,2.3,0.1,NA,middle-tennessee,2017
11,Quavius Copeland,G,30,0,154,6.9,0.554,0.423,0.308,35,0.8,6.2,3.6,13.5,0.8,0.8,28.7,14.3,0,0.2,0.2,0.056,-2.7,-0.8,-3.4,NA,middle-tennessee,2017
12,Chase Miller,G,11,0,14,-4.2,0,1,0,0,0,17.1,8.7,0,0,8.6,0,11.3,-0.1,0,0,-0.075,-7.2,0,-7.2,NA,middle-tennessee,2017
13,Stephen Strachan,G,6,0,9,12.7,1.053,NA,NA,2,0,13.3,6.8,0,0,0,0,5.5,0,0,0,0.203,0.2,6,6.2,NA,middle-tennessee,2017
14,Will Slatten,G,1,0,1,0,NA,NA,NA,0,0,0,0,0,0,0,NA,0,0,0,0,0.036,-3.2,-0.5,-3.8,NA,middle-tennessee,2017
NA,Team Totals,,36,36,7225,NA,0.567,0.299,0.304,NA,NA,NA,NA,NA,NA,NA,NA,NA,15.5,13.8,29.4,0.163,1.6,1.7,3.3,NA,middle-tennessee,2017
1,Nick King,F,33,33,1086,25.7,0.569,0.207,0.35,645,8.6,22.8,15.6,13.6,1.2,0.8,13.4,33.1,3.2,2,5.3,0.194,6.3,0.7,6.9,NA,middle-tennessee,2018
2,Giddy Potts,G,33,32,1051,17,0.575,0.612,0.233,397,1.7,14.8,8.2,11,2.5,0.9,12.4,21.1,2.2,2,4.2,0.159,2.9,2.8,5.7,NA,middle-tennessee,2018
3,Brandon Walters,F,32,24,736,24.8,0.667,0.023,0.408,326,13.5,14.1,13.8,5.3,1.7,5.1,13,20.8,2.6,1.5,4.1,0.222,3.3,2.3,5.6,NA,middle-tennessee,2018
4,Tyrik Dixon,G,32,24,720,10.6,0.49,0.46,0.245,192,2.2,14.2,8.1,22.9,2.2,0.3,21.3,14,0.7,1.3,2,0.11,-1.7,2.9,1.3,NA,middle-tennessee,2018
5,Antwain Johnson,G,31,17,704,17.9,0.566,0.418,0.259,298,2.4,8.1,5.2,15.3,1.8,0.7,10.2,22.8,1.8,1.1,2.9,0.167,2.6,1.4,4,NA,middle-tennessee,2018
6,Edward Simpson Jr.,G,33,16,595,6.5,0.52,0.84,0.053,93,1,10,5.4,12.5,1.3,0.2,20.6,8.3,0.4,0.9,1.2,0.084,-1,2.7,1.7,NA,middle-tennessee,2018
7,David Simmons,G,32,4,573,12.1,0.577,0.184,0.534,167,5.4,12.3,8.8,15.2,1.8,0.7,22.3,14.8,0.7,1,1.7,0.12,-1.1,2.8,1.7,NA,middle-tennessee,2018
8,Karl Gamble,F,33,10,477,12.8,0.551,0.081,0.384,134,10.8,16.1,13.4,2.9,1.1,3.4,18.2,15.3,0.5,0.9,1.4,0.116,-1.5,1.1,-0.4,NA,middle-tennessee,2018
9,Donovan Sims,G,28,4,260,12.9,0.675,0.581,0.258,61,0.5,13.8,7,24.3,2.7,1.4,34.1,10.4,0.3,0.5,0.8,0.128,0.4,3.9,4.3,NA,middle-tennessee,2018
10,James Hawthorne,F,32,1,257,8.2,0.435,0.171,0.314,74,7.9,12,9.9,6.1,1.1,1.9,16.6,19.2,0,0.4,0.4,0.061,-4.1,0.7,-3.4,NA,middle-tennessee,2018
11,Therren Shelton-Szmidt,G,26,0,133,8.3,0.443,0.667,0.026,37,5.4,13,9.2,11.7,2.7,0,20.2,19,0,0.2,0.2,0.061,-1.9,1.9,0,NA,middle-tennessee,2018
12,Davion Thomas,F,13,0,39,5.4,0.436,0.231,0.308,13,6.2,6.3,6.2,4.7,1.5,3.2,21.2,24.7,0,0.1,0,0.015,-13.8,-2.8,-16.6,NA,middle-tennessee,2018
13,Chase Miller,G,9,0,15,-3.5,0.302,0.778,0.222,6,0,0,0,12.2,0,0,0,33.9,0,0,0,-0.051,-9.5,-4.2,-13.8,NA,middle-tennessee,2018
14,Will Slatten,G,2,0,2,23,0,0,0,1,100,0,60.9,0,0,0,0,25.5,0,0,0,0.095,-1.9,2.8,0.9,NA,middle-tennessee,2018
NA,Team Totals,,33,33,6648,NA,0.565,0.339,0.306,NA,NA,NA,NA,NA,NA,NA,NA,NA,12.3,11.9,24.2,0.146,1.4,2,3.4,NA,middle-tennessee,2018
1,Antonio Green,G,32,32,1131,13.4,0.509,0.583,0.167,506,1,11.5,6.2,10.4,1.7,0.3,15.2,28.5,0.9,1.1,2.1,0.073,0.9,-1.3,-0.4,NA,middle-tennessee,2019
2,Donovan Sims,G,29,29,948,15.2,0.544,0.521,0.188,337,1.5,12.8,7.1,19.5,2.7,0.2,17.4,19.8,1.2,1.2,2.5,0.104,0.6,0.6,1.2,NA,middle-tennessee,2019
3,Jayce Johnson,G,31,24,865,7.1,0.426,0.175,0.634,227,4.9,14.5,9.6,13.7,1.7,1.1,24.7,17.8,-0.7,1,0.4,0.017,-4.6,0.2,-4.5,NA,middle-tennessee,2019
4,Reggie Scurry,F,32,31,846,19.9,0.59,0.02,0.474,355,12.1,12.8,12.4,6.7,1.3,2.4,16.9,21.4,1.8,0.9,2.8,0.13,1.4,-0.9,0.5,NA,middle-tennessee,2019
5,Karl Gamble,F,32,24,785,14,0.481,0.209,0.314,249,11.4,16.6,14,4.7,1.7,2,14.2,18.3,0.6,1,1.7,0.085,-0.7,-0.5,-1.2,NA,middle-tennessee,2019
6,James Hawthorne,F,32,9,747,11,0.514,0.26,0.297,231,8.2,16.7,12.4,8.9,0.8,4,24.5,18.9,0.1,0.9,1,0.055,-3.5,-0.1,-3.5,NA,middle-tennessee,2019
7,Junior Farquhar,G,32,2,631,6.2,0.406,0.341,0.198,130,2.4,10.7,6.5,16.2,2.5,0.5,24.2,14,-0.4,0.8,0.4,0.023,-5.3,1.3,-4,NA,middle-tennessee,2019
8,Anthony Crump,G,9,7,155,-3.1,0.336,0.08,0.4,23,0,15.7,7.7,12.8,0.7,0,39,15.3,-0.4,0.2,-0.3,-0.076,-9.9,-1.1,-11.1,NA,middle-tennessee,2019
9,TJ Massenburg,F,26,0,138,9.8,0.506,0,0.625,24,9.4,16,12.7,2.6,0.4,6.7,25.2,9.8,0,0.2,0.2,0.058,-2.7,0.3,-2.4,NA,middle-tennessee,2019
10,Lawrence Mosley,F,23,1,114,12.4,0.717,0.308,0.154,21,4.7,24.3,14.4,10,1,3,26.4,8.1,0.1,0.2,0.3,0.107,-1.7,3.1,1.4,NA,middle-tennessee,2019
11,Chase Miller,G,13,1,22,-13.7,0.15,0.8,0,3,0,0,0,0,0,0,9.1,24.3,-0.1,0,-0.1,-0.213,-10.2,-6.2,-16.4,NA,middle-tennessee,2019
12,Kydjana Lewis,G,10,0,13,-10.4,0,0.333,0,0,0,8.5,4.2,0,0,0,0,11.2,0,0,0,-0.129,-5.2,-0.3,-5.5,NA,middle-tennessee,2019
13,Darnell Butler Jr.,G,4,0,5,88.5,1.125,0.75,0,4,0,22.1,10.9,0,0,0,0,38.9,0.1,0,0.1,0.467,54.8,14.7,69.5,NA,middle-tennessee,2019
NA,Team Totals,,32,32,6400,NA,0.505,0.35,0.297,NA,NA,NA,NA,NA,NA,NA,NA,NA,3.2,7.6,10.8,0.068,-1.5,-0.2,-1.7,NA,middle-tennessee,2019
1,C.J. Jones,G,30,30,1028,16.1,0.561,0.492,0.194,411,1.2,8.4,4.6,6.8,1.4,1.5,10.5,23,2,0.5,2.5,0.098,2.9,-2.1,0.8,NA,middle-tennessee,2020
2,Antonio Green,G,31,20,995,13.3,0.511,0.661,0.216,373,1.1,11,5.7,16.7,2,0.3,14.3,22,1.2,0.7,1.9,0.075,-1.5,-2,-3.4,NA,middle-tennessee,2020
3,Donovan Sims,G,31,31,892,11,0.477,0.546,0.219,288,1.1,11.7,6,21.7,2.9,0.5,21.1,19.9,0.2,0.8,0.9,0.042,-1.7,-0.5,-2.2,NA,middle-tennessee,2020
4,Jayce Johnson,G,31,23,755,14.1,0.479,0.059,0.466,281,8,16.5,12,18.1,2.2,1.2,18.6,21.3,0.6,0.7,1.3,0.068,-2.3,-0.8,-3,NA,middle-tennessee,2020
5,Tyson Jackson,F,31,22,632,10.9,0.512,0,0.41,175,8.9,18,13.1,7.4,1.2,3.6,24.5,16.4,0.2,0.6,0.7,0.046,-4.5,-1.3,-5.9,NA,middle-tennessee,2020
6,Reggie Scurry,F,20,20,486,18.7,0.616,0.018,0.541,172,9.6,13.7,11.5,8.9,1.3,3.6,15.7,16.6,1.2,0.4,1.6,0.128,1.6,-0.4,1.2,NA,middle-tennessee,2020
7,Eli Lawrence,G,31,0,484,15.8,0.526,0.582,0.275,176,5.3,16.8,10.6,11.3,2.6,0.7,12.2,19.9,0.8,0.5,1.3,0.107,0.2,-0.9,-0.8,NA,middle-tennessee,2020
8,Jo'Vontae Millner-Criss,F,19,9,319,14.1,0.532,0.364,0.293,124,12.6,16.3,14.3,8.4,1.2,1.7,20.5,21.7,0.4,0.2,0.6,0.076,-2.9,-2.2,-5.1,NA,middle-tennessee,2020
9,Tyler Millin,F,26,0,317,8,0.425,0.538,0.429,90,5.7,15.3,10.2,5.5,1.4,2.7,15.4,20,-0.2,0.3,0.1,0.012,-4.5,-2.1,-6.6,NA,middle-tennessee,2020
10,Anthony Crump,G,26,0,306,11.2,0.52,0.094,1.25,70,5.5,18.2,11.4,17.1,2.2,2.5,27.1,11.2,0.2,0.3,0.6,0.074,-3.8,0.1,-3.7,NA,middle-tennessee,2020
11,Sean Kromah,G,9,0,36,1,0.143,0.571,0,2,0,10.1,4.7,4.7,1.6,6,0,9.5,-0.1,0,0,-0.041,-5.8,2.2,-3.6,NA,middle-tennessee,2020
NA,Team Totals,,31,31,6250,NA,0.516,0.412,0.311,NA,NA,NA,NA,NA,NA,NA,NA,NA,6.5,4.9,11.4,0.073,-1.2,-1.3,-2.4,NA,middle-tennessee,2020
1,Jordan Davis,G,23,23,764,10.9,0.462,0.44,0.19,247,2,11.2,6.2,14.5,2.5,0.6,16.4,21.6,-0.1,0.9,0.8,0.043,-2.7,-0.7,-3.5,NA,middle-tennessee,2021
2,Jo'Vontae Millner-Criss,F,22,16,556,13.3,0.484,0.448,0.135,164,7.1,17.2,11.7,5.7,1.8,2.7,13,18,0.4,0.7,1.1,0.078,-1.5,-0.7,-2.2,NA,middle-tennessee,2021
3,DeAndre Dishman,F,23,23,539,11.8,0.422,0.007,0.356,151,6.5,16.6,11.1,9.5,3.6,1,16.6,19.1,-0.2,0.9,0.6,0.046,-3.1,1.3,-1.8,NA,middle-tennessee,2021
4,Jalen Jordan,G,20,19,535,13.3,0.599,0.596,0.324,179,1.4,11.8,6.1,16.3,2,0,22.7,19.1,0.6,0.6,1.2,0.09,-0.6,-0.5,-1.1,NA,middle-tennessee,2021
5,Jayce Johnson,G,18,11,367,11.1,0.508,0.326,0.27,101,3.5,18.5,10.4,12.7,2.3,1.5,22.4,17.7,0,0.5,0.5,0.056,-2.6,0.5,-2.1,NA,middle-tennessee,2021
6,Dontrell Shuler,G,11,5,329,14,0.512,0.345,0.407,138,2.3,6.5,4.2,23.1,2.1,0.7,17.7,25,0.3,0.3,0.7,0.08,-0.1,-0.2,-0.3,NA,middle-tennessee,2021
7,Eli Lawrence,G,20,3,317,8.3,0.437,0.515,0.282,97,2.4,19.9,10.4,10.7,1.3,1.4,14.6,21.7,-0.2,0.4,0.2,0.029,-3.9,-0.7,-4.5,NA,middle-tennessee,2021
8,Donovan Sims,G,15,9,304,6.7,0.45,0.553,0.329,81,1.4,13.7,7,15.2,1.9,0.4,24.2,19.2,-0.3,0.3,0.1,0.01,-5,-0.2,-5.3,NA,middle-tennessee,2021
9,Tyler Millin,F,23,0,269,8.7,0.425,0.456,0.122,80,9.9,12.2,10.9,1.7,1.1,1.2,12.8,20.4,-0.1,0.3,0.2,0.028,-2.6,-2,-4.5,NA,middle-tennessee,2021
10,Tyson Jackson,F,20,2,262,6.5,0.565,0,0.283,55,4.1,17.3,10.1,4.2,0.9,1.6,30.6,14.4,-0.1,0.3,0.2,0.025,-6.4,0.1,-6.3,NA,middle-tennessee,2021
11,Elias King,F,21,0,171,11.6,0.474,0.839,0.196,54,3.7,13.2,8.1,5.1,1.3,3.8,12.8,20.6,0.1,0.2,0.3,0.06,1.1,-0.6,0.5,NA,middle-tennessee,2021
12,Jared Coleman-Jones,F,15,4,169,5.5,0.436,0.024,0.366,47,12.6,13.4,13,5.1,1,1.9,29.4,20.3,-0.2,0.2,-0.1,-0.014,-7.8,-0.8,-8.7,NA,middle-tennessee,2021
13,Christian Fussell,F,7,0,17,23.7,0.441,0.833,0.083,9,6.3,22.2,13.6,0,3.4,6.3,0,36.9,0,0,0,0.107,7.5,-1.6,5.9,NA,middle-tennessee,2021
14,Marcus Mitchell,F,1,0,1,0,NA,NA,NA,0,0,0,0,0,0,0,NA,0,0,0,0,0.01,-4,0.1,-3.9,NA,middle-tennessee,2021
NA,Team Totals,,23,23,4600,NA,0.48,0.399,0.258,NA,NA,NA,NA,NA,NA,NA,NA,NA,0.3,5.5,5.8,0.051,-2.6,-0.3,-2.9,NA,middle-tennessee,2021
1,Donovan Sims,G,37,37,1035,17.5,0.52,0.448,0.253,434,3,15.9,9.6,19.6,2.4,0.2,14.3,23.7,2,1.7,3.7,0.143,1.9,0.6,2.4,NA,middle-tennessee,2022
2,DeAndre Dishman,F,37,37,1013,17.4,0.557,0.004,0.538,386,7.2,13.7,10.5,15.7,2.3,2.4,20.3,20.6,1.6,1.7,3.3,0.132,0.6,1,1.6,NA,middle-tennessee,2022
3,Eli Lawrence,G,37,36,985,16.7,0.527,0.52,0.237,369,4.4,14.6,9.6,7.2,2.8,1.8,10.4,22,1.8,1.8,3.6,0.144,0.7,1,1.7,NA,middle-tennessee,2022
4,Josh Jefferson,G,29,29,813,23.6,0.607,0.625,0.303,392,3.5,10,6.8,14.7,2.5,1,9.5,24.4,3.1,1.2,4.3,0.213,5.5,0.2,5.7,NA,middle-tennessee,2022
5,Camryn Weston,G,37,0,762,21,0.633,0.307,0.628,353,5.4,15.7,10.6,26.4,3.5,0.6,25.2,23.1,2,1.5,3.5,0.182,1.2,2.3,3.4,NA,middle-tennessee,2022
6,Teafale Lenard,G,37,7,743,18.7,0.624,0.374,0.247,230,5.8,13.6,9.8,5.1,2.7,8.9,17.8,17,1.2,1.5,2.8,0.15,0.5,3.6,4,NA,middle-tennessee,2022
7,Tyler Millin,F,34,23,714,9.5,0.552,0.532,0.234,167,4.5,13.2,8.9,5.1,0.9,2,17.4,13.6,0.7,1,1.6,0.091,-2.2,0,-2.2,NA,middle-tennessee,2022
8,Justin Bufford,G,37,16,693,10.4,0.516,0.395,0.456,146,5.9,10.2,8.1,3,1.8,3.5,10.9,11.5,0.8,1,1.8,0.106,-1.9,1.5,-0.3,NA,middle-tennessee,2022
9,Christian Fussell,F,37,0,469,9.9,0.447,0.5,0.315,127,7.9,15.3,11.7,9.1,1.1,2.5,15.1,15.9,0.4,0.7,1.1,0.091,-3.5,0.2,-3.3,NA,middle-tennessee,2022
10,Elias King,F,26,0,211,16.6,0.542,0.652,0.203,73,4,11,7.5,4.7,2.5,1.7,7.3,19.8,0.4,0.3,0.8,0.145,2,-0.2,1.8,NA,middle-tennessee,2022
11,Isaiah Turner,F,7,0,82,20,0.562,0.59,0.154,41,8.8,11.3,10.1,9,2.1,4.3,16,31,0.1,0.1,0.3,0.132,-2.9,-3.2,-6.1,NA,middle-tennessee,2022
12,Jaellan White,G,6,0,30,20.4,0.586,0.636,0.182,14,4,3.9,3.9,28.3,0,3.9,14.3,23.7,0.1,0,0.1,0.165,3.5,0.2,3.7,NA,middle-tennessee,2022
NA,Team Totals,,37,37,7550,NA,0.558,0.427,0.336,NA,NA,NA,NA,NA,NA,NA,NA,NA,14.2,12.7,26.9,0.142,0.6,1.1,1.7,NA,middle-tennessee,2022
1,Eli Lawrence,G,32,31,966,16.3,0.546,0.494,0.275,366,4,13,8.4,9,2.2,1.2,12.5,21.7,1.9,1.3,3.2,0.133,1.6,0.8,2.3,NA,middle-tennessee,2023
2,Teafale Lenard,G,33,28,922,16.8,0.537,0.357,0.239,281,5.7,12.3,8.9,11.6,3.4,7.6,19.2,17.7,0.9,1.8,2.7,0.116,0.7,4,4.7,NA,middle-tennessee,2023
3,Camryn Weston,G,33,28,919,16.7,0.543,0.28,0.406,373,5.7,14.8,10.1,19.4,2.7,0.5,21,22.9,1.4,1.3,2.7,0.118,-0.3,0.1,-0.2,NA,middle-tennessee,2023
4,DeAndre Dishman,F,33,33,894,19.6,0.522,0.007,0.424,373,10.9,15.4,13,15.8,2.5,2.4,17,23,1.5,1.4,2.9,0.129,1.6,0.6,2.2,NA,middle-tennessee,2023
5,Elias King,F,33,4,730,19.5,0.578,0.555,0.158,273,5.3,17.4,11.2,4.5,1.6,3.1,8.6,20.4,1.9,1,2.9,0.16,4,0.1,4.1,NA,middle-tennessee,2023
6,Justin Bufford,G,29,24,648,13,0.554,0.556,0.282,139,3.5,9.2,6.3,4.1,2.7,4.9,11.4,11.9,0.8,1,1.8,0.111,1,2.6,3.6,NA,middle-tennessee,2023
7,Jestin Porter,G,33,5,509,10.7,0.517,0.381,0.256,182,3.1,8.5,5.7,9,1.1,0.9,18.2,23.3,0.3,0.5,0.8,0.062,-2.4,-1.6,-4.1,NA,middle-tennessee,2023
8,Tyler Millin,F,30,12,457,8.8,0.467,0.496,0.205,117,5.2,10.6,7.8,5.3,1.8,1.3,14.6,16.9,0.1,0.5,0.7,0.06,-3.7,-0.3,-4,NA,middle-tennessee,2023
9,Jared Coleman-Jones,F,31,0,357,12.1,0.55,0.041,0.186,115,8.4,18.5,13.3,7.3,1.2,2.2,23.8,19.9,0.2,0.5,0.7,0.074,-4.1,-0.1,-4.1,NA,middle-tennessee,2023
10,Trevon Smith,G,20,0,120,8.5,0.619,0.652,0.261,31,3,9.5,6.2,8.9,1.5,0,27.9,15.3,0.1,0.1,0.2,0.072,-3.9,-0.9,-4.8,NA,middle-tennessee,2023
11,Christian Fussell,F,14,0,83,7.3,0.582,0.471,0.235,23,2.9,6.1,4.5,15.4,0.7,1.4,24.1,15.4,0.1,0.1,0.2,0.075,-4.6,-0.1,-4.7,NA,middle-tennessee,2023
12,Tre Green,G,8,0,31,9.5,0.407,0.6,1,8,11.6,12.3,11.9,5.3,0,0,11.9,13.9,0,0,0.1,0.065,-3.5,-0.4,-3.9,NA,middle-tennessee,2023
13,Jack Jubenville,G,5,0,8,-28.9,0,0,0.5,1,0,15.9,7.7,38.8,0,0,16.8,38.2,-0.1,0,-0.1,-0.445,-37.8,-16.8,-54.5,NA,middle-tennessee,2023
14,Isiah Lightsy,G,5,0,6,40.7,0.75,1,0,4,0,21.2,10.3,0,0,0,0,34.2,0,0,0,0.314,12.8,5.4,18.2,NA,middle-tennessee,2023
NA,Team Totals,,33,33,6650,NA,0.538,0.356,0.287,NA,NA,NA,NA,NA,NA,NA,NA,NA,9.2,9.5,18.7,0.112,0.2,0.8,1,NA,middle-tennessee,2023
1,Elias King,F,33,33,1069,13,0.516,0.563,0.22,367,3.2,12.8,8,6.5,1.3,1.9,12.4,21.9,0.8,1.3,2.1,0.08,-0.2,-0.9,-1,NA,middle-tennessee,2024
2,Jestin Porter,G,33,33,1051,13.6,0.505,0.44,0.217,428,2.8,9.3,6,14.5,1.8,0.6,13.5,25.8,0.8,1.2,2,0.077,-0.8,-1.2,-2,NA,middle-tennessee,2024
3,Justin Bufford,G,33,32,986,9,0.441,0.483,0.353,256,5.4,8.4,6.9,9.3,1.8,2.4,13.4,16.8,0.1,1.2,1.3,0.052,-3.5,0,-3.4,NA,middle-tennessee,2024
4,Jacob Johnson,G,33,28,938,9.6,0.519,0.022,0.709,198,5.3,11.5,8.4,7.5,1.3,1.2,17.5,12,0.6,1.1,1.6,0.069,-3,0.1,-2.9,NA,middle-tennessee,2024
5,Jared Coleman-Jones,F,33,33,927,16.6,0.54,0.153,0.42,378,7.2,24.1,15.6,19.5,1.3,3.7,23.6,24.6,0.5,1.6,2.1,0.091,-1,1,0,NA,middle-tennessee,2024
6,Jalen Jordan,G,30,4,499,13.4,0.547,0.752,0.389,179,2,9.3,5.6,11.9,1.9,0,13.7,21.2,0.7,0.6,1.2,0.099,-0.2,-0.7,-0.9,NA,middle-tennessee,2024
7,Tre Green,G,29,0,419,9.5,0.475,0.722,0.417,123,4.6,9.2,6.9,8.5,1.7,0.5,14.5,18.7,0.2,0.5,0.6,0.061,-1.7,-0.8,-2.5,NA,middle-tennessee,2024
8,Chris Loofe,F,31,0,314,13.4,0.574,0.15,0.4,87,9.4,18.9,14.1,9.3,1,8.8,27.4,16.2,0.1,0.6,0.7,0.084,-7,2.5,-4.4,NA,middle-tennessee,2024
9,Tyronn Mosley,G,20,0,252,2.2,0.335,0.564,0.154,35,4.1,8.3,6.2,9.3,1.7,0.8,25.1,11.4,-0.3,0.3,0,-0.006,-7.1,0.9,-6.3,NA,middle-tennessee,2024
10,O'zhell Jackson,G,9,0,101,12.9,0.545,0.067,0.6,25,7.9,15,11.4,17.2,3,6.9,38.4,16,-0.1,0.2,0.1,0.042,-1,3.9,2.9,NA,middle-tennessee,2024
11,Josh Ogundele,F,9,0,83,15.8,0.564,0,0.652,35,15.1,19.6,17.3,12.2,2.2,1.2,28.5,26.2,0,0.1,0.1,0.067,-3.5,1,-2.5,NA,middle-tennessee,2024
12,Camryn Weston,G,2,2,52,16.9,0.494,0.278,0.5,23,2.2,17.9,9.9,32.3,3.5,1.9,21.2,28.1,0,0.1,0.1,0.085,-1.7,2.7,1,NA,middle-tennessee,2024
13,Jack Jubenville,G,9,0,17,-11.9,0.25,0,0,2,0,13.7,6.8,0,0,0,42.9,21.3,-0.1,0,-0.1,-0.217,-18.5,-5.8,-24.3,NA,middle-tennessee,2024
14,Isiah Lightsy,G,9,0,15,-13.6,0,0.75,0,1,0,0,0,12.1,0,0,20,17.2,-0.1,0,-0.1,-0.227,-9.5,-3.8,-13.3,NA,middle-tennessee,2024
NA,Team Totals,,33,33,6723,NA,0.506,0.42,0.342,NA,NA,NA,NA,NA,NA,NA,NA,NA,3.3,8.6,11.8,0.071,-2.1,-0.1,-2.1,NA,middle-tennessee,2024
1,Jestin Porter,G,34,34,1147,14.3,0.542,0.54,0.21,453,2.4,6.9,4.7,7,1.9,0.6,10.8,22.9,1.7,1.4,3.1,0.108,1,-0.4,0.5,NA,middle-tennessee,2025
2,Camryn Weston,G,34,9,953,16.3,0.515,0.389,0.345,432,3.7,11.3,7.6,23.4,2.3,0.3,14.8,24.4,1.5,1.4,2.9,0.121,0.3,0.3,0.5,NA,middle-tennessee,2025
3,Essam Mostafa,C,33,33,898,29,0.621,0.034,0.394,468,13.9,23.4,18.7,9.7,2.5,3.5,9.4,23.6,3.4,1.9,5.3,0.237,5.3,1,6.3,NA,middle-tennessee,2025
4,Jlynn Counter,G,31,25,851,17.1,0.535,0.46,0.254,339,1.6,15.1,8.4,23.8,2.1,1.4,12.9,20.5,1.6,1.4,2.9,0.138,2.1,1.7,3.8,NA,middle-tennessee,2025
5,Justin Bufford,G,34,34,834,7.2,0.458,0.58,0.427,180,4,9.8,6.9,5.9,1.8,2.2,17.1,13.6,0,1.2,1.1,0.055,-3,0.8,-2.2,NA,middle-tennessee,2025
6,Torey Alston,F,34,20,684,16.1,0.581,0.067,0.761,222,9.1,19.4,14.3,7.5,1.2,5.1,18.7,16.3,0.9,1.2,2.1,0.125,-1.4,1.5,0.1,NA,middle-tennessee,2025
7,Chris Loofe,F,34,1,460,12.8,0.55,0.263,0.505,136,9.2,18.6,14,3.1,0.5,8,21.2,16.9,0.2,0.8,1,0.091,-4,1.9,-2.1,NA,middle-tennessee,2025
8,Kamari Lands,F,22,13,440,12.6,0.467,0.57,0.151,168,2.3,10.5,6.4,11.6,2.4,1.4,9.4,24,0.3,0.7,0.9,0.085,0,0.1,0.2,NA,middle-tennessee,2025
9,Tre Green,G,31,0,411,12.1,0.64,0.735,0.245,122,3,10.7,6.9,3.9,0.8,0.3,15.5,15.7,0.7,0.5,1.1,0.108,0.8,-0.1,0.7,NA,middle-tennessee,2025
10,Jacob Johnson,G,20,1,195,7.3,0.457,0,0.2,24,4,10.1,7.1,5.7,2.1,1.1,12,6.4,0.1,0.3,0.3,0.07,-2.9,1.8,-1,NA,middle-tennessee,2025
11,Christian Fussell,F,7,0,34,-2.4,0.2,0.583,0.083,7,9.8,12.9,11.4,4.8,0,6.2,13.8,21.2,-0.1,0,-0.1,-0.087,-18.6,-3.3,-21.9,NA,middle-tennessee,2025
12,Alec Oglesby,G,4,0,29,8.7,0.302,0.667,0.222,7,3.8,3.8,3.8,17,6,0,9.1,18.8,0,0.1,0,0.034,-7.6,-2.1,-9.7,NA,middle-tennessee,2025
13,Jarred Hall,F,3,0,17,26.1,1.333,0.667,0,6,13.1,19.4,16.3,0,0,6.2,40,14.7,0,0,0.1,0.165,-39.2,-10.7,-49.9,NA,middle-tennessee,2025
14,Jack Jubenville,G,5,0,13,-1.7,0.412,0,3,4,0,8.5,4.3,45.4,0,0,55.3,20.8,0,0,0,-0.081,-12.6,-1.4,-14.1,NA,middle-tennessee,2025
15,Isiah Lightsy,G,5,0,11,3.8,0.3,0.8,0,3,0,30,15.1,0,0,9.6,0,22.6,0,0,0,0.012,11.7,2,13.7,NA,middle-tennessee,2025
NA,Team Totals,,34,34,6977,NA,0.541,0.393,0.329,NA,NA,NA,NA,NA,NA,NA,NA,NA,10.2,10.7,21,0.12,0.1,0.7,0.8,NA,middle-tennessee,2025
1,Torey Alston,F,32,32,937,20.2,0.588,0.068,0.753,408,8.6,22.9,15.7,10,1,4.2,14.6,22.9,1.9,1.5,3.5,0.147,0.4,0.2,0.6,NA,middle-tennessee,2026
2,Kamari Lands,F,32,32,933,16.2,0.533,0.54,0.281,398,2.5,12.3,7.4,15,2,1.5,10.1,24.4,1.6,1.3,2.8,0.12,1.9,-0.3,1.6,NA,middle-tennessee,2026
3,Jahvin Carter,G,32,19,857,14.9,0.507,0.441,0.203,361,2.3,11.6,6.9,26.7,1.9,0,13,23.4,1.2,1,2.2,0.104,0.5,-0.8,-0.3,NA,middle-tennessee,2026
4,Chris Loofe,F,32,32,794,12.9,0.571,0.235,0.556,240,9.6,20.1,14.8,5.6,0.6,5.1,20.9,16.7,0.6,1.2,1.9,0.093,-3.7,0,-3.7,NA,middle-tennessee,2026
5,Sean Smith,G,32,16,742,18.2,0.541,0.333,0.217,323,4.1,7.4,5.7,30.4,3.2,2.2,14.9,22.3,1.4,1.1,2.5,0.134,2.3,1.1,3.4,NA,middle-tennessee,2026
6,Alec Oglesby,G,30,17,722,12.2,0.581,0.768,0.211,216,2.2,7,4.6,6.7,1.9,0.3,9,16.6,1.1,0.8,1.9,0.105,0.2,-0.4,-0.2,NA,middle-tennessee,2026
7,Tre Green,G,31,12,578,12.6,0.546,0.844,0.167,193,3.2,9.9,6.5,5.9,2,0,8.2,19.4,0.8,0.7,1.5,0.105,1,-0.2,0.8,NA,middle-tennessee,2026
8,Luka Jovanovic,F,31,0,420,12.9,0.688,0.023,0.349,80,10.5,15.1,12.7,4.6,1.7,4.1,21.8,7.8,0.6,0.6,1.2,0.114,-1.4,1,-0.4,NA,middle-tennessee,2026
9,Marcus Whitlock,G,21,0,246,14.7,0.572,0.791,0.119,75,4.7,6.7,5.7,8.4,2.9,2.6,7.8,16,0.4,0.3,0.8,0.127,3.1,2.1,5.2,NA,middle-tennessee,2026
10,James Dent Jr.,G,20,0,215,7.2,0.409,0.707,0.22,48,5.9,12.5,9.2,14.3,1.7,2,16.6,12.9,0,0.3,0.3,0.058,-5.8,0.4,-5.4,NA,middle-tennessee,2026
11,Jarred Hall,F,12,0,92,9.8,0.538,0.5,0,30,8.8,11.5,10.1,14.8,1.9,5.9,25.7,19.5,0,0.1,0.2,0.065,-8.5,1.7,-6.7,NA,middle-tennessee,2026
12,Savon Wykle,G,1,0,13,34.9,0.714,0.714,0,7,0,18,9,22.8,0,16.7,12.5,31.5,0,0,0.1,0.2,NA,NA,NA,NA,middle-tennessee,2026
NA,Team Totals,,32,32,6549,NA,0.551,0.459,0.32,NA,NA,NA,NA,NA,NA,NA,NA,NA,9.7,9.1,18.7,0.115,0,0.1,0.2,NA,middle-tennessee,2026
1,Adam Leonard,G,35,35,1178,11.9,0.53,0.755,0.18,320,0.6,6.5,3.5,11.4,1.3,0.2,11.2,17.4,1.8,0.9,2.7,0.091,2,-0.2,1.8,NA,missouri-state,2011
2,Jermaine Mallett,G,35,35,1153,19.2,0.592,0.398,0.412,424,6.4,16.9,11.5,18.2,1.5,0.5,17,19.8,3.2,1.3,4.5,0.157,4.1,0.7,4.9,NA,missouri-state,2011
3,Kyle Weems,F,35,35,1087,27.5,0.584,0.39,0.257,499,6.5,21.9,14,10.9,2.8,3.3,9.4,26.7,4,1.9,5.9,0.217,7.2,2.3,9.5,NA,missouri-state,2011
4,Nafis Ricks,G,35,35,1054,17.4,0.491,0.078,0.615,397,8.2,10.5,9.3,26,2,1.1,16.4,20.6,2.4,1.2,3.5,0.134,2.1,0.7,2.9,NA,missouri-state,2011
5,Will Creekmore,F,35,35,869,24.2,0.585,0.004,0.627,381,11.6,21.7,16.5,9.9,1.3,3.5,15.3,25.1,2.5,1.3,3.8,0.176,2.6,0.3,2.9,NA,missouri-state,2011
6,Nathan Scheer,G,35,0,717,9.4,0.593,0.701,0.299,141,1,10.1,5.5,10.4,0.9,0.8,17.5,11.3,1,0.6,1.6,0.087,-0.7,0.5,-0.2,NA,missouri-state,2011
7,Caleb Patterson,C,31,0,421,17.4,0.559,0.092,0.366,158,8.3,12.3,10.3,4.2,0.3,3.9,13.5,23.1,0.9,0.4,1.4,0.13,-0.1,-0.7,-0.8,NA,missouri-state,2011
8,Isaiah Rhine,C,29,0,233,10,0.505,0.025,0.5,53,8,11.7,9.8,4.1,0.8,1.9,10.8,13,0.3,0.2,0.6,0.097,-2.7,0.1,-2.5,NA,missouri-state,2011
9,Corey Copeland,G,25,0,146,3.9,0.423,0.591,0.045,19,1.7,8.9,5.2,6.3,0.9,0,15.1,9.9,0,0.1,0.1,0.028,-3.8,0.2,-3.5,NA,missouri-state,2011
10,Nick Valla,G,15,0,91,0,0.42,0.6,0.4,12,1.4,2.9,2.1,9.7,1.4,0,33.5,10.8,-0.1,0.1,0,-0.005,-6.6,-0.2,-6.8,NA,missouri-state,2011
11,Aaron Cooper,G,14,0,51,-1.3,0.313,0.375,0,8,0,10.2,5,24.4,2.5,0,42.9,15,-0.1,0.1,-0.1,-0.045,-10.7,0.2,-10.4,NA,missouri-state,2011
NA,Team Totals,,35,35,7000,NA,0.557,0.347,0.382,NA,NA,NA,NA,NA,NA,NA,NA,NA,15.9,8.1,24,0.137,2.4,0.6,3,NA,missouri-state,2011
1,Kyle Weems,F,32,32,1005,20.7,0.515,0.343,0.218,457,6.8,21.5,14.1,10.6,1.2,2.4,11,30,1.9,1.7,3.6,0.144,4.2,1,5.2,NA,missouri-state,2012
2,Michael Bizoukas,G,32,31,1005,9.9,0.422,0.348,0.295,208,2.1,10.3,6.2,31.6,1.7,0.6,28.5,11.6,0.4,1.3,1.7,0.066,-1.5,1.5,-0.1,NA,missouri-state,2012
3,Anthony Downing,G,32,16,971,15.2,0.544,0.414,0.258,343,1.3,11.7,6.4,16.6,1,0.1,14,22.4,1.6,1.1,2.7,0.112,1.3,0.8,2.1,NA,missouri-state,2012
4,Jarmar Gulley,F,32,25,799,21.4,0.556,0.191,0.339,319,9.1,19.7,14.3,11.5,2.7,0.6,12.1,23.5,2,1.5,3.5,0.174,2.5,2.5,5,NA,missouri-state,2012
5,Keith Pickens,G,29,11,627,15.9,0.552,0.108,0.763,162,7.8,17.3,12.5,12.8,1.8,3.7,15.9,13.3,1.2,1.1,2.3,0.144,0.9,3.8,4.7,NA,missouri-state,2012
6,Caleb Patterson,C,27,14,626,21.3,0.562,0.241,0.292,277,4.3,10,7.1,5.6,1,1.9,9.3,28.5,1.6,0.7,2.3,0.149,4.7,0.4,5.1,NA,missouri-state,2012
7,Nathan Scheer,G,32,14,525,4.6,0.442,0.795,0.193,78,1.2,9.8,5.4,5.9,1.4,0.2,18.1,11.6,-0.1,0.6,0.5,0.036,-3.7,2.1,-1.6,NA,missouri-state,2012
8,Christian Kirk,F,31,14,440,12.1,0.514,0.01,0.276,115,8.6,19.3,13.9,6.1,0.9,0.8,15.3,16.4,0.4,0.7,1.1,0.1,-2.1,1.3,-0.9,NA,missouri-state,2012
9,Corey Copeland,G,26,1,239,6.9,0.395,0.532,0.129,50,0.5,12,6.2,10.6,0.8,1,9.6,16.8,-0.1,0.3,0.2,0.034,-2.7,0.6,-2.2,NA,missouri-state,2012
10,Isaiah Rhine,C,27,2,212,9.6,0.571,0.071,0.31,53,8.7,10,9.3,1,0.9,0.6,17.2,15.2,0.3,0.2,0.5,0.094,-3.6,0.8,-2.8,NA,missouri-state,2012
11,Corbin Thomas,F,11,0,50,-0.2,0.339,0,1,7,9.8,15,12.4,0,1.3,0,40.4,13.7,-0.1,0.1,0,-0.033,-8,-0.1,-8.1,NA,missouri-state,2012
12,Tomie Aromona,G,8,0,26,4.5,0.334,0.429,0.143,5,4.7,14.4,9.5,7.4,0,0,11.8,18,0,0,0,-0.003,-5.9,-1,-6.9,NA,missouri-state,2012
NA,Team Totals,,32,32,6525,NA,0.521,0.309,0.29,NA,NA,NA,NA,NA,NA,NA,NA,NA,9,9.3,18.3,0.112,0.7,1.5,2.2,NA,missouri-state,2012
1,Anthony Downing,G,33,33,1133,18.8,0.509,0.363,0.395,447,3.5,14.3,8.3,19.8,2,0.2,11,25.2,2.4,0.9,3.2,0.113,2.7,0.1,2.8,NA,missouri-state,2013
2,Marcus Marshall,G,32,28,990,17.1,0.565,0.541,0.541,347,1,13,6.4,16,1.2,0.3,11.9,21.3,2.4,0.5,2.9,0.118,2.5,-0.6,1.9,NA,missouri-state,2013
3,Christian Kirk,F,32,25,798,15.5,0.525,0,0.286,268,9.1,13.2,10.9,7.4,1.1,0.3,13.1,21.8,1.2,0.4,1.6,0.082,-0.7,-1.6,-2.3,NA,missouri-state,2013
4,Nathan Scheer,G,33,10,743,9.3,0.508,0.695,0.212,162,3.4,11.1,6.8,8.1,1.7,0.8,14.9,15,0.5,0.5,1,0.052,-1.1,0.2,-0.9,NA,missouri-state,2013
5,Keith Pickens,G,30,19,703,14.4,0.496,0.045,0.416,197,9,18.3,13.2,10,1.9,2.8,16.3,17.9,0.7,0.7,1.4,0.082,-1,0.5,-0.5,NA,missouri-state,2013
6,Dorrian Williams,G,30,18,688,6.2,0.413,0.474,0.292,141,1.4,12.4,6.3,17.7,1.8,0.7,23.5,16.9,-0.6,0.5,-0.1,-0.007,-3.9,-0.1,-4,NA,missouri-state,2013
7,Gavin Thurman,F,31,12,657,8.5,0.42,0.325,0.156,199,3.3,15.4,8.7,8.8,0.7,0.4,14.7,25.9,-0.6,0.3,-0.2,-0.015,-1.7,-2.7,-4.3,NA,missouri-state,2013
8,Drew Wilson,F,31,18,403,14.9,0.493,0,0.557,93,15.6,19,17.1,4.5,1.9,2.8,13.5,12.6,0.5,0.4,1,0.095,-1.2,-0.2,-1.4,NA,missouri-state,2013
9,Bruce Marshall,C,26,2,223,2.4,0.44,0.553,0.289,36,3.2,13,7.6,1.9,0.3,1.1,18.8,13.6,-0.1,0.1,0,-0.005,-6.3,-1.6,-7.9,NA,missouri-state,2013
10,Michael Simpson,G,19,0,160,2.4,0.288,0.712,0,30,2.2,8.1,4.9,8.3,0.8,1.5,3.7,19.2,-0.3,0.1,-0.2,-0.05,-4,-1.6,-5.6,NA,missouri-state,2013
11,Tomie Aromona,G,25,0,137,7.7,0.473,0.579,0.474,23,3.5,8.4,5.7,7.7,3.3,0,17.7,11.8,0,0.1,0.2,0.045,-3.7,2.5,-1.2,NA,missouri-state,2013
12,Ryan Carmichael,G,8,0,15,32.5,0.505,0.75,0.5,6,15.8,19.3,17.4,14.6,8.7,0,0,18.8,0.1,0,0.1,0.265,20.6,11.4,32,NA,missouri-state,2013
NA,Team Totals,,33,33,6650,NA,0.492,0.35,0.339,NA,NA,NA,NA,NA,NA,NA,NA,NA,6.2,4.5,10.8,0.065,-0.5,-0.5,-1,NA,missouri-state,2013
1,Austin Ruder,G,33,32,981,10.7,0.571,0.779,0.169,250,0.6,6.1,3.3,8.5,0.6,0,7.8,14.9,1.5,0.6,2.1,0.086,1.5,-1.3,0.3,NA,missouri-state,2014
2,Dorrian Williams,G,33,24,890,10.2,0.474,0.491,0.465,225,1.5,12.5,7,24.7,1.5,0.1,19.5,14.7,0.6,0.9,1.5,0.067,-1.1,-0.1,-1.2,NA,missouri-state,2014
3,Jarmar Gulley,F,33,33,883,24.9,0.54,0.233,0.398,457,9.2,19.9,14.5,15.6,3.6,1.5,11.3,30.3,2.2,1.6,3.8,0.173,4.6,1.7,6.3,NA,missouri-state,2014
4,Christian Kirk,F,33,9,606,14.9,0.586,0,0.436,190,7.6,13.9,10.7,6.4,1.1,3.8,16.3,18,0.9,0.8,1.6,0.107,-1.5,0.7,-0.8,NA,missouri-state,2014
5,Ron Mvouika,G,31,9,563,15.9,0.519,0.375,0.452,227,7.9,16.5,12.2,21.6,1.4,0.6,18.4,24,0.6,0.7,1.3,0.094,1.4,-1.1,0.3,NA,missouri-state,2014
6,Nathan Scheer,G,32,3,431,9,0.55,0.756,0.439,101,2,9.1,5.5,6,1.4,0.3,13.9,14.4,0.4,0.4,0.8,0.074,-1,0.2,-0.7,NA,missouri-state,2014
7,Devon Thomas,G,32,1,423,9.9,0.499,0.175,0.613,113,1.1,10.1,5.6,22.1,2.2,0.9,22.5,17,0.1,0.5,0.6,0.053,-2.8,0.8,-2,NA,missouri-state,2014
8,Tyler McCullough,C,28,20,404,11.5,0.543,0,0.427,98,6.6,14.8,10.7,5.2,0.9,7.2,20.3,15.2,0.2,0.6,0.8,0.075,-3.6,1.2,-2.4,NA,missouri-state,2014
9,Gavin Thurman,F,29,1,395,12.8,0.488,0.444,0.222,147,3.1,14.8,8.9,7.1,0.6,2.2,10.1,25.8,0.3,0.4,0.7,0.069,0.5,-1.7,-1.2,NA,missouri-state,2014
10,Keith Pickens,G,19,4,364,20.1,0.55,0.013,0.789,121,10,23.5,16.7,7.7,2.5,8.4,16.1,18.5,0.6,0.8,1.3,0.145,0.6,3.4,4,NA,missouri-state,2014
11,Marcus Marshall,G,12,11,343,18.2,0.586,0.461,0.583,159,1.8,9.6,5.7,17.1,0,0,10.9,26,1,0.2,1.2,0.142,3.7,-1.7,2,NA,missouri-state,2014
12,Emmanuel Addo,F,27,18,288,11.9,0.557,0.241,0.414,109,8.4,13.6,11,4,0.6,0.4,17.4,23.7,0.3,0.3,0.6,0.085,-4.8,-2.1,-6.9,NA,missouri-state,2014
13,Bruce Marshall,C,15,0,63,14.2,0.597,0.667,0.6,20,3.8,11.6,7.7,0,0,5.8,9.4,18.3,0.1,0.1,0.2,0.127,0.7,-1.2,-0.5,NA,missouri-state,2014
14,Michael Simpson,G,12,0,43,4.1,0.267,0.6,0,9,2.8,5.7,4.2,14,1.4,2.8,0,18.9,-0.1,0,0,-0.018,-3.6,-2.3,-5.9,NA,missouri-state,2014
NA,Team Totals,,33,33,6677,NA,0.537,0.365,0.408,NA,NA,NA,NA,NA,NA,NA,NA,NA,8.6,7.9,16.5,0.099,0.3,0,0.3,NA,missouri-state,2014
1,Austin Ruder,G,31,25,967,9.4,0.474,0.665,0.167,237,0.5,8.2,4.3,9.6,1.5,0.1,10.3,18,0.6,0.6,1.2,0.051,-0.6,-1.1,-1.7,NA,missouri-state,2015
2,Dorrian Williams,G,29,29,918,11.3,0.443,0.268,0.225,244,2,14.8,8.3,32.1,3.1,0,25.7,19.1,-0.3,1.1,0.9,0.037,-3.1,0.3,-2.8,NA,missouri-state,2015
3,Camyn Boone,F,31,30,710,20.6,0.6,0,0.559,256,11,18.9,14.9,8.6,1.1,4.2,16.1,21.2,1.7,0.9,2.5,0.143,-0.2,-0.3,-0.5,NA,missouri-state,2015
4,Chris Kendrix,G,30,18,708,13.9,0.564,0.484,0.648,189,7.2,12.6,9.9,7.9,1.7,1.8,18.5,16.3,1,0.7,1.7,0.094,1.1,0.1,1.1,NA,missouri-state,2015
5,Loomis Gerring,F,31,16,593,9.7,0.42,0.121,0.369,156,9.8,14,11.9,7.1,1.9,1.2,17.1,20,-0.1,0.6,0.5,0.031,-3.7,-1,-4.7,NA,missouri-state,2015
6,Shawn Roundtree,G,31,2,536,2.3,0.355,0.411,0.252,96,0.9,10,5.4,17.8,1.1,0,25,16.8,-0.9,0.3,-0.5,-0.041,-5.7,-1.1,-6.8,NA,missouri-state,2015
7,Marcus Marshall,G,14,13,456,27.3,0.627,0.486,0.373,227,0.8,11.8,6.2,15.2,1.4,0.5,8,29.2,2.1,0.3,2.4,0.211,8.3,-0.6,7.7,NA,missouri-state,2015
8,Gavin Thurman,F,26,1,455,9.5,0.416,0.367,0.1,142,2.5,14.9,8.6,11.7,1,1,11.7,26.4,-0.3,0.4,0.1,0.009,-1.8,-1.8,-3.7,NA,missouri-state,2015
9,Christian Kirk,F,29,6,448,14,0.543,0,0.408,123,9.1,15.1,12.1,6.6,1.3,4.2,20.4,18.5,0.3,0.5,0.8,0.074,-1.5,0.9,-0.6,NA,missouri-state,2015
10,Tyler McCullough,C,30,12,418,15.2,0.492,0,0.293,114,12.5,11.6,12.1,4.1,1.3,8.8,13.8,17.6,0.4,0.5,0.9,0.09,-2.5,0.9,-1.6,NA,missouri-state,2015
11,Robin Thompson,F,8,3,61,9.2,0.401,0,1,15,8.1,10.5,9.3,10.5,2.1,7.8,15.6,17.7,0,0.1,0.1,0.055,-17.7,-2.9,-20.5,NA,missouri-state,2015
12,Ron Mvouika,G,2,0,20,20.7,0.505,0.333,0.444,9,0,25.6,12.6,15.7,6.5,0,21.6,39.1,0,0,0,0.039,-17.4,-11.7,-29.1,NA,missouri-state,2015
13,Cameron Maes,G,2,0,10,-5.7,0,0.667,0,1,0,25.6,12.6,57.8,0,0,25,22.5,-0.1,0,0,-0.196,0,0,0,NA,missouri-state,2015
NA,Team Totals,,31,31,6300,NA,0.497,0.318,0.326,NA,NA,NA,NA,NA,NA,NA,NA,NA,4.5,6,10.5,0.067,-1.3,-0.5,-1.8,NA,missouri-state,2015
1,Dequon Miller,G,32,32,1110,10,0.475,0.474,0.333,397,1.7,8.6,5,18.6,0.9,0,16.1,23.1,0.2,0.7,0.9,0.031,-0.7,-2.2,-2.9,NA,missouri-state,2016
2,Obediah Church,F,32,32,861,15.3,0.564,0.021,0.528,217,7.9,17.9,12.7,11.3,1.5,6.3,21.4,13.4,0.7,1.2,1.9,0.087,0.3,1.7,2,NA,missouri-state,2016
3,Chris Kendrix,G,30,22,837,17.2,0.573,0.502,0.603,336,4.2,15.6,9.7,8.5,2.1,2.2,16.1,22.8,1.4,1,2.4,0.114,1.8,0,1.8,NA,missouri-state,2016
4,Camyn Boone,F,31,28,775,21.1,0.544,0,0.468,358,8.3,21.5,14.7,12,0.7,2.1,11,25.3,1.7,0.9,2.5,0.131,2.7,-1,1.7,NA,missouri-state,2016
5,Jarred Dixon,G,30,17,725,13.2,0.475,0.185,0.288,233,3.3,7.4,5.3,13.6,3.2,0.6,10.6,19.6,0.5,0.8,1.3,0.072,-0.9,1.4,0.5,NA,missouri-state,2016
6,Dorrian Williams,G,20,17,606,11.2,0.433,0.238,0.232,163,0.7,15.9,8.1,25.9,2.6,0.2,16,16.6,0.1,0.7,0.8,0.052,-3,0.7,-2.3,NA,missouri-state,2016
7,Ryan Kreklow,G,28,6,596,10.6,0.504,0.689,0.274,177,2.2,9.7,5.9,12.1,2,1.3,15.1,18.4,0.3,0.6,0.9,0.061,-0.6,0.4,-0.1,NA,missouri-state,2016
8,Loomis Gerring,F,26,2,276,5,0.393,0.233,0.291,76,6.7,14.7,10.6,3,1.5,2,18.4,21.8,-0.4,0.3,-0.1,-0.019,-7.1,-1.5,-8.6,NA,missouri-state,2016
9,Jordan Martin,F,27,3,217,4.6,0.385,0,0.679,61,12.1,9.6,10.9,5.6,2.9,5.5,26.3,22,-0.5,0.3,-0.1,-0.027,-10.3,1.1,-9.1,NA,missouri-state,2016
10,Tyler McCullough,C,28,0,207,9.7,0.47,0,0.308,49,12.1,15.1,13.6,4.8,0.8,7.4,23.9,14.3,0,0.3,0.3,0.049,-5.2,0.6,-4.6,NA,missouri-state,2016
11,Robin Thompson,F,19,1,126,12.5,0.481,0,0.52,32,10.4,10.1,10.3,4.9,4.1,5.2,18.3,15.2,0,0.2,0.2,0.077,-3.3,3.5,0.2,NA,missouri-state,2016
12,Austin Ruder,G,5,0,78,3,0.4,0.727,0.045,15,0,10.4,5,2.5,0.7,0,8.2,15.8,0,0,0,0,-3.1,-1.7,-4.8,NA,missouri-state,2016
13,Shawn Roundtree,G,3,0,35,2.1,0.392,0.364,0.091,8,3.1,0,1.6,6.1,1.7,0,14.8,19.4,0,0,0,-0.036,-8.3,-5.1,-13.5,NA,missouri-state,2016
NA,Team Totals,,32,32,6449,NA,0.499,0.293,0.392,NA,NA,NA,NA,NA,NA,NA,NA,NA,3.9,6.9,10.9,0.067,-0.9,0,-0.9,NA,missouri-state,2016
1,Dequon Miller,G,33,32,1174,14.4,0.514,0.456,0.339,435,2.1,8,5,20.9,1.8,0,15.2,21.1,1.9,1.1,3.1,0.104,1.3,-0.6,0.7,NA,missouri-state,2017
2,Alize Johnson,F,33,33,997,24.7,0.576,0.298,0.465,495,13.1,29.5,21.2,13.9,1.2,0.7,15.2,25.8,3.1,1.6,4.6,0.185,5.6,-0.5,5,NA,missouri-state,2017
3,Obediah Church,F,31,26,794,19.4,0.611,0.008,0.683,225,10.6,16.6,13.5,10.2,1.2,10.6,20.5,13.6,1.4,1.4,2.8,0.14,1.2,3.1,4.3,NA,missouri-state,2017
4,Jarred Dixon,G,33,10,758,14.9,0.485,0.204,0.273,291,3.6,9.7,6.6,18.2,2.1,1,12.5,22.8,1.1,0.9,2,0.104,0.2,0.2,0.4,NA,missouri-state,2017
5,Jarrid Rhodes,F,33,27,731,11.1,0.533,0.473,0.164,212,4.5,14.3,9.4,5.7,0.7,1.2,16.2,18.2,0.6,0.7,1.4,0.076,-0.1,-0.9,-1,NA,missouri-state,2017
6,Ryan Kreklow,G,33,9,584,13.9,0.612,0.647,0.199,186,3,9.4,6.2,7.5,2,0.4,16.6,18.1,1,0.6,1.7,0.114,0.7,0.4,1.1,NA,missouri-state,2017
7,Chris Kendrix,G,30,1,411,15.3,0.534,0.633,0.406,147,4.3,20.2,12.1,3.8,2.3,3.3,16.4,22.9,0.5,0.7,1.1,0.111,-0.6,1.4,0.8,NA,missouri-state,2017
8,Austin Ruder,G,29,7,390,12.1,0.525,0.846,0.069,118,0.9,7.5,4.2,4.6,1.2,0.9,4.3,18.5,0.7,0.3,1,0.108,1.2,-0.9,0.3,NA,missouri-state,2017
9,Ronnie Rousseau III,G,14,14,379,18.9,0.584,0.3,0.342,159,1.3,8.4,4.8,22.5,1.7,0,13.6,21.9,1,0.4,1.4,0.149,1.2,-1,0.1,NA,missouri-state,2017
10,Jordan Martin,F,32,6,290,9.5,0.529,0,0.816,72,8.6,16,12.2,1.3,2.3,4.3,24.4,16,0,0.5,0.5,0.067,-6.8,1.3,-5.4,NA,missouri-state,2017
11,Tyler McCullough,C,21,0,149,3.3,0.347,0,0.692,18,9.5,12.3,10.9,2.3,0,3,18.8,7.4,0,0.1,0.1,0.037,-5.2,-0.4,-5.6,NA,missouri-state,2017
12,Robin Thompson,F,9,0,44,14.1,0.667,0,0,8,5.4,16.6,10.9,8.5,4.1,0,0,7,0.1,0.1,0.2,0.162,-7.9,2.1,-5.8,NA,missouri-state,2017
13,Ross Owens,G,6,0,14,20.7,0.417,0.5,0,6,16.9,17.4,17.2,14.9,4.3,0,0,22.1,0,0,0.1,0.175,-2.9,3.2,0.3,NA,missouri-state,2017
14,Tyrie Hill-Thomas,F,5,0,10,21.5,1,0,0,2,0,12.2,6,0,0,0,0,10.3,0,0,0,0.177,-1,-1.3,-2.4,NA,missouri-state,2017
NA,Team Totals,,33,33,6725,NA,0.545,0.392,0.344,NA,NA,NA,NA,NA,NA,NA,NA,NA,11.5,8.4,20,0.119,0.9,0.2,1.1,NA,missouri-state,2017
1,Alize Johnson,F,33,33,1028,24.1,0.528,0.365,0.363,517,11.4,30.4,21,19.3,0.9,1.5,13.6,27.1,2.7,2,4.7,0.183,5.6,0.3,5.9,NA,missouri-state,2018
2,Jarrid Rhodes,F,33,33,1009,15.6,0.578,0.58,0.168,329,4.5,10.5,7.5,9,1.1,0.7,9.7,17.4,2.3,1.2,3.5,0.139,3.3,0,3.3,NA,missouri-state,2018
3,Jarred Dixon,G,33,18,951,12.8,0.513,0.305,0.211,295,2.6,8.1,5.4,14.5,1.5,1.3,13.1,18.1,1.2,1.2,2.4,0.099,-0.3,0.3,0,NA,missouri-state,2018
4,Obediah Church,F,32,31,762,20.3,0.646,0.007,0.489,228,11.1,15.2,13.2,10,1.3,8.7,21.3,14.2,1.5,1.4,2.9,0.153,1.3,2.7,4,NA,missouri-state,2018
5,J.T. Miller,G,32,15,658,13.7,0.516,0.165,0.219,239,3.9,14.7,9.4,12.6,1.5,1.2,17.4,23.3,0.4,1,1.4,0.083,-1.5,-0.1,-1.6,NA,missouri-state,2018
6,Ryan Kreklow,G,33,10,656,9.8,0.472,0.719,0.263,174,1.5,9.7,5.6,13.4,2.2,1,14.3,16.4,0.5,0.9,1.4,0.087,-2.4,1.7,-0.7,NA,missouri-state,2018
7,Ronnie Rousseau III,G,27,11,582,5.5,0.434,0.479,0.205,140,1.2,5.7,3.5,13,1,0.2,16.6,16.9,-0.1,0.6,0.5,0.031,-3.6,-0.6,-4.2,NA,missouri-state,2018
8,Reggie Scurry,F,21,3,359,21.7,0.539,0.061,0.367,167,11.6,15.8,13.8,1.9,0.8,5.8,11.3,27.8,0.7,0.6,1.3,0.148,0.8,0.5,1.2,NA,missouri-state,2018
9,Mustafa Lawrence,G,22,10,273,14.3,0.536,0.705,0.193,96,2.1,7.8,4.9,14.1,2.9,0,11.9,20.5,0.5,0.4,0.9,0.129,0.4,0.2,0.6,NA,missouri-state,2018
10,Tanveer Bhullar,C,24,1,201,12.1,0.434,0.014,0.214,74,12.4,17.2,14.8,14.1,1.5,4.4,20.6,24.8,-0.1,0.4,0.3,0.052,-4.6,0.4,-4.2,NA,missouri-state,2018
11,Ross Owens,G,13,0,78,-1.2,0.341,0.864,0,14,1.4,8.6,5,4.5,1.5,1.4,24.1,19.1,-0.2,0.1,-0.1,-0.054,-9.2,-2,-11.2,NA,missouri-state,2018
12,Abdul Fofana,F,13,0,67,7.5,0.484,0,0.556,12,6.7,20,13.4,2.6,3.6,1.6,30.5,12.5,0,0.1,0.1,0.062,-7.7,2.3,-5.4,NA,missouri-state,2018
NA,Team Totals,,33,33,6624,NA,0.525,0.362,0.27,NA,NA,NA,NA,NA,NA,NA,NA,NA,9.3,9.9,19.2,0.116,0.5,0.6,1.1,NA,missouri-state,2018
1,Josh Webster,G,32,30,1026,15.4,0.504,0.227,0.406,325,2.5,10.6,6.5,30.8,2.1,2.8,17.9,15.7,1.7,1.3,3,0.116,0.6,0.1,0.7,NA,missouri-state,2019
2,Jarred Dixon,G,32,30,996,16.7,0.547,0.412,0.307,386,2.4,8.5,5.3,10,2.2,0.4,9,22.7,2,1.1,3.1,0.126,0.8,0,0.7,NA,missouri-state,2019
3,Keandre Cook,G,32,24,931,15.6,0.557,0.417,0.408,374,4.3,14.7,9.3,5.4,1.9,1.6,17.6,25.8,1,1.2,2.2,0.093,0.2,-1,-0.8,NA,missouri-state,2019
4,Ryan Kreklow,G,32,26,880,11.4,0.601,0.688,0.285,233,1.1,13.3,7,8.4,2.3,1.5,21.8,16.5,0.7,1.2,1.9,0.085,-1.4,0.6,-0.9,NA,missouri-state,2019
5,Tulio Da Silva,F,27,26,868,21.9,0.601,0.17,0.384,361,9,20.9,14.8,5.4,1.9,3.1,14.7,23.2,2,1.3,3.4,0.155,2.1,-0.4,1.7,NA,missouri-state,2019
6,Kabir Mohammed,F,31,2,464,17.2,0.487,0.115,0.623,179,13.6,19.8,16.6,5.8,1.7,2.1,10.1,21.7,0.8,0.7,1.5,0.127,-1.2,-1,-2.3,NA,missouri-state,2019
7,Jared Ridder,F,23,2,433,11.8,0.5,0.766,0.215,108,1.7,10.6,6,5.9,1.5,2.6,4.8,15.3,0.5,0.5,1,0.09,1.3,0,1.3,NA,missouri-state,2019
8,Obediah Church,F,11,11,292,16,0.593,0.06,0.38,77,5.5,18.5,11.8,14.4,3.1,7.2,29.8,15.4,0.1,0.6,0.7,0.097,-0.4,2.8,2.4,NA,missouri-state,2019
9,Szymon Wojcik,F,14,9,209,11.7,0.512,0.582,0.164,68,4.7,24.5,14.4,4,1.2,7.1,21.7,23.7,-0.1,0.4,0.3,0.053,-6.4,-0.7,-7.1,NA,missouri-state,2019
10,Darian Scott,C,22,0,150,2.8,0.294,0,0.286,22,9.9,9.6,9.8,4.7,1.2,4.9,25.1,11.4,-0.2,0.2,0,0.003,-6.7,1.3,-5.4,NA,missouri-state,2019
11,Jan Wojcik,F,18,0,112,10.5,0.589,0.563,0.688,24,2.2,16.4,9.1,5,3.8,4.4,24.8,13.5,0,0.2,0.3,0.09,-5.5,2.4,-3,NA,missouri-state,2019
12,Ross Owens,G,16,0,64,22.6,0.616,0.867,0.4,25,9.7,8.2,9,19,3.8,0,5.3,15.8,0.3,0.1,0.3,0.213,-2.4,1,-1.4,NA,missouri-state,2019
NA,Team Totals,,32,32,6425,NA,0.548,0.379,0.366,NA,NA,NA,NA,NA,NA,NA,NA,NA,8.9,8.6,17.5,0.109,-0.2,0,-0.2,NA,missouri-state,2019
1,Keandre Cook,G,33,22,1059,17.6,0.562,0.443,0.33,445,2.7,14.3,8.5,9.1,1.5,1.5,14.3,24.3,2.3,1.3,3.7,0.139,2.5,0,2.5,NA,missouri-state,2020
2,Tulio Da Silva,F,31,27,830,17.4,0.543,0.065,0.331,310,11.2,19.9,15.6,7.5,1.4,2.1,19.6,21.4,1.1,1.2,2.3,0.112,0.2,-0.2,0,NA,missouri-state,2020
3,Josh Hall,G,33,11,712,11.3,0.482,0.316,0.316,184,5.9,16.4,11.2,10.3,2.5,1.2,20.2,15.8,0.3,1.1,1.4,0.08,-1.5,1.5,0,NA,missouri-state,2020
4,Lamont West,F,33,19,703,17.9,0.569,0.563,0.231,284,6.5,15.1,10.8,5.6,1.7,1.3,14.6,23,1.5,0.9,2.5,0.141,2.2,-0.1,2,NA,missouri-state,2020
5,Isiaih Mosley,F,32,10,701,16.3,0.567,0.33,0.17,246,3.5,15.7,9.6,10.2,1.6,1.4,14.5,19.8,1.3,0.9,2.2,0.128,1.7,0.6,2.3,NA,missouri-state,2020
6,Ja'Monta Black,G,32,20,624,7.5,0.518,0.719,0.052,107,1.3,9.1,5.2,10.8,1.3,0.6,16.9,9.5,0.5,0.6,1.1,0.07,-1.4,0.8,-0.6,NA,missouri-state,2020
7,Gaige Prim,F,28,15,607,28,0.543,0.007,0.354,370,11.1,15.6,13.3,18.6,1.6,3.9,12.4,33.4,2.1,0.9,3,0.198,5.1,0.6,5.7,NA,missouri-state,2020
8,Tyrik Dixon,G,17,17,493,10.1,0.435,0.417,0.236,142,1.7,14.6,8.1,23,2.6,1.4,21.6,18.4,0,0.7,0.8,0.064,-3.2,1.9,-1.2,NA,missouri-state,2020
9,Ford Cooper Jr.,G,27,5,324,6,0.47,0.729,0.229,60,0.7,8.8,4.7,16.1,2.5,0.4,28.3,11.5,0,0.4,0.4,0.052,-4.2,1.5,-2.7,NA,missouri-state,2020
10,Ross Owens,G,19,10,278,9.8,0.434,0.8,0.08,59,5.9,13.2,9.5,16.2,2.7,0,16.2,11.2,0.2,0.4,0.6,0.092,-1.6,2.2,0.6,NA,missouri-state,2020
11,Kabir Mohammed,F,22,9,222,15.7,0.545,0,0.842,69,11.7,11.7,11.7,12.2,2.9,1.1,19.6,15,0.4,0.3,0.8,0.135,-0.8,1.8,1,NA,missouri-state,2020
12,Darian Scott,C,12,0,50,8.9,0.361,0,1.1,14,21.2,16.5,18.9,0,0,7.1,20.8,19.3,0,0.1,0,0.029,-5.3,-2.1,-7.4,NA,missouri-state,2020
13,Spencer Brown,G,11,0,16,15.5,0.42,0.8,0.4,6,0,7.4,3.7,21.8,7.3,0,14.4,21.9,0,0,0,0.12,-2.2,4.6,2.4,NA,missouri-state,2020
14,Jared Ridder,F,1,0,6,0,0.127,1,0.667,2,19.6,19.7,19.7,26.2,0,0,0,33.1,0,0,0,-0.129,-6.5,-8,-14.5,NA,missouri-state,2020
NA,Team Totals,,33,33,6625,NA,0.533,0.338,0.288,NA,NA,NA,NA,NA,NA,NA,NA,NA,10,9,18.9,0.114,0.4,0.7,1.1,NA,missouri-state,2020
1,Isiaih Mosley,F,24,24,809,23.8,0.606,0.264,0.372,449,2.2,18,10.8,20.1,1.8,0.4,17.3,30.7,2.4,1.5,3.9,0.192,3.6,0.6,4.2,NA,missouri-state,2021
2,Ja'Monta Black,G,24,22,747,11.5,0.56,0.795,0.168,213,0.8,10.6,6.1,9.5,1,0.4,14.2,16.8,0.9,1,1.9,0.104,0.3,-0.1,0.2,NA,missouri-state,2021
3,Gaige Prim,F,24,24,705,32.5,0.627,0.007,0.408,424,13.8,21.4,17.9,23.4,2.3,4.6,16.1,28.2,3.2,1.6,4.9,0.277,6.1,2.5,8.6,NA,missouri-state,2021
4,Demarcus Sharp,G,21,12,656,14.1,0.559,0.223,0.223,198,2.9,11.9,7.8,21.1,1.3,1.8,19,15.1,1.1,1,2.1,0.13,1,1.8,2.8,NA,missouri-state,2021
5,Keaton Hervey,G,24,24,643,11.7,0.632,0.482,0.482,161,3.9,15.1,10,2.2,0.9,1.1,17.1,13.8,1,1,2,0.122,-0.2,0.7,0.5,NA,missouri-state,2021
6,Jared Ridder,F,24,12,606,11.4,0.557,0.89,0.065,153,1.5,11.1,6.7,4.4,1.1,2.1,10.2,15.3,0.7,0.9,1.6,0.107,0.6,0.3,0.9,NA,missouri-state,2021
7,Lu'Cye Patterson,G,23,0,333,4.5,0.355,0.478,0.463,75,4.2,13.2,9.1,13.3,1,0,18,15.7,-0.2,0.5,0.3,0.033,-4.9,0.1,-4.8,NA,missouri-state,2021
8,Nic Tata,F,20,0,114,11.5,0.547,0.065,0.194,36,10,14.1,12.2,1.7,0.5,0,19.1,19.2,0.1,0.2,0.2,0.083,-3.3,-2.5,-5.8,NA,missouri-state,2021
9,Darian Scott,C,12,0,48,4.6,0.633,0,0.667,7,2.6,8.9,6,13.4,0,2.2,33.6,6.5,0,0.1,0.1,0.084,-6.6,2.7,-3.9,NA,missouri-state,2021
10,Raphe Ayres,G,10,0,43,6.1,0.364,0.818,0,9,5.9,17.4,12.1,7.8,1.4,0,15.4,15.8,0,0.1,0,0.037,-3.2,-2.9,-6.1,NA,missouri-state,2021
11,Spencer Brown,G,9,2,30,1.9,0.253,1,0.667,4,0,14.3,7.7,5.3,1.9,0,0,13.8,0,0.1,0,0.006,-10.3,0.3,-10.1,NA,missouri-state,2021
12,Skylar Wicks,G,6,0,28,1.5,0.382,0.2,1.2,7,0,19.1,10.4,11.4,0,0,27.6,20.3,-0.1,0,0,-0.024,-9.6,-5.1,-14.7,NA,missouri-state,2021
13,Melvyn Ebonkoli,F,6,0,14,4,0.333,0,0,7,36.2,7.6,20.7,13.7,0,0,25,29.9,0,0,0,0.001,-11.6,-11.8,-23.4,NA,missouri-state,2021
14,Dawson Carper,C,3,0,13,-0.2,0.169,0,1,2,0,24.7,13.4,11.6,0,8.1,25.3,15.9,0,0,0,-0.058,-7.6,1.6,-6,NA,missouri-state,2021
15,Elijah Bridgers,F,4,0,11,44,0.737,0.25,0.75,6,11.5,19.5,15.8,0,5.3,0,0,25.8,0.1,0,0.1,0.329,-5.4,-5.7,-11.2,NA,missouri-state,2021
NA,Team Totals,,24,24,4800,NA,0.576,0.387,0.312,NA,NA,NA,NA,NA,NA,NA,NA,NA,9.1,8,17.1,0.143,1,0.7,1.7,NA,missouri-state,2021
1,Donovan Clay,G,34,34,1098,15.5,0.593,0.222,0.236,303,5,17.1,11.3,9.1,1.1,3.6,13.7,13.3,2.1,1.5,3.7,0.133,1.6,1.7,3.3,NA,missouri-state,2022
2,Isiaih Mosley,F,34,32,1075,27.7,0.617,0.329,0.267,645,4,18.9,11.8,15.7,2.2,0.6,14.1,32,4.1,1.6,5.7,0.213,6.1,0.3,6.4,NA,missouri-state,2022
3,Gaige Prim,F,34,34,1003,29,0.623,0.053,0.493,569,12,20,16.2,11.9,1.7,4.5,15.2,27.6,4.1,1.7,5.8,0.232,5.3,1,6.3,NA,missouri-state,2022
4,Ja'Monta Black,G,34,33,962,12.4,0.581,0.806,0.073,266,1.3,11.5,6.6,5.5,0.7,0.6,6.9,15,1.8,0.9,2.7,0.112,1.9,-0.4,1.6,NA,missouri-state,2022
5,Lu'Cye Patterson,G,34,26,894,12.8,0.528,0.192,0.369,274,2.7,9.3,6.1,14.3,1.3,1,13.4,16.2,1.4,0.9,2.3,0.104,-0.4,0.6,0.2,NA,missouri-state,2022
6,Jaylen Minnett,G,32,2,646,16.8,0.57,0.801,0.087,247,0,7.9,4.2,10.9,2.3,0.3,8,21.3,1.5,0.7,2.3,0.14,2.4,0.2,2.6,NA,missouri-state,2022
7,Isaac Haney,G,32,0,506,9.3,0.515,0.568,0.389,122,2.5,15.1,9.1,7.8,2.4,0,18.8,14.4,0.3,0.7,1,0.083,-3.5,1.4,-2,NA,missouri-state,2022
8,Keaton Hervey,G,17,4,279,8.5,0.535,0.625,0.229,60,4.5,6.9,5.8,5.1,1.1,1.6,14.5,11.7,0.3,0.3,0.6,0.08,-0.6,0.6,0,NA,missouri-state,2022
9,Demarcus Sharp,G,8,5,174,14.6,0.469,0.306,0.389,56,2.2,15.7,9.3,30.1,2,1.3,19,15.9,0.2,0.2,0.5,0.113,-0.7,0.9,0.2,NA,missouri-state,2022
10,Dawson Carper,C,27,0,167,13.9,0.583,0.091,0.303,50,11.2,17,14.3,5.1,0.7,6,22.6,15.4,0.2,0.2,0.5,0.113,-2.2,1.2,-1,NA,missouri-state,2022
11,Nic Tata,F,8,0,46,16.9,0.641,0.333,0.083,15,8.2,17.3,13,4,0,0,7.4,15.4,0.1,0,0.2,0.15,2.5,-1.5,1,NA,missouri-state,2022
NA,Team Totals,,34,34,6850,NA,0.587,0.382,0.277,NA,NA,NA,NA,NA,NA,NA,NA,NA,16.4,8.8,25.2,0.147,2.1,0.7,2.8,NA,missouri-state,2022
1,Donovan Clay,G,30,28,959,17.9,0.525,0.202,0.31,387,6.9,14.5,10.6,25,1.5,3.8,19.6,23.9,1.5,1.5,3,0.125,1.5,0.7,2.3,NA,missouri-state,2023
2,Alston Mason,G,31,20,837,13.5,0.507,0.467,0.226,312,1.6,8.8,5.1,22.2,1.5,0.1,16.7,23.5,1.1,1,2.1,0.099,-0.7,-1.4,-2.1,NA,missouri-state,2023
3,Kendle Moore,G,30,24,753,11.6,0.506,0.67,0.155,215,3.6,8.6,6.1,10.5,2.7,0.2,15.6,18.8,0.7,1.1,1.7,0.092,-1.4,0.5,-0.9,NA,missouri-state,2023
4,Jonathan Mogbo,F,30,28,733,22.5,0.564,0,0.463,254,12.2,22.8,17.4,12.9,3.3,5.8,19,19.4,1.2,1.7,2.9,0.161,0.5,2.4,2.9,NA,missouri-state,2023
5,Chance Moore,G,31,3,677,20.1,0.54,0.551,0.317,285,5.1,16.8,10.8,5.5,2.3,3.1,10.6,27.2,1.4,1.2,2.6,0.153,2.6,0.5,3.1,NA,missouri-state,2023
6,Damien Mayo Jr.,G,31,17,639,9.9,0.469,0.301,0.226,145,5.2,10.7,7.9,9.9,1.6,3.1,17.4,15.1,0.2,0.9,1.1,0.069,-2.9,0.8,-2.1,NA,missouri-state,2023
7,Dalen Ridgnal,F,31,11,548,17.3,0.575,0.615,0.205,152,8.9,21,14.8,5.5,2.1,2.5,11.9,15,1.1,1,2.1,0.156,1.7,1,2.7,NA,missouri-state,2023
8,Bryan Trimble Jr.,G,15,10,378,10.5,0.491,0.855,0.094,105,0.6,11.2,5.8,6.4,1,0.7,4.7,18.3,0.6,0.4,1,0.107,-0.6,-0.5,-1.1,NA,missouri-state,2023
9,James Graham III,F,18,5,357,9.7,0.56,0.806,0,65,3,8.7,5.8,2.1,1.6,4.2,13,11.7,0.3,0.5,0.8,0.092,-1.3,0.5,-0.8,NA,missouri-state,2023
10,N.J. Benson,F,27,1,254,15.7,0.496,0,0.638,79,15.1,17.7,16.3,4.2,1,5.4,17.5,19.5,0.2,0.4,0.6,0.095,-3,-0.8,-3.8,NA,missouri-state,2023
11,Raphe Ayres,G,24,9,204,6,0.57,0.808,0.308,31,1.8,9.8,5.7,2.7,2.2,0.6,25.1,10.5,0,0.3,0.3,0.062,-4.6,1.2,-3.5,NA,missouri-state,2023
12,Dawson Carper,C,7,2,97,13.5,0.531,0,0.652,30,8.6,15.4,12,4.5,0.7,5.1,18.9,20.7,0,0.1,0.2,0.08,-1.8,0.9,-0.9,NA,missouri-state,2023
13,Matthew Lee,G,2,2,38,10.1,0.358,0.385,0.154,14,3.1,13.1,8,42.9,1.7,3.3,22.3,25.5,0,0.1,0,0.027,-3.3,-4.2,-7.5,NA,missouri-state,2023
NA,Team Totals,,32,32,6474,NA,0.524,0.432,0.27,NA,NA,NA,NA,NA,NA,NA,NA,NA,8.4,10.1,18.5,0.115,-0.3,0.5,0.2,NA,missouri-state,2023
1,Donovan Clay,G,33,32,1093,15.2,0.519,0.249,0.37,421,4.6,14.7,9.9,14.5,1.2,2.8,14.1,22.2,1.3,1.5,2.8,0.104,0.2,1.3,1.4,NA,missouri-state,2024
2,Alston Mason,G,30,30,1058,16.8,0.545,0.479,0.282,503,1.2,7.9,4.7,21.9,1.4,0.3,12.8,26.8,2.1,1.1,3.2,0.12,2.5,-0.1,2.3,NA,missouri-state,2024
3,Chance Moore,G,31,20,833,16.2,0.513,0.534,0.337,297,4.3,17,11,3.6,1.6,3.7,7.4,21.5,1.1,1.4,2.5,0.118,1.1,1.6,2.7,NA,missouri-state,2024
4,Matthew Lee,G,29,18,795,8.2,0.475,0.5,0.453,279,1.5,8.4,5.1,25.3,0.8,0.1,24.9,22.3,-0.2,0.7,0.5,0.027,-3.2,-2,-5.1,NA,missouri-state,2024
5,N.J. Benson,F,32,23,696,24.6,0.632,0,0.391,282,15.5,24.1,20,6.8,0.8,7.8,14.8,18.8,1.9,1.4,3.3,0.189,2.3,2.2,4.4,NA,missouri-state,2024
6,Damien Mayo Jr.,G,29,21,695,11.3,0.584,0.159,0.257,157,6.4,9.3,7.9,7.4,1.6,2,17.6,11.3,0.8,0.9,1.7,0.095,-1.4,2.4,0.9,NA,missouri-state,2024
7,Cesare Edwards,F,33,7,599,15.9,0.527,0.232,0.203,222,7.4,21.2,14.6,4.6,1.4,2.5,12.7,22.2,0.6,1,1.6,0.11,-1.3,0.9,-0.3,NA,missouri-state,2024
8,Raphe Ayres,G,31,11,547,6.6,0.541,0.932,0.169,75,3.2,14.5,9.1,6.2,1.1,0,18,7.3,0.3,0.7,1,0.071,-2.7,1.9,-0.7,NA,missouri-state,2024
9,Tyler Bey,F,18,0,191,4.7,0.364,0.362,0.138,43,3.7,16.6,10.4,2.9,1.5,3.9,18.5,20.3,-0.4,0.3,-0.1,-0.021,-6.3,1.2,-5.2,NA,missouri-state,2024
10,Nick Kramer,G,8,2,120,6.6,0.477,0.733,0.1,29,5.8,7,6.5,3,0.5,0,8.7,14.7,0.1,0.1,0.2,0.06,-2.4,-0.3,-2.7,NA,missouri-state,2024
11,Dawson Carper,C,15,1,60,10.4,0.553,0,0.385,16,9.7,15.8,12.9,0,1.9,3.5,24.5,17.4,0,0.1,0.1,0.057,-5.6,2,-3.6,NA,missouri-state,2024
12,Kanon GIpson,G,8,0,7,-11.9,0,0,0,1,0,0,0,22.6,0,0,50,14.6,0,0,0,-0.18,-13.7,-2.9,-16.7,NA,missouri-state,2024
13,Tommy Pinegar,G,8,0,7,-6.3,0,1,0,0,0,0,0,0,0,0,0,7.3,0,0,0,-0.084,-9.7,-1.8,-11.6,NA,missouri-state,2024
NA,Team Totals,,33,33,6701,NA,0.53,0.368,0.315,NA,NA,NA,NA,NA,NA,NA,NA,NA,7.5,9.2,16.7,0.1,-0.4,0.9,0.5,NA,missouri-state,2024
1,Dez White,G,31,31,1063,14.7,0.534,0.583,0.267,408,1.2,9.7,5.3,16.1,1.8,1,10.6,22.8,1.9,0.9,2.9,0.108,1.5,-0.6,1,NA,missouri-state,2025
2,Zaxton King,G,32,32,983,11.1,0.544,0.621,0.183,261,1.5,10.5,5.9,9.7,1.7,0.7,11.8,16.1,1.1,0.9,2,0.081,-0.8,-0.4,-1.2,NA,missouri-state,2025
3,Vincent Brady II,G,30,30,968,16.4,0.589,0.466,0.516,394,3.8,13.5,8.5,16.8,2.4,0.4,18.6,23.4,1.7,1.1,2.8,0.114,1.2,-0.1,1.1,NA,missouri-state,2025
4,Michael Osei-Bonsu,F,32,32,902,18.4,0.55,0.004,0.427,378,14,20.2,17,18.3,2.7,3.3,23.2,24.8,0.7,1.4,2.1,0.093,-1.2,0.9,-0.3,NA,missouri-state,2025
5,Chase Martin,G,32,3,737,8.4,0.445,0.225,0.353,209,3.6,7.7,5.6,9.2,1.8,2.3,13.4,20,0,0.7,0.6,0.035,-4.5,-0.6,-5,NA,missouri-state,2025
6,Jalen Hampton,G,28,19,632,18.9,0.609,0.128,0.372,206,11.3,23.2,17.1,5.6,3.2,0.6,15.9,17.5,1.1,1,2.1,0.135,1,0.6,1.6,NA,missouri-state,2025
7,Wesley Oba,F,32,13,511,11,0.585,0.185,0.383,111,7.6,14.2,10.8,4.3,2.3,3.3,22.6,13,0.3,0.6,0.9,0.071,-3.7,1.1,-2.6,NA,missouri-state,2025
8,Mozae Downing-Rivers,G,24,0,308,0.8,0.307,0.206,0.238,65,1.6,8.2,4.8,27.9,2.4,2.1,32.7,18.1,-0.7,0.3,-0.4,-0.054,-9.2,-0.1,-9.3,NA,missouri-state,2025
9,Logan Epes,G,24,0,261,8.7,0.494,0.75,0.318,49,2.9,9.1,5.9,7.2,1.9,1,9,11.4,0.2,0.2,0.4,0.065,-1.1,0.7,-0.4,NA,missouri-state,2025
10,Allen Udemadu,F,18,0,108,1.5,0.418,0.176,0.118,15,3.5,15.9,9.5,3.5,1.1,7.1,40.1,14.8,-0.3,0.1,-0.1,-0.053,-9.9,0.2,-9.7,NA,missouri-state,2025
11,Makhai Valentine,G,12,0,73,29.6,0.677,0.655,0.414,38,8.6,12.7,10.6,3.6,4.2,1.8,10.3,28.4,0.3,0.1,0.4,0.218,9.8,1.9,11.6,NA,missouri-state,2025
12,Sam Murray II,F,7,0,23,-11.3,0.306,0.333,1.333,3,5.5,23,14,0,0,5.6,38,18.4,-0.1,0,-0.1,-0.116,-24,1.1,-22.9,NA,missouri-state,2025
13,Tommy Pinegar,G,3,0,6,40.3,1.5,1,0,1,0,22,10.7,0,10.3,0,0,8.9,0,0,0,0.291,-4.4,12.6,8.2,NA,missouri-state,2025
14,Jurrell Baldwin,F,1,0,2,59.5,1,0,0,1,0,66.1,32.2,0,0,0,0,26.7,0,0,0,0.368,NA,NA,NA,NA,missouri-state,2025
NA,Team Totals,,32,32,6577,NA,0.538,0.368,0.347,NA,NA,NA,NA,NA,NA,NA,NA,NA,6.3,7.4,13.7,0.083,-1.2,0.1,-1.1,NA,missouri-state,2025
1,Kobi Williams,G,33,33,1172,13.7,0.589,0.692,0.411,424,2.5,6.2,4.3,8.6,1.6,0.7,11,19.8,2.3,0.9,3.2,0.11,0.6,-1.4,-0.8,NA,missouri-state,2026
2,Keith Palek III,F,34,34,1113,18.5,0.516,0.341,0.5,587,5.1,18.3,11.6,23.7,1.8,1.1,13.7,30.3,1.8,1.4,3.2,0.114,1.3,-1,0.2,NA,missouri-state,2026
3,Trey Williams Jr.,G,34,34,1039,12.1,0.533,0.638,0.261,330,2.1,5.8,3.9,19.8,1.8,0.7,13,17,1.4,0.8,2.3,0.087,-0.1,-1,-1.1,NA,missouri-state,2026
4,Zaxton King,G,34,18,918,10.2,0.548,0.605,0.318,232,0.9,7.9,4.3,11.3,1.6,0.4,10,13.9,1.1,0.8,1.9,0.082,-1.6,-0.2,-1.8,NA,missouri-state,2026
5,Michael Osei-Bonsu,F,31,31,847,24.9,0.583,0,0.587,466,13.1,18.9,15.9,20.8,2.7,3.4,15.6,29,2,1.3,3.3,0.157,2,0.6,2.6,NA,missouri-state,2026
6,Darrion Sutton,F,34,0,466,20.3,0.56,0.104,0.272,169,13.8,23.9,18.7,11.5,2.4,5,14,18,0.8,0.8,1.7,0.143,-0.2,0.5,0.3,NA,missouri-state,2026
7,Antwan Burnett,F,19,11,454,9.6,0.523,0.526,0.276,92,4.9,12.8,8.8,7.5,3.2,0.5,16.5,11.6,0.2,0.6,0.8,0.074,-2.7,1.2,-1.5,NA,missouri-state,2026
8,Melakih Cunningham,G,21,6,246,12.6,0.532,0.5,0.278,64,4.7,16.2,10.4,9.1,2.4,1.3,11.6,14.4,0.3,0.3,0.6,0.097,-1.1,0.4,-0.6,NA,missouri-state,2026
9,Cameron Boone,F,29,3,227,10.4,0.637,0,0.696,41,8.2,13.9,11,2.3,0.3,9.7,18.6,8.5,0.2,0.3,0.5,0.092,-4.7,1.8,-2.9,NA,missouri-state,2026
10,Logan Epes,G,23,0,204,6.3,0.44,0.52,0.48,29,4,9.5,6.7,5.1,2.6,1.1,18.6,9.5,0,0.2,0.2,0.036,-3.1,2,-1.1,NA,missouri-state,2026
11,Tyrique Brooks,G,23,0,170,6.6,0.474,0.444,0.611,48,5.5,5,5.2,12.7,2.5,1.9,21.9,17.9,0,0.2,0.1,0.034,-5.8,-0.5,-6.3,NA,missouri-state,2026
12,Amar Kuljuhovic,C,2,0,25,31.2,0.609,0.111,0.778,16,18.7,38.7,28.5,27.9,0,0,7.5,27.3,0.1,0,0.2,0.282,NA,NA,NA,NA,missouri-state,2026
13,Ryder Cheesman,G,3,0,20,17.1,0.714,0,0,8,5.8,24.2,14.9,13.1,3,0,30,25.6,0,0,0,0.064,-36.8,-11,-47.8,NA,missouri-state,2026
NA,Team Totals,,34,34,6901,NA,0.55,0.409,0.421,NA,NA,NA,NA,NA,NA,NA,NA,NA,10.2,7.8,18,0.105,-0.4,-0.3,-0.7,NA,missouri-state,2026
1,Hernst Laroche,G,33,33,1140,15.7,0.526,0.297,0.386,414,2.4,8.3,5.4,28.1,3.1,0.3,19.6,19.7,1.7,1.5,3.2,0.113,0.8,0.7,1.5,NA,new-mexico-state,2011
2,Tyrone Watson,F,33,32,908,16.2,0.596,0.231,0.656,279,9.6,11,10.3,15.9,2.5,0.8,20.8,14.6,1.7,1.2,2.9,0.128,1.8,1.1,2.9,NA,new-mexico-state,2011
3,Gordo Castillo,G,32,8,854,14.5,0.619,0.782,0.232,254,2.9,8.8,5.9,7.2,1.4,0.4,11.7,15.5,1.9,0.8,2.7,0.129,3.2,0.1,3.3,NA,new-mexico-state,2011
4,Christian Kabongo,G,33,14,848,10.9,0.464,0.293,0.5,307,3.3,9.8,6.6,20.3,1.8,0.5,20.6,23.5,0.1,0.9,1.1,0.051,-1.8,-0.7,-2.4,NA,new-mexico-state,2011
5,Troy Gillenwater,F,27,24,818,23.6,0.558,0.271,0.454,440,5.8,18.3,12.1,5.1,0.8,3.4,11.7,31.7,2.3,1.1,3.4,0.166,4.6,-0.6,4,NA,new-mexico-state,2011
6,Tshilidzi Nephawe,C,33,17,602,15.3,0.563,0.008,0.736,185,10.2,17.6,14,2.3,1.7,5.7,18.1,16.5,0.9,1,2,0.13,-1.9,1.5,-0.4,NA,new-mexico-state,2011
7,Bandja Sy,F,33,20,584,9.1,0.493,0.522,0.381,157,4.7,12.8,8.8,9.8,1.6,1.7,22.9,17.5,0.1,0.7,0.8,0.055,-1.9,0.2,-1.8,NA,new-mexico-state,2011
8,Hamidu Rahman,C,23,16,446,13.2,0.506,0,1.046,167,13.5,17.1,15.3,2.4,1.2,2.9,22.7,23.6,0.1,0.6,0.7,0.066,-3.2,-1.4,-4.5,NA,new-mexico-state,2011
9,B.J. West,C,24,0,223,17,0.457,0.053,0.281,66,12.2,29.5,20.9,10.4,1.3,10.7,19.9,18,0.1,0.5,0.6,0.103,-0.5,3,2.5,NA,new-mexico-state,2011
10,Renaldo Dixon,F,20,1,211,12.3,0.565,0.086,0.771,54,6.7,11.5,9.1,4.6,1.6,2,18.7,13.9,0.3,0.3,0.5,0.1,-0.6,0.2,-0.4,NA,new-mexico-state,2011
11,Abdoulaye N'doye,C,9,0,32,-3.1,0.253,0,0.667,2,0,18,9.1,0,0,6.8,43.2,10.8,-0.1,0,-0.1,-0.073,-16.5,-2.7,-19.2,NA,new-mexico-state,2011
12,Drew Herig,G,10,0,21,15.2,0.593,0.571,0.429,10,11.3,16.5,13.9,21.2,2.8,0,32.2,29.5,0,0,0,0.086,-11.1,-0.2,-11.3,NA,new-mexico-state,2011
13,Makhtar Diop,G,6,0,13,17.2,0.584,0.75,1.5,6,0,17.7,9,0,4.5,0,22.6,34,0,0,0,0.051,-15,-4,-19,NA,new-mexico-state,2011
NA,Team Totals,,33,33,6700,NA,0.538,0.311,0.494,NA,NA,NA,NA,NA,NA,NA,NA,NA,9.1,8.8,17.9,0.107,0.4,0.3,0.7,NA,new-mexico-state,2011
1,Hernst Laroche,G,36,36,1208,16.8,0.578,0.39,0.565,434,1.7,8.4,5,20,3,0.2,17.9,17.5,2.8,1.8,4.6,0.152,1.2,2,3.2,NA,new-mexico-state,2012
2,Wendell McKines,F,35,35,1179,25.4,0.553,0.287,0.354,614,11.5,25.8,18.5,9.7,1.3,1.1,10.6,26.3,4.4,2.1,6.6,0.223,5.9,0.1,6,NA,new-mexico-state,2012
3,Tyrone Watson,F,36,35,1047,12.5,0.526,0.129,0.597,296,6.2,9.8,8,18.5,1.8,1.2,24.6,14.2,1.1,1.4,2.5,0.097,0.3,1.6,1.9,NA,new-mexico-state,2012
4,Daniel Mullings,G,36,26,996,16.1,0.525,0.088,0.45,335,6,11.2,8.6,12.8,3.3,1.9,19.3,18.6,1.3,1.7,3,0.12,0.6,2.7,3.4,NA,new-mexico-state,2012
5,Bandja Sy,F,36,2,783,17,0.544,0.459,0.207,296,7.6,14,10.7,9.4,1.6,3,15.8,20.8,1.5,1.2,2.7,0.139,1.9,0.9,2.8,NA,new-mexico-state,2012
6,Hamidu Rahman,C,36,36,734,22.8,0.581,0,0.976,341,15.5,17.8,16.6,4.6,0.9,5.4,16.3,23.5,1.9,1.2,3.2,0.173,1.4,0.5,1.9,NA,new-mexico-state,2012
7,Tshilidzi Nephawe,C,36,0,603,16,0.597,0,0.942,204,8.7,17.5,13.1,4.1,0.5,5.4,15.4,16.1,1.5,1,2.4,0.162,-1.6,1.8,0.2,NA,new-mexico-state,2012
8,Christian Kabongo,G,11,10,319,16.2,0.524,0.308,0.658,161,2.5,11.2,6.8,22.3,2.5,0.6,23,29.3,0.5,0.5,0.9,0.118,0.5,0.7,1.2,NA,new-mexico-state,2012
9,Remi Barry,F,19,0,141,8.5,0.474,0.698,0.116,43,5.7,8.4,7,11.3,0.4,2.2,18.1,18.4,0.1,0.1,0.3,0.077,-2.6,-1.9,-4.4,NA,new-mexico-state,2012
10,Renaldo Dixon,F,17,0,120,17.8,0.535,0.222,0.593,40,15.3,17.8,16.5,4.4,2.8,7.6,24.1,17.8,0.1,0.3,0.4,0.136,0.5,3.2,3.7,NA,new-mexico-state,2012
11,Terrel de Rouen,G,6,0,51,3.8,0.426,0.273,0.818,14,4.5,14,9.2,13.2,0,0,28.2,19.6,0,0.1,0,0.004,-7.7,-1.6,-9.4,NA,new-mexico-state,2012
12,D.J. Lewis,G,8,0,44,7.2,0.58,0.4,0.8,8,0,5.4,2.7,10.9,1.3,0,12.7,8.4,0.1,0,0.1,0.105,-9.1,2.1,-6.9,NA,new-mexico-state,2012
NA,Team Totals,,36,36,7225,NA,0.552,0.247,0.517,NA,NA,NA,NA,NA,NA,NA,NA,NA,15.3,11.4,26.7,0.148,1.4,1.3,2.7,NA,new-mexico-state,2012
1,Bandja Sy,F,35,35,1237,14.8,0.49,0.27,0.353,407,7.5,17.4,12.5,8.4,1.2,1.8,16.2,21.1,1.4,2,3.4,0.11,0.8,0.2,1,NA,new-mexico-state,2013
2,Daniel Mullings,G,35,34,1202,20.7,0.554,0.152,0.479,481,6.4,11.8,9.1,16.8,4,1.4,19.4,23.2,2.5,2.4,4.8,0.16,2.4,3.1,5.5,NA,new-mexico-state,2013
3,Sim Bhullar,C,35,26,853,25.5,0.588,0,0.71,334,12.8,20.2,16.6,7.1,0.3,10.3,12.8,20.8,2.4,1.7,4.1,0.194,3.6,2.5,6.2,NA,new-mexico-state,2013
4,Tyrone Watson,F,24,23,779,16,0.547,0.109,0.623,260,6,12.4,9.3,18.1,1.7,0.9,21.2,19,1.2,1.1,2.4,0.121,1.6,0.9,2.4,NA,new-mexico-state,2013
5,K.C. Ross-Miller,G,30,26,693,8.9,0.471,0.333,0.511,176,1.8,8.1,5,19.1,2.9,0.3,26.3,16.9,0.1,1.1,1.1,0.065,-3.8,1.4,-2.4,NA,new-mexico-state,2013
6,Renaldo Dixon,F,34,13,637,17.5,0.561,0.059,0.515,187,8.3,17.7,13,6.5,0.8,7.4,17.5,16.6,1.1,1.2,2.2,0.141,0.3,2.4,2.7,NA,new-mexico-state,2013
7,Terrel de Rouen,G,32,9,627,10.4,0.506,0.458,0.34,182,1.6,11.5,6.6,18.8,1.4,0.3,20.6,18.4,0.6,0.8,1.4,0.089,-1.8,0.4,-1.4,NA,new-mexico-state,2013
8,Remi Barry,F,27,0,347,11.8,0.496,0.322,0.467,103,7.1,17.2,12.2,4.2,0.7,0.3,14.7,19.2,0.4,0.5,0.9,0.102,-1.9,-1,-2.9,NA,new-mexico-state,2013
9,Kevin Aronis,G,35,0,337,12.1,0.511,0.9,0.08,92,2.2,7.8,5,6.1,1.3,1.8,8,17.3,0.6,0.4,1,0.115,2.8,1.1,3.9,NA,new-mexico-state,2013
10,Tshilidzi Nephawe,C,9,9,187,11.8,0.544,0,0.689,64,14.4,16,15.2,1.1,0.3,2.8,27.8,22.8,0,0.3,0.3,0.068,-5.7,-0.4,-6.2,NA,new-mexico-state,2013
11,B.J. West,C,12,0,49,22.1,0.473,0.048,0.333,26,32.6,34.2,33.4,4.8,0,2.1,22.3,33,0.1,0.1,0.2,0.135,0.8,-3.4,-2.6,NA,new-mexico-state,2013
12,Eric Weary,G,10,0,48,-3.5,0.289,0.842,0,11,5.1,12.5,8.8,4.1,1.3,2.1,20.8,25.8,-0.2,0.1,-0.1,-0.073,-6.7,-0.7,-7.4,NA,new-mexico-state,2013
13,Matej Buovac,F,12,0,42,14.7,0.682,0.727,0,11,2.9,11.4,7.2,0,0,0,8.3,14.7,0.1,0,0.2,0.147,2,-0.9,1.1,NA,new-mexico-state,2013
14,Emery Coleman,G,3,0,12,-14.4,0,0,0,0,0,0,0,0,0,0,66.7,12.9,-0.1,0,-0.1,-0.214,-17.8,-7.5,-25.3,NA,new-mexico-state,2013
NA,Team Totals,,35,35,7050,NA,0.528,0.24,0.462,NA,NA,NA,NA,NA,NA,NA,NA,NA,10.1,11.7,21.8,0.124,0.5,1.3,1.8,NA,new-mexico-state,2013
1,Daniel Mullings,G,35,35,1173,22.5,0.544,0.151,0.536,593,5.4,11.1,8.5,22.2,3.3,1.2,14.3,27.3,3.2,2.2,5.4,0.183,2.7,2.1,4.8,NA,new-mexico-state,2014
2,Tshilidzi Nephawe,C,36,36,1003,19.4,0.572,0,0.821,394,11.8,19.9,16.3,4.3,0.9,4.5,17.2,21.5,1.9,2,3.9,0.155,0.3,0.5,0.8,NA,new-mexico-state,2014
3,DK Eldridge,G,36,36,995,17.3,0.556,0.341,0.364,397,7,11.4,9.4,14.5,1.2,1.2,14,21.5,2.2,1.4,3.7,0.148,2.3,-0.1,2.2,NA,new-mexico-state,2014
4,Renaldo Dixon,F,35,12,867,18.5,0.607,0.082,0.52,302,10.7,15.1,13.1,7.5,1,3.2,16.4,17.1,2,1.5,3.5,0.162,1.9,0.9,2.9,NA,new-mexico-state,2014
5,K.C. Ross-Miller,G,30,29,818,14,0.62,0.43,0.859,273,1.6,7.1,4.6,22.4,1.7,0,22.5,16,1.8,1,2.8,0.137,0.3,0.1,0.3,NA,new-mexico-state,2014
6,Sim Bhullar,C,30,24,790,24.5,0.63,0,0.606,314,12.9,20.8,17.2,11,0.2,11.2,20.2,20,1.8,1.8,3.5,0.179,2.2,3.9,6.1,NA,new-mexico-state,2014
7,Kevin Aronis,G,36,8,702,14.4,0.636,0.893,0.107,215,0.5,7.7,4.4,3.6,0.9,0.5,7.3,16.8,1.8,0.8,2.6,0.148,3,-0.2,2.8,NA,new-mexico-state,2014
8,Travon Landry,G,32,0,349,6.9,0.474,0.333,1.2,77,1.5,6.7,4.3,13.8,1.2,0,22.1,13.2,0.1,0.4,0.5,0.059,-3.3,0,-3.3,NA,new-mexico-state,2014
9,Ian Baker,G,19,0,272,10.7,0.533,0.517,0.414,75,2.8,5.8,4.5,14,2,0,17.8,15.8,0.3,0.3,0.6,0.095,-1.9,0.5,-1.4,NA,new-mexico-state,2014
10,Matej Buovac,F,26,0,193,7.7,0.439,0.87,0.204,52,4.6,5.5,5.1,8.3,0.3,0.9,9.2,17.2,0.2,0.2,0.3,0.073,-3.5,-2.6,-6.1,NA,new-mexico-state,2014
11,Remi Barry,F,9,0,113,24.1,0.599,0.029,0.735,54,11.3,15,13.3,9,0,2.3,8,22.4,0.5,0.2,0.6,0.226,3.8,-0.5,3.3,NA,new-mexico-state,2014
NA,Team Totals,,36,36,7275,NA,0.576,0.273,0.535,NA,NA,NA,NA,NA,NA,NA,NA,NA,15.7,11.8,27.5,0.151,1.3,0.9,2.2,NA,new-mexico-state,2014
1,Remi Barry,F,34,34,1095,17.4,0.564,0.291,0.38,404,5.4,13,9.2,7.1,1.1,0.6,13.3,22.2,2.7,1.8,4.5,0.164,2.1,-0.5,1.6,NA,new-mexico-state,2015
2,Pascal Siakam,F,34,27,1048,26.1,0.614,0.007,0.472,428,13.5,17.8,15.7,10,1.7,5.9,15.3,21.2,3.5,2.4,5.9,0.225,3.8,1.8,5.5,NA,new-mexico-state,2015
3,Ian Baker,G,34,33,989,16.3,0.628,0.596,0.38,307,1.2,9.2,5.3,19.2,3.2,0.1,22.7,17.4,2,1.9,3.9,0.156,1.6,1.9,3.5,NA,new-mexico-state,2015
4,DK Eldridge,G,34,25,880,12.6,0.48,0.481,0.229,281,3.8,9,6.4,17.7,2.7,0.2,17.8,21.3,0.8,1.6,2.4,0.109,-1.2,0.4,-0.8,NA,new-mexico-state,2015
5,Daniel Mullings,G,22,18,637,23,0.534,0.188,0.688,281,8.4,12.8,10.6,20.2,4.7,1.4,16.7,25.4,1.7,1.6,3.2,0.201,2.7,3.3,6,NA,new-mexico-state,2015
6,Johnathon Wilkins,F,34,10,589,8.4,0.493,0.012,0.512,118,9.5,8.4,9,7.2,1,1.9,24,12.4,0.3,0.9,1.2,0.079,-2.4,0.7,-1.6,NA,new-mexico-state,2015
7,Tshilidzi Nephawe,C,22,20,584,19.2,0.557,0,0.712,227,13.1,22.6,18,8.7,0.7,2.4,20.3,23.3,1,1.2,2.2,0.153,-0.1,-0.7,-0.7,NA,new-mexico-state,2015
8,Travon Landry,G,27,2,322,7,0.452,0.13,0.63,60,0.4,13,6.8,14.4,1.4,0.3,22.1,12.6,0.1,0.5,0.6,0.077,-3.2,1,-2.2,NA,new-mexico-state,2015
9,Jalyn Pennie,G,25,1,227,12.4,0.466,0.06,0.38,58,15.2,22.3,18.8,2.8,0.6,5.8,24.4,18.2,-0.1,0.5,0.4,0.077,-3.5,0.7,-2.8,NA,new-mexico-state,2015
10,Matt Taylor,G,26,0,220,8.3,0.459,0.167,0.444,49,9.3,12.9,11.1,12.2,1.4,0.5,26.8,14.4,0,0.4,0.4,0.073,-3.2,0,-3.2,NA,new-mexico-state,2015
11,Braxton Huggins,G,27,0,216,11.2,0.462,0.608,0.203,72,4.7,6.3,5.5,10.7,2.4,1.4,14.7,23.3,0.2,0.4,0.6,0.106,-1.7,0.2,-1.5,NA,new-mexico-state,2015
12,Tanveer Bhullar,C,10,0,43,3.8,0.377,0,0.182,9,3,5.7,4.4,9.4,1.5,4.7,20.1,18.4,0,0.1,0,0.024,-7.7,1.3,-6.4,NA,new-mexico-state,2015
NA,Team Totals,,34,34,6850,NA,0.548,0.257,0.441,NA,NA,NA,NA,NA,NA,NA,NA,NA,12.2,13.2,25.3,0.148,0.6,0.9,1.5,NA,new-mexico-state,2015
1,Pascal Siakam,F,34,34,1176,31.6,0.569,0.029,0.396,650,13.4,23.6,18.8,12.1,1.7,6.5,10,29.1,4.4,3.4,7.8,0.266,5.5,2.7,8.2,NA,new-mexico-state,2016
2,Ian Baker,G,34,34,1114,18.7,0.561,0.49,0.297,460,2.3,12.9,7.9,22.1,2,0.4,15.2,22.6,2.6,2.4,5,0.179,2.1,1.8,3.9,NA,new-mexico-state,2016
3,Jalyn Pennie,G,34,24,917,10.6,0.51,0.513,0.166,218,5.6,11.5,8.7,8.1,1,2,16.7,14.3,0.7,1.8,2.5,0.109,-1.1,1.4,0.3,NA,new-mexico-state,2016
4,Matt Taylor,G,34,32,874,7,0.431,0.238,0.376,215,4.2,10.9,7.8,17.2,1.1,2.2,27,17,-0.6,1.7,1.2,0.054,-4.5,1.3,-3.2,NA,new-mexico-state,2016
5,Johnathon Wilkins,F,31,28,700,12.1,0.556,0.027,0.295,193,8,9.5,8.8,9.7,0.5,2.2,19.4,15.3,0.8,1.3,2,0.117,-1.9,1,-0.9,NA,new-mexico-state,2016
6,Tanveer Bhullar,C,34,7,619,17.5,0.591,0.008,0.697,199,13.5,18.3,16,6.4,0.5,2.3,16.9,16.1,1.2,1.3,2.6,0.166,0,0.8,0.8,NA,new-mexico-state,2016
7,Braxton Huggins,G,32,9,456,14,0.527,0.599,0.287,176,2.4,12.5,7.8,14.5,1.2,1.1,16.4,23.8,0.6,0.9,1.5,0.134,-0.3,0.7,0.4,NA,new-mexico-state,2016
8,Rashawn Browne,G,34,2,408,6.2,0.463,0.524,0.603,84,0.6,10.4,5.8,14.9,1.3,0.3,24.3,13.4,0,0.8,0.8,0.075,-5.8,1.4,-4.4,NA,new-mexico-state,2016
9,Sidy Ndir,G,28,0,305,12.2,0.539,0.518,0.434,102,2.4,12.5,7.7,12.3,0.6,1.3,16.7,20,0.4,0.6,1,0.129,-1.8,0.8,-1,NA,new-mexico-state,2016
10,Eli Chuha,F,21,0,155,16.7,0.587,0.13,0.391,62,11.6,19.8,15.9,12.2,1.5,2,27.8,24.8,0.1,0.4,0.5,0.118,-4.1,0.7,-3.4,NA,new-mexico-state,2016
11,Rene Esparza,G,17,0,113,4.3,0.394,0.533,0.3,28,1.1,8.4,5,14.1,1.1,1.8,22.6,19.9,-0.1,0.2,0.1,0.021,-4.6,0.1,-4.5,NA,new-mexico-state,2016
12,Jose Campo,F,12,0,48,10.5,0.618,0,0.571,12,12.5,11,11.7,7.7,1.3,0,25.2,12.6,0,0.1,0.1,0.119,-7,2,-5,NA,new-mexico-state,2016
13,Harold Givens,F,5,0,15,27.8,0.58,0,0.8,8,23.9,0,11.2,0,0,0,0,23.4,0.1,0,0.1,0.294,4.5,-2,2.5,NA,new-mexico-state,2016
NA,Team Totals,,34,34,6900,NA,0.539,0.28,0.362,NA,NA,NA,NA,NA,NA,NA,NA,NA,10.2,14.9,25.1,0.146,-0.3,1.5,1.2,NA,new-mexico-state,2016
1,Ian Baker,G,33,33,1079,20.4,0.537,0.487,0.458,549,1.8,12.2,7.2,24.6,2.2,0.4,12.6,26.3,3.2,2,5.3,0.195,2.8,0.8,3.7,NA,new-mexico-state,2017
2,Braxton Huggins,G,34,29,940,17.6,0.62,0.665,0.379,399,1.8,8.5,5.3,9.2,0.7,0.9,12.1,22,2.8,1.4,4.2,0.177,3.6,-1.1,2.5,NA,new-mexico-state,2017
3,Eli Chuha,F,34,32,883,25.8,0.634,0.02,0.673,420,16,21.7,19,8.7,1.2,1.4,14.2,21.2,3.2,1.9,5.1,0.231,3.9,-0.4,3.5,NA,new-mexico-state,2017
4,Jemerrio Jones,F,34,0,833,23,0.531,0.084,0.38,382,13.5,24.3,19.1,24.2,2.5,3.1,18.4,22.1,1.9,2.2,4.1,0.196,3.3,2.6,5.9,NA,new-mexico-state,2017
5,Matt Taylor,G,34,9,747,14.1,0.567,0.435,0.318,223,4.3,10.6,7.6,13.4,1.8,2.9,17,15.3,1.2,1.4,2.6,0.139,-0.5,1.7,1.2,NA,new-mexico-state,2017
6,Jermaine Haley,G,31,16,656,6.1,0.482,0.505,0.566,137,3.5,11.1,7.4,11.5,1.2,0.6,27.6,12.8,-0.1,1.1,1,0.063,-4.1,0.5,-3.6,NA,new-mexico-state,2017
7,Johnathon Wilkins,F,34,31,597,13.3,0.596,0.225,0.275,187,8.8,9.9,9.4,10.2,0.9,5,23.1,16.4,0.7,1.1,1.8,0.122,-1.8,1.4,-0.4,NA,new-mexico-state,2017
8,Sidy Ndir,G,9,9,269,17.2,0.625,0.468,0.584,111,1.7,8,4.9,13.4,0.8,2.3,16.9,21.3,0.7,0.4,1.1,0.162,2,0.1,2.1,NA,new-mexico-state,2017
9,Jalyn Pennie,G,27,9,241,8.3,0.456,0.377,0.245,59,11.4,11.6,11.5,4.3,0.5,2.6,21.3,15.1,0,0.4,0.4,0.066,-3.3,-0.2,-3.5,NA,new-mexico-state,2017
10,Joe Garza,G,30,0,212,9.1,0.624,0.714,0.4,51,0.5,8.1,4.4,11,1.1,0,20.9,12,0.3,0.3,0.6,0.116,-1.1,0.4,-0.7,NA,new-mexico-state,2017
11,Chancellor Ellis,G,19,0,156,10.2,0.502,0.93,0.141,63,2.9,4.1,3.6,2.5,0,1.3,9.6,26,0.2,0.2,0.4,0.103,2.9,-2.9,0,NA,new-mexico-state,2017
12,Tanveer Bhullar,C,22,0,155,16.7,0.514,0,0.522,60,14.8,20.7,17.9,6.3,0,6.6,17.3,21.7,0.2,0.3,0.5,0.131,-2.7,-1.1,-3.8,NA,new-mexico-state,2017
13,Marlon Jones,F,3,2,57,7.5,0.504,0.071,0.429,17,10.1,7.5,8.8,3.2,0,1.8,19.2,17.7,0,0.1,0.1,0.073,-9.9,0.4,-9.5,NA,new-mexico-state,2017
NA,Team Totals,,34,34,6825,NA,0.568,0.382,0.431,NA,NA,NA,NA,NA,NA,NA,NA,NA,14.4,12.8,27.2,0.159,1.1,0.5,1.6,NA,new-mexico-state,2017
1,Zach Lofton,G,33,31,1054,23.6,0.588,0.481,0.387,584,3.8,13.3,8.6,10.6,1.9,0.4,11.2,29.1,3.6,2.4,6,0.228,5.5,1.6,7.1,NA,new-mexico-state,2018
2,Jemerrio Jones,F,34,33,964,23.6,0.513,0.13,0.214,433,14.4,36.4,25.4,20.7,2.1,2.2,18.1,22.4,1.7,3.1,4.9,0.202,2.4,3,5.4,NA,new-mexico-state,2018
3,A.J. Harris,G,33,33,914,11.6,0.475,0.423,0.193,317,1.7,5.9,3.8,18.5,1.9,1.2,13.9,20.2,0.8,1.9,2.7,0.12,-1.3,1.7,0.4,NA,new-mexico-state,2018
4,Sidy Ndir,G,34,34,883,12,0.541,0.473,0.396,262,3.8,8.6,6.2,9.1,1.4,2.1,15.5,15.9,1.1,1.9,3,0.138,-0.1,2.1,2.1,NA,new-mexico-state,2018
5,Eli Chuha,F,33,1,612,18.7,0.541,0.152,0.433,270,10.9,17.4,14.2,9.5,1.3,1.3,14.8,23.5,1.1,1.5,2.6,0.171,1.1,1.4,2.5,NA,new-mexico-state,2018
6,Johnathon Wilkins,F,34,33,603,16.3,0.585,0.228,0.146,216,8.4,9.4,8.9,13.6,0.5,3.8,14.5,17.2,1.3,1.3,2.6,0.17,0.3,1.9,2.2,NA,new-mexico-state,2018
7,Johnny McCants,F,34,1,521,16.1,0.544,0.037,0.355,145,12,18.6,15.3,4.6,1.4,5.2,15,13.7,0.7,1.4,2.1,0.161,0.2,3,3.2,NA,new-mexico-state,2018
8,Shunn Buchanan,G,34,4,491,4.4,0.368,0.402,0.264,95,1.3,11.7,6.5,17,1.4,0.2,25.2,12.9,-0.3,1.1,0.7,0.061,-5.6,2.1,-3.5,NA,new-mexico-state,2018
9,Keyon Jones,G,30,0,424,14.1,0.613,0.793,0.107,133,2.3,10.8,6.6,6.5,2.6,0.3,13.6,16.8,0.8,1,1.8,0.167,0.6,3.3,3.9,NA,new-mexico-state,2018
10,Joe Garza,G,19,0,153,1.3,0.45,0.933,0.233,27,0,5.7,2.8,4,0.4,0,19.4,13.1,-0.1,0.3,0.2,0.054,-3.5,0.6,-2.9,NA,new-mexico-state,2018
11,Gabe Hadley,G,22,0,138,13,0.551,0.837,0.041,45,0.8,7.9,4.3,5.1,0.8,0.8,7.4,18.9,0.2,0.3,0.5,0.145,5.4,1.6,7.1,NA,new-mexico-state,2018
12,Leston Gordon,C,18,0,36,6,0.413,0,0.444,11,15.2,18.1,16.7,9.3,1.6,0,26.8,20,0,0.1,0.1,0.058,-6.2,3.4,-2.8,NA,new-mexico-state,2018
13,Kortrijk Miles,G,14,0,32,11.3,0.746,0.2,1,11,6.8,17,11.9,10.8,0,0,35.2,17.2,0,0.1,0.1,0.124,-1.3,0.3,-1.1,NA,new-mexico-state,2018
NA,Team Totals,,34,34,6825,NA,0.538,0.367,0.287,NA,NA,NA,NA,NA,NA,NA,NA,NA,11,16.3,27.3,0.16,0.8,2.1,2.9,NA,new-mexico-state,2018
1,A.J. Harris,G,33,31,840,15.2,0.526,0.511,0.182,327,2.2,6.6,4.3,24,2.2,0.1,15.1,20.6,1.8,1.4,3.2,0.152,1.6,0.8,2.4,NA,new-mexico-state,2019
2,Terrell Brown,G,34,17,828,17.4,0.603,0.616,0.525,345,2.7,10.6,6.5,9.6,1.4,0.2,13.6,21.9,2.4,1.4,3.8,0.183,3.6,0.9,4.5,NA,new-mexico-state,2019
3,Eli Chuha,F,30,23,622,26.8,0.677,0.06,0.589,284,10.4,28.3,19.1,14.6,1.1,2.4,15.7,20.2,2.4,1.4,3.8,0.245,5.1,2.5,7.5,NA,new-mexico-state,2019
4,Shunn Buchanan,G,35,5,576,6.7,0.401,0.493,0.592,118,1,11,5.8,23.4,2.1,0.4,30,11.1,0.1,1.1,1.2,0.083,-4.3,2.1,-2.2,NA,new-mexico-state,2019
5,Johnny McCants,F,31,3,560,20.4,0.671,0.261,0.622,191,12.8,19,15.8,6.5,1.4,5.3,19.1,15.6,1.4,1.2,2.6,0.189,1.8,2,3.8,NA,new-mexico-state,2019
6,Ivan Aurrecoechea,F,32,12,541,27.2,0.607,0.005,0.429,286,13.9,23.6,18.6,8.9,1.1,1.2,13.1,26.5,2,1.1,3.1,0.23,5.1,0.2,5.3,NA,new-mexico-state,2019
7,JoJo Zamora,G,35,16,541,16.7,0.543,0.566,0.186,235,4.1,8.7,6.3,11.9,1.3,0.9,11.1,24.6,1.3,0.9,2.2,0.163,2.4,0.1,2.5,NA,new-mexico-state,2019
8,Clayton Henry,G,35,25,527,15.7,0.549,0.761,0.129,180,7.5,18.6,12.8,8.2,0.8,0.7,10.4,18.1,1.2,0.9,2.1,0.162,2.8,0.2,3,NA,new-mexico-state,2019
9,C.J. Bobbitt,F,35,30,516,12.5,0.536,0.621,0.288,162,6.5,14.4,10.3,10.1,1.1,1,14.8,16.8,0.9,0.9,1.8,0.139,0.4,1,1.4,NA,new-mexico-state,2019
10,Trevelin Queen,G,25,0,381,28.6,0.569,0.506,0.165,194,10,12.7,11.3,22.6,3.8,6.2,9.6,24.4,1.5,1,2.5,0.265,8.2,4.3,12.6,NA,new-mexico-state,2019
11,Sir'Jabari Rice,G,31,5,338,13.5,0.434,0.537,0.547,116,8.2,16.1,12,12,2.8,1.8,11.1,19.6,0.4,0.8,1.2,0.141,-2.1,2.1,0.1,NA,new-mexico-state,2019
12,Keyon Jones,G,29,6,317,11.3,0.491,0.716,0.198,92,6.2,19.2,12.5,11.2,1.7,1.6,16.1,16.4,0.4,0.7,1,0.129,-0.6,2.3,1.8,NA,new-mexico-state,2019
13,Mohamed Thiam,F,25,2,289,16.3,0.498,0.629,0.171,111,14,26.2,19.9,3.2,1.8,2.2,16.2,23.1,0.3,0.7,1,0.14,-0.9,-0.8,-1.7,NA,new-mexico-state,2019
14,Berrick JeanLouis,F,15,0,92,10.8,0.463,0.559,0.235,34,6.3,10.8,8.5,10.2,0.6,1.4,13.7,23.5,0.1,0.1,0.2,0.091,-6.4,-2.2,-8.6,NA,new-mexico-state,2019
15,Robert Brown,F,8,0,51,24.8,0.747,0,0.714,22,6.8,7.3,7,0,1.1,2.4,9.6,20.1,0.2,0.1,0.3,0.25,-1,2.5,1.5,NA,new-mexico-state,2019
NA,Team Totals,,35,35,7019,NA,0.562,0.467,0.341,NA,NA,NA,NA,NA,NA,NA,NA,NA,16.5,13.7,30.1,0.172,1.9,1.3,3.1,NA,new-mexico-state,2019
1,Johnny McCants,F,31,18,797,23.9,0.643,0.373,0.337,288,10.1,21.2,15.6,15.4,2.5,2.3,14.5,17.3,2.7,1.9,4.5,0.228,4.8,2.5,7.3,NA,new-mexico-state,2020
2,Sir'Jabari Rice,G,30,19,789,24.3,0.611,0.487,0.392,367,7.8,17.3,12.5,15.8,2,1,14,24.4,3.1,1.6,4.7,0.238,5.3,0.8,6.1,NA,new-mexico-state,2020
3,Ivan Aurrecoechea,F,31,31,749,21.3,0.604,0.038,0.511,326,10.5,19.8,15,8.8,0.8,1,17.3,24.9,2.1,1.4,3.5,0.185,0.5,-0.8,-0.3,NA,new-mexico-state,2020
4,Trevelin Queen,G,26,25,716,25.5,0.588,0.504,0.158,332,9,15.4,12.1,19.9,3.9,1.3,14.1,25.1,2.5,1.7,4.3,0.239,5.1,2.1,7.2,NA,new-mexico-state,2020
5,Terrell Brown,G,27,16,697,10.3,0.507,0.767,0.256,187,2,7.9,4.9,9.1,1.4,0.2,12.8,17.1,0.9,1.1,2,0.117,-0.4,0,-0.4,NA,new-mexico-state,2020
6,Shunn Buchanan,G,31,15,635,7.6,0.448,0.506,0.301,128,2.4,14.3,8.2,22.6,3.1,0.6,37.5,12.6,-0.1,1.4,1.3,0.081,-4.3,2.5,-1.8,NA,new-mexico-state,2020
7,C.J. Bobbitt,F,31,13,583,9.1,0.469,0.548,0.289,150,4.5,15.3,9.8,10.8,1.1,0.9,15,16.3,0.6,1.1,1.6,0.111,-3.1,0.4,-2.7,NA,new-mexico-state,2020
8,Evan Gilyard,G,19,14,434,13.6,0.542,0.602,0.354,151,0.9,10.3,5.5,23.9,1.6,0.3,18,19.6,0.9,0.8,1.6,0.152,-1.5,-0.5,-2,NA,new-mexico-state,2020
9,Shawn Williams,G,28,2,413,10.1,0.497,0.74,0.221,133,4.6,7.9,6.2,7.1,0.3,0.3,14.7,21.7,0.5,0.6,1,0.101,-0.4,-3,-3.4,NA,new-mexico-state,2020
10,William McNair Jr.,F,28,0,228,12.1,0.594,0,0.306,46,7.2,18.4,12.7,2.5,0.5,6.8,21.1,12.1,0.2,0.5,0.7,0.124,-4.9,1.6,-3.4,NA,new-mexico-state,2020
11,A.J. Harris,G,3,2,45,26.9,0.526,0.526,0,23,0,5.8,2.9,55.1,5.5,0,9.5,24.6,0.2,0.1,0.3,0.288,5.4,7.9,13.3,NA,new-mexico-state,2020
12,Robert Brown,F,6,0,38,7.8,0.505,0,0.5,9,0,17.3,8.5,4.8,1.6,0,16.8,16.5,0,0.1,0.1,0.105,-8.4,1.8,-6.6,NA,new-mexico-state,2020
13,Tennessee Owens,G,8,0,38,23.7,0.655,0.769,0.615,17,0,10.4,5.1,5.7,1.6,0,5.6,24.7,0.2,0.1,0.2,0.252,8.5,-1.2,7.3,NA,new-mexico-state,2020
14,Bryce Rewalt,G,10,0,34,24.5,0.742,0.769,0.077,13,3.7,11.6,7.6,0,0,0,6.9,22.5,0.1,0,0.2,0.206,3.7,-2.4,1.3,NA,new-mexico-state,2020
15,Clayton Henry,G,1,0,23,23.5,0.667,0.667,0,8,11,11.4,11.2,17.7,0,0,0,13.8,0.1,0,0.1,0.251,6.9,-1.9,5,NA,new-mexico-state,2020
16,Dajour Joseph,F,3,0,6,-30.9,0,0.5,0,0,0,0,0,0,0,0,33.3,26.4,-0.1,0,-0.1,-0.363,-16.9,-3.9,-20.8,NA,new-mexico-state,2020
NA,Team Totals,,31,31,6225,NA,0.567,0.469,0.314,NA,NA,NA,NA,NA,NA,NA,NA,NA,13.9,12.4,26.3,0.169,0.9,0.7,1.6,NA,new-mexico-state,2020
1,Sir'Jabari Rice,G,18,18,544,19.5,0.598,0.531,0.28,223,4.7,17,10.6,15.4,1.4,1.8,17.1,22.4,1.4,0.9,2.3,0.173,3,-0.2,2.8,NA,new-mexico-state,2021
2,Evan Gilyard,G,19,19,540,13.4,0.516,0.59,0.361,179,1.5,6.7,4,19.3,2.2,0,13.8,18.5,1,0.8,1.8,0.134,-1.2,-0.6,-1.8,NA,new-mexico-state,2021
3,Clayton Henry,G,18,18,530,11.7,0.473,0.625,0.167,151,6.6,11.8,9.1,9.9,1.5,0.2,12.4,17.1,0.7,0.8,1.4,0.107,-1,-1,-2,NA,new-mexico-state,2021
4,Johnny McCants,F,20,18,506,23.4,0.582,0.514,0.514,213,13.3,15.8,14.5,14.6,2.1,4,14.4,20.2,1.7,1,2.7,0.214,5,1.2,6.2,NA,new-mexico-state,2021
5,Donnie Tillman,F,18,15,449,21.6,0.553,0.248,0.497,207,8.5,18.9,13.5,14.6,1.5,1.3,13.7,24.9,1.4,0.8,2.1,0.19,2.5,-0.4,2.1,NA,new-mexico-state,2021
6,C.J. Roberts,G,20,3,358,11.9,0.5,0.397,0.198,123,1.9,12.2,6.9,9.5,1.3,0.7,11.5,22.2,0.5,0.5,1,0.11,-1.1,-0.6,-1.7,NA,new-mexico-state,2021
7,Wilfried Likayi,F,17,5,268,18.3,0.568,0.585,0.268,95,6.9,13.5,10.1,5.5,1.1,2.2,6.1,18.7,0.8,0.4,1.2,0.18,2.1,-0.8,1.3,NA,new-mexico-state,2021
8,William McNair Jr.,F,20,1,260,12.8,0.578,0.021,0.298,62,9.4,20.6,14.8,3.8,0.9,4.1,23,13.6,0.2,0.5,0.7,0.11,-3.2,0.2,-3,NA,new-mexico-state,2021
9,Kalen Williams,G,16,2,247,9.4,0.583,0.45,0.15,55,2.8,11.6,7.1,15.8,0.7,0,24.6,11.7,0.3,0.3,0.6,0.095,-1.8,-0.2,-2.1,NA,new-mexico-state,2021
10,Marcus Watson,G,12,0,78,20.4,0.484,0.59,0.179,39,16.4,17.6,17,6.1,1.5,0,10.6,30.9,0.2,0.1,0.3,0.15,2.4,-3.6,-1.1,NA,new-mexico-state,2021
11,Gerald Doakes,G,11,0,54,5.2,0.299,0.464,0.286,20,4.3,20.8,12.2,14.7,2.2,0,5.9,31.9,-0.1,0.1,0,0.009,-15.7,-7,-22.7,NA,new-mexico-state,2021
12,Jason King,G,5,1,49,-6,0.25,0,0,6,2.4,10.2,6.1,10.7,0,2.4,42.9,14.6,-0.2,0.1,-0.1,-0.087,-7.6,2.9,-4.6,NA,new-mexico-state,2021
13,Bryce Rewalt,G,10,0,37,2.4,0.364,0.727,0,8,3.1,6.7,4.9,5.1,0,0,0,15.1,0,0,0.1,0.055,-2.3,-0.8,-3.1,NA,new-mexico-state,2021
14,Mayan Kiir,F,8,0,37,3.3,0.661,0,1.4,12,9.4,23.6,16.2,4.8,0,0,45.7,21.1,0,0.1,0,0.038,-12.9,-1.6,-14.5,NA,new-mexico-state,2021
15,Tennessee Owens,G,10,0,36,10.3,0.536,1,0,13,0,10.4,5,11.7,0,0,12.5,22.6,0.1,0,0.1,0.109,10.1,0,10.1,NA,new-mexico-state,2021
16,Rashaun Agee,F,1,0,7,21.4,0.5,0.5,0,2,0,17.8,8.6,30.3,8.6,0,0,14.6,0,0,0,0.249,NA,NA,NA,NA,new-mexico-state,2021
NA,Team Totals,,20,20,4000,NA,0.536,0.478,0.312,NA,NA,NA,NA,NA,NA,NA,NA,NA,8,6.4,14.3,0.143,0.4,-0.4,0.1,NA,new-mexico-state,2021
1,Teddy Allen,F,34,33,1137,23.2,0.577,0.456,0.379,618,3.7,18.9,11.7,16.9,2.1,0.5,14.1,30,3.7,2.4,6.1,0.213,4.1,1,5.1,NA,new-mexico-state,2022
2,Sir'Jabari Rice,G,32,32,1035,14.3,0.536,0.553,0.374,393,4.1,13.5,9.1,18.5,1.1,1.2,18.5,21.3,1.7,1.7,3.4,0.133,1.3,0.5,1.9,NA,new-mexico-state,2022
3,Johnny McCants,F,31,31,818,17.8,0.558,0.42,0.513,285,7.8,15.8,12,16.6,1.9,8,21.1,18.8,1.2,1.9,3.1,0.15,1.1,4.2,5.3,NA,new-mexico-state,2022
4,William McNair Jr.,F,34,27,779,15.5,0.559,0.098,0.196,225,8.6,15.7,12.3,8.6,0.9,4,13.4,15.1,1.4,1.5,2.8,0.144,0.2,1.7,1.9,NA,new-mexico-state,2022
5,Clayton Henry,G,26,17,614,10.3,0.532,0.696,0.183,133,5,11.5,8.4,6.3,1.3,1,12,11.7,0.8,1,1.8,0.116,0.7,2.1,2.9,NA,new-mexico-state,2022
6,Mike Peake,F,34,4,453,15.2,0.605,0.462,0.221,139,10,10.9,10.5,8.5,0.8,3.2,15.4,15.2,1,0.7,1.7,0.151,1.8,0.7,2.5,NA,new-mexico-state,2022
7,Donnie Tillman,F,21,7,407,13.8,0.54,0.404,0.423,140,9.6,10.6,10.1,10.3,1,0.9,16.7,18.6,0.7,0.6,1.3,0.128,1.2,0.1,1.3,NA,new-mexico-state,2022
8,Mario McKinney Jr.,G,31,5,384,11.1,0.515,0.295,0.453,128,5.4,14.1,10,17.3,2.7,0.6,28.9,21.4,0,0.8,0.7,0.076,-3.3,1.2,-2.1,NA,new-mexico-state,2022
9,Nate Pryor,G,20,6,358,6.9,0.504,0.106,0.426,69,1.7,10.5,6.3,17.8,1,0.3,31.5,11.6,0,0.5,0.5,0.054,-2.8,1.3,-1.5,NA,new-mexico-state,2022
10,Yuat Alok,F,30,6,302,17.1,0.528,0.152,0.128,126,8.5,10.9,9.8,9.1,0.4,4.8,10.2,24.7,0.6,0.5,1.1,0.145,-1.4,0,-1.3,NA,new-mexico-state,2022
11,Marchelus Avery,F,23,2,255,18.5,0.53,0.425,0.37,93,10.1,15.6,13,10.7,2.5,3.3,13.2,19.6,0.5,0.6,1.1,0.169,-1.9,1.9,0,NA,new-mexico-state,2022
12,Levar Williams,G,17,0,144,10.9,0.508,0.927,0.22,41,0,5.4,2.8,7.7,1.6,0,0,15.9,0.3,0.2,0.5,0.139,-0.3,1.1,0.8,NA,new-mexico-state,2022
13,Virshon Cotton,G,13,0,109,22.2,0.69,0.75,0.469,48,1.1,14.2,8,14.7,1.6,1.1,13.3,20.9,0.4,0.2,0.6,0.235,6.6,3.1,9.7,NA,new-mexico-state,2022
14,Marsei Caston,G,2,0,18,2,0.417,0.5,0,4,0,12.2,6.4,0,0,0,14.3,19.7,0,0,0,0.009,-6.2,-3.5,-9.8,NA,new-mexico-state,2022
15,Cameron Crawford,G,5,0,12,15,1.5,1,0,1,0,9.2,4.8,0,0,0,0,4.2,0,0,0,0.145,-3.5,-0.2,-3.8,NA,new-mexico-state,2022
NA,Team Totals,,34,34,6825,NA,0.554,0.423,0.341,NA,NA,NA,NA,NA,NA,NA,NA,NA,12.2,12.6,24.8,0.145,0.9,1.5,2.4,NA,new-mexico-state,2022
1,Deshawndre Washington,G,24,23,806,15.4,0.473,0.199,0.371,311,3.5,20.8,11.9,21.6,2.4,1.1,13.7,21.2,0.9,1.3,2.2,0.11,-0.3,0.1,-0.2,NA,new-mexico-state,2023
2,Xavier Pinson,G,24,21,753,16.1,0.532,0.517,0.322,338,1.2,9.8,5.4,27.4,2.4,0.7,17.8,23.8,1.3,1,2.2,0.118,2.8,-0.8,2,NA,new-mexico-state,2023
3,Dajuan Gordon,G,23,16,617,11.9,0.498,0.476,0.341,209,6.2,16.2,11.1,5.4,2.7,1.2,17.6,20.7,0.2,1,1.2,0.08,-1.6,0,-1.6,NA,new-mexico-state,2023
4,Issa Muhammad,F,23,18,558,16.3,0.588,0.07,0.31,194,6.7,17,11.7,4.4,1.3,2.1,12.1,18.1,1,0.8,1.8,0.127,0.2,-0.3,-0.1,NA,new-mexico-state,2023
5,James Beck,F,24,16,400,8.9,0.571,0.23,0.344,81,5.4,11.9,8.5,3,2,2.6,22.8,11.3,0.2,0.5,0.7,0.073,-3,0.5,-2.6,NA,new-mexico-state,2023
6,Marchelus Avery,F,21,7,388,19.4,0.568,0.401,0.234,170,10.5,17.7,14,10,1.6,1.6,13.6,22.3,0.9,0.5,1.4,0.147,2.7,-1.2,1.6,NA,new-mexico-state,2023
7,Doctor Bradley,G,22,10,383,16.6,0.605,0.103,0.423,134,7.1,10.8,8.9,7.8,2.5,1,15.3,17.6,0.7,0.5,1.2,0.129,0,0.5,0.5,NA,new-mexico-state,2023
8,Anthony Roy,G,16,4,352,14.5,0.554,0.595,0.275,143,2.2,12.5,7.2,6.2,1.6,1.1,12.9,23.7,0.5,0.4,1,0.109,2,-1.6,0.4,NA,new-mexico-state,2023
9,Kyle Feit,G,21,1,318,8.4,0.508,0.898,0.25,89,1.1,8.2,4.6,3.9,1.9,0.8,12.4,17.3,0.2,0.4,0.6,0.073,-2.6,-0.3,-2.9,NA,new-mexico-state,2023
10,Shakiru Odunewu,F,19,1,132,19.6,0.547,0.032,1,58,21.4,13.5,17.5,2.8,1.3,2.9,13.3,19.6,0.4,0.2,0.5,0.159,-3.7,-3.1,-6.8,NA,new-mexico-state,2023
11,Mady Traore,F,7,1,51,5,0.533,0.429,0.714,9,4.4,2.3,3.4,0,0,2.5,0,9,0.1,0,0.1,0.07,-3.5,-1.6,-5.1,NA,new-mexico-state,2023
12,Mike Peake,F,2,2,41,20.2,0.643,0.643,0,15,8.3,11.6,9.9,0,1.4,12.5,12.5,19.1,0.1,0.1,0.2,0.156,-3.2,2.8,-0.4,NA,new-mexico-state,2023
NA,Team Totals,,24,24,4799,NA,0.535,0.374,0.336,NA,NA,NA,NA,NA,NA,NA,NA,NA,6.4,6.7,13.2,0.11,0,-0.4,-0.4,NA,new-mexico-state,2023
1,Christian Cook,G,32,26,972,13.1,0.537,0.551,0.223,321,1,9,5,7.5,1.4,1.3,6.4,19.2,1.4,0.8,2.3,0.094,1.7,-1.1,0.6,NA,new-mexico-state,2024
2,Jordan Rawls,G,31,19,929,10.3,0.459,0.246,0.231,292,1.3,8.2,4.7,24.3,2,0,17.9,19.6,0,0.8,0.8,0.036,-2.5,-2.3,-4.7,NA,new-mexico-state,2024
3,Kaosi Ezeagu,F,32,32,829,15.5,0.566,0.005,0.49,279,10.6,18.1,14.4,4,1.1,3.1,14.4,18.2,1.1,1,2.2,0.105,-1.1,-1.5,-2.6,NA,new-mexico-state,2024
4,Jaden Harris,G,32,21,757,8.6,0.499,0.469,0.234,213,1.7,11.8,6.7,6.7,1.7,1,15.9,18.9,0,0.8,0.8,0.041,-3.4,-1.8,-5.2,NA,new-mexico-state,2024
5,Femi Odukale,G,26,16,746,16.1,0.474,0.185,0.604,305,7.6,18.7,13.1,22.2,2.3,4.1,16.1,24.2,0.4,1.2,1.6,0.084,1.3,0.6,1.9,NA,new-mexico-state,2024
6,Jaylin Jackson-Posey,G,24,19,593,9.6,0.51,0.434,0.178,179,1.6,14.2,7.9,21.5,2.2,0.2,23.3,18.8,0,0.7,0.7,0.047,-4,-1.3,-5.3,NA,new-mexico-state,2024
7,Robert Carpenter,F,22,16,402,21.2,0.595,0.426,0.335,193,9.9,15.2,12.6,2.4,1.6,2.8,8.6,25.4,1.2,0.5,1.7,0.167,2.7,-1.3,1.4,NA,new-mexico-state,2024
8,Jonathan Kanyanga,C,30,0,319,9.2,0.581,0,0.361,54,7,20.9,14,2.9,1.5,7.8,34.3,10.4,-0.1,0.5,0.5,0.057,-5.9,1.2,-4.7,NA,new-mexico-state,2024
9,Tanahj Pettway,G,22,0,312,12.2,0.508,0.52,0.286,105,3.8,9,6.4,7.5,2.2,0,7.5,20,0.4,0.3,0.7,0.086,-1.7,-0.2,-1.9,NA,new-mexico-state,2024
10,Brandon Suggs,F,13,7,236,13.8,0.496,0.221,0.623,97,6.5,16.4,11.4,8.1,2,1,13.1,25.2,0.2,0.3,0.5,0.085,-1.4,0,-1.4,NA,new-mexico-state,2024
11,Clarence Jackson,F,14,4,228,11.2,0.478,0.493,0.358,75,7.7,17.5,12.6,4.4,2.8,1.1,15.2,21,0.1,0.3,0.4,0.071,-5.1,-1.5,-6.6,NA,new-mexico-state,2024
12,Keylon Dorsey,G,16,0,90,2.7,0.361,0.655,0.207,21,3.9,26,15,0,1.3,1.4,13.6,21.2,-0.2,0.1,0,-0.021,-14.3,-4.3,-18.7,NA,new-mexico-state,2024
13,Yaak Yaak,F,15,0,56,0.7,0.511,0.25,1.5,7,2.1,18.8,10.5,3.1,0,2.2,36.9,10,0,0.1,0,0.011,-10.9,0,-10.9,NA,new-mexico-state,2024
14,Chris Biekeu,F,1,0,6,-7.4,0,0,0,0,0,19.5,9.8,0,0,0,0,8.6,0,0,0,-0.085,-11.4,-1.2,-12.7,NA,new-mexico-state,2024
NA,Team Totals,,32,32,6475,NA,0.512,0.344,0.339,NA,NA,NA,NA,NA,NA,NA,NA,NA,4.5,7.6,12,0.074,-1.6,-1.1,-2.7,NA,new-mexico-state,2024
1,Christian Cook,G,32,31,999,12.6,0.493,0.485,0.139,358,0.9,8.1,4.5,9.1,1.3,1,5.5,22.1,1.4,1.4,2.8,0.112,0.6,0.3,0.9,NA,new-mexico-state,2025
2,Zawdie Jackson,G,32,32,885,15.2,0.527,0.354,0.445,345,2.4,6.8,4.6,22.7,2.1,0,12.1,20.7,1.7,1.3,3.1,0.138,0.8,0.5,1.3,NA,new-mexico-state,2025
3,Peter Filipovity,F,29,21,795,19.2,0.517,0.213,0.458,368,9.8,24.4,17,10.5,1.9,0,13.7,27,1.1,1.7,2.9,0.145,2.6,0.8,3.5,NA,new-mexico-state,2025
4,Dionte Bostick,G,32,22,718,11.6,0.461,0.324,0.431,217,4.1,12.2,8.1,14.8,3,0.7,15.3,18.8,0.2,1.4,1.6,0.088,-2.7,2.1,-0.6,NA,new-mexico-state,2025
5,Robert Carpenter,F,32,8,698,18.7,0.493,0.547,0.147,301,10.3,19.9,15.1,5.2,1.4,4.2,6.3,25.4,1.2,1.5,2.7,0.155,3.2,-0.1,3.1,NA,new-mexico-state,2025
6,Jaden Harris,G,32,3,566,10.6,0.501,0.569,0.216,166,7.4,6.8,7.1,5.5,1.8,0,11.1,16.9,0.6,0.8,1.5,0.103,-1,0.7,-0.3,NA,new-mexico-state,2025
7,Emmanuel Tshimanga,C,32,29,494,15.5,0.65,0,0.627,123,10.7,20.3,15.5,5.8,1.7,5.1,20.2,11.1,0.8,1.1,1.9,0.154,-1.8,2.7,0.9,NA,new-mexico-state,2025
8,Nate Tshimanga,F,31,9,342,11.3,0.494,0,0.543,93,8.9,21.7,15.2,9.9,1.2,1.8,14.6,15.2,0.2,0.7,0.9,0.108,-4.7,1.1,-3.6,NA,new-mexico-state,2025
9,Gabe Pickens,G,30,0,336,6.2,0.454,0.469,0.469,92,0.7,8.8,4.7,31.4,2,0,33.8,17.8,-0.3,0.5,0.2,0.026,-4.3,-0.6,-4.9,NA,new-mexico-state,2025
10,Jae'Coby Osborne,F,22,0,230,16.2,0.631,0.111,0.583,60,10.8,14.4,12.6,5.1,2.9,2.2,13.2,11.6,0.4,0.5,0.9,0.16,-0.1,3.1,3.1,NA,new-mexico-state,2025
11,Carl Cherenfant,G,20,5,216,7.8,0.465,0.256,0.333,43,3.1,16.9,10,6.8,3,2.3,22.3,13.6,-0.1,0.5,0.4,0.075,-5.1,3.1,-2,NA,new-mexico-state,2025
12,Edward Nnamoko,C,20,0,103,6.3,0.62,0,1.667,23,6.6,14.4,10.5,8.5,0,7.4,40.6,13.3,0,0.2,0.2,0.062,-7.8,1.4,-6.4,NA,new-mexico-state,2025
13,Azavier Johnson,G,9,0,24,3.8,0.417,0.833,0,5,4.7,4.8,4.7,0,5,0,25,16.8,0,0,0,0.013,-10.2,1.2,-9,NA,new-mexico-state,2025
14,Chris Biekeu,F,8,0,20,10.3,0.584,0,1.5,7,5.6,45.6,25.5,0,0,0,30.5,24.9,0,0.1,0,0.079,-16,-2.8,-18.7,NA,new-mexico-state,2025
NA,Team Totals,,32,32,6426,NA,0.508,0.375,0.334,NA,NA,NA,NA,NA,NA,NA,NA,NA,7.3,11.8,19.1,0.119,-0.5,1,0.5,NA,new-mexico-state,2025
1,Jemel Jones,G,32,30,906,23.8,0.543,0.306,0.367,530,4.1,13,8.5,20,2.7,2,7.9,31.3,2.7,1.5,4.2,0.184,5.9,1.4,7.2,NA,new-mexico-state,2026
2,Julius Mims,F,31,31,851,19.7,0.609,0.139,0.355,315,11,22.7,16.8,4.8,1,2.9,10.6,17.7,2,1.5,3.5,0.162,1.8,-0.7,1,NA,new-mexico-state,2026
3,Anthony Wrzeszcz,G,32,26,785,9.1,0.529,0.815,0.195,211,1,8.6,4.8,7.4,1,0.8,9.3,15.7,0.8,0.8,1.6,0.084,-1.4,-0.9,-2.3,NA,new-mexico-state,2026
4,Jae'Coby Osborne,F,32,20,750,13.5,0.569,0.132,0.375,200,9.9,13.1,11.5,4.5,1.5,2.1,12.4,12.8,1.1,1.1,2.1,0.113,-0.4,0.3,-0.2,NA,new-mexico-state,2026
5,Gabe Pickens,G,31,24,646,6.9,0.465,0.386,0.37,169,0.7,7.7,4.2,25.6,2.2,0,26.2,15.6,-0.2,0.8,0.6,0.039,-5.2,-0.1,-5.2,NA,new-mexico-state,2026
6,Jayland Randall,G,32,1,635,15.6,0.504,0.527,0.337,261,4.6,12.7,8.6,7.2,2,1.9,6,23.5,1.1,1,2,0.128,1.3,-0.4,0.9,NA,new-mexico-state,2026
7,Elijah Elliott,G,31,7,578,13.6,0.473,0.494,0.359,259,1.7,9.8,5.7,24.2,2.3,1.1,13.2,26.8,0.4,0.8,1.2,0.086,0.4,-0.4,0,NA,new-mexico-state,2026
8,Chris Terrell,G,31,1,399,15.6,0.542,0.4,0.209,140,1.1,12.2,6.6,27.7,4.1,0.3,17.1,18.2,0.5,0.7,1.3,0.125,-1.8,1,-0.7,NA,new-mexico-state,2026
9,Kyrese Mullen,F,26,4,362,8,0.435,0.382,0.562,112,12.9,17.4,15.2,5.4,1,0.7,18.1,18.9,-0.1,0.5,0.5,0.052,-5.8,-1.6,-7.4,NA,new-mexico-state,2026
10,Cyr Malonga,C,24,16,281,15,0.621,0,0.939,87,11.2,11.8,11.5,2.7,1.7,4.4,18.4,15.4,0.4,0.4,0.8,0.113,-1,0.5,-0.5,NA,new-mexico-state,2026
11,Augustine Ekwe,C,23,0,242,14.1,0.603,0,0.234,65,10.8,14.6,12.7,3.1,1.5,9.6,21.1,13.6,0.2,0.4,0.7,0.111,-4.3,1,-3.3,NA,new-mexico-state,2026
12,Christian Villegas,G,6,0,17,-4.9,0.252,0.714,0.286,5,6.4,13,9.7,10.1,0,0,20.1,29.1,-0.1,0,-0.1,-0.154,-9.3,-5.9,-15.2,NA,new-mexico-state,2026
13,Amarco Doyle,F,3,0,15,13.4,0.5,1,0,8,21.7,14.8,18.3,0,0,0,18.2,36.5,0,0,0,0.036,12.3,0.7,13,NA,new-mexico-state,2026
14,Teysean Eaglestaff,F,4,0,8,-14.6,0,0.667,0,0,0,0,0,0,0,15.3,0,18.7,0,0,0,-0.202,-18.9,-3,-21.9,NA,new-mexico-state,2026
NA,Team Totals,,32,32,6475,NA,0.53,0.381,0.352,NA,NA,NA,NA,NA,NA,NA,NA,NA,8.8,9.6,18.4,0.114,-0.2,0,-0.2,NA,new-mexico-state,2026
1,Tamir Jackson,G,32,32,1064,16.7,0.522,0.201,0.541,445,2.8,7.5,5.1,25.4,2.4,0,17,25.6,1.8,0.8,2.7,0.1,1.7,-0.4,1.3,NA,rice,2011
2,Arsalan Kazemi,F,32,30,954,31.2,0.599,0,0.975,488,15.1,31,22.8,11.1,2.5,3.7,12.3,25.8,4.1,1.7,5.8,0.243,6.8,0.5,7.3,NA,rice,2011
3,Connor Frizzelle,G,32,17,881,14.6,0.51,0.399,0.313,307,1.4,7.1,4.1,11.8,3.2,0,13.9,23.4,1,0.8,1.9,0.084,0.4,0.2,0.6,NA,rice,2011
4,Lucas Kuipers,F,32,31,691,13.8,0.542,0.498,0.142,219,5.7,13.9,9.7,8.8,1.3,2.1,15.1,20.4,0.9,0.6,1.5,0.087,0.5,-0.4,0.1,NA,rice,2011
5,Cory Pflieger,G,32,12,681,9.2,0.522,0.865,0.119,136,1.1,11.1,5.9,13.6,1.2,0.4,15.3,12.3,0.6,0.4,1.1,0.062,0.8,0.2,0.9,NA,rice,2011
6,Trey Stanton,C,32,6,613,12,0.471,0.257,0.246,179,7.8,18.2,12.8,8.8,0.8,3.5,16.2,19.8,0.3,0.6,0.9,0.059,-2.1,-0.9,-3,NA,rice,2011
7,Bryan Beasley,G,28,14,459,6.8,0.417,0.438,0.417,66,2.1,7.5,4.7,18.7,3,1.5,31.1,9.7,-0.1,0.4,0.3,0.027,-2.6,2,-0.6,NA,rice,2011
8,Suleiman Braimoh,F,31,6,335,17.4,0.542,0,0.476,127,11.5,12.6,12,4.5,2.6,3.6,16,23.8,0.5,0.4,0.9,0.11,-2.5,0.3,-2.1,NA,rice,2011
9,Trevan Abraham,G,30,11,282,3.7,0.335,0.478,0.217,49,1.3,7.7,4.4,24.5,1.5,0,24,12.6,-0.2,0.2,0,0.003,-5.7,-0.3,-6.1,NA,rice,2011
10,Nate Schwarze,G,29,1,251,5.5,0.504,0.882,0.353,27,1.9,9.7,5.7,14.1,2.5,0,35.7,6.5,0,0.2,0.2,0.037,-4,2.3,-1.7,NA,rice,2011
11,David Chadwick,F,22,0,138,13.4,0.606,0.296,0.148,31,5.2,13.9,9.4,6.5,0.4,2.9,12.2,12.7,0.2,0.1,0.3,0.092,1.1,0.1,1.2,NA,rice,2011
12,Omar Oraby,C,16,0,57,20.9,0.547,0,0.458,26,16.8,20.2,18.5,0,3.3,9.5,23.5,35.6,0,0.1,0.1,0.049,-1.8,2.8,1,NA,rice,2011
13,J.R. Reynolds,F,15,0,45,-7.2,0.167,0.167,0,2,0,11.4,5.5,0,0,0,33.3,10.6,-0.1,0,-0.1,-0.109,-8,-2.4,-10.4,NA,rice,2011
14,Emerson Herndon,F,5,0,15,-0.5,0.154,0,0.167,3,16,34.2,24.8,0,0,0,0,22.9,-0.1,0,0,-0.088,-13.1,-9.6,-22.7,NA,rice,2011
15,Stuart Pirri,F,8,0,9,17,0.375,1,0,4,13.3,14.2,13.8,49.5,0,0,0,23.6,0,0,0,0.155,9,1.9,10.9,NA,rice,2011
NA,Team Totals,,32,32,6475,NA,0.525,0.302,0.432,NA,NA,NA,NA,NA,NA,NA,NA,NA,9,6.5,15.5,0.096,0.5,0.2,0.6,NA,rice,2011
1,Tamir Jackson,G,34,26,1016,12.1,0.483,0.362,0.454,363,2.5,7.3,4.9,19.9,1.5,0,15,21.8,0.9,1,1.9,0.077,-1.3,-1,-2.2,NA,rice,2012
2,Arsalan Kazemi,F,33,32,970,27.4,0.628,0.004,0.808,407,10.2,31.4,20.7,15.3,4.1,3.5,17,20,3,2.7,5.6,0.231,3.5,3.5,6.9,NA,rice,2012
3,Connor Frizzelle,G,34,31,939,12,0.515,0.343,0.223,298,1.2,6.2,3.7,13.8,1.6,0,13.3,19.6,1,0.9,1.9,0.081,0.1,0,0.2,NA,rice,2012
4,Dylan Ennis,G,35,27,929,16.5,0.539,0.368,0.507,338,3.1,16.2,9.6,30.6,2.3,2.4,24.5,20.1,1,1.6,2.6,0.111,0.9,1.5,2.5,NA,rice,2012
5,Lucas Kuipers,F,34,24,679,13,0.54,0.528,0.2,199,6.2,13.4,9.7,6.2,1,2.8,12.4,16.9,0.9,0.9,1.8,0.108,-0.6,0,-0.6,NA,rice,2012
6,Ahmad Ibrahim,F,33,8,614,10.2,0.457,0.423,0.154,190,2.9,9.3,6.1,11.1,1.7,2.6,14.2,21.6,0,0.8,0.8,0.052,-2,-0.1,-2.1,NA,rice,2012
7,Jarelle Reischel,F,35,13,488,15.4,0.53,0.24,0.589,184,4.8,17.9,11.3,9.4,2.9,1.1,19.4,24.2,0.3,0.9,1.2,0.098,-0.7,0.8,0.1,NA,rice,2012
8,Julian DeBose,G,34,8,435,12.4,0.477,0.304,0.296,123,4.3,9.6,6.9,12,3.9,1,16,18.3,0.1,0.7,0.9,0.079,-3.2,2.1,-1.1,NA,rice,2012
9,Omar Oraby,C,34,4,396,25.5,0.653,0,0.532,176,9.7,27.2,18.3,6.1,0.3,14.5,21.3,25.4,0.9,0.9,1.8,0.179,-1.1,3.5,2.4,NA,rice,2012
10,David Chadwick,F,30,0,209,8.4,0.513,0.238,0.095,40,2.8,12.6,7.6,2.8,1.7,3.6,20,13.4,0,0.3,0.3,0.055,-3.9,0.5,-3.4,NA,rice,2012
11,Seth Gearhart,F,26,0,184,9.9,0.566,0.447,0,44,6.3,11.7,9,10.6,0.9,0.6,17.4,12.7,0.2,0.2,0.4,0.092,-2.4,-0.4,-2.8,NA,rice,2012
12,Emerson Herndon,F,18,1,77,11.6,0.457,0,0.409,26,9.1,21.7,15.3,10.2,0.8,1.4,16,20.7,0,0.1,0.2,0.088,-6.6,-2.1,-8.6,NA,rice,2012
13,Nate Schwarze,G,20,1,55,5.1,1.5,1,0,4,2.1,0,1.1,12.3,3.2,0,75,3.7,0,0.1,0.1,0.046,-2.5,2.4,-0.1,NA,rice,2012
14,J.R. Reynolds,F,7,0,25,6,0.252,0.4,0.4,4,4.7,9.6,7.1,14,2.3,4.3,14.4,14.1,0,0,0,0.004,-6,-1.4,-7.5,NA,rice,2012
15,Dan Peera,G,6,0,9,13.2,1,0,0,2,0,39.8,19.7,22.2,0,0,50,11.3,0,0,0,0.103,-5.4,1.5,-3.9,NA,rice,2012
NA,Team Totals,,35,35,7025,NA,0.533,0.298,0.4,NA,NA,NA,NA,NA,NA,NA,NA,NA,8.3,11.2,19.5,0.111,-0.4,0.9,0.5,NA,rice,2012
1,Tamir Jackson,G,31,31,1090,18.1,0.472,0.344,0.312,536,4.8,19.6,11.3,21.2,2.4,0.2,13.4,34.8,0.6,0.4,0.9,0.035,2.2,-2.8,-0.6,NA,rice,2013
2,Julian DeBose,G,31,31,1003,13.5,0.527,0.311,0.27,301,3,16.4,8.9,10.2,2.3,1,14.6,20.1,0.8,0.3,1.1,0.043,-1.3,-2,-3.2,NA,rice,2013
3,Max Guercy,G,31,31,975,14.7,0.547,0.502,0.33,301,2.4,9.4,5.5,19.3,2.9,0.1,16.9,18.8,1.3,0.1,1.4,0.056,0,-1.6,-1.6,NA,rice,2013
4,Austin Ramljak,G,31,17,859,12.3,0.556,0.814,0.131,242,1.4,9.3,4.9,7.4,1.2,0.7,7.7,18,1.3,-0.2,1,0.049,1.3,-3,-1.7,NA,rice,2013
5,Keith Washington,G,29,0,600,5.7,0.387,0.358,0.38,148,1.6,12.1,6.2,22.5,2.3,0,25.4,20.4,-0.9,0,-0.9,-0.061,-5.3,-3,-8.3,NA,rice,2013
6,Seth Gearhart,F,20,20,583,12.5,0.545,0.627,0.336,138,1.6,13.2,6.7,12.7,2.3,1.8,9.9,13.7,0.9,0.1,1,0.066,-1,-0.5,-1.5,NA,rice,2013
7,Ross Wilson,F,31,23,559,5.6,0.52,0,0.321,108,6.4,11.1,8.4,8.5,0.9,0.4,29.5,13.4,-0.1,-0.1,-0.2,-0.016,-6,-2.8,-8.8,NA,rice,2013
8,Bahrom Firozgary,F,31,2,267,6,0.596,0,1.348,49,6.2,12.4,9,3.2,0.7,1.8,24.1,10.5,0.3,0,0.2,0.033,-7,-2.1,-9.1,NA,rice,2013
9,Dan Peera,G,31,0,198,3,0.345,0.6,0.133,14,0.6,7.6,3.7,7.1,2.2,0,15.8,5.4,-0.1,0,-0.1,-0.017,-5.9,-0.5,-6.4,NA,rice,2013
10,Elliot Franshaw,F,15,0,76,2.9,0.406,0.143,0.857,8,3.1,11.9,7,0,3.3,1.6,23.3,9.6,-0.1,0,0,-0.012,-8.9,-0.6,-9.4,NA,rice,2013
11,Nizar Kapic,G,2,0,16,15.9,1.25,0.5,0,4,7.4,0,4.2,15.9,0,0,33.3,10.6,0.1,0,0,0.105,0,0,0,NA,rice,2013
NA,Team Totals,,31,31,6226,NA,0.505,0.43,0.304,NA,NA,NA,NA,NA,NA,NA,NA,NA,4,0.5,4.4,0.029,-1.4,-2.2,-3.6,NA,rice,2013
1,Max Guercy,G,30,30,930,12,0.495,0.517,0.411,303,3.1,9.3,6.2,24.2,1.5,0,16.1,19.9,0.7,0.9,1.5,0.067,-0.5,-1,-1.5,NA,rice,2014
2,Austin Ramljak,G,29,29,878,13.3,0.585,0.879,0.25,280,1.2,8.2,4.7,10.1,1.3,0.1,10.6,20.1,1.2,0.8,1.9,0.087,1.5,-1.1,0.4,NA,rice,2014
3,Seth Gearhart,F,30,28,847,8.5,0.495,0.669,0.304,197,2.2,12,7.1,10.9,1.6,2.3,16.9,16.2,0,1,1,0.046,-3.1,0.5,-2.6,NA,rice,2014
4,Sean Obi,C,30,29,791,21,0.587,0,0.481,314,10.9,30.2,20.5,8.8,1.2,3.2,16.8,24.4,1.1,1.5,2.6,0.129,0.4,-0.3,0.1,NA,rice,2014
5,Marcus Jackson,G,27,20,697,9.5,0.45,0.569,0.339,206,1.3,8.5,4.9,28.4,2.3,0.3,20.8,20.1,-0.3,0.8,0.5,0.029,-2.9,-0.6,-3.4,NA,rice,2014
6,Keith Washington,G,26,9,600,7.7,0.47,0.36,0.317,207,1.4,10.9,6.1,27.8,1.3,0.2,24.6,26,-0.8,0.6,-0.2,-0.014,-4.2,-1.9,-6.1,NA,rice,2014
7,Ross Wilson,F,26,2,316,4.7,0.445,0,0.163,57,5.2,10.7,7.9,14,1,0.4,23.3,12,-0.1,0.3,0.2,0.027,-6.1,0.3,-5.8,NA,rice,2014
8,Andrew Drone,C,30,0,315,11.3,0.521,0,0.43,94,7.8,13.3,10.5,1.7,0.4,2.9,12.7,20.7,0.1,0.3,0.4,0.055,-4.9,-1.2,-6.1,NA,rice,2014
9,Nizar Kapic,G,25,1,280,4.8,0.418,0.575,0.137,61,2.1,8.8,5.4,9,1.3,0.8,13.4,17.6,-0.3,0.3,0,0.002,-4.4,-0.9,-5.3,NA,rice,2014
10,Drew Bender,G,26,1,278,4.1,0.397,0.577,0.205,68,1.3,14.3,7.8,15.9,2,1.2,21.9,21.7,-0.6,0.4,-0.2,-0.031,-7.1,-0.1,-7.2,NA,rice,2014
11,Dan Peera,G,25,0,129,-1.1,0.287,0.692,0.154,12,0.9,11.8,6.3,12.5,0,0,26.4,8.1,-0.1,0.1,0,-0.014,-8.1,-0.8,-8.9,NA,rice,2014
12,Bahrom Firozgary,F,14,1,52,-1.4,0.482,0,0.625,11,11.2,13.5,12.3,4.3,0,0,40.3,18.4,-0.1,0,-0.1,-0.05,-11,-2.2,-13.2,NA,rice,2014
13,Joey Burbach,G,5,0,8,17.5,0.432,0.667,0.333,3,14.5,0,7.3,0,7.7,0,0,23.9,0,0,0,0.088,10.1,13.4,23.6,NA,rice,2014
14,Hunter Eggers,G,4,0,4,-7.5,0,0.5,0,1,0,29.2,14.6,48.1,0,0,0,27.5,0,0,0,-0.262,-15.7,-12,-27.7,NA,rice,2014
NA,Team Totals,,30,30,6125,NA,0.506,0.463,0.333,NA,NA,NA,NA,NA,NA,NA,NA,NA,0.7,6.9,7.6,0.05,-2.3,-0.6,-3,NA,rice,2014
1,Seth Gearhart,F,32,32,1084,20.2,0.608,0.534,0.503,450,4.3,15,9.9,13.9,1.8,1.3,15,24.6,3,1.4,4.4,0.162,3.7,-0.3,3.4,NA,rice,2015
2,Max Guercy,G,32,32,1056,14.1,0.512,0.487,0.332,364,2.1,7.9,5.1,32.6,3,0,21.1,20.7,1.4,1.2,2.6,0.099,-0.1,0.2,0.1,NA,rice,2015
3,Marcus Jackson,G,32,31,1013,18.4,0.564,0.578,0.241,440,3.2,10.3,6.9,23.5,1.7,0.5,15.2,27,2.3,1,3.3,0.13,3.9,-1.4,2.5,NA,rice,2015
4,Bishop Mency,G,32,23,934,8.2,0.494,0.753,0.182,234,3.8,10,7,9,1.2,1,17.7,18.3,0.2,0.9,1,0.045,-1.6,-1.1,-2.7,NA,rice,2015
5,Andrew Drone,C,32,29,726,15,0.596,0,0.507,207,10.1,19.4,14.9,4.8,0.9,3.4,22.5,17.8,0.8,1,1.8,0.1,-2.3,-0.4,-2.8,NA,rice,2015
6,Dan Peera,G,32,1,516,9.6,0.682,0.671,0.143,96,1.5,9.9,5.9,14,1.9,0,24.3,10.8,0.6,0.5,1.1,0.084,-1,1.1,0.1,NA,rice,2015
7,Van Green,G,32,9,452,6.5,0.439,0.354,0.242,96,4.3,14.5,9.6,7.1,2,0.8,22.5,17.7,-0.4,0.6,0.2,0.015,-4.5,-0.3,-4.8,NA,rice,2015
8,Jeremy Jones,F,24,2,346,10,0.494,0.079,0.868,56,5.7,18.3,12.2,4.4,3.9,3.4,23,11.3,0,0.7,0.7,0.079,-4.3,3.7,-0.5,NA,rice,2015
9,Maurice Rivers,F,12,0,215,6.2,0.425,0.174,0.37,52,10.3,14.7,12.6,7.4,0.6,3.8,27,19.1,-0.2,0.2,0,0.005,-8.1,-1,-9.1,NA,rice,2015
10,Nate Pollard,C,25,1,142,0,0.465,0,0.643,20,8.3,16.3,12.4,3,0.9,4.1,46.7,13.6,-0.3,0.2,-0.1,-0.021,-10,0.9,-9.2,NA,rice,2015
11,Jordan Reed,G,12,0,64,-4.3,0,0.909,0,5,10.2,15.2,12.8,9.1,2,0,26.7,13.2,-0.2,0.1,-0.2,-0.099,-15.7,-3.6,-19.3,NA,rice,2015
12,Denzel Davis,F,2,0,11,-11.9,0,1,0,0,0,11.1,5.7,0,0,0,50,10.2,0,0,0,-0.143,-14.1,-3.1,-17.2,NA,rice,2015
13,J.T. Trauber,G,6,0,9,61.6,1.5,1,0,3,14.5,0,7,0,0,0,0,18.8,0.1,0,0.1,0.258,29.4,3.8,33.2,NA,rice,2015
14,Joey Burbach,G,2,0,7,-6.8,0,0.5,0,1,18.7,0,9,0,0,0,0,16.1,0,0,0,-0.158,-3.8,-2.4,-6.2,NA,rice,2015
NA,Team Totals,,32,32,6575,NA,0.546,0.493,0.339,NA,NA,NA,NA,NA,NA,NA,NA,NA,7.1,7.8,14.9,0.091,-0.5,-0.2,-0.8,NA,rice,2015
1,Egor Koulechov,G,32,32,1101,19.2,0.56,0.557,0.29,492,5.1,18.6,11.9,8.1,1.4,0.6,8.6,23.6,2.7,0.4,3.1,0.114,3.6,-3,0.6,NA,rice,2016
2,Max Guercy,G,32,32,1074,10.6,0.545,0.377,0.654,313,2.2,7.6,4.9,29.4,1.6,0.1,30.4,13.9,1,0,1.1,0.039,-1.7,-3.5,-5.2,NA,rice,2016
3,Marcus Evans,G,32,32,1073,24.5,0.585,0.359,0.496,641,3.1,10.8,7,20,3.7,0.6,14.6,31.8,3.1,0.7,3.8,0.14,3.1,-1,2.1,NA,rice,2016
4,Connor Cashaw,G,32,17,956,11.3,0.539,0.52,0.278,262,4.1,12.9,8.5,7.5,1.8,0.2,14,15.3,0.9,0.3,1.2,0.049,-0.7,-2.1,-2.8,NA,rice,2016
5,Bishop Mency,G,32,15,743,4.7,0.409,0.719,0.148,122,3.5,9.6,6.5,6.3,0.9,1.5,16.5,11,-0.2,0,-0.2,-0.011,-2.9,-2.4,-5.3,NA,rice,2016
6,Marquez Letcher-Ellis,F,32,1,690,19.5,0.57,0.192,0.71,311,8.5,18.4,13.5,6.4,2,5.4,17.1,24.9,1.1,0.6,1.7,0.098,-1.8,-1.5,-3.3,NA,rice,2016
7,Andrew Drone,C,32,31,623,17.8,0.646,0,0.403,224,9.1,15.5,12.3,5,0.7,3.9,16,17.4,1.4,0.2,1.6,0.102,-0.4,-2.1,-2.5,NA,rice,2016
8,Amir Smith,F,24,0,118,7,0.564,0,0.813,26,8,11.8,9.9,1.5,0.9,2.7,21.3,11.9,0.1,0,0.1,0.037,-6.1,-1.6,-7.7,NA,rice,2016
9,Oliver Xu,G,11,0,29,-7.1,0.432,0.5,0.333,6,4.1,4,4,6.1,0,0,46.3,22.2,-0.1,0,-0.1,-0.183,-9.7,-8.1,-17.9,NA,rice,2016
10,Nate Pollard,C,3,0,13,-4.9,0,0,2,1,0,9,4.5,12.2,0,8,33.9,11.3,-0.1,0,-0.1,-0.156,-9.3,-1.1,-10.4,NA,rice,2016
11,Harrison Brown,G,6,0,5,14.3,0.333,0,0,2,23.5,23.3,23.4,0,0,0,0,29.8,0,0,0,-0.002,2.4,-4.2,-1.8,NA,rice,2016
NA,Team Totals,,32,32,6425,NA,0.56,0.398,0.43,NA,NA,NA,NA,NA,NA,NA,NA,NA,9.9,2.2,12.1,0.075,0,-2.3,-2.3,NA,rice,2016
1,Egor Koulechov,G,35,35,1201,22.8,0.611,0.389,0.389,606,6.3,22.1,14.4,12.6,1.3,0.9,12,23.4,3.9,1.9,5.8,0.193,4.5,-0.7,3.8,NA,rice,2017
2,Marcus Evans,G,35,34,1110,19.4,0.578,0.494,0.506,649,1.5,9.8,5.8,24,1.9,0.4,18.2,30.1,2.6,1.4,4,0.146,3,-1.5,1.5,NA,rice,2017
3,Marcus Jackson,G,35,34,1049,15.1,0.586,0.609,0.309,406,1.5,7.4,4.6,14.6,1.6,0.5,14.4,19.2,2.1,1.2,3.2,0.124,1.5,-0.8,0.7,NA,rice,2017
4,Connor Cashaw,G,35,34,913,14,0.541,0.427,0.233,288,4.7,17.5,11.3,12.4,1.6,0.6,13.4,15.5,1.3,1.3,2.7,0.117,1,0.1,1.1,NA,rice,2017
5,Marquez Letcher-Ellis,F,35,15,667,15.1,0.563,0.301,0.661,266,8.7,19.3,14.2,5,2.3,5.3,24,22.5,0.4,1.3,1.7,0.102,-3.9,0.3,-3.6,NA,rice,2017
6,Chad Lott,G,32,0,628,14.3,0.568,0.061,0.508,201,5,12.6,8.9,14.6,2.7,1.7,20.8,15.6,0.8,1,1.8,0.113,-0.8,1.4,0.6,NA,rice,2017
7,Ako Adams,G,35,0,459,4.5,0.481,0.608,0.289,117,1,7.7,4.5,15.2,1.3,0.4,26.6,15.6,-0.1,0.5,0.4,0.033,-5.3,-1.4,-6.7,NA,rice,2017
8,Austin Meyer,F,34,11,355,13.3,0.619,0,0.373,91,10.1,12.7,11.4,3,1.2,5.5,17.8,11.3,0.5,0.5,1.1,0.122,-1.7,0.9,-0.8,NA,rice,2017
9,Andrew Drone,C,30,3,227,15.4,0.688,0,0.805,75,9.2,10.4,9.8,4.9,1.2,6,24.1,15.6,0.4,0.3,0.7,0.125,-2.3,1.1,-1.3,NA,rice,2017
10,Corey Douglas,F,9,8,155,15.8,0.857,0,0.35,41,12.7,11.8,12.2,2.3,1.4,5,27.8,9.9,0.3,0.2,0.6,0.147,-0.7,1.1,0.4,NA,rice,2017
11,Tim Harrison,F,25,1,137,12.8,0.666,0.2,0.36,34,4.2,16.4,10.6,2.6,0.8,7.1,21.5,12.9,0.1,0.2,0.4,0.109,-4.4,1.5,-2.9,NA,rice,2017
12,Robert Martin,F,17,0,81,0.8,0.379,0.462,0.462,13,2.9,18.5,11,4,0.7,0,24,12.2,-0.1,0.1,0,0.006,-7,-1.6,-8.6,NA,rice,2017
13,Bishop Mency,G,20,0,76,12.9,0.566,0.706,0.412,22,4.6,8.5,6.6,7,2.1,1.3,9,14,0.1,0.1,0.2,0.115,-0.1,1.2,1.1,NA,rice,2017
14,Addison Owen,G,5,0,8,5.9,0.5,1,0,3,0,13.4,7,23,0,0,25,23.7,0,0,0,0.027,18.6,-0.7,18,NA,rice,2017
15,Grant Youngkin,G,5,0,8,-15.6,0,0,0,1,28.9,0,13.9,0,0,0,0,29.7,-0.1,0,-0.1,-0.289,-12.6,-6.5,-19.1,NA,rice,2017
16,Harrison Brown,G,1,0,1,121,1,0,0,2,100,0,55.6,0,0,0,0,47.5,0,0,0,1.458,40.7,11.8,52.5,NA,rice,2017
NA,Team Totals,,35,35,7075,NA,0.581,0.41,0.419,NA,NA,NA,NA,NA,NA,NA,NA,NA,12.5,10.1,22.5,0.127,0.5,-0.3,0.2,NA,rice,2017
1,Connor Cashaw,G,30,28,1008,18.2,0.504,0.403,0.34,464,4.5,18.8,11.5,23,2.3,0.2,12.4,25.9,1.6,1.2,2.8,0.109,1.8,-0.1,1.6,NA,rice,2018
2,Bishop Mency,G,31,29,980,9.7,0.505,0.813,0.262,236,5.4,11.9,8.6,5.5,0.9,0.8,11.7,13.9,0.8,0.7,1.4,0.058,-1.2,-1.2,-2.4,NA,rice,2018
3,Ako Adams,G,31,29,923,10.5,0.515,0.59,0.339,331,1.1,8.6,4.8,23.5,1.5,0.1,20.7,21.4,0.5,0.6,1.1,0.046,-1.2,-1.6,-2.8,NA,rice,2018
4,Malik Osborne,F,31,27,840,13.8,0.506,0.374,0.518,283,9.1,17.2,13.1,6.7,1.3,3.2,17.1,19.7,0.6,0.9,1.5,0.069,-1.4,-1,-2.3,NA,rice,2018
5,Robert Martin,F,31,14,610,8.9,0.508,0.259,0.573,182,4.4,12.2,8.2,9.6,1.6,0.4,22.2,18.8,-0.1,0.5,0.4,0.029,-3.7,-1,-4.7,NA,rice,2018
6,Najja Hunter,G,30,10,527,12.7,0.495,0.256,0.372,193,7.3,11.7,9.5,14.4,1.9,1.9,19.9,22.6,0.1,0.5,0.6,0.042,-1.3,-0.9,-2.2,NA,rice,2018
7,Miles Lester,G,29,5,359,8.2,0.495,0.679,0.346,103,1.2,9.8,5.4,25.5,1.3,0,26.1,16.9,0,0.2,0.3,0.028,-2.3,-2.2,-4.5,NA,rice,2018
8,Tim Harrison,F,31,2,333,6.7,0.462,0.531,0.198,90,5.9,15.8,10.8,3.3,0.9,2.1,19.8,19.8,-0.3,0.3,0,0.003,-5.1,-1.3,-6.4,NA,rice,2018
9,Austin Meyer,F,22,6,259,13.8,0.701,0,0.593,81,6.6,14.1,10.3,2.8,0.7,5.7,28.1,18.4,0.2,0.3,0.4,0.067,-6.5,-0.1,-6.6,NA,rice,2018
10,A.J. Lapray,G,10,2,211,14.9,0.588,0.747,0.067,76,2,15.2,8.5,9,2.7,0,16.2,21.7,0.2,0.2,0.5,0.087,0.2,-0.2,0.1,NA,rice,2018
11,Dylan Jones,F,23,2,185,9.5,0.587,0,0.667,50,7.6,8.4,8,7.1,1.5,1.2,25.7,15.7,0.1,0.1,0.2,0.042,-4.4,-0.3,-4.8,NA,rice,2018
12,J.T. Trauber,G,4,1,8,-13.8,0,0.667,0,1,0,13.8,6.8,22,0,0,0,18.6,0,0,0,-0.195,-17.3,-4.6,-21.9,NA,rice,2018
13,Addison Owen,G,2,0,4,19.2,NA,NA,NA,0,0,55.2,27.2,0,14.3,0,NA,0,0,0,0,0.206,-12,18,6,NA,rice,2018
14,Grant Youngkin,G,1,0,2,-22.2,0,0,0,0,0,0,0,0,0,0,0,24.8,0,0,0,-0.35,-16.7,-11.7,-28.3,NA,rice,2018
NA,Team Totals,,31,31,6249,NA,0.514,0.467,0.369,NA,NA,NA,NA,NA,NA,NA,NA,NA,3.5,5.5,9,0.058,-1.6,-1,-2.5,NA,rice,2018
1,Chris Mullins,G,32,21,921,13.3,0.495,0.304,0.475,388,3,7.9,5.4,19.4,2.3,0.4,16.4,24.8,0.7,0.7,1.4,0.062,-1.9,-1.9,-3.9,NA,rice,2019
2,Jack Williams,F,32,32,892,11.7,0.452,0.31,0.247,304,7.8,22.6,15.2,6.8,0.6,1.9,13.4,21.4,0.1,0.9,1,0.045,-2.2,-2.7,-5,NA,rice,2019
3,Ako Adams,G,32,32,873,13,0.577,0.693,0.27,341,0.5,9.9,5.2,19.9,1.2,0.1,19.1,21.5,1.2,0.5,1.7,0.078,0.3,-2.5,-2.2,NA,rice,2019
4,Robert Martin,F,32,1,819,21.4,0.612,0.464,0.593,371,5.6,20.8,13.2,13.8,2,1.3,13.6,22.1,2.3,1,3.3,0.161,3.9,-0.5,3.3,NA,rice,2019
5,Quentin Millora-Brown,F,32,27,746,17.3,0.58,0,0.355,242,10.1,17.5,13.8,11,0.7,5.4,15.1,15.3,1.3,0.8,2.1,0.113,0.2,-0.3,-0.2,NA,rice,2019
6,Trey Murphy III,G,32,2,660,17,0.628,0.8,0.268,231,3,10.6,6.8,6.9,1.3,2.6,9.3,17.6,1.6,0.5,2.1,0.126,4.6,-0.9,3.6,NA,rice,2019
7,Drew Peterson,G,32,23,632,9.4,0.47,0.56,0.3,174,3.3,15.1,9.2,14.7,1.1,0.5,17,16.1,0.2,0.5,0.7,0.046,-2,-1.7,-3.6,NA,rice,2019
8,Josh Parrish,G,28,17,554,12.8,0.551,0.268,0.543,174,4.3,11.3,7.8,11.3,1.9,2.9,20,17.7,0.4,0.5,0.9,0.068,-1.5,-0.2,-1.7,NA,rice,2019
9,Payton Moore,G,31,0,341,4.7,0.425,0.361,0.681,90,2.9,8.7,5.8,15.5,2.3,1,27.4,18.9,-0.5,0.3,-0.2,-0.02,-6.5,-1.7,-8.3,NA,rice,2019
10,Tim Harrison,F,14,3,68,-1,0.336,0.467,0.4,15,4.8,9.7,7.2,10.4,1.6,0,28.2,18,-0.1,0,-0.1,-0.056,-8.6,-2.6,-11.1,NA,rice,2019
11,Dylan Jones,F,4,1,11,31.4,1.017,0,1,4,0,10,5,0,5.1,0,0,13.2,0.1,0,0.1,0.294,10.8,5.5,16.2,NA,rice,2019
12,Oliver Xu,G,3,1,5,17.8,0.127,0,0.667,1,0,43.9,21.9,32.8,22.3,0,0,38.9,0,0,0,-0.053,-13.5,17.1,3.7,NA,rice,2019
13,Addison Owen,G,2,0,3,-14.6,0,0,0,0,0,0,0,0,0,0,0,16.4,0,0,0,-0.233,-15.5,-9.1,-24.6,NA,rice,2019
NA,Team Totals,,32,32,6525,NA,0.535,0.427,0.39,NA,NA,NA,NA,NA,NA,NA,NA,NA,7.4,5.7,13.1,0.08,-0.3,-1.5,-1.8,NA,rice,2019
1,Drew Peterson,G,32,31,1031,15.8,0.538,0.467,0.317,395,5.8,16.8,11.3,21.3,1.8,1.3,20.5,20,1.6,1,2.6,0.102,1.1,-0.6,0.4,NA,rice,2020
2,Trey Murphy III,G,29,23,875,19,0.59,0.675,0.245,355,4.4,15.9,10.2,8.7,1.7,2,10.8,21.5,2.2,0.9,3.1,0.14,2.9,-1.1,1.8,NA,rice,2020
3,Ako Adams,G,31,31,827,14.6,0.574,0.808,0.252,323,0.8,5.6,3.2,17.5,1,0,12.4,20.4,1.9,0.3,2.2,0.108,2.4,-2.2,0.2,NA,rice,2020
4,Chris Mullins,G,32,31,766,7.7,0.46,0.402,0.459,238,3.4,8.8,6.1,10.4,1.2,0.7,18.8,20.4,-0.1,0.4,0.4,0.019,-4.2,-2.4,-6.6,NA,rice,2020
5,Robert Martin,F,27,11,731,17,0.545,0.488,0.352,303,3.5,19.6,11.6,15.5,1.6,0.8,13.9,23.1,1.3,0.8,2.1,0.113,0.8,-0.8,0,NA,rice,2020
6,Josh Parrish,G,32,14,628,20.3,0.639,0.007,0.487,239,7.5,13.1,10.3,15.2,2,1.7,14.6,17.4,1.8,0.6,2.4,0.154,1.8,-0.1,1.8,NA,rice,2020
7,Payton Moore,G,32,1,501,11.6,0.505,0.403,0.45,161,3.6,10.4,7,14.4,2.8,0.7,19.5,19.3,0.3,0.5,0.8,0.06,-2.7,0,-2.7,NA,rice,2020
8,Quincy Olivari,G,30,0,425,14,0.549,0.648,0.324,158,1.6,11.5,6.6,9.1,2.4,0,15,22.6,0.5,0.4,0.9,0.08,-0.1,-1.1,-1.1,NA,rice,2020
9,Max Fiedler,F,20,7,248,14.4,0.566,0.023,0.186,63,10.4,26.4,18.5,9.2,1.4,5.7,26.6,12.8,0.2,0.4,0.6,0.097,-2.8,1.3,-1.5,NA,rice,2020
10,Zach Crisler,F,23,7,215,12,0.613,0.436,0.359,53,5.2,15.5,10.4,5.3,1.3,1.5,20.8,13.3,0.2,0.2,0.4,0.077,-0.7,-0.6,-1.3,NA,rice,2020
11,Tommy McCarthy,G,12,1,74,5.5,0.371,0.538,0.077,16,1.5,12,6.8,28.4,0.8,0,27.1,12.4,0,0,0,0.018,-5.7,-1.4,-7.1,NA,rice,2020
12,Tim Harrison,F,11,2,50,11.8,0.5,0.143,0,17,13.5,11.1,12.3,16.5,0,0,22.2,17.9,0,0,0.1,0.054,-1.2,-3.6,-4.8,NA,rice,2020
13,Addison Owen,G,6,1,17,14.3,0.606,0.75,0.5,7,13.2,19.6,16.4,11.6,0,0,28.8,20.3,0,0,0,0.073,-3.9,-3.8,-7.7,NA,rice,2020
14,Reed Myers,G,4,0,7,5.6,NA,NA,NA,1,0,15.9,8,22.9,8,0,100,7.1,0,0,0,0.008,-4,-1.4,-5.4,NA,rice,2020
15,Ben Moffat,F,3,0,5,-9,0,0,0,0,0,0,0,0,0,0,0,10,0,0,0,-0.145,-1.2,-1.1,-2.3,NA,rice,2020
NA,Team Totals,,32,32,6400,NA,0.551,0.505,0.334,NA,NA,NA,NA,NA,NA,NA,NA,NA,10,5.5,15.5,0.097,0.2,-1,-0.8,NA,rice,2020
1,Travis Evee,G,26,26,807,15.2,0.56,0.64,0.188,324,0.8,6.7,3.9,14.9,2.1,0.5,12.6,22,1.5,0.8,2.4,0.117,0.7,-1.8,-1,NA,rice,2021
2,Quincy Olivari,G,28,21,804,17.6,0.558,0.581,0.214,387,3.1,16.8,10.1,7.5,0.5,0,10.7,27.7,1.7,0.8,2.5,0.126,3.1,-3.3,-0.1,NA,rice,2021
3,Max Fiedler,F,28,28,783,25.1,0.682,0.02,0.281,354,12.4,22.1,17.4,26.7,1.8,2.7,23.8,18.9,2.6,1.3,3.9,0.198,4,1.3,5.4,NA,rice,2021
4,Riley Abercrombie,F,28,15,669,9,0.523,0.774,0.156,184,2.2,14.9,8.7,5.2,0.7,0.6,16.3,17.4,0.3,0.7,0.9,0.055,-0.7,-2.2,-2.9,NA,rice,2021
5,Chris Mullins,G,21,21,625,13.1,0.517,0.332,0.242,223,3.5,9.5,6.6,17.2,1.8,0.2,14.9,19.5,0.8,0.6,1.5,0.095,-1.4,-1.1,-2.4,NA,rice,2021
6,Cavit Ege Havsa,G,25,8,504,9.7,0.516,0.49,0.22,146,2.7,10.1,6.5,26,2.1,0.6,33.6,16.1,0.1,0.6,0.6,0.05,-2.4,-1.1,-3.5,NA,rice,2021
7,Cameron Sheffield,G,28,12,493,13.6,0.541,0.6,0.52,146,7.4,11.8,9.7,9.9,1.3,1.8,11.4,13.9,1,0.6,1.5,0.123,1.4,-0.2,1.2,NA,rice,2021
8,Payton Moore,G,25,2,314,15.5,0.564,0.385,0.538,135,5.5,15.1,10.4,21.1,1.9,1.2,24,23.4,0.4,0.4,0.8,0.104,-0.3,0.1,-0.3,NA,rice,2021
9,Tre Clark,G,21,7,274,7.7,0.375,0.204,0.245,55,8.3,14.2,11.3,9.3,2.6,2.8,25.8,13.1,-0.2,0.4,0.2,0.033,-6.2,0.8,-5.4,NA,rice,2021
10,Jake Lieppert,G,15,0,160,-0.4,0.321,0.667,0.238,29,1.4,13.5,7.6,4.2,1,0,16.1,17,-0.3,0.2,-0.1,-0.037,-7.1,-2,-9.1,NA,rice,2021
11,Mylyjael Poteat,F,13,0,134,18.7,0.709,0.034,0.862,56,9.4,19.3,14.5,8.8,1.2,2.9,26.8,20.4,0.3,0.2,0.5,0.156,-1.6,-0.1,-1.7,NA,rice,2021
12,Ben Moffat,F,7,0,28,20,0.672,0.4,0.4,8,12.2,11.6,11.9,0,2,3.5,0,10.4,0.1,0,0.1,0.175,-5.4,-5.3,-10.7,NA,rice,2021
13,Reed Myers,G,2,0,5,-21.6,0,0.667,0,1,22.8,0,11.1,30.6,0,0,25,39.1,-0.1,0,-0.1,-0.449,-12,-13.6,-25.7,NA,rice,2021
NA,Team Totals,,28,28,5600,NA,0.554,0.482,0.264,NA,NA,NA,NA,NA,NA,NA,NA,NA,8.3,6.5,14.8,0.106,0.2,-1.1,-0.9,NA,rice,2021
1,Carl Pierre,G,33,33,1112,19.3,0.612,0.625,0.169,440,3,12.8,8.1,10.4,1.2,0.7,8.2,21.1,3.2,0.8,4,0.142,4.8,-1.6,3.2,NA,rice,2022
2,Travis Evee,G,33,32,1065,16.3,0.586,0.662,0.248,419,1.1,9.5,5.6,16.9,1.9,0.3,14.1,21.8,2.3,0.8,3.1,0.116,1.2,-1.5,-0.3,NA,rice,2022
3,Chris Mullins,G,31,28,888,8.9,0.457,0.281,0.443,272,2.2,7.6,5,14.8,1.5,0.7,15.7,19.7,0.3,0.5,0.8,0.036,-3.3,-1.7,-5,NA,rice,2022
4,Max Fiedler,F,33,33,840,24.4,0.606,0.018,0.395,382,11.5,23,17.5,26.6,1.9,3,19.8,20.9,2.6,1.2,3.8,0.179,3,1,4,NA,rice,2022
5,Terrance McBride,G,33,10,681,8.5,0.479,0.123,0.238,151,1.3,7.5,4.5,17.4,2,0.6,21.9,13.3,0.2,0.5,0.7,0.039,-3.4,-0.3,-3.8,NA,rice,2022
6,Quincy Olivari,G,20,16,552,12.5,0.508,0.56,0.148,186,0.9,23,12.5,15.1,1.6,0,17.4,22.2,0.2,0.6,0.8,0.06,-1.1,-0.7,-1.8,NA,rice,2022
7,Cameron Sheffield,G,32,9,534,10.8,0.534,0.61,0.429,135,5.5,15.1,10.5,5.6,1.1,0.6,13.7,14.2,0.6,0.4,1,0.078,-1.1,-1.4,-2.5,NA,rice,2022
8,Mylyjael Poteat,F,33,3,454,24.4,0.642,0,0.66,238,15.6,19.2,17.5,6,0.5,1.8,16.9,27.1,1.6,0.4,2,0.174,1.2,-2.7,-1.5,NA,rice,2022
9,Riley Abercrombie,F,28,1,257,13.3,0.611,0.721,0.176,82,2.9,14.6,9,11,0.7,0.8,16.9,17.9,0.4,0.2,0.6,0.093,0.5,-1.4,-0.9,NA,rice,2022
10,Jake Lieppert,G,11,0,142,15,0.593,0.667,0.424,50,5.2,19.4,12.7,16.7,1.2,0.7,21.7,18.5,0.3,0.1,0.4,0.11,-1.8,-1.1,-2.9,NA,rice,2022
11,Noah Hutchins,G,9,0,82,1.2,0.327,0.15,0.15,20,1.5,6.7,4.2,25.5,1.4,0,24.6,18,-0.1,0,-0.1,-0.037,-10,-2,-12,NA,rice,2022
12,Jaden Geron,G,11,0,64,15.3,0.752,0.733,0.133,19,5.7,17.3,11.8,3,0,0,15.8,15.4,0.1,0,0.2,0.116,-5.5,-3.2,-8.8,NA,rice,2022
13,Ben Moffat,F,6,0,15,22.1,0.731,0,0.2,6,16.3,22.1,19.3,0,0,0,26.8,25.9,0,0,0,0.061,1.7,-1.9,-0.2,NA,rice,2022
14,Reed Myers,G,5,0,12,14,0.339,0,1,4,0,9.2,4.8,38.6,4.9,0,0,12.8,0,0,0,0.148,-8.1,0,-8.1,NA,rice,2022
15,Damion McDowell Jr.,F,1,0,2,-8.6,NA,NA,NA,0,0,0,0,0,0,0,NA,0,0,0,0,0.004,-15.8,-1,-16.9,NA,rice,2022
NA,Team Totals,,33,33,6700,NA,0.564,0.424,0.305,NA,NA,NA,NA,NA,NA,NA,NA,NA,11.8,5.5,17.3,0.103,0.3,-1.1,-0.9,NA,rice,2022
1,Travis Evee,G,35,35,1186,15.4,0.557,0.534,0.325,512,0.9,5.8,3.4,15.1,2,0.3,12.5,23.9,2.2,0.7,3,0.1,0.4,-2,-1.6,NA,rice,2023
2,Quincy Olivari,G,35,35,1176,18.1,0.548,0.5,0.328,590,1.2,19,10.3,13.1,1.7,0.2,12.9,29.4,2,1.1,3.1,0.106,2.3,-2,0.3,NA,rice,2023
3,Cameron Sheffield,G,35,34,1080,12.3,0.593,0.634,0.441,278,5.8,17.1,11.6,6.8,1.5,1.1,18.2,12.9,1.4,1,2.4,0.089,0.4,-0.7,-0.2,NA,rice,2023
4,Max Fiedler,F,35,35,1065,24.8,0.721,0.017,0.286,483,12.1,17,14.6,32.1,1.4,3.7,23.9,16.9,4,1.1,5.1,0.193,4.9,1.2,6.1,NA,rice,2023
5,Mekhi Mason,G,35,35,1017,10.6,0.525,0.384,0.271,334,2,10.2,6.2,12.2,1.5,1,17.9,20,0.5,0.7,1.2,0.047,-1.9,-1.7,-3.7,NA,rice,2023
6,Alem Huseinovic,G,34,0,527,12.5,0.581,0.562,0.13,150,1.1,7.6,4.4,4.5,1.9,0,8.3,16.2,0.7,0.3,1.1,0.082,-0.6,-1.2,-1.8,NA,rice,2023
7,Jake Lieppert,G,35,1,402,9,0.546,0.537,0.254,86,3,17.6,10.5,9.1,0.8,1.3,18.5,11.6,0.3,0.3,0.6,0.062,-1.9,-1.2,-3,NA,rice,2023
8,Andrew Akuchie,F,25,0,214,16.3,0.577,0.106,0.574,76,10.6,19.7,15.3,11.1,0.8,4.9,14.3,16.5,0.5,0.2,0.7,0.132,-3.7,-0.3,-4,NA,rice,2023
9,Mason Jones,G,24,0,161,12.7,0.462,0.364,0.227,49,3,13.5,8.3,16.4,4.9,0.7,17,18.5,0,0.2,0.3,0.07,-3.7,1.9,-1.8,NA,rice,2023
10,Seryee Lewis,F,20,0,127,19.5,0.576,0,0.245,57,8.5,26.1,17.5,10.4,1.8,0.8,15.5,25.8,0.2,0.2,0.4,0.114,-4.5,-2.1,-6.6,NA,rice,2023
11,Jaden Geron,G,9,0,69,6.1,0.382,0.833,0.5,16,0,18.2,9.3,7.1,2.5,0,11.9,18.5,-0.1,0.1,0,0.004,-8.1,-0.9,-9,NA,rice,2023
12,Ifeanyi Ufochukwu,C,9,0,36,36.5,0.633,0,0.333,19,16.6,44.4,30.8,7,0,11.7,5.4,25.8,0.1,0.1,0.2,0.245,-1.2,-2.3,-3.5,NA,rice,2023
13,Jackson Peakes,G,7,0,17,9.3,0.288,0.333,0.333,7,35.2,13.4,24.1,0,3.3,0,22.3,26.6,0,0,0,-0.02,3.6,-11.7,-8.1,NA,rice,2023
14,Reed Myers,G,7,0,11,16.5,0.678,0,1,5,0,0,0,46.8,0,0,25.3,18.2,0,0,0,0.162,7.8,2,9.8,NA,rice,2023
15,Ben Moffat,F,4,0,7,26.1,1,0,0,2,0,48.9,25,26.9,0,0,0,7.2,0,0,0,0.235,2.3,1,3.3,NA,rice,2023
16,Damion McDowell Jr.,F,3,0,7,21.3,1.053,NA,NA,3,17.1,0,8.3,0,0,0,0,6.9,0,0,0,0.245,-6.3,-6,-12.3,NA,rice,2023
NA,Team Totals,,35,35,7102,NA,0.571,0.426,0.312,NA,NA,NA,NA,NA,NA,NA,NA,NA,12.1,6.1,18.2,0.103,0.5,-1,-0.6,NA,rice,2023
1,Travis Evee,G,32,32,1077,16.7,0.543,0.492,0.253,476,1.4,10.1,5.8,13.2,1.8,0.9,10.6,26.3,1.9,0.5,2.4,0.091,1.7,-1.6,0.2,NA,rice,2024
2,Mekhi Mason,G,32,32,979,14.5,0.494,0.37,0.357,431,2,12.9,7.5,19,1.8,1.7,14.1,27.7,0.7,0.6,1.4,0.056,-0.2,-1.5,-1.7,NA,rice,2024
3,Max Fiedler,F,32,32,956,24.1,0.661,0.01,0.243,401,14.2,21.1,17.6,35.1,1.5,3.1,25,16.2,3,0.9,3.9,0.164,4.2,1.3,5.6,NA,rice,2024
4,Alem Huseinovic,G,32,26,852,10.2,0.573,0.623,0.137,211,0.9,6.4,3.7,6.6,1.5,0.4,11.4,14.8,0.9,0.2,1.1,0.051,-1,-1.3,-2.2,NA,rice,2024
5,Keanu Dawes,F,32,23,756,11.9,0.514,0.422,0.393,203,3.8,16.1,10,7,2,2,14.2,16.3,0.5,0.6,1.1,0.06,-1.5,-0.2,-1.6,NA,rice,2024
6,Anthony Selden,G,29,6,477,11.3,0.489,0.243,0.426,153,6,11,8.5,5.6,1.4,4.3,15.1,20.8,0.1,0.3,0.4,0.037,-3.2,-0.9,-4.1,NA,rice,2024
7,Andrew Akuchie,F,31,8,368,18.5,0.617,0.028,0.563,116,11.2,22.3,16.7,7.7,1.3,4.7,14.3,14.7,0.8,0.4,1.2,0.13,-0.7,-0.3,-1,NA,rice,2024
8,Sam Alajiki,F,20,0,363,8.9,0.549,0.658,0.205,81,4.4,13.2,8.8,4,0.3,2.4,14,13.2,0.3,0.1,0.4,0.045,-4,-1.8,-5.8,NA,rice,2024
9,Noah Shelby,G,30,1,356,9.9,0.49,0.622,0.18,112,1.3,8,4.6,12.6,2,0,13.6,20.2,0.2,0.1,0.3,0.034,-2.9,-1.7,-4.5,NA,rice,2024
10,Gabe Warren,G,21,0,128,12.6,0.438,0.385,0.577,36,9.8,11.6,10.7,12.1,1.9,0.8,8.3,14.5,0.2,0.1,0.2,0.076,-2.6,-0.8,-3.3,NA,rice,2024
11,Camp Wagner,G,18,0,63,7.6,0.423,0.615,0,18,3.6,12.6,8.1,0,0.9,3.4,7.1,22.9,0,0,0,-0.001,-0.7,-1.7,-2.4,NA,rice,2024
12,Ifeanyi Ufochukwu,C,16,0,52,23.7,0.515,0,0.619,26,8.8,13.1,11,4.1,2.3,6.3,3.5,27.9,0.1,0.1,0.2,0.154,-0.6,-1.4,-2,NA,rice,2024
13,Jackson Peakes,G,15,0,34,6.7,0.352,0.444,0.222,9,10.1,3.3,6.7,15.9,0,0,9.1,16.6,0,0,0,-0.003,-3.5,-4.2,-7.7,NA,rice,2024
14,George Perkins,F,4,0,9,5.5,0,1,0,0,0,25.3,12.7,0,6.6,0,0,5.7,0,0,0,0.001,-3.7,0.5,-3.2,NA,rice,2024
15,Cole Andrews-Heitz,G,2,0,5,20.5,1,0,0,2,0,0,0,45.1,11.9,0,50,20.6,0,0,0,0.138,-3.9,-2.9,-6.8,NA,rice,2024
NA,Team Totals,,32,32,6475,NA,0.537,0.396,0.296,NA,NA,NA,NA,NA,NA,NA,NA,NA,8.7,4.1,12.7,0.079,-0.2,-0.8,-1,NA,rice,2024
1,Trae Broadnax,G,32,30,975,15.4,0.5,0.226,0.484,419,4,14.6,9.3,30.5,1.2,0.7,16.8,24.4,1.3,1.1,2.4,0.1,0.5,-0.1,0.4,NA,rice,2025
2,Alem Huseinovic,G,31,21,797,10,0.528,0.712,0.132,212,0.8,7.2,4,7.9,1.7,0.1,9.7,16.5,0.8,0.7,1.5,0.078,-1,0.2,-0.8,NA,rice,2025
3,Caden Powell,F,32,32,779,22.9,0.594,0.005,0.654,332,13.9,18.8,16.3,7.9,1.2,4.7,10.8,20.7,2.3,1.2,3.5,0.182,2.3,0.5,2.7,NA,rice,2025
4,Kellen Amos,G,30,20,752,13,0.541,0.306,0.689,285,3.5,12.5,8,22.1,1.5,1.6,23.3,22.7,0.4,0.9,1.3,0.069,-1,0.1,-0.9,NA,rice,2025
5,Denver Anglin,G,32,11,700,11.7,0.532,0.701,0.205,234,1.1,9.1,5.1,7.8,1.1,0.2,9.2,20.7,1,0.6,1.6,0.092,0.1,-0.8,-0.7,NA,rice,2025
6,Andrew Akuchie,F,32,20,630,16.2,0.563,0.129,0.598,192,9.1,18.2,13.7,7.1,1.2,2.8,11,15.5,1.2,0.9,2.1,0.131,0,0.7,0.7,NA,rice,2025
7,Jacob Dar,F,30,13,595,15.9,0.551,0.571,0.36,207,6.5,14.3,10.4,5.5,0.7,3.5,10.5,19.7,1.1,0.7,1.8,0.12,2.5,-0.5,2,NA,rice,2025
8,Emory Lanier,G,30,6,527,6.9,0.431,0.55,0.423,123,4,9.6,6.8,11,2.5,1,18.4,15.9,-0.1,0.7,0.6,0.042,-5,1.5,-3.5,NA,rice,2025
9,Jimmy Oladokun Jr.,F,31,0,294,12.6,0.445,0,0.494,98,14.6,15,14.8,8.2,1.4,2.6,15.3,20.5,0.1,0.4,0.5,0.063,-3.8,-0.6,-4.3,NA,rice,2025
10,Aaron Powell,G,30,0,193,7.1,0.486,0.719,0.297,63,1.1,6.8,4,7.7,1.6,0,16.1,23.1,0,0.2,0.2,0.035,-3.8,-1,-4.8,NA,rice,2025
11,Trey Patterson,F,10,6,170,9,0.418,0.343,0.629,41,9.1,18.8,13.9,2.3,2.1,0,15,16.1,0,0.3,0.2,0.058,-3.4,0.5,-2.9,NA,rice,2025
12,Jackson Peakes,G,7,1,28,-4.6,0.25,0,0,3,7.9,35.4,21.7,6.6,0,0,55.6,16.4,-0.1,0,-0.1,-0.119,-14.9,-0.7,-15.6,NA,rice,2025
13,Cole Andrews-Heitz,G,4,0,5,-21.3,0,1,0,0,0,0,0,0,0,0,50,20.5,0,0,0,-0.34,-18.5,-8.4,-26.9,NA,rice,2025
14,George Perkins,F,5,0,5,53.6,1,0,0,2,44.1,22,33.1,0,12.1,0,0,10.2,0,0,0.1,0.418,18.9,8.7,27.6,NA,rice,2025
NA,Team Totals,,32,32,6450,NA,0.524,0.387,0.434,NA,NA,NA,NA,NA,NA,NA,NA,NA,7.9,7.8,15.6,0.097,-0.5,0.1,-0.4,NA,rice,2025
1,Jalen Smith,G,31,31,1012,12.9,0.543,0.635,0.179,364,2.9,7,4.9,14.5,1.7,1.1,15.2,20.6,1.2,0.8,2,0.078,0.6,-1.5,-0.9,NA,rice,2026
2,Trae Broadnax,G,31,31,948,19.3,0.543,0.341,0.373,474,3.4,15.5,9.3,23.7,2.4,1,13.8,26.9,2,1.2,3.2,0.136,2,0.3,2.3,NA,rice,2026
3,Nick Anderson,G,31,29,903,21.3,0.6,0.609,0.339,419,3.7,12.6,8,8.7,2.4,1.2,7.4,23.7,2.9,1.1,4,0.176,5.5,0.2,5.7,NA,rice,2026
4,Cam Carroll,G,31,24,729,9.1,0.458,0.571,0.249,226,2.7,9.1,5.8,18.6,2.5,1.2,19.1,19.2,0,0.8,0.8,0.044,-3.9,-0.7,-4.6,NA,rice,2026
5,Eternity Eguagie,F,31,1,539,11.9,0.52,0.291,0.567,176,5.7,12.3,8.9,5.8,1.2,2,13.1,18.9,0.5,0.5,1,0.077,-2.9,-1.2,-4.1,NA,rice,2026
6,Jimmy Oladokun Jr.,F,31,18,538,13.3,0.436,0,0.529,156,14.9,16.1,15.5,7.2,1.3,4.5,12.2,15.8,0.3,0.7,1,0.071,-2.7,-1,-3.7,NA,rice,2026
7,Stephen Giwa,C,31,13,479,16.7,0.583,0,0.592,129,16.9,17.1,17,4.7,1.5,7.5,20.2,11.8,0.7,0.7,1.4,0.115,-1.5,0.7,-0.8,NA,rice,2026
8,Andrew Akuchie,F,31,6,430,16.2,0.608,0.065,0.571,123,11.3,18.8,14.9,3.6,1.1,3.8,13.3,13,0.8,0.6,1.4,0.128,-0.6,-0.1,-0.7,NA,rice,2026
9,Bodey Howell,G,25,0,270,9.1,0.518,0.573,0,76,1.2,5.4,3.2,10.4,1.8,0,11.8,17,0.2,0.2,0.4,0.059,-3.9,-1.7,-5.6,NA,rice,2026
10,Dallas Hobbs,G,9,1,162,4.4,0.368,0.627,0.271,52,2,6.9,4.4,18.6,5.5,0,24,26.7,-0.4,0.2,-0.2,-0.046,-7.8,0,-7.8,NA,rice,2026
11,Jordan Williams,G,13,0,137,4.3,0.404,0.5,0.5,31,3.8,13.1,8.3,12.6,2.2,0,27.2,15.9,-0.1,0.2,0,0.001,-8.9,-1.1,-10,NA,rice,2026
12,Trey Patterson,F,13,0,105,3.7,0.348,0.391,0.261,17,3,19.3,10.9,0,1.1,2.1,16.2,14.5,-0.2,0.1,0,-0.01,-5.6,-1.7,-7.3,NA,rice,2026
13,Evan Cochran,F,5,0,30,-4.1,0.125,0.25,0,4,14.1,11.2,12.7,0,0,0,11.1,14.8,-0.1,0,-0.1,-0.085,-6.1,-8.7,-14.8,NA,rice,2026
14,George Perkins,F,3,1,9,23.2,0.5,0.5,0,3,0,25,12.1,0,0,24.3,0,22,0,0,0,0.131,-14.1,-5.7,-19.9,NA,rice,2026
15,Cole Andrews-Heitz,G,2,0,6,16.1,0.513,1,2,2,0,0,0,26.8,0,0,0,16.1,0,0,0,0.156,NA,NA,NA,NA,rice,2026
16,Presley Patterson,G,2,0,4,13.6,NA,NA,NA,1,26.4,56.1,40.8,40.1,0,0,100,12.4,0,0,0,0,-5.2,-2.9,-8.1,NA,rice,2026
NA,Team Totals,,31,31,6301,NA,0.527,0.44,0.34,NA,NA,NA,NA,NA,NA,NA,NA,NA,7.9,7,14.9,0.094,-0.6,-0.6,-1.2,NA,rice,2026
1,Kyle Cassity,G,31,31,978,13.3,0.538,0.577,0.185,265,0.7,8.5,4.6,22.2,2,0.4,14.8,15.6,1.4,1.4,2.7,0.111,0.6,1.7,2.2,NA,saint-louis,2011
2,Mike McCall Jr.,G,31,29,909,14.1,0.545,0.424,0.258,316,1.3,7.5,4.4,22.6,2.1,0.3,18.2,21.4,1.2,1.3,2.4,0.107,0.5,1.3,1.8,NA,saint-louis,2011
3,Jordair Jett,G,31,10,748,12.6,0.46,0.109,0.327,246,3.9,12,7.9,22.2,3.6,1.5,23.2,23.8,-0.4,1.4,1,0.055,-2.1,2.9,0.8,NA,saint-louis,2011
4,Dwayne Evans,F,31,20,723,19.1,0.524,0.015,0.481,258,10.4,24.3,17.2,7.3,1.9,3.1,13.7,21.8,1.1,1.5,2.6,0.144,0.6,1.8,2.4,NA,saint-louis,2011
5,Brian Conklin,F,31,24,663,17.7,0.554,0,0.578,255,9.7,15.1,12.3,7.1,1.2,1.7,14.6,23.3,1.2,1,2.2,0.134,0.2,0.6,0.8,NA,saint-louis,2011
6,Rob Loe,F,30,18,524,13.6,0.484,0.492,0.171,192,8.8,16.4,12.5,10.1,1.9,3.9,19.6,26.7,-0.1,1,0.9,0.067,-2.1,1,-1.1,NA,saint-louis,2011
7,Cory Remekun,F,31,13,498,10.7,0.508,0,0.591,125,6.1,13.7,9.8,9.5,1.5,4.9,23.2,16.8,0.1,0.9,0.9,0.076,-3.8,3.1,-0.8,NA,saint-louis,2011
8,Christian Salecich,G,31,4,436,8.1,0.476,0.615,0.277,75,0.8,9,4.8,13.1,2.3,1.4,18.8,11.2,0.1,0.7,0.8,0.072,-2.1,3.4,1.2,NA,saint-louis,2011
9,Cody Ellis,F,21,4,426,12.1,0.468,0.629,0.227,128,3.7,19.3,11.3,9,1.5,1.7,12.6,21.1,0.2,0.7,0.9,0.088,-0.6,1.3,0.6,NA,saint-louis,2011
10,Paul Eckerle,G,27,2,283,7.6,0.65,0.729,0.188,57,0.4,4,2.2,7.8,0.7,0.4,19.9,12.4,0.3,0.3,0.6,0.08,-1.9,0.7,-1.2,NA,saint-louis,2011
11,Brian Daly,G,5,0,12,-2.7,0.253,0.333,0.667,2,0,10.5,5.2,16.9,0,0,20.2,22.2,0,0,0,-0.123,-10.4,-2.2,-12.7,NA,saint-louis,2011
NA,Team Totals,,31,31,6200,NA,0.516,0.318,0.328,NA,NA,NA,NA,NA,NA,NA,NA,NA,4.9,10.2,15.1,0.097,-0.8,1.8,1,NA,saint-louis,2011
1,Kwamain Mitchell,G,34,34,1069,19,0.558,0.527,0.249,420,2.1,9.6,5.6,25.8,2.6,0.1,13.9,22.4,2.8,2,4.8,0.179,3.9,2.9,6.8,NA,saint-louis,2012
2,Brian Conklin,F,34,33,1001,21.8,0.598,0.007,0.644,448,8.3,12.7,10.4,9.6,1.5,1.2,15.2,25.4,3.2,1.8,5,0.2,3.2,1.9,5,NA,saint-louis,2012
3,Dwayne Evans,F,34,34,852,17.8,0.512,0.116,0.353,277,12,28,19.4,5.9,1.6,2.3,15.5,19.8,1.3,2.1,3.4,0.157,1.8,2.2,3.9,NA,saint-louis,2012
4,Mike McCall Jr.,G,33,13,756,15.8,0.539,0.471,0.28,235,2.5,8.7,5.4,19.4,3.4,0.3,15.4,18.2,1.4,1.5,2.9,0.152,1.7,4.5,6.2,NA,saint-louis,2012
5,Jordair Jett,G,34,0,754,16.2,0.517,0.072,0.575,236,4,13.4,8.4,19.1,3.3,1.2,17.8,18.7,1.1,1.6,2.7,0.144,1.2,4.4,5.6,NA,saint-louis,2012
6,Cody Ellis,F,34,1,721,20.5,0.576,0.691,0.279,293,4.3,17.6,10.5,7.1,1.3,2.1,9.2,24.7,2.1,1.4,3.6,0.198,5.5,2.1,7.7,NA,saint-louis,2012
7,Kyle Cassity,G,34,21,609,11.9,0.515,0.621,0.097,125,0.2,11,5.2,20.2,2.4,0.5,14.3,11.3,0.8,1.1,2,0.128,1,4.3,5.3,NA,saint-louis,2012
8,Rob Loe,F,34,34,554,15.2,0.54,0.642,0.179,165,6.1,18.8,12,7.9,1.7,3.4,14.6,18.9,0.8,1.2,2,0.144,1.7,3.2,4.9,NA,saint-louis,2012
9,Cory Remekun,F,33,0,315,11.8,0.557,0,0.417,68,8.7,14.1,11.2,4.9,1.4,6.6,23.8,13.1,0.2,0.7,0.9,0.114,-2.2,4.4,2.2,NA,saint-louis,2012
10,Jake Barnett,F,17,0,90,7.8,0.459,0.778,0.444,19,0,14.3,6.6,6,2.1,1.2,18.7,16.2,0,0.2,0.2,0.078,-1.6,2.5,0.9,NA,saint-louis,2012
11,John Manning,C,12,0,47,5.3,0.513,0,2,7,7.9,27.3,17,0,0,11.7,46.1,12.6,-0.1,0.1,0,0.034,-9.1,4.7,-4.4,NA,saint-louis,2012
12,Grandy Glaze,F,9,0,29,-1.9,0.144,0,0.333,3,4.3,19.7,11.5,12.3,2.2,0,22.3,16.8,-0.1,0.1,0,-0.063,-9.5,1.3,-8.3,NA,saint-louis,2012
13,Brian Daly,G,7,0,19,-8.6,0,0,0,1,0,7.5,3.5,17.7,6.7,0,80,14.3,-0.1,0.1,-0.1,-0.121,-17.5,6,-11.5,NA,saint-louis,2012
14,Grant Gehlen,F,4,0,9,-16.6,NA,NA,NA,0,0,15.9,7.4,0,0,0,100,12.1,-0.1,0,0,-0.182,-19.4,0.2,-19.2,NA,saint-louis,2012
NA,Team Totals,,34,34,6825,NA,0.55,0.366,0.36,NA,NA,NA,NA,NA,NA,NA,NA,NA,13.4,13.8,27.2,0.16,2.1,3.2,5.3,NA,saint-louis,2012
1,Dwayne Evans,F,35,35,1036,26.3,0.612,0.061,0.611,469,10.2,23.9,16.8,8.7,2.6,2.6,13.4,24.3,3.7,2.7,6.4,0.248,5.1,3.5,8.6,NA,saint-louis,2013
2,Mike McCall Jr.,G,35,35,1017,15.9,0.544,0.452,0.317,331,2.8,8.5,5.6,19.7,2.8,0.2,14.1,18.6,2,2,4,0.157,2.6,3.5,6,NA,saint-louis,2013
3,Jordair Jett,G,35,9,922,16.8,0.563,0.163,0.552,329,2,12.4,7.1,27,2.7,0.7,21.2,20.9,1.5,1.9,3.4,0.148,1.2,3.2,4.4,NA,saint-louis,2013
4,Cody Ellis,F,35,0,913,16,0.508,0.637,0.401,316,1.4,16.6,8.8,7.5,2.5,1.3,8.7,22.7,1.5,2.1,3.6,0.157,2.6,3,5.6,NA,saint-louis,2013
5,Rob Loe,F,35,35,803,12.3,0.526,0.465,0.359,244,5.8,13.8,9.7,11.1,1.2,1.3,16.3,18.8,1,1.5,2.5,0.127,0.1,2.1,2.2,NA,saint-louis,2013
6,Kwamain Mitchell,G,24,24,725,15.2,0.512,0.44,0.392,255,1.2,8.8,4.9,22.6,3.4,0.1,16.2,22.2,0.9,1.5,2.5,0.136,0.8,3.6,4.4,NA,saint-louis,2013
7,Cory Remekun,F,33,15,598,13.7,0.565,0,0.624,146,8,12.7,10.3,4.2,1.2,6.8,17.6,14.5,0.7,1.3,2,0.132,-0.9,4,3.1,NA,saint-louis,2013
8,Jake Barnett,F,35,2,533,12.2,0.518,0.679,0.292,132,5.6,17.5,11.4,10.9,2,0.6,18.8,15.2,0.5,1.1,1.6,0.122,1.4,2.9,4.3,NA,saint-louis,2013
9,Grandy Glaze,F,25,20,299,14.5,0.489,0,0.164,80,8.8,19.6,14,9.7,2.7,1.1,14.2,16.7,0.3,0.7,1,0.132,0.1,3.4,3.5,NA,saint-louis,2013
10,John Manning,C,25,0,142,10.9,0.488,0,0.543,39,2.6,11.3,6.8,6.1,0.9,7.6,15.4,19.9,0,0.3,0.3,0.094,-4,3.7,-0.3,NA,saint-louis,2013
11,Keith Carter,G,3,0,39,14.2,0.829,0.5,0.75,8,0,10.3,5,15.5,1.6,0,15.6,9,0.1,0.1,0.2,0.166,1.1,4.1,5.2,NA,saint-louis,2013
12,Joey Lepak,G,11,0,12,11.5,1.053,NA,NA,2,0,11.1,5.4,0,0,0,0,4.3,0,0,0.1,0.177,0.6,3.4,4,NA,saint-louis,2013
13,Sean Duff,G,9,0,11,-1.9,0.408,0.333,1.333,3,0,12.1,5.9,0,0,0,29,34.1,0,0,0,-0.119,-12.7,-4.6,-17.3,NA,saint-louis,2013
NA,Team Totals,,35,35,7050,NA,0.545,0.341,0.44,NA,NA,NA,NA,NA,NA,NA,NA,NA,12.2,15.4,27.5,0.156,1.7,3.2,4.9,NA,saint-louis,2013
1,Jordair Jett,G,34,33,1073,19.7,0.53,0.107,0.609,499,3.5,10.9,7.3,34.3,2.8,1.7,17.9,26.1,1.6,2.7,4.3,0.16,2.7,3.6,6.3,NA,saint-louis,2014
2,Mike McCall Jr.,G,34,34,1022,14.9,0.514,0.458,0.287,334,4,10.3,7.2,16,2.7,0.3,11.7,18.6,1.4,2.4,3.8,0.148,1.5,3.8,5.3,NA,saint-louis,2014
3,Dwayne Evans,F,34,34,1005,19.6,0.559,0.053,0.526,445,7.7,17.2,12.6,9.6,2.4,2,16.2,26.1,1.6,2.7,4.3,0.17,0.8,3.2,3.9,NA,saint-louis,2014
4,Rob Loe,F,34,34,941,18.6,0.562,0.464,0.348,345,6.4,16.9,11.7,15,1.9,4.3,13.8,19.9,1.7,2.5,4.3,0.181,2.5,4.6,7.1,NA,saint-louis,2014
5,Jake Barnett,F,34,26,822,6.8,0.473,0.822,0.237,154,1.4,11.6,6.7,8.5,2,1,17.1,12.8,-0.1,1.9,1.9,0.091,-2.8,3.8,0.9,NA,saint-louis,2014
6,Austin McBroom,G,34,1,730,11.7,0.518,0.6,0.295,242,2.6,7.4,5.1,15.3,1.9,0.1,15.8,20.2,0.7,1.5,2.2,0.119,-0.1,2.1,2,NA,saint-louis,2014
7,Grandy Glaze,F,34,6,439,15.6,0.515,0,0.309,133,11.2,28,19.9,5.2,1.9,2.2,18.7,18.3,0.3,1.3,1.6,0.144,-1.6,2.8,1.2,NA,saint-louis,2014
8,John Manning,C,32,0,382,10.8,0.528,0.065,0.5,79,5.8,9,7.5,3.5,1.6,8.5,19,12.8,0.1,1,1.1,0.113,-3.3,5.2,1.9,NA,saint-louis,2014
9,Mike Crawford,G,24,0,180,7.1,0.518,0.488,0.163,44,0.7,8,4.4,10.9,1.3,0,19.2,16.5,0,0.4,0.4,0.081,-3.5,1.9,-1.6,NA,saint-louis,2014
10,Tanner Lancona,F,21,0,178,11.7,0.574,0.389,0.389,45,5.3,13.1,9.3,4.4,1.3,1.7,14.1,14.4,0.2,0.4,0.6,0.139,-1.5,3,1.5,NA,saint-louis,2014
11,Reggie Agbeko,F,17,2,94,14.4,0.689,0,0.412,24,7.5,21.2,14.5,4.6,0.6,1,22.8,14.5,0.1,0.2,0.3,0.136,-1.4,2.1,0.8,NA,saint-louis,2014
12,Austin Eagleton,G,5,0,6,-20.5,NA,NA,NA,0,0,0,0,0,0,0,100,17.2,-0.1,0,0,-0.291,-11.8,-3.1,-14.9,NA,saint-louis,2014
13,Joey Lepak,G,3,0,2,-1.8,0,1,0,1,0,0,0,82.9,0,0,0,25.9,0,0,0,-0.134,-5.4,-4,-9.4,NA,saint-louis,2014
14,Royce Simpson,G,3,0,1,0,NA,NA,NA,0,0,0,0,0,0,0,NA,0,0,0,0,0.054,-4.3,1.4,-2.9,NA,saint-louis,2014
NA,Team Totals,,34,34,6875,NA,0.533,0.322,0.404,NA,NA,NA,NA,NA,NA,NA,NA,NA,7.5,17,24.5,0.143,0.3,3.5,3.8,NA,saint-louis,2014
1,Ash Yacoubou,G,32,31,833,12.2,0.459,0.243,0.401,287,6.4,16.7,11.4,13.9,2.1,0.9,17,25.3,-0.1,1.1,0.9,0.045,-2,-0.5,-2.5,NA,saint-louis,2015
2,Davell Roby,G,31,30,768,9.8,0.485,0.458,0.506,204,2.5,11.8,7,16.9,2.4,0.2,19.7,18.6,0.1,0.9,1,0.05,-2.6,0.4,-2.1,NA,saint-louis,2015
3,Milik Yarbrough,F,32,22,759,16.4,0.498,0.091,0.372,308,8.3,17.1,12.6,18.5,1.7,1.9,17.4,28.3,0.3,1,1.3,0.066,0.3,-0.8,-0.5,NA,saint-louis,2015
4,Austin McBroom,G,32,14,645,13.3,0.524,0.536,0.235,202,1.9,5.7,3.8,20.2,2.3,0,14.7,20.3,0.7,0.6,1.3,0.078,1.5,-0.2,1.3,NA,saint-louis,2015
5,Marcus Bartley,G,32,16,613,8.8,0.565,0.683,0.23,155,1.2,9.8,5.4,21.3,1.2,0.6,23.9,16.5,0.3,0.5,0.8,0.054,-1.9,-0.3,-2.2,NA,saint-louis,2015
6,Mike Crawford,G,32,1,609,15.2,0.589,0.398,0.416,210,3,7.8,5.3,14.3,1,0.2,13.5,20.7,1.2,0.4,1.7,0.109,1.7,-1.1,0.6,NA,saint-louis,2015
7,Austin Gillmann,C,32,9,496,8.8,0.525,0.465,0.182,113,3.7,13.4,8.4,16.4,0.5,2.9,23.5,15.6,0.1,0.5,0.5,0.043,-2.1,0.2,-1.9,NA,saint-louis,2015
8,Reggie Agbeko,F,32,9,455,11.1,0.551,0,0.622,114,10.1,20.7,15.3,1.1,1,0,22,16.5,0.2,0.5,0.8,0.066,-2.8,-1.6,-4.4,NA,saint-louis,2015
9,John Manning,C,28,21,401,7.1,0.462,0.019,0.346,58,2.4,14.3,8.2,7.7,0.8,6.9,20.9,10.5,-0.1,0.5,0.4,0.043,-4.3,2.1,-2.2,NA,saint-louis,2015
10,Miles Reynolds,G,26,2,327,12.8,0.485,0.288,1.318,111,2.6,13.3,7.8,20.5,3.3,0.4,20.1,22.6,0.2,0.5,0.6,0.079,-4.1,0.3,-3.9,NA,saint-louis,2015
11,Brett Jolly,F,30,2,326,4.1,0.416,0.38,0.78,62,4.1,5.9,5,7.9,1.2,4.4,20.8,14.6,-0.2,0.3,0.1,0.016,-5.7,0.6,-5.1,NA,saint-louis,2015
12,Tanner Lancona,F,22,3,215,5.5,0.355,0.5,0.346,45,2.8,10.7,6.6,14.2,2.3,0.6,15.4,18.3,-0.3,0.2,-0.1,-0.011,-5,-0.1,-5.1,NA,saint-louis,2015
13,Grant Hollander,G,1,0,1,107.3,0.5,0,0,2,100,0,62.2,0,0,0,0,100,0,0,0,0.834,65.6,-1.6,64,NA,saint-louis,2015
14,Stephen Leazer,G,1,0,1,0,NA,NA,NA,0,0,0,0,0,0,0,NA,0,0,0,0,0.006,-3.7,-0.2,-3.9,NA,saint-louis,2015
NA,Team Totals,,32,32,6449,NA,0.502,0.333,0.42,NA,NA,NA,NA,NA,NA,NA,NA,NA,2.4,6.9,9.4,0.058,-1.7,-0.2,-1.9,NA,saint-louis,2015
1,Ash Yacoubou,G,32,30,963,12.3,0.493,0.359,0.214,334,4.3,17.4,10.9,14,1.4,1.3,15,22.7,0,1.2,1.3,0.053,-1.1,0.3,-0.7,NA,saint-louis,2016
2,Mike Crawford,G,32,28,861,13.8,0.556,0.494,0.327,293,2.3,12.7,7.6,8.3,1.5,0.1,11.3,20.3,1,0.9,2,0.091,0.9,0.4,1.3,NA,saint-louis,2016
3,Reggie Agbeko,F,32,28,779,12.5,0.587,0,0.458,202,9,20.1,14.6,2.5,1.3,1.9,21.7,14.8,0.5,1.1,1.6,0.083,-1.5,0.3,-1.2,NA,saint-louis,2016
4,Davell Roby,G,31,7,633,10.7,0.554,0.525,0.511,192,1.3,11.9,6.6,16.7,1.6,0.6,19.7,18,0.4,0.7,1.1,0.07,-1.3,0.9,-0.4,NA,saint-louis,2016
5,Miles Reynolds,G,29,15,593,16.4,0.563,0.149,0.878,249,1.8,10.4,6.1,27.2,2.8,0.6,19.6,22.9,0.9,0.8,1.7,0.113,-0.3,1.7,1.4,NA,saint-louis,2016
6,Jermaine Bishop,G,27,16,562,14.2,0.533,0.452,0.299,236,1.4,9.3,5.4,26.3,1,0.4,16.7,25.1,0.5,0.5,1,0.071,1,-1,0,NA,saint-louis,2016
7,Milik Yarbrough,F,27,2,517,12.5,0.467,0.225,0.412,207,4.7,22.9,13.9,17.6,1.2,1.6,17.7,27.4,-0.3,0.8,0.4,0.035,-1.5,0.2,-1.2,NA,saint-louis,2016
8,Marcus Bartley,G,32,2,467,9,0.562,0.73,0.18,120,0.2,5.6,3,17.8,1.7,0.8,16.2,14.5,0.4,0.4,0.9,0.073,-2.8,1,-1.8,NA,saint-louis,2016
9,Aaron Hines,G,23,15,395,5.6,0.356,0.291,0.222,107,1.2,9.2,5.2,25,1.9,0,14.5,20,-0.5,0.4,-0.1,-0.008,-5.7,0.5,-5.2,NA,saint-louis,2016
10,Austin Gillmann,C,16,14,280,8.1,0.503,0.479,0.292,58,3.7,8.6,6.2,10.1,1.2,4.7,16.8,12.2,0.1,0.3,0.4,0.06,-2.7,2.2,-0.5,NA,saint-louis,2016
11,Matt Neufeld,C,25,2,242,3.3,0.438,0.125,0.6,42,3.4,10.8,7.1,1.7,1.7,4,28,15.4,-0.4,0.3,-0.1,-0.019,-7.1,1.3,-5.8,NA,saint-louis,2016
12,Brett Jolly,F,18,1,157,3.6,0.438,0.077,0.577,31,4.4,13.1,8.8,5.1,1.5,4.6,26.6,15,-0.2,0.2,0,0.007,-8.1,1.8,-6.3,NA,saint-louis,2016
13,Austin Eagleton,G,1,0,1,0,NA,NA,NA,0,0,0,0,0,0,0,NA,0,0,0,0,0.011,-2.9,-0.6,-3.5,NA,saint-louis,2016
NA,Team Totals,,32,32,6450,NA,0.517,0.352,0.378,NA,NA,NA,NA,NA,NA,NA,NA,NA,2.4,7.8,10.2,0.063,-1.5,0.6,-0.9,NA,saint-louis,2016
1,Davell Roby,G,33,32,1068,13.6,0.541,0.49,0.413,388,1.8,9.8,5.8,25.8,1.4,0.7,17.4,21.9,1.2,0.9,2.1,0.079,0.3,-0.5,-0.2,NA,saint-louis,2017
2,Mike Crawford,G,33,31,1030,10.4,0.46,0.37,0.284,326,1.8,12,6.8,16.7,1.5,1,13.2,22.3,0,0.9,0.9,0.035,-1.8,-0.2,-2,NA,saint-louis,2017
3,Aaron Hines,G,33,24,940,6.8,0.422,0.464,0.266,227,1.1,9.4,5.2,19.8,1.9,0.1,17.8,17.5,-0.5,0.8,0.3,0.013,-4.1,0,-4.2,NA,saint-louis,2017
4,Reggie Agbeko,F,33,17,822,13.2,0.547,0.005,0.534,274,9.1,22.8,15.9,8.1,0.8,2.3,23.5,22.4,0,1,1.1,0.051,-3.6,-0.6,-4.2,NA,saint-louis,2017
5,Elliott Welmer,F,33,31,810,14.7,0.55,0.443,0.388,243,6,17,11.4,7.4,1.1,4.7,13.8,18.4,0.9,1,1.9,0.092,0,0.8,0.8,NA,saint-louis,2017
6,Jalen Johnson,F,33,20,791,12.8,0.516,0.451,0.282,238,6.9,15.3,11,7.5,1.8,2.6,15.4,19.5,0.4,0.9,1.4,0.07,-0.9,0.4,-0.5,NA,saint-louis,2017
7,Zeke Moore,G,29,1,604,9.2,0.522,0.543,0.339,144,1.5,9.6,5.5,10,1.6,1.2,15.5,15.6,0.3,0.5,0.8,0.053,-1.9,0.4,-1.5,NA,saint-louis,2017
8,Jermaine Bishop,G,9,7,290,11.8,0.462,0.39,0.152,109,0.4,10.2,5.3,36.6,3.4,1.2,22.1,27,-0.2,0.4,0.1,0.018,-1.6,1,-0.6,NA,saint-louis,2017
9,Matt Neufeld,C,28,1,150,3.7,0.525,0,0.4,25,3.8,14.3,9,5.8,0.8,0.8,31.6,12.6,-0.1,0.1,0,0.007,-6.8,0.2,-6.6,NA,saint-louis,2017
10,Austin Gillmann,C,25,1,134,0.5,0.347,0.462,0.231,15,6,15.1,10.5,9.2,0.5,3.6,40.9,9.9,-0.2,0.1,-0.1,-0.021,-9.4,1.1,-8.3,NA,saint-louis,2017
11,Markos Psimitis,G,8,0,11,4.4,0.256,0.5,2,3,21,0,10.6,0,0,0,0,19.2,0,0,0,-0.02,-2.6,-4.6,-7.2,NA,saint-louis,2017
NA,Team Totals,,33,33,6650,NA,0.502,0.388,0.344,NA,NA,NA,NA,NA,NA,NA,NA,NA,1.7,6.8,8.5,0.051,-2,0.1,-1.9,NA,saint-louis,2017
1,Javon Bess,F,33,33,1195,17.7,0.519,0.275,0.651,449,7.6,16.7,12.1,13.6,2.1,1.3,13.6,21.5,2.2,1.9,4.1,0.136,1.7,1.4,3.1,NA,saint-louis,2018
2,Davell Roby,G,33,33,1067,12.5,0.529,0.552,0.524,349,1.2,9.4,5.2,12.9,1.6,0.7,13.3,20.2,1.5,1.2,2.7,0.102,-0.4,0.8,0.4,NA,saint-louis,2018
3,Hasahn French,F,32,32,965,16.9,0.508,0.004,0.456,307,11.3,16.8,14,11.9,1.5,7.3,17.7,19.3,0.7,1.7,2.4,0.101,-1,2.3,1.3,NA,saint-louis,2018
4,Jalen Johnson,F,33,24,896,13.6,0.584,0.608,0.396,266,3.9,13.1,8.4,5.5,0.8,2.8,14,17.5,1.5,1.1,2.6,0.115,0.7,0.7,1.5,NA,saint-louis,2018
5,Jordan Goodwin,G,26,26,868,18.7,0.448,0.279,0.324,340,9.1,17.7,13.3,27.8,3.7,2.2,14.3,23.5,1,1.7,2.7,0.124,1.7,3.2,4.9,NA,saint-louis,2018
6,Aaron Hines,G,33,1,747,6.1,0.421,0.491,0.231,196,0.5,7.9,4.1,15.4,2.2,0.2,16.4,20.1,-0.4,0.9,0.5,0.027,-4.2,0.7,-3.5,NA,saint-louis,2018
7,D.J. Foreman,F,32,15,619,14,0.604,0.007,0.655,202,6.7,14.1,10.3,10.6,1.1,1.9,23.2,20,0.5,0.8,1.3,0.086,-2.3,0.9,-1.4,NA,saint-louis,2018
8,Rashed Anthony,C,32,1,248,5.9,0.631,0,0.5,28,5.6,9.8,7.6,3.9,1,9.6,47.6,8,-0.2,0.4,0.2,0.038,-5.7,4.1,-1.6,NA,saint-louis,2018
9,Markos Psimitis,G,11,0,20,7.7,0.504,1,0.4,6,5.8,0,3,11.1,0,0,14.4,18.2,0,0,0,0.038,-6.2,-4.7,-10.9,NA,saint-louis,2018
NA,Team Totals,,33,33,6625,NA,0.513,0.33,0.463,NA,NA,NA,NA,NA,NA,NA,NA,NA,6.8,9.8,16.5,0.1,-0.5,1.5,1,NA,saint-louis,2018
1,Javon Bess,F,36,36,1323,18.1,0.527,0.465,0.403,499,3.2,17.9,10.1,10.4,2.3,0.7,8,21.2,3.1,2.6,5.7,0.173,2.5,2.4,4.9,NA,saint-louis,2019
2,Jordan Goodwin,G,36,35,1230,16.2,0.455,0.274,0.406,432,10.8,13.5,12.1,20.8,3.2,1.1,17.5,20.3,1,2.5,3.6,0.115,1.1,2.8,3.9,NA,saint-louis,2019
3,Tramaine Isabell,G,35,33,1139,15.8,0.517,0.416,0.346,474,3.4,10.8,6.9,24.8,2.1,0.3,18.3,24.8,1.4,1.9,3.4,0.118,1.6,1.2,2.7,NA,saint-louis,2019
4,Hasahn French,F,36,35,1101,16,0.474,0,0.35,339,9.6,21.2,15.1,10.7,1.9,6.9,17.5,19.3,0.3,2.6,3,0.108,-1.6,3.2,1.7,NA,saint-louis,2019
5,D.J. Foreman,F,36,27,764,10.7,0.515,0.006,0.665,215,8.1,14.7,11.2,6.4,0.9,2.8,22.4,17.7,0.2,1.3,1.5,0.077,-3.5,1.1,-2.5,NA,saint-louis,2019
6,Fred Thatch Jr.,G,36,2,698,9.6,0.456,0.472,0.38,159,6.3,9,7.6,8.3,2.4,2,14.7,14,0.4,1.3,1.6,0.093,-2.7,2.6,0,NA,saint-louis,2019
7,Dion Wiley,G,27,2,402,6.8,0.459,0.86,0.19,105,0.8,5.8,3.1,6.5,0.6,1.2,8.3,17.8,0.3,0.5,0.8,0.076,-1.9,-0.2,-2.1,NA,saint-louis,2019
8,Carte'Are Gordon,F,13,9,318,17.5,0.548,0.06,0.578,106,5.3,13.5,9.2,11.1,2.6,8.6,20.3,20.7,0.2,0.7,1,0.12,-0.4,4.5,4.1,NA,saint-louis,2019
9,KC Hankton,F,22,0,123,10.3,0.413,0.61,0.195,36,7.6,12.3,9.8,4.9,1,1,4.3,18.9,0.1,0.2,0.3,0.099,-0.9,-0.2,-1.2,NA,saint-louis,2019
10,Demarius Jacobs,G,19,0,88,-2.7,0.27,0.545,0.727,11,2.4,7.9,5,11.9,2,1.3,35.1,12.9,-0.2,0.1,-0.1,-0.029,-11,1.9,-9.1,NA,saint-louis,2019
11,Ingvi Gudmundsson,G,2,0,5,-18.8,0,1,0,0,0,23.2,11,0,0,0,0,19.9,0,0,0,-0.19,-22.5,-3.4,-25.9,NA,saint-louis,2019
12,Elliott Welmer,F,3,1,3,-64,0,0,0,0,0,0,0,0,0,0,33.3,49.7,-0.1,0,-0.1,-0.735,-56.3,-13.3,-69.6,NA,saint-louis,2019
13,Jack Raboin,G,3,0,3,106.2,1.25,0.5,0,5,34.8,0,18.3,0,0,0,0,33.1,0.1,0,0.1,1.238,56,12.2,68.2,NA,saint-louis,2019
14,Brandon Courtney,G,1,0,2,-23.5,0,0,0,0,0,0,0,0,0,0,0,24.8,0,0,0,-0.29,-21.1,-7.7,-28.9,NA,saint-louis,2019
NA,Team Totals,,36,36,7199,NA,0.492,0.329,0.394,NA,NA,NA,NA,NA,NA,NA,NA,NA,6.8,13.9,20.6,0.115,-0.3,2.2,1.9,NA,saint-louis,2019
1,Jordan Goodwin,G,31,31,1113,21.1,0.507,0.176,0.354,493,10.3,21.9,16.1,18.1,3.3,0.8,16.9,25.2,1.8,2.6,4.4,0.157,2.9,2.4,5.3,NA,saint-louis,2020
2,Yuri Collins,G,31,27,969,8.4,0.446,0.2,0.52,237,1.4,8.8,5.1,29.7,2.8,0,34.6,14.6,-0.3,1.6,1.3,0.055,-3.1,1.5,-1.6,NA,saint-louis,2020
3,Hasahn French,F,30,30,958,22.2,0.487,0,0.505,386,11.9,24.4,18.1,15,1.8,9.7,14.6,23,1.3,2.5,3.7,0.156,1.8,3.6,5.4,NA,saint-louis,2020
4,Javonte Perkins,G,31,1,845,20.7,0.555,0.33,0.449,402,4.6,9.5,7,5.5,1.7,1.3,7.9,26.5,2.7,1.3,4,0.19,4.1,1,5.1,NA,saint-louis,2020
5,Demarius Jacobs,G,29,29,663,12.3,0.545,0.497,0.307,173,1.8,11,6.4,8.1,2.3,1.6,13.8,15.1,0.9,1.2,2,0.121,0.1,2.7,2.8,NA,saint-louis,2020
6,Tay Weaver,G,31,2,505,10.7,0.525,0.798,0.07,123,0.2,10.8,5.5,9.6,1.7,0.5,8.3,14.2,0.7,0.8,1.5,0.119,0.2,2.2,2.4,NA,saint-louis,2020
7,Jimmy Bell Jr.,F,31,30,449,12.7,0.52,0,0.682,128,13.1,10.5,11.8,3.6,1,2.7,18.2,15.1,0.6,0.7,1.3,0.113,-0.4,0.9,0.4,NA,saint-louis,2020
8,Terrence Hargrove Jr.,F,25,0,311,19.8,0.568,0.153,0.429,119,6.4,13.7,10,5.9,0.9,4.3,8.5,20.5,0.8,0.5,1.3,0.173,1.5,1.3,2.8,NA,saint-louis,2020
9,Gibson Jimerson,G,10,0,249,15.5,0.626,0.675,0.084,82,0.9,5.8,3.4,3.2,0.9,0.5,9.4,18.9,0.6,0.3,0.9,0.141,3.4,0.5,3.9,NA,saint-louis,2020
10,Fred Thatch Jr.,G,6,4,94,11.4,0.437,0.444,0.481,27,4.7,20.2,12.4,3.8,2.5,1.3,10.8,19.5,0,0.2,0.2,0.105,-2.9,1.5,-1.4,NA,saint-louis,2020
11,KC Hankton,F,12,0,65,8.2,0.362,0.375,0.438,14,1.7,12,6.8,8,3.6,3.7,9.4,16.2,0,0.1,0.1,0.072,-6.1,2,-4.2,NA,saint-louis,2020
12,Joshua Hightower,G,12,0,39,0.9,0.271,0.8,1,6,0,2.9,1.4,20.4,1.5,3.1,28.9,13.1,-0.1,0.1,0,-0.015,-6.7,0.5,-6.2,NA,saint-louis,2020
13,Madani Diarra,C,4,0,10,0,0,NA,NA,0,0,55.9,27.8,0,0,0,0,4.7,0,0,0,0.034,-7,1.3,-5.7,NA,saint-louis,2020
14,Jack Raboin,G,2,1,3,40.6,0.526,NA,NA,2,37,0,18.6,51.1,0,0,0,15.6,0,0,0,0.352,19.9,4.2,24.1,NA,saint-louis,2020
15,Brandon Courtney,G,2,0,2,68.3,0.75,0.5,0,2,0,100,55.7,0,29.1,0,33.3,74,0,0,0,0.313,0.3,34.3,34.5,NA,saint-louis,2020
NA,Team Totals,,31,31,6275,NA,0.518,0.271,0.401,NA,NA,NA,NA,NA,NA,NA,NA,NA,9,11.8,20.9,0.133,0.9,2,2.9,NA,saint-louis,2020
1,Jordan Goodwin,G,21,21,696,21.9,0.499,0.264,0.317,320,9.1,27,17.9,21.8,3.6,0.7,16,25.7,1.4,1.6,3,0.172,4,3.3,7.3,NA,saint-louis,2021
2,Javonte Perkins,G,21,21,640,21.4,0.57,0.356,0.236,306,2.7,12.3,7.4,12.1,1.4,2.1,8.7,26.6,2.1,1,3.1,0.195,5.3,1,6.4,NA,saint-louis,2021
3,Yuri Collins,G,19,17,536,12.3,0.479,0.333,0.345,146,1.3,10.5,5.8,34.2,2.5,0.5,28.8,13.1,0.6,0.9,1.4,0.106,-0.5,1.8,1.3,NA,saint-louis,2021
4,Hasahn French,F,19,19,475,20.5,0.51,0,0.287,183,11.2,23.7,17.3,17.9,1.7,6.7,15.4,20.9,0.8,1.1,1.9,0.156,1.9,3.5,5.4,NA,saint-louis,2021
5,Gibson Jimerson,G,21,16,453,13,0.583,0.701,0.09,135,1.5,6.1,3.8,7.8,0.9,0.3,9.7,16.8,0.9,0.5,1.4,0.125,2.5,0,2.5,NA,saint-louis,2021
6,Fred Thatch Jr.,G,20,3,340,17.8,0.519,0.184,0.391,117,12.2,13.4,12.8,10,2.9,1.1,9.6,16.6,0.9,0.6,1.5,0.178,1.7,2.4,4.1,NA,saint-louis,2021
7,Demarius Jacobs,G,20,0,294,15.7,0.635,0.532,0.516,86,2,9.8,5.8,8,1.6,1.7,10.4,14.5,0.8,0.4,1.2,0.161,2.1,1.9,4,NA,saint-louis,2021
8,Marten Linssen,F,21,2,250,20.6,0.69,0,0.615,104,10.6,10.1,10.3,6,1.2,4.9,19.2,20.5,0.8,0.4,1.2,0.192,0.3,2,2.3,NA,saint-louis,2021
9,Terrence Hargrove Jr.,F,19,0,193,14.5,0.547,0.485,0.132,70,7.8,10.5,9.1,6.6,1.5,1.3,14.2,21.5,0.3,0.3,0.6,0.126,1.2,0.1,1.3,NA,saint-louis,2021
10,Jimmy Bell Jr.,F,19,5,167,12.5,0.575,0,0.5,41,9.7,15,12.3,7.8,1,3.7,23.7,12.5,0.2,0.3,0.5,0.114,-1.5,1.5,0,NA,saint-louis,2021
11,Phillip Russell,G,8,0,67,5.4,0.387,0.667,0.095,20,3.4,3.6,3.5,22.1,4.3,0,26.7,22,-0.1,0.1,0,0.023,-6.3,1.3,-5,NA,saint-louis,2021
12,Markhi Strickland,G,7,0,52,21.2,0.506,0,0.571,17,6.7,16.1,11.3,6.8,7.8,2.3,10.1,18.8,0.1,0.2,0.2,0.184,-1.9,6.9,5,NA,saint-louis,2021
13,Andre Lorentsson,F,4,0,18,-0.8,0.202,1,0.5,2,0,19.9,9.8,0,3.2,0,0,13.6,0,0,0,0.015,-11.2,-0.3,-11.5,NA,saint-louis,2021
14,Joshua Hightower,G,4,1,13,5.9,0.508,0,1,4,8.9,0,4.5,12.4,9,0,50.4,22.6,0,0,0,-0.025,-11.1,4.3,-6.8,NA,saint-louis,2021
15,Brandon Courtney,G,3,0,6,2.7,NA,NA,NA,0,0,19.9,9.8,0,0,0,NA,0,0,0,0,0.051,-4.7,1,-3.7,NA,saint-louis,2021
NA,Team Totals,,21,21,4200,NA,0.544,0.31,0.298,NA,NA,NA,NA,NA,NA,NA,NA,NA,8.7,7.4,16.1,0.153,2,2,3.9,NA,saint-louis,2021
1,Gibson Jimerson,G,35,34,1184,16.8,0.581,0.475,0.264,474,1.8,5.7,3.8,4.6,0.8,0.1,6.7,22,3.5,1.2,4.7,0.157,4,0.1,4.2,NA,saint-louis,2022
2,Yuri Collins,G,34,34,1124,17.3,0.539,0.193,0.36,475,0.8,12.9,7.1,42.7,3.4,0.6,28.2,21.5,1.7,2.1,3.7,0.133,1.4,2.6,4,NA,saint-louis,2022
3,Jordan Nesbitt,G,35,33,906,12.8,0.503,0.428,0.374,286,6.5,12.1,9.4,8.1,1.8,1.4,12.5,17.9,1.3,1.4,2.7,0.12,0,1.7,1.6,NA,saint-louis,2022
4,Fred Thatch Jr.,G,34,19,867,17.6,0.538,0.205,0.327,317,7.6,16.9,12.4,12,2.5,1.6,14.1,19.5,1.7,1.6,3.3,0.153,2.1,2.8,4.9,NA,saint-louis,2022
5,Francis Okoro,F,35,22,837,25.4,0.626,0,0.444,357,13.5,25.1,19.4,3.3,1.5,5.4,11.9,20.3,2.9,1.8,4.7,0.224,3.8,2.4,6.2,NA,saint-louis,2022
6,Terrence Hargrove Jr.,F,35,16,753,11.5,0.491,0.402,0.105,218,6.2,15.6,11.1,4.8,1,1.7,13.6,18.3,0.6,1.1,1.7,0.089,0.6,0.8,1.4,NA,saint-louis,2022
7,Deandre Jones,G,34,2,513,12.6,0.565,0.626,0.262,144,3.7,7.4,5.6,15.1,2.3,0.4,15.5,13.7,1,0.7,1.7,0.132,0.6,2.3,2.9,NA,saint-louis,2022
8,Marten Linssen,F,31,13,445,22.6,0.605,0.007,0.701,206,9.8,19.2,14.6,8.3,1.4,4.4,13.5,23,1.5,0.9,2.3,0.211,1.1,2.4,3.4,NA,saint-louis,2022
9,Rashad Williams,G,19,0,156,1.1,0.354,0.895,0.035,42,1.5,5,3.3,13,0.4,0,14.7,21.5,-0.2,0.1,0,-0.006,-6.7,-2.5,-9.2,NA,saint-louis,2022
10,Lassina Traore,F,19,0,148,15.7,0.625,0,0.242,50,16.7,25.5,21.2,6.2,2,2.2,32.8,18.3,0.1,0.3,0.4,0.117,-4.8,2,-2.8,NA,saint-louis,2022
11,Markhi Strickland,G,14,1,83,13.7,0.49,0.031,0.313,32,5.7,8,6.9,7.3,3.5,0,14,25.5,0.1,0.1,0.2,0.095,-5.4,2.1,-3.3,NA,saint-louis,2022
12,Andre Lorentsson,F,8,0,43,15.1,1,0.5,0,10,0,12.9,6.6,16.6,1.3,0,33.3,10.4,0.1,0.1,0.1,0.138,0.1,1.3,1.4,NA,saint-louis,2022
13,Brandon Courtney,G,6,1,17,27.1,0.611,0.444,0,9,6.9,19.6,13.4,13.3,0,0,0,26.2,0.1,0,0.1,0.262,4.9,2.3,7.2,NA,saint-louis,2022
NA,Team Totals,,35,35,7076,NA,0.553,0.306,0.322,NA,NA,NA,NA,NA,NA,NA,NA,NA,14.3,11.4,25.7,0.145,1.5,1.7,3.2,NA,saint-louis,2022
1,Yuri Collins,G,32,32,1122,17.2,0.516,0.161,0.401,502,1.2,9.1,5.3,49.6,2.1,0.3,24.9,20.6,2.2,1.3,3.5,0.123,2.8,0.2,3,NA,saint-louis,2023
2,Gibson Jimerson,G,33,33,1114,14.6,0.59,0.576,0.133,382,1.6,9.6,5.8,6.2,0.9,0.4,9.3,19.3,2.2,1,3.2,0.113,2.8,-0.5,2.3,NA,saint-louis,2023
3,Javonte Perkins,G,33,33,745,15,0.546,0.517,0.217,295,1.3,8,4.8,4.1,1.2,1,6.8,23.8,1.4,0.7,2.1,0.112,2.1,-0.4,1.7,NA,saint-louis,2023
4,Javon Pickett,G,32,17,713,18.5,0.553,0.187,0.315,309,7.1,15.3,11.4,13.3,1.3,0.5,10.8,22.7,1.7,0.9,2.6,0.146,2.8,0.4,3.2,NA,saint-louis,2023
5,Francis Okoro,F,32,32,711,18.7,0.575,0,0.474,245,16.8,25.3,21.3,5.6,1.5,7,23.2,17.3,1,1.4,2.4,0.137,-0.3,1.7,1.5,NA,saint-louis,2023
6,Terrence Hargrove Jr.,F,33,16,653,13.3,0.566,0.379,0.255,182,6.1,14.1,10.3,4.7,0.8,3.3,13.6,15.2,0.9,0.8,1.7,0.101,0.9,0.6,1.5,NA,saint-louis,2023
7,Jake Forrester,F,33,1,535,19.3,0.593,0.006,0.426,217,10.6,22.4,16.8,9.8,0.7,6.1,18.4,21.3,1,0.9,1.9,0.144,0,1.6,1.6,NA,saint-louis,2023
8,Sincere Parker,G,33,0,412,18.1,0.538,0.448,0.245,166,3.7,17.5,11,3.7,1.5,2.9,6.2,23.5,0.8,0.6,1.5,0.141,2.3,0.4,2.7,NA,saint-louis,2023
9,Fred Thatch Jr.,G,13,0,269,15.1,0.52,0.303,0.348,86,7.5,13.8,10.8,13.3,2.8,1.2,12.5,16.3,0.4,0.4,0.8,0.125,0.5,3.1,3.6,NA,saint-louis,2023
10,Larry Hughes Jr.,G,27,1,236,10.6,0.53,0.509,0.263,63,1.5,11.7,6.9,10,2.7,0.9,15.8,16.1,0.2,0.3,0.5,0.083,-2.4,2.2,-0.2,NA,saint-louis,2023
11,Mouhamadou Cissé,C,15,0,54,5.7,0.449,0.286,0.571,10,6.6,9.8,8.3,5.8,1.1,6,18.3,10.1,0,0.1,0.1,0.063,-7.5,0.9,-6.6,NA,saint-louis,2023
12,Kellen Thames,G,7,0,22,9.6,0.513,0.333,2,6,0,24.1,12.7,7,2.6,0,14.6,15.6,0,0,0.1,0.111,-12.3,4.6,-7.7,NA,saint-louis,2023
13,Lamont Evans IV,G,3,0,7,22.4,1,0,0,1,0,0,0,0,8.2,0,0,7.1,0,0,0,0.18,-1.6,18.8,17.2,NA,saint-louis,2023
14,Phil Jones,G,3,0,6,10.1,NA,NA,NA,0,0,0,0,0,9.5,0,NA,0,0,0,0,0.093,-4.5,-0.9,-5.5,NA,saint-louis,2023
NA,Team Totals,,33,33,6599,NA,0.556,0.327,0.292,NA,NA,NA,NA,NA,NA,NA,NA,NA,11.8,8.5,20.3,0.123,1.5,0.6,2.1,NA,saint-louis,2023
1,Gibson Jimerson,G,33,33,1180,15.1,0.555,0.545,0.347,494,2.9,6.4,4.7,11.6,1.1,0.7,11,22.8,2.3,-0.2,2.1,0.071,3,-3.1,-0.1,NA,saint-louis,2024
2,Terrence Hargrove Jr.,F,33,33,995,18.6,0.642,0.414,0.435,382,4.4,16.7,10.7,4.5,1.2,2.5,11.8,19.5,2.5,0.3,2.8,0.112,4,-1.5,2.5,NA,saint-louis,2024
3,Cian Medley,G,33,19,749,8,0.465,0.321,0.366,204,1.4,11.6,6.6,29.7,2.4,0.3,31,15.1,-0.1,0.3,0.2,0.01,-3.5,-1.2,-4.7,NA,saint-louis,2024
4,Larry Hughes Jr.,G,31,27,720,10.3,0.505,0.67,0.214,222,1.8,11.5,6.7,11.6,2.9,0.5,15.6,19,0.3,0.3,0.6,0.033,-1.2,-0.4,-1.6,NA,saint-louis,2024
5,Kellen Thames,G,33,0,642,15.3,0.623,0.25,0.229,190,5.6,16.2,11,8.3,2.7,0.7,13.5,14.6,1.1,0.4,1.5,0.092,0.4,0,0.4,NA,saint-louis,2024
6,Bradley Ezewiro,F,22,21,481,23.7,0.581,0.006,0.602,258,10.6,22.4,16.6,11.2,1.3,4.1,12.7,27.4,1.4,0.3,1.7,0.139,3.1,-1,2.1,NA,saint-louis,2024
7,Tim Dalger,F,18,12,432,13.6,0.497,0.243,0.603,167,4.4,15.4,10,7.7,1.7,1.3,10.3,23,0.4,0.2,0.6,0.055,-0.2,-1.5,-1.7,NA,saint-louis,2024
8,Michael Meadows,G,17,11,425,10.2,0.5,0.337,0.267,116,1.4,8.4,4.9,22.9,1.2,0.5,17.1,14,0.4,0,0.4,0.035,-1.3,-1.9,-3.2,NA,saint-louis,2024
9,Sincere Parker,G,16,6,331,30,0.595,0.323,0.28,211,4,19.7,12,11.8,2.3,4.2,6.5,35.2,1.2,0.3,1.5,0.176,8,-0.1,7.9,NA,saint-louis,2024
10,Bruce Zhang,C,30,3,287,7.1,0.457,0,0.338,78,9.1,14.8,12,5.7,0.6,6.9,24.9,17.8,-0.2,0.1,-0.1,-0.011,-6.2,-0.6,-6.8,NA,saint-louis,2024
11,Djordje Curcic,G,18,0,178,12.2,0.708,0.778,0.083,46,0.7,4.5,2.6,9.5,2.9,0.7,21.1,13.6,0.2,0,0.3,0.062,0.7,-0.3,0.4,NA,saint-louis,2024
12,Stef van Bussel,C,21,0,165,14.6,0.551,0,1.211,47,16.6,21.5,19.1,7.4,0.7,7,16.7,11.1,0.3,0.1,0.4,0.105,-1.2,-1.6,-2.9,NA,saint-louis,2024
13,Lamont Evans IV,G,4,0,11,16.6,0.719,0.667,0.333,3,0,10.4,5.3,0,5.2,0,22.3,20.7,0,0,0,0.042,-3.8,-3.4,-7.2,NA,saint-louis,2024
14,Phil Jones,G,1,0,4,10.8,NA,NA,NA,1,29.7,0,14.6,0,0,0,NA,0,0,0,0,0.081,NA,NA,NA,NA,saint-louis,2024
NA,Team Totals,,33,33,6600,NA,0.561,0.376,0.373,NA,NA,NA,NA,NA,NA,NA,NA,NA,9.8,2.1,11.9,0.072,0.9,-1.3,-0.4,NA,saint-louis,2024
1,Gibson Jimerson,G,34,34,1284,16.6,0.59,0.665,0.264,518,2.8,10.5,7,4.5,1.1,0.6,6.9,22.6,2.8,1.4,4.2,0.132,2.2,-1.5,0.7,NA,saint-louis,2025
2,Isaiah Swope,G,33,33,1210,15.1,0.568,0.637,0.189,559,1.5,7.9,4.9,23.5,1.8,0.2,17.1,26.1,1.7,1.4,3.1,0.103,1.6,-0.9,0.7,NA,saint-louis,2025
3,Robbie Avila,C,31,31,1053,21,0.605,0.424,0.424,542,3.9,18.2,11.7,24.1,2,2.4,18.6,27.3,2.3,1.8,4.2,0.158,3.4,1.3,4.7,NA,saint-louis,2025
4,Kobe Johnson,G,31,27,951,10.1,0.65,0.467,0.153,192,1.9,9.9,6.2,10,1.4,1.3,18.8,10.1,1,1.1,2.2,0.092,-0.4,1.2,0.8,NA,saint-louis,2025
5,Kalu Anya,F,34,34,944,16.1,0.56,0.099,0.469,278,9.2,20.9,15.6,16.3,2.4,3.7,20.5,13.9,1.2,1.9,3.1,0.133,0.3,3.2,3.5,NA,saint-louis,2025
6,Amari McCottry,G,31,3,449,14.5,0.587,0.26,0.46,146,4.5,19,12.4,13.2,4.2,1.2,25.6,19.3,0.2,1,1.1,0.102,-2.4,2.4,-0.1,NA,saint-louis,2025
7,Kellen Thames,G,17,8,277,16.6,0.571,0.247,0.284,103,9.6,13.7,11.8,7.2,2.5,0.4,13.2,20.2,0.4,0.4,0.9,0.126,-1.4,0,-1.4,NA,saint-louis,2025
8,Dylan Warlick,F,25,0,250,10.3,0.585,0.333,0.615,66,8.1,10.6,9.4,6.8,0.7,1.7,17.9,13,0.3,0.3,0.6,0.1,-1.5,0.2,-1.3,NA,saint-louis,2025
9,Max Pikaar,F,26,0,139,11.3,0.475,0.211,0.579,27,3.6,16.7,10.7,9.7,2.1,8.4,17.1,11.1,0,0.3,0.3,0.09,-1.9,3.3,1.4,NA,saint-louis,2025
10,Larry Hughes Jr.,G,7,0,106,9.9,0.55,0.867,0,30,2.4,12.9,8.1,8.7,0.6,2,9.1,16.5,0.1,0.1,0.2,0.091,-6.1,-0.9,-7,NA,saint-louis,2025
11,Kilian Brockhoff,F,23,0,99,6.9,0.472,0.808,0.385,29,1.3,11.7,7,10.7,1.8,0,16.3,19.6,0,0.1,0.1,0.044,-4.9,-0.9,-5.7,NA,saint-louis,2025
12,Josiah Dotzler,G,3,0,35,9.2,0.602,0.286,0.143,10,0,3,1.6,21.1,0,0,11.8,12.8,0.1,0,0.1,0.1,-7,-0.9,-7.9,NA,saint-louis,2025
13,AJ Casey,F,3,0,21,10.8,1.25,0.5,0,3,6,20.1,13.7,0,0,10.1,60,12.6,0,0,0,0.035,-10.6,0.4,-10.2,NA,saint-louis,2025
14,Isaac Holmes,G,6,0,17,4.1,0.202,0.75,0.5,2,0,12.4,6.8,9,3.4,12.5,16.8,18.5,-0.1,0,0,-0.049,-5.4,7,1.6,NA,saint-louis,2025
15,Jaden Schertz,G,5,0,15,3.6,1.01,0.5,0.5,4,0,21.1,11.5,12.8,3.9,0,66.9,26.3,-0.1,0,0,-0.124,-11.9,-4.7,-16.5,NA,saint-louis,2025
NA,Team Totals,,34,34,6850,NA,0.585,0.501,0.306,NA,NA,NA,NA,NA,NA,NA,NA,NA,10.2,10,20.2,0.118,0.6,0.6,1.2,NA,saint-louis,2025
1,Quentin Jones,G,35,33,927,13.7,0.566,0.387,0.329,344,3.5,11.6,8,17.2,1.9,3.7,18.8,18.2,1.3,1.9,3.2,0.14,0.7,2.8,3.4,NA,saint-louis,2026
2,Robbie Avila,C,35,35,922,21.1,0.651,0.563,0.427,467,2.8,14.5,9.3,25.4,1.3,2.3,15.1,21.4,3.2,1.9,5,0.219,6.2,2.6,8.8,NA,saint-louis,2026
3,Dion Brown,G,35,35,829,19.7,0.673,0.224,0.213,364,6.9,17,12.6,12.1,2,1.4,16.7,20.8,2,1.9,3.9,0.188,2.5,2.3,4.7,NA,saint-louis,2026
4,Trey Green,G,34,30,801,18.3,0.656,0.797,0.138,325,3.3,9.4,6.7,11.9,2.1,0,7.6,18.3,2.4,1.5,3.9,0.196,5.8,2.1,7.8,NA,saint-louis,2026
5,Ishan Sharma,G,35,2,777,16,0.644,0.857,0.223,284,1.6,10.6,6.6,10.4,1.7,0.3,7.1,16.7,2.1,1.4,3.5,0.181,3.8,1.6,5.4,NA,saint-louis,2026
6,Amari McCottry,G,34,31,775,17.7,0.561,0.232,0.412,374,5.5,18.6,12.8,21.2,2.8,2.8,20.4,25.2,0.9,2,2.9,0.149,0.8,3.3,4.2,NA,saint-louis,2026
7,Brady Dunlap,F,34,2,577,13.9,0.657,0.734,0.383,216,3.5,9.1,6.6,8.6,1.1,0.2,13.7,17.8,1.3,1,2.3,0.158,2.4,0.6,3,NA,saint-louis,2026
8,Kellen Thames,G,33,2,565,27.6,0.658,0.059,0.424,316,10.6,18.9,15.2,19.8,4.2,1,14.7,24.6,2,1.6,3.6,0.251,5.8,4.6,10.4,NA,saint-louis,2026
9,Paul Otieno,F,35,4,537,19.1,0.651,0.027,0.645,210,13.5,14.2,13.9,8.9,1.3,5.7,13.3,15,1.6,1.2,2.8,0.208,1.7,2.4,4.1,NA,saint-louis,2026
10,Jax Kerr,F,18,0,116,13.9,0.453,0.54,0.22,50,11.8,20.4,16.6,5.7,1.9,5.8,11.2,26.1,0,0.3,0.3,0.118,-6.6,-1.6,-8.2,NA,saint-louis,2026
11,Cam Hutson,G,18,0,98,2.5,0.462,0.571,0.5,34,8.9,10.1,9.6,4.6,0.6,2.3,28.8,24.1,-0.2,0.2,0,0.001,-9.1,-0.5,-9.6,NA,saint-louis,2026
12,Isaac Holmes,G,14,0,38,14.2,0.425,0.75,0.167,14,9.8,15.6,13.1,15.9,1.5,3,0,16.6,0.1,0.1,0.2,0.164,-1.6,2.5,0.8,NA,saint-louis,2026
13,Jaden Schertz,G,13,1,38,5.7,0.449,0.143,0.571,8,3.3,13,8.7,3.8,1.5,0,18.3,14,0,0.1,0.1,0.055,-5.6,1.6,-4,NA,saint-louis,2026
NA,Team Totals,,35,35,7000,NA,0.624,0.453,0.332,NA,NA,NA,NA,NA,NA,NA,NA,NA,16.7,15,31.7,0.181,2.9,2.3,5.2,NA,saint-louis,2026
1,Josten Crow,F,31,31,957,20,0.544,0.52,0.392,389,5.4,14.5,9.9,23.2,3.4,0.9,14,21.9,2.2,1.9,4.1,0.172,2.3,0.1,2.5,NA,sam-houston-state,2011
2,Gilberto Clavell,F,31,31,934,24.4,0.605,0.018,0.648,524,12,15.6,13.8,7.7,1.2,0.5,16.3,31.6,2.9,1.5,4.3,0.186,4.5,-2.2,2.3,NA,sam-houston-state,2011
3,Lance Pevehouse,G,30,23,923,14.5,0.503,0.816,0.131,253,3.9,11,7.4,14.7,2.5,1.4,7.2,15,1.6,1.5,3.1,0.136,2.2,1.1,3.2,NA,sam-houston-state,2011
4,Drae Murray,G,31,26,842,12,0.472,0.646,0.189,225,1.5,9.4,5.4,31.6,2.5,0.1,20.4,14.1,0.9,1.3,2.2,0.104,-0.8,-0.1,-0.9,NA,sam-houston-state,2011
5,Nafis Richardson,G,31,1,660,9.8,0.483,0.356,0.42,210,3.1,8,5.5,16.6,2.2,0.5,20.2,21.2,0.1,1,1.1,0.064,-3,-1.5,-4.5,NA,sam-houston-state,2011
6,Antuan Bootle,C,30,24,515,16.1,0.571,0,0.197,151,13.7,27.2,20.3,10.8,0.9,3,22,15.8,0.6,1.1,1.7,0.131,-0.4,-0.2,-0.6,NA,sam-houston-state,2011
7,Marcus Williams,G,22,13,515,11.1,0.468,0.382,0.41,174,2,8.8,5.3,27.5,3.7,0.2,24.9,22.1,-0.1,0.9,0.9,0.068,-2.5,0.3,-2.2,NA,sam-houston-state,2011
8,Marcus James,F,28,5,472,11.4,0.47,0.026,0.325,125,10.4,18,14.2,5.9,2.2,3.7,21,18,-0.1,1,0.9,0.074,-5,-0.2,-5.2,NA,sam-houston-state,2011
9,Aaron Thompson,C,24,1,199,9.2,0.435,0.275,0.314,50,7.3,20.5,13.8,4.9,1.8,5,19.3,18.1,-0.1,0.4,0.3,0.066,-4.7,1.1,-3.6,NA,sam-houston-state,2011
10,Byron Randle,G,17,0,118,2.7,0.303,0.5,0.5,15,1.9,17.8,9.7,16.9,2.5,0,37.7,10,-0.1,0.2,0.1,0.027,-9.9,0.5,-9.4,NA,sam-houston-state,2011
11,Kelly Lawson,F,16,0,79,2.1,0.317,0,0.909,14,14.2,19.2,16.6,0,0,1.4,24.1,13,-0.1,0.1,0,0.016,-8.4,-4.9,-13.3,NA,sam-houston-state,2011
12,Wesley Fritz,F,7,0,11,-5.7,0,1,0,1,0,0,0,14.7,0,0,50,9,0,0,0,-0.093,-8.1,-3.8,-11.9,NA,sam-houston-state,2011
NA,Team Totals,,31,31,6225,NA,0.524,0.357,0.38,NA,NA,NA,NA,NA,NA,NA,NA,NA,7.8,10.9,18.7,0.12,-0.1,-0.4,-0.5,NA,sam-houston-state,2011
1,Darius Gatson,G,32,32,1075,8.4,0.431,0.419,0.386,254,0.7,10,5.2,29.5,2,0.2,23.4,16.2,-0.1,1.8,1.7,0.063,-3.5,0.2,-3.3,NA,sam-houston-state,2012
2,Konner Tucker,G,32,29,1017,11.6,0.497,0.614,0.211,327,2,11.1,6.4,8.5,1.3,0,12.3,23.1,0.8,1.6,2.3,0.092,-0.9,-1.1,-1.9,NA,sam-houston-state,2012
3,DeMarcus Gatlin,G,32,32,977,12.4,0.459,0.346,0.594,344,6.1,11,8.5,21.3,2,1.4,18.6,24.4,0.2,1.7,2,0.081,-1.6,0.2,-1.4,NA,sam-houston-state,2012
4,Marcus James,F,32,31,900,14.7,0.512,0.1,0.536,293,9.4,21.6,15.3,7.1,2,3.1,21.1,22.6,0.3,2.1,2.4,0.105,-3.1,1,-2.2,NA,sam-houston-state,2012
5,Aaron Harwell,G,32,3,618,6.9,0.407,0.353,0.353,117,0.8,11.6,6,24.6,3,0.2,27.4,14.2,-0.5,1.2,0.8,0.05,-6.8,1.8,-5.1,NA,sam-houston-state,2012
6,Steven Werner,F,27,16,588,22,0.623,0,0.471,236,10.3,24.1,17,6.6,1.6,2.4,20.3,26.4,0.9,1.4,2.2,0.152,-1.2,-0.1,-1.3,NA,sam-houston-state,2012
7,Marquel McKinney,G,32,0,438,5.5,0.428,0.635,0.404,63,4.1,7.7,5.9,11,0.8,0.5,16.2,9,0.2,0.6,0.8,0.069,-3.5,0.4,-3.1,NA,sam-houston-state,2012
8,Michael Holyfield,C,27,14,408,10.7,0.539,0,0.68,105,12.3,17.8,15,4.2,1.4,4.6,28.7,18.3,-0.1,0.9,0.8,0.075,-7.1,1,-6,NA,sam-houston-state,2012
9,Antuan Bootle,C,18,2,248,10.8,0.509,0,0.5,62,12,29.8,20.7,5,1.5,1.9,29.6,19,-0.2,0.6,0.4,0.068,-5.8,0.5,-5.3,NA,sam-houston-state,2012
10,Aaron Thompson,C,7,1,93,5.1,0.306,0.143,0.19,17,10.2,10.8,10.5,4.7,1.3,1.3,14.9,15.5,-0.1,0.2,0.1,0.022,-3,-0.5,-3.5,NA,sam-houston-state,2012
11,Wesley Fritz,F,11,0,43,21.5,0.795,0.2,1.6,14,11.1,11.7,11.4,16.7,0,0,18.5,13.4,0.2,0.1,0.2,0.208,-0.9,-3.3,-4.3,NA,sam-houston-state,2012
12,Cameron Sadler,G,11,0,20,-24.3,0.169,0.75,1,3,0,0,0,19.6,6.2,0,57.6,37.2,-0.3,0,-0.2,-0.423,-28.5,-8.4,-36.9,NA,sam-houston-state,2012
NA,Team Totals,,32,32,6425,NA,0.492,0.317,0.436,NA,NA,NA,NA,NA,NA,NA,NA,NA,1.2,12.2,13.4,0.083,-3.2,0.2,-3,NA,sam-houston-state,2012
1,James Thomas,F,33,28,916,16.1,0.501,0,0.439,304,11,14.1,12.4,7.4,1.6,1,12.2,20.1,1.4,1.6,3,0.13,-0.5,-0.9,-1.4,NA,sam-houston-state,2013
2,Darius Gatson,G,33,33,908,14.5,0.511,0.562,0.391,290,1.2,14.9,7.2,27.8,2.8,0.3,18.2,19.2,1.2,1.8,3,0.132,-1,1.3,0.3,NA,sam-houston-state,2013
3,Paul Baxter,G,33,22,741,12.7,0.466,0.345,0.248,249,3.4,12.1,7.2,25.1,2.1,1.1,16.4,21.9,0.6,1.3,1.9,0.104,-1.8,0.5,-1.3,NA,sam-houston-state,2013
4,Marquel McKinney,G,32,13,685,10.7,0.494,0.682,0.312,183,6.9,9.2,7.9,8.2,2.1,0,14.5,17,0.7,1.1,1.8,0.104,-2.1,-0.7,-2.8,NA,sam-houston-state,2013
5,Will Bond,G,34,3,568,15.5,0.521,0.744,0.194,178,4.1,15.6,9.1,10.5,1.9,1.1,6.6,18.9,1.2,1.1,2.2,0.156,1.8,0.6,2.4,NA,sam-houston-state,2013
6,Aaron Harwell,G,34,4,546,6.1,0.369,0.228,0.456,105,0.4,16.7,7.6,33.6,2.8,0.7,37.2,14.3,-0.7,1.1,0.5,0.035,-9,0.5,-8.5,NA,sam-houston-state,2013
7,DeMarcus Gatlin,G,23,23,527,17.8,0.517,0.176,0.732,200,7.8,13.5,10.3,19.2,3.3,1.6,18.7,22.8,0.8,1.1,1.9,0.143,0.7,2.1,2.8,NA,sam-houston-state,2013
8,Terrance Motley,F,31,5,517,15,0.45,0,0.364,192,11.8,24.9,17.6,5.1,2.6,3,14.6,26.4,0.1,1.3,1.4,0.11,-5.5,0,-5.5,NA,sam-houston-state,2013
9,Michael Holyfield,C,34,26,514,10,0.485,0,0.476,106,11.9,24.3,17.3,2.5,1.3,6.5,28.5,14.3,-0.2,1.2,1,0.081,-6,1.7,-4.3,NA,sam-houston-state,2013
10,Nathaniel Mason,F,34,6,486,14.8,0.5,0.311,0.522,188,7.4,14.6,10.6,10,1.3,0.2,15.9,25.1,0.6,0.8,1.4,0.115,1.2,-1.1,0.1,NA,sam-houston-state,2013
11,Jeremy McKay,G,31,7,427,9.1,0.409,0.691,0.115,117,2,10.4,5.7,18.7,1.7,0.8,10.4,19.6,0.1,0.7,0.8,0.078,-2.6,-0.5,-3.1,NA,sam-houston-state,2013
12,Erik Williams,F,2,0,42,3.9,0.315,0.778,0,13,0,28.8,12.6,0,0,0,0,32.8,-0.1,0.1,0,0.001,1.3,-2.5,-1.1,NA,sam-houston-state,2013
13,Mitch McCormick,G,7,0,23,7.5,0.504,0.667,0.333,6,0,5.8,2.6,9.7,0,0,12.6,17.6,0,0,0,0.074,-7.1,-5,-12.1,NA,sam-houston-state,2013
NA,Team Totals,,34,34,6900,NA,0.481,0.353,0.369,NA,NA,NA,NA,NA,NA,NA,NA,NA,5.8,13.2,19,0.11,-2.1,0.3,-1.8,NA,sam-houston-state,2013
1,Jabari Peters,G,35,35,1113,18,0.536,0.427,0.787,469,3.1,14.2,8.5,25.8,2.4,1.3,16.4,22.5,2.3,1.6,4,0.143,1.8,-0.5,1.3,NA,sam-houston-state,2014
2,Kaheem Ransom,G,35,35,1078,15.7,0.53,0.489,0.538,423,3.5,12.6,8,22.9,2.8,0.5,18,22,1.7,1.6,3.3,0.123,-0.1,-0.2,-0.3,NA,sam-houston-state,2014
3,Paul Baxter,G,35,35,988,16.2,0.605,0.48,0.339,325,1.3,9.2,5.2,26,2.8,2,17.3,16.4,2,1.4,3.5,0.141,0.7,1.4,2,NA,sam-houston-state,2014
4,James Thomas,F,35,35,942,11.9,0.548,0.005,0.761,298,8,8.2,8.1,7.5,0.8,0.2,15.7,17.5,1.3,0.8,2.2,0.093,-1.6,-2.5,-4.1,NA,sam-houston-state,2014
5,Michael Holyfield,C,35,35,615,23.4,0.625,0,0.483,229,19.2,26.6,22.9,3.2,1.3,11,20.1,18.9,1.2,1.4,2.6,0.17,-0.8,0.4,-0.4,NA,sam-houston-state,2014
6,Terrance Motley,F,35,0,564,21,0.554,0.031,0.367,263,11.7,20.2,15.9,6.6,2.2,2.6,12.9,27.8,1.1,1,2.1,0.15,-1.2,-1.5,-2.6,NA,sam-houston-state,2014
7,Will Bond,G,35,0,494,10.6,0.6,0.849,0.16,121,1.2,8.8,5,9.9,0.8,0.9,10.2,13,0.9,0.5,1.4,0.109,-0.9,-1.2,-2.1,NA,sam-houston-state,2014
8,Nathaniel Mason,F,34,0,420,12.9,0.551,0.25,0.455,138,5.1,13.6,9.3,8.7,1.4,0.5,15.5,19.5,0.5,0.5,1.1,0.1,-2.5,-1.6,-4.1,NA,sam-houston-state,2014
9,Dakarai Henderson,G,31,0,372,15.3,0.558,0.652,0.245,151,0.6,7.8,4.2,7.9,2.1,0.3,11.7,26.7,0.5,0.4,1,0.103,0.3,-2.2,-1.9,NA,sam-houston-state,2014
10,Marquel McKinney,G,27,0,241,8.6,0.507,0.471,0.706,51,5.4,8.1,6.7,8.9,1.7,0,13.4,11,0.3,0.3,0.5,0.087,-3,-1,-4,NA,sam-houston-state,2014
11,Aurimas Majauskas,F,26,0,238,25.1,0.637,0.085,0.732,121,18.4,15.3,16.8,10.4,2.8,1.4,15.1,24,0.9,0.4,1.3,0.222,-1.6,-0.8,-2.4,NA,sam-houston-state,2014
12,Kyle McLeroy,G,11,0,24,4.5,0,1,1,4,4.9,10.1,7.5,47.3,0,0,67,9.5,0,0,0,-0.021,-2.7,-5.3,-8,NA,sam-houston-state,2014
13,Mitch McCormick,G,8,0,12,19.6,0.833,0.667,0,4,0,0,0,18.5,0,0,0,12.7,0.1,0,0.1,0.187,6.7,-1.2,5.5,NA,sam-houston-state,2014
14,Jesse Lopez,F,1,0,0,NA,NA,NA,NA,NA,NA,NA,NA,NA,NA,NA,NA,NA,0,0,0,NA,NA,NA,NA,NA,sam-houston-state,2014
NA,Team Totals,,35,35,7101,NA,0.562,0.337,0.512,NA,NA,NA,NA,NA,NA,NA,NA,NA,12.9,10,22.9,0.129,-0.4,-0.7,-1.1,NA,sam-houston-state,2014
1,Jabari Peters,G,35,35,1017,16.6,0.551,0.6,0.423,338,4.4,13.2,8.8,16.2,2.8,1.2,17,18.3,1.8,2.6,4.4,0.173,1.2,2.2,3.4,NA,sam-houston-state,2015
2,Kaheem Ransom,G,35,35,1004,17.1,0.52,0.669,0.348,379,3.8,13.1,8.5,28.2,2.6,0.4,15.4,19.5,2.3,2.5,4.8,0.193,0.6,2.1,2.6,NA,sam-houston-state,2015
3,Paul Baxter,G,35,34,951,10.8,0.503,0.381,0.393,297,1.8,9,5.4,19.6,2,0.6,19.5,19,0.8,2.1,2.9,0.123,-2.8,1.6,-1.2,NA,sam-houston-state,2015
4,DeMarcus Gatlin,G,35,28,818,22.9,0.555,0.216,0.618,369,8.3,14.9,11.6,18.8,2.5,2.9,12.1,23.1,2.5,2.2,4.8,0.233,2.2,2.7,4.9,NA,sam-houston-state,2015
5,Dakarai Henderson,G,35,0,738,13.1,0.486,0.612,0.23,270,3.5,8.3,5.9,6.2,1.4,0.4,8.2,23.7,1.1,1.5,2.6,0.143,-0.1,-0.5,-0.5,NA,sam-houston-state,2015
6,Michael Holyfield,C,35,34,628,30,0.614,0.006,0.696,286,19.8,29.9,24.9,3.4,1.2,14.7,18.3,23.3,1.8,2.3,4.1,0.263,1,3.9,4.8,NA,sam-houston-state,2015
7,Aurimas Majauskas,F,34,0,469,26.1,0.656,0.171,0.789,249,13,19.4,16.3,8.7,1,0.7,16.4,26.4,1.9,1.2,3.1,0.266,3.1,0.1,3.1,NA,sam-houston-state,2015
8,Marquel McKinney,G,35,1,453,4.8,0.423,0.651,0.302,74,6.1,13.1,9.6,8.8,0.8,0,23.4,10.3,0,1,1,0.085,-4.7,0.8,-3.9,NA,sam-houston-state,2015
9,Jamal Williams,G,33,1,438,14.2,0.558,0.194,0.481,144,4.1,12.8,8.4,15.7,2.2,1.7,21.8,19.2,0.5,1.1,1.6,0.144,-2.9,1.7,-1.2,NA,sam-houston-state,2015
10,Marcus Burwell,G,28,7,283,9,0.44,0.37,0.333,60,7.1,12.4,9.8,8,0.4,4.6,16.1,13.1,0.1,0.6,0.8,0.107,-4.7,1.4,-3.3,NA,sam-houston-state,2015
11,Jesse Lopez,F,19,0,104,10.8,0.438,0.147,0.088,31,8.6,15.8,12.2,10.4,1.7,1,14.5,19.7,0,0.3,0.3,0.114,-7,1,-6,NA,sam-houston-state,2015
12,Sean Goodwin,F,17,0,87,25.2,0.679,0,1.2,36,14.1,15.1,14.6,21.4,2,0,11.3,15.1,0.4,0.2,0.6,0.284,-3.7,-2.4,-6.1,NA,sam-houston-state,2015
13,Mitch McCormick,G,14,0,45,-1.2,0.228,0.9,0.2,5,2.5,4.9,3.7,3.9,1.3,0,8.4,13.2,-0.1,0.1,0,0.018,-4.4,-1.1,-5.5,NA,sam-houston-state,2015
14,Kyle McLeroy,G,14,0,40,14.4,0.614,0.818,0.545,16,0,5.5,2.8,20.1,1.5,0,22.4,22.1,0.1,0.1,0.2,0.168,-5.8,-3.1,-9,NA,sam-houston-state,2015
NA,Team Totals,,35,35,7075,NA,0.54,0.41,0.455,NA,NA,NA,NA,NA,NA,NA,NA,NA,13.3,17.9,31.2,0.176,-0.5,1.6,1.2,NA,sam-houston-state,2015
1,Jamal Williams,G,34,34,1020,16.5,0.55,0.134,0.375,374,5.4,15.9,10.3,28,2.1,0.6,20.9,18.2,1.6,1.5,3.1,0.121,0.2,0.5,0.7,NA,sam-houston-state,2016
2,Dakarai Henderson,G,32,32,953,14,0.505,0.552,0.285,396,2.9,8.2,5.4,10.3,1.1,0.3,8.5,25.5,1.3,1,2.2,0.094,0.6,-2.6,-2,NA,sam-houston-state,2016
3,Jovante' Spivey,G,34,23,837,12,0.495,0.452,0.636,292,2.8,8.5,5.5,18.6,1.7,0.3,14.3,19.4,1,1,2,0.094,-2.5,-1.2,-3.7,NA,sam-houston-state,2016
4,Aurimas Majauskas,F,34,34,811,25.3,0.64,0.198,0.66,442,8.2,19,13.3,15,0.6,2.3,11.9,26.1,3.3,1.1,4.4,0.217,3.3,-0.7,2.6,NA,sam-houston-state,2016
5,Albert Almanza,G,34,16,740,12.9,0.572,0.715,0.151,207,4.3,17.6,10.6,8.6,1,0.8,9.1,14.6,1.2,1,2.2,0.119,-0.2,-0.7,-0.8,NA,sam-houston-state,2016
6,Torry Butler,F,34,17,679,15.8,0.5,0.199,0.359,226,9.2,25.2,16.7,13.4,2.4,1.9,14.2,17.9,0.8,1.3,2.1,0.122,-1.7,1,-0.7,NA,sam-houston-state,2016
7,Jalin Barnes,G,34,13,642,7.3,0.457,0.405,0.169,153,1.2,15,7.7,17.2,2.4,1,23.5,16,-0.3,1,0.7,0.041,-4.7,0.5,-4.3,NA,sam-houston-state,2016
8,Josh Delaney,G,31,0,467,13.1,0.514,0.721,0.164,162,1.6,10.3,5.7,27.2,2,0.3,15.2,18.8,0.6,0.6,1.2,0.102,-1,-1.4,-2.4,NA,sam-houston-state,2016
9,Andre Sands,C,32,0,271,16.2,0.612,0.024,0.39,107,12.3,14.2,13.2,6.5,1.1,0.9,17.1,21.3,0.5,0.3,0.8,0.122,-4.4,-2.8,-7.1,NA,sam-houston-state,2016
10,Marc Andre Fortin,C,28,0,185,10.1,0.441,0,0.383,61,15.1,10.4,12.9,11.2,1.2,4.1,20.1,18.5,0.1,0.3,0.3,0.066,-7.6,-0.6,-8.2,NA,sam-houston-state,2016
11,Ameer Jackson,G,4,1,99,8.9,0.45,0.459,0.676,41,3.3,6.1,4.6,11.7,0,1.3,10.9,27.3,0,0.1,0.1,0.043,-2.4,-4.6,-7,NA,sam-houston-state,2016
12,Jesse Lopez,F,21,0,98,18.1,0.639,0.235,0.706,31,13.1,14.7,13.9,3.7,1.2,3.8,8.1,12.4,0.3,0.1,0.4,0.175,1.7,-0.9,0.9,NA,sam-houston-state,2016
13,Cameron Delaney,G,2,0,30,20.3,0.726,0.5,0.25,11,0,12,5.7,28.2,1.9,0,18.3,18,0.1,0,0.1,0.161,4.4,0.4,4.9,NA,sam-houston-state,2016
14,Mitch McCormick,G,9,0,19,16.4,0.43,0.9,0.1,7,0,6.3,3,10.9,6,0,0,27.2,0,0,0,0.097,-12.1,-5.4,-17.4,NA,sam-houston-state,2016
15,Paul Baxter,G,1,0,0,NA,NA,NA,NA,NA,NA,NA,NA,NA,NA,NA,NA,NA,0,0,0,NA,NA,NA,NA,NA,sam-houston-state,2016
16,Cody Mason,,1,NA,NA,NA,0.6,0.1,0,NA,NA,NA,NA,NA,NA,NA,NA,NA,NA,NA,NA,NA,NA,NA,NA,NA,sam-houston-state,2016
17,DeMarcus Gatlin,G,1,NA,NA,NA,0.303,0.25,0.5,NA,NA,NA,NA,NA,NA,NA,NA,NA,NA,NA,NA,NA,NA,NA,NA,NA,sam-houston-state,2016
18,Kaheem Ransom,G,1,NA,NA,NA,0,0.333,0,NA,NA,NA,NA,NA,NA,NA,NA,NA,NA,NA,NA,NA,NA,NA,NA,NA,sam-houston-state,2016
NA,Team Totals,,34,34,6851,NA,0.536,0.383,0.379,NA,NA,NA,NA,NA,NA,NA,NA,NA,10.5,9.2,19.7,0.115,-0.9,-0.7,-1.7,NA,sam-houston-state,2016
1,John Dewey III,G,34,31,972,14,0.535,0.324,0.439,383,2.5,11.3,6.7,31.9,2.7,0.1,25.8,20.8,0.8,1.7,2.4,0.101,-2.1,-0.7,-2.8,NA,sam-houston-state,2017
2,Dakarai Henderson,G,34,33,915,9.3,0.462,0.565,0.174,327,2.7,7.5,5,9.6,0.8,0.1,11.9,23.1,0.2,1.1,1.3,0.056,-1.6,-2.2,-3.9,NA,sam-houston-state,2017
3,Paul Baxter,G,33,32,821,11.6,0.495,0.321,0.549,244,2.6,10.6,6.5,13.7,2.7,1,13.5,16.2,0.8,1.5,2.2,0.108,-3.6,1.7,-2,NA,sam-houston-state,2017
4,Torry Butler,F,34,26,666,19.3,0.549,0.16,0.303,233,9.5,27.1,18,9.4,2.3,4.6,12.6,17.5,1.1,1.6,2.7,0.164,-0.9,1.8,1,NA,sam-houston-state,2017
5,Christopher Galbreath Jr.,F,34,10,647,20.2,0.519,0.042,0.321,321,13.1,24.3,18.4,5.9,1.6,4.4,14.7,28.4,0.8,1.4,2.2,0.136,-1.8,-0.7,-2.5,NA,sam-houston-state,2017
6,Aurimas Majauskas,F,32,32,604,19.5,0.631,0.108,0.387,267,8.9,13.3,11,12.7,1.1,1.6,15.2,21.2,1.6,0.9,2.6,0.169,-0.1,-0.3,-0.4,NA,sam-houston-state,2017
7,Jamal Williams,G,34,2,534,10.6,0.485,0.097,0.504,149,6,14,10,12.9,1.4,2,20.9,15.7,0.2,0.9,1.1,0.079,-2.4,0.5,-1.9,NA,sam-houston-state,2017
8,Jovante' Spivey,G,33,2,494,10.9,0.501,0.369,0.847,166,2,9.5,5.6,17.6,1.6,1,17.9,18.2,0.5,0.7,1.2,0.099,-3.2,0.4,-2.8,NA,sam-houston-state,2017
9,Albert Almanza,G,34,1,439,12.5,0.577,0.623,0.236,123,4.4,12.6,8.2,6.2,1.9,1.1,9.9,14.1,0.7,0.7,1.5,0.133,-1.3,0.5,-0.8,NA,sam-houston-state,2017
10,Josh Delaney,G,30,0,334,10.3,0.531,0.786,0.146,107,1,6.5,3.7,13.8,1.8,0,14,18.2,0.3,0.5,0.8,0.096,-2.6,-0.4,-3,NA,sam-houston-state,2017
11,Cameron Delaney,G,22,0,216,19,0.582,0.693,0.307,87,2.5,19.7,10.8,10.8,4.1,0.5,14,21.9,0.4,0.5,0.9,0.165,-2.1,2.2,0.1,NA,sam-houston-state,2017
12,Phillip Jones,F,19,1,149,12.1,0.44,0.058,0.519,59,14.4,15.4,14.9,2.6,3.3,4.8,19.8,25.7,-0.1,0.3,0.2,0.062,-11.7,-0.9,-12.6,NA,sam-houston-state,2017
13,Jesse Lopez,F,10,0,34,17.1,0.678,0,1,10,3.2,16.9,9.8,5.4,0,6.9,10.2,13.7,0.1,0.1,0.1,0.168,-5.4,0.6,-4.8,NA,sam-houston-state,2017
NA,Team Totals,,34,34,6825,NA,0.524,0.326,0.368,NA,NA,NA,NA,NA,NA,NA,NA,NA,7.3,11.9,19.2,0.113,-2.2,0,-2.2,NA,sam-houston-state,2017
1,John Dewey III,G,36,35,1063,11.9,0.503,0.427,0.417,404,2.7,9.6,6,28.4,2,0,22.8,21.8,0.8,1.6,2.3,0.088,-1.4,-1,-2.4,NA,sam-houston-state,2018
2,Christopher Galbreath Jr.,F,36,36,1004,19.7,0.513,0.11,0.248,490,10.2,22.2,16,11.1,1.3,2.7,13.2,29.4,1.3,1.9,3.3,0.13,0.3,-1.1,-0.8,NA,sam-houston-state,2018
3,Jamal Williams,G,36,16,901,17.8,0.559,0.104,0.4,316,9.3,15.3,12.2,14.2,2.5,0.6,15.7,17.7,1.6,1.6,3.2,0.144,1.1,0.6,1.7,NA,sam-houston-state,2018
4,Marcus Harris,G,34,30,848,12.3,0.515,0.496,0.484,288,1.9,10.6,6.1,7.8,2.1,0.3,10.9,20.2,1.1,1.3,2.4,0.114,-1.8,-0.1,-1.9,NA,sam-houston-state,2018
5,Josh Delaney,G,35,7,802,14.9,0.585,0.785,0.29,268,1.1,8.7,4.8,18.4,1.8,0.5,11.6,17,1.7,1.2,2.9,0.145,1.3,-0.2,1.1,NA,sam-houston-state,2018
6,Abrian Edwards,F,32,19,685,13.7,0.566,0.165,0.518,217,6,13.3,9.6,20.7,1.9,0.4,23.4,16.3,0.8,1.1,1.9,0.112,-0.3,0.5,0.2,NA,sam-houston-state,2018
7,Cameron Delaney,G,35,4,541,10.3,0.456,0.626,0.265,149,3.4,19.4,11.2,10.7,2.1,1.4,14,17.6,0.2,1,1.2,0.092,-3.5,0.1,-3.4,NA,sam-houston-state,2018
8,Albert Almanza,G,22,2,380,9.7,0.49,0.759,0.08,102,3.4,10.6,6.9,7.1,1.8,1,8.6,16.5,0.3,0.6,0.9,0.096,-3.1,0.1,-3,NA,sam-houston-state,2018
9,Josh Boutte,F,23,21,316,17.8,0.628,0,0.349,114,12.4,15,13.7,3.5,0.4,2.9,14.5,18.3,0.7,0.5,1.2,0.15,-0.5,-1.3,-1.9,NA,sam-houston-state,2018
10,Freddy Bitondo,F,28,1,208,5.7,0.477,0,0.543,45,10,10.6,10.2,3.6,0.3,0.6,17,12.6,0.1,0.3,0.3,0.062,-6.2,-1.7,-7.9,NA,sam-houston-state,2018
11,Bubba Furlong,F,24,7,169,10.2,0.487,0.128,0.333,48,12.9,12.3,12.6,3.4,1.7,6.9,22.3,17,0,0.3,0.4,0.085,-9.7,0.4,-9.3,NA,sam-houston-state,2018
12,Devin Jackson,G,19,0,110,2.2,0.344,1,0,30,2,8.6,5.2,7.1,0.5,0,4,22.8,-0.1,0.1,0,0.01,-3.3,-2.7,-6,NA,sam-houston-state,2018
13,Chidozie Ndu,F,18,2,93,12.6,0.6,0,0.333,22,8.2,7.5,7.8,0,1.2,5.6,12.6,12.6,0.1,0.1,0.3,0.114,-4.6,0.7,-4,NA,sam-houston-state,2018
14,Dajuan Jones,G,14,0,91,6.3,0.446,0.444,0.519,34,1.2,12.7,6.8,35,0.6,0,27.9,25.3,-0.1,0.1,0,0.001,-4.7,-1.9,-6.6,NA,sam-houston-state,2018
15,Justin Van Pelt,C,5,0,16,7.6,1,0,0,2,0,49.5,24,0,0,0,50,14.1,0,0,0,0.046,-7.1,3.7,-3.4,NA,sam-houston-state,2018
NA,Team Totals,,36,36,7227,NA,0.523,0.36,0.34,NA,NA,NA,NA,NA,NA,NA,NA,NA,8.5,11.9,20.4,0.113,-1.2,-0.4,-1.5,NA,sam-houston-state,2018
1,Cameron Delaney,G,33,33,1041,19.7,0.623,0.569,0.289,405,5.6,14.7,10.1,12.2,1.7,1.8,12.8,19.6,2.9,1.5,4.4,0.168,3.6,-0.6,3,NA,sam-houston-state,2019
2,Josh Delaney,G,33,24,1004,13.7,0.517,0.593,0.268,382,1.7,7.5,4.5,28.6,1.5,0.3,17.8,20.3,1.7,1,2.7,0.108,0.8,-2,-1.2,NA,sam-houston-state,2019
3,Marcus Harris,G,32,30,860,10.7,0.514,0.482,0.29,257,1,7.8,4.3,15.5,1.8,0.6,15.3,17.6,0.9,1,1.8,0.085,-2.6,-1,-3.7,NA,sam-houston-state,2019
4,Kai Mitchell,F,33,32,789,24.8,0.568,0.012,0.263,380,11.7,25.2,18.3,10.7,2.5,3.9,12.9,26.6,2,1.6,3.6,0.182,1.1,0.1,1.2,NA,sam-houston-state,2019
5,Albert Almanza,G,33,30,721,10.7,0.519,0.659,0.173,190,4.4,9.9,7.1,6.8,1.6,1.8,9.4,14.9,1,0.9,1.9,0.103,-1.9,-0.8,-2.6,NA,sam-houston-state,2019
6,Chad Bowie,G,30,10,596,14.6,0.521,0.425,0.238,215,2.3,13.2,7.6,21.9,4.7,0.9,23,22.1,0.3,1.2,1.5,0.098,-2.1,1.7,-0.4,NA,sam-houston-state,2019
7,Zach Nutall,G,33,1,564,17.5,0.55,0.465,0.141,200,6.6,15.6,11,10.8,2.2,2.3,10.8,19.8,1,0.9,1.9,0.136,1.2,-0.2,1,NA,sam-houston-state,2019
8,R.J. Smith,G,30,1,502,15.4,0.534,0.341,0.246,192,10.3,16.1,13.2,7.7,1.3,0.8,11,21,1,0.7,1.7,0.134,-1.3,-1.8,-3.2,NA,sam-houston-state,2019
9,Bubba Furlong,F,27,1,256,16.8,0.583,0.092,0.338,88,11.9,19.5,15.6,6.7,1.6,7,23.4,19.4,0.3,0.5,0.7,0.116,-2.1,0.1,-2,NA,sam-houston-state,2019
10,Xavier Bryant,G,22,1,181,18.3,0.551,0.343,0.514,73,1.2,12.5,6.7,50.7,5.5,0,33.6,18.2,0.3,0.4,0.7,0.151,-2.4,2.6,0.2,NA,sam-houston-state,2019
11,ZaQwaun Matthews,G,18,1,106,3.3,0.339,0.645,0,21,2.1,11.2,6.6,8.2,0.6,0,6.1,15.7,-0.1,0.1,0,0.014,-9.3,-3.2,-12.6,NA,sam-houston-state,2019
12,Chidozie Ndu,F,22,1,102,17.1,0.679,0,1.2,29,5.5,21,13.1,5.3,0.6,10,14.5,13.6,0.2,0.2,0.4,0.161,-7.2,0.6,-6.6,NA,sam-houston-state,2019
NA,Team Totals,,33,33,6722,NA,0.549,0.418,0.258,NA,NA,NA,NA,NA,NA,NA,NA,NA,11.4,9.9,21.3,0.127,-0.3,-0.6,-0.9,NA,sam-houston-state,2019
1,Zach Nutall,G,30,30,902,18.5,0.539,0.332,0.284,424,4,13.6,8.7,13.5,2.7,1,13.7,26.2,1.6,1.4,3.1,0.137,0.8,-1.1,-0.3,NA,sam-houston-state,2020
2,Dainan Swoope,G,30,22,769,11.6,0.544,0.663,0.283,236,1.1,9.2,5.1,17,2.2,0.3,19.1,16.2,0.9,1,1.9,0.1,-1.2,-0.5,-1.7,NA,sam-houston-state,2020
3,Chad Bowie,G,30,28,754,16.1,0.509,0.339,0.304,271,3.2,14.9,8.9,17.4,4.5,1.3,17.1,19.5,0.9,1.6,2.4,0.129,-1.1,1.8,0.7,NA,sam-houston-state,2020
4,R.J. Smith,G,31,31,751,12.9,0.549,0.299,0.375,239,8.6,13.6,11.1,6,1.6,0.5,15.2,16.2,1.1,1,2.2,0.116,-2,-1.8,-3.9,NA,sam-houston-state,2020
5,Kai Mitchell,F,31,31,746,25.8,0.605,0.118,0.308,418,8.5,21.3,14.8,19,1.7,6.4,16.2,28,2.3,1.4,3.7,0.201,1.8,0.6,2.3,NA,sam-houston-state,2020
6,Demarkus Lampley,G,28,1,514,17.1,0.537,0.567,0.17,203,4,10.3,7.1,9.5,2.1,0.5,5.4,20.5,1.2,0.7,1.9,0.148,2.5,-1.3,1.2,NA,sam-houston-state,2020
7,Xavier Bryant,G,31,10,495,13.9,0.532,0.312,0.406,192,2.3,11,6.6,26.1,4,0,25,21.1,0.4,0.9,1.3,0.104,-3.8,0.2,-3.6,NA,sam-houston-state,2020
8,Dajuan Jones,G,29,1,411,9.5,0.525,0.484,0.548,102,0.8,7.9,4.3,20.7,2.7,0.6,30.3,13,0.2,0.6,0.8,0.075,-4.4,-0.8,-5.2,NA,sam-houston-state,2020
9,Mark Tikhonenko,F,31,0,344,12,0.607,0.625,0.102,104,6.1,15.8,10.8,7.6,1.1,0.7,17.1,15.4,0.5,0.5,1,0.116,-0.9,-1.5,-2.4,NA,sam-houston-state,2020
10,Terryonte Thomas,G,30,1,317,12.6,0.518,0.325,0.463,100,8.4,16,12.1,3.2,1.2,1.6,14.8,17.2,0.4,0.4,0.8,0.101,-0.7,-2.2,-3,NA,sam-houston-state,2020
11,Bubba Furlong,F,24,0,161,19.2,0.498,0.043,0.277,59,14.4,15,14.7,10.2,2.3,14,13.1,18.1,0.3,0.3,0.6,0.153,-4.2,1.9,-2.3,NA,sam-houston-state,2020
12,Cyrus Johnson,F,24,0,161,5,0.436,0.171,0.171,36,8.6,20.2,14.3,4.2,0.7,3.9,24.1,14.7,-0.1,0.3,0.2,0.04,-6.6,-0.5,-7.1,NA,sam-houston-state,2020
NA,Team Totals,,31,31,6325,NA,0.546,0.356,0.301,NA,NA,NA,NA,NA,NA,NA,NA,NA,9.8,10.1,19.9,0.126,-0.9,-0.4,-1.4,NA,sam-houston-state,2020
1,Demarkus Lampley,G,28,28,831,18.9,0.606,0.629,0.208,345,2.2,11.8,6.9,6.6,1.7,0.7,8.4,20.5,2.4,1.4,3.8,0.183,3.8,-0.5,3.3,NA,sam-houston-state,2021
2,Zach Nutall,G,28,28,818,20.4,0.545,0.43,0.286,474,3.3,18,10.5,12.6,1.8,1.2,14.8,32.9,1.6,1.6,3.2,0.156,2.4,-1.6,0.8,NA,sam-houston-state,2021
3,Donte Powers,G,28,23,745,14,0.605,0.516,0.281,226,1.9,8.2,5,19.3,3.1,1.3,22.7,13.9,1.2,1.4,2.6,0.138,-1.8,1.4,-0.4,NA,sam-houston-state,2021
4,Tristan Ikpe,F,28,28,664,18.5,0.552,0.007,0.497,232,10.6,16.9,13.7,12.3,2.8,5.4,18.4,15.9,1.2,1.6,2.8,0.167,-0.8,2,1.2,NA,sam-houston-state,2021
5,Bryce Monroe,G,28,0,589,12.1,0.507,0.36,0.343,284,0.7,6.3,3.5,23.8,1.1,0.2,19,26.9,0.7,0.8,1.4,0.098,-2.2,-3.4,-5.5,NA,sam-houston-state,2021
6,Javion May,G,28,25,556,14,0.492,0.167,0.643,155,9.8,14.1,11.9,17.1,3.8,0.4,23.7,12,0.7,1.2,1.9,0.139,-2.8,1.4,-1.4,NA,sam-houston-state,2021
7,Jarren Cook,G,27,0,377,14.2,0.543,0.81,0.122,145,1.7,9.5,5.6,8,2.1,0.9,10.9,21.4,0.6,0.6,1.3,0.134,-1.5,-1,-2.5,NA,sam-houston-state,2021
8,Manny Crump,F,27,8,315,14.7,0.584,0.075,0.35,109,9.5,13.1,11.3,7.8,2.5,4.9,21.8,17.5,0.4,0.7,1.1,0.14,-4.7,0.6,-4.1,NA,sam-houston-state,2021
9,Terryonte Thomas,G,21,0,219,12.9,0.509,0.275,0.325,60,8.8,9.9,9.4,13,1,1,9.8,10.8,0.5,0.3,0.8,0.141,-0.1,-0.5,-0.6,NA,sam-houston-state,2021
10,Kian Scroggins,F,18,0,135,25.2,0.625,0,0.289,58,15,29.1,22,13.9,2.8,3.3,13.9,17.2,0.5,0.4,0.8,0.246,0.2,1.7,1.9,NA,sam-houston-state,2021
11,Dylan Robertson,F,17,0,133,17,0.643,0,0.84,47,12.8,15.6,14.2,5.1,0.8,4.2,16.7,14.6,0.4,0.2,0.6,0.181,-2.3,-0.1,-2.3,NA,sam-houston-state,2021
12,Pierce Hellums,G,8,0,95,5.8,0.323,0.565,0.304,23,3.4,6.9,5.1,17.6,4.5,0,23.3,16.7,-0.1,0.2,0.1,0.034,-6.3,-0.4,-6.7,NA,sam-houston-state,2021
13,Cyrus Johnson,F,8,0,60,14.8,0.476,0.053,0.105,20,12.5,23.6,18,5.9,0.9,3.7,9.1,16.9,0.1,0.1,0.2,0.146,-9.6,-2.3,-12,NA,sam-houston-state,2021
14,DJ Kelley,G,8,0,39,7.2,0.415,0.429,0.429,10,2.7,8.4,5.5,19.4,1.4,0,26.3,13.6,0,0.1,0.1,0.058,-3.9,-3.3,-7.2,NA,sam-houston-state,2021
15,Austin Brewer,C,6,0,24,3.8,0.318,0.125,0.375,6,8.9,9.1,9,0,0,0,0,18.2,0,0,0,0.015,8.4,1.4,9.7,NA,sam-houston-state,2021
NA,Team Totals,,28,28,5600,NA,0.552,0.407,0.312,NA,NA,NA,NA,NA,NA,NA,NA,NA,10,10.7,20.6,0.147,-0.5,-0.2,-0.7,NA,sam-houston-state,2021
1,Savion Flagg,G,32,32,1068,20.7,0.512,0.407,0.263,556,7.4,20.7,13.8,15.4,1.7,1.2,12.2,31.3,1.7,2.4,4.1,0.155,4.7,0,4.7,NA,sam-houston-state,2022
2,Demarkus Lampley,G,33,33,926,12,0.507,0.689,0.132,293,1.7,8.4,4.9,5.7,1.7,0,6.6,19.7,1.1,1.7,2.8,0.12,-0.4,-0.3,-0.7,NA,sam-houston-state,2022
3,Jaden Ray,G,33,29,918,13.1,0.504,0.356,0.176,304,1.2,9.8,5.3,27,2.7,0.4,20.1,18.6,0.8,1.9,2.7,0.119,-1,1.2,0.2,NA,sam-houston-state,2022
4,Tristan Ikpe,F,33,32,765,17.6,0.546,0.062,0.512,256,10.1,17.6,13.6,16.5,2.6,4.7,20.5,16.7,1.2,1.9,3.2,0.166,-1.5,2.5,1,NA,sam-houston-state,2022
5,Donte Powers,G,33,6,664,7.7,0.468,0.538,0.158,171,1.5,11.4,6.2,12.7,2.2,0.6,19.7,17.4,-0.1,1.4,1.2,0.074,-4.4,0.5,-3.8,NA,sam-houston-state,2022
6,Javion May,G,30,29,659,17,0.528,0.268,0.282,190,11.1,15,12.9,9.4,3.5,1,9.6,13.6,1.3,1.6,2.9,0.176,0.6,2.7,3.2,NA,sam-houston-state,2022
7,Jarren Cook,G,32,0,420,11.9,0.55,0.807,0.043,128,1.3,8.1,4.5,4.7,1,0.9,7.7,18.6,0.6,0.7,1.3,0.122,1.8,-0.6,1.2,NA,sam-houston-state,2022
8,Kuba Karwowski,C,32,1,307,16.4,0.618,0.098,0.569,82,8.4,19.2,13.5,9.2,1.3,10.8,24.5,14.1,0.3,0.8,1.2,0.15,-3.7,3,-0.7,NA,sam-houston-state,2022
9,Damon Nicholas Jr.,G,27,2,299,10.1,0.39,0.182,0.312,83,11.5,16.2,13.7,7.8,3.5,0,17.7,18.1,-0.1,0.7,0.6,0.087,-4,0.4,-3.6,NA,sam-houston-state,2022
10,Javon Grant,G,30,0,275,11.4,0.512,0.532,0.299,101,0.8,6.4,3.5,30.9,3.2,1,26.7,22,0.1,0.6,0.7,0.098,-0.7,1.2,0.6,NA,sam-houston-state,2022
11,Kian Scroggins,F,28,1,273,10.7,0.542,0.015,0.424,89,12.2,18.1,15,3.5,0.9,1,20.9,18.5,0.3,0.6,0.8,0.119,-8.3,-1.4,-9.7,NA,sam-houston-state,2022
12,Kevin Martina,F,11,0,43,15.8,0.618,0.333,0.167,16,2.5,16.4,9.1,24.4,1.4,3.1,23.6,19.9,0.1,0.1,0.2,0.144,0.2,3.5,3.7,NA,sam-houston-state,2022
13,Giovanni Emejuru,F,1,0,8,-17.7,NA,NA,NA,0,0,14.7,7,0,0,0,100,12.6,-0.1,0,0,-0.187,NA,NA,NA,NA,sam-houston-state,2022
NA,Team Totals,,33,33,6625,NA,0.513,0.422,0.244,NA,NA,NA,NA,NA,NA,NA,NA,NA,7.2,14.4,21.6,0.131,-0.6,0.9,0.3,NA,sam-houston-state,2022
1,Qua Grant,G,34,34,945,22.4,0.526,0.373,0.257,491,2.4,15.9,9.1,31.3,4.1,0.8,15,29.1,2.3,2.8,5.1,0.216,3.1,3.1,6.2,NA,sam-houston-state,2023
2,Donte Powers,G,34,34,934,14.8,0.565,0.595,0.271,334,0.8,12.1,6.4,11.4,1.9,0.5,13.2,20.7,1.8,2.2,4,0.171,1.1,1.4,2.5,NA,sam-houston-state,2023
3,Javion May,G,34,34,731,13.8,0.503,0.235,0.319,165,6.5,20.8,13.6,13.4,3.5,1.6,18.4,11.8,0.7,2.3,3,0.163,-0.8,4.8,4,NA,sam-houston-state,2023
4,Cameron Huefner,F,33,25,694,15.3,0.558,0.453,0.303,290,5.3,11.8,8.5,6.9,2.1,2,17.4,25.9,1,1.7,2.7,0.158,0.5,1.1,1.6,NA,sam-houston-state,2023
5,Kaosi Ezeagu,F,33,33,637,12.6,0.58,0,0.357,185,10.6,13,11.8,3.6,0.2,4.5,20.4,16.5,0.7,1.4,2.1,0.132,-2.9,0.6,-2.3,NA,sam-houston-state,2023
6,Tristan Ikpe,F,29,9,589,14.1,0.525,0.21,0.52,154,10.3,13.3,11.8,9.7,2.1,3.8,17.8,13.2,0.8,1.5,2.4,0.161,-0.1,2.3,2.2,NA,sam-houston-state,2023
7,Lamar Wilkerson,G,32,0,557,17.4,0.535,0.526,0.134,208,4.5,16.4,10.4,6.1,2.6,2.2,8.6,22.3,1.1,1.5,2.7,0.19,0.7,1.6,2.3,NA,sam-houston-state,2023
8,Kian Scroggins,F,34,1,488,15.6,0.592,0,0.51,160,11.5,13.1,12.3,7.7,2.7,0.6,21.3,17.2,0.8,1.3,2.1,0.17,-2.1,2.4,0.3,NA,sam-houston-state,2023
9,Damon Nicholas Jr.,G,31,0,419,17.8,0.561,0.297,0.243,138,9.9,15.8,12.9,7.3,2.3,1.8,12.7,17.3,0.9,1.1,2,0.188,1.3,2.5,3.8,NA,sam-houston-state,2023
10,Jaden Ray,G,19,0,347,17.8,0.595,0.39,0.439,135,1.7,6.6,4.1,31.8,2.9,0,22,18.7,0.8,0.8,1.7,0.191,2.4,1.2,3.5,NA,sam-houston-state,2023
11,Anthony Wrzeszcz,G,26,0,228,9.4,0.504,0.528,0.34,58,0.5,11.6,6,8.6,2.4,0,14,16,0.2,0.6,0.7,0.127,-2.8,3.1,0.2,NA,sam-houston-state,2023
12,Ron Mitchell,G,18,0,134,10,0.457,0.761,0,44,3.5,15.3,9.4,19.3,1.8,0,17.9,21.4,0.1,0.3,0.4,0.115,-6.9,-0.4,-7.3,NA,sam-houston-state,2023
13,Giovanni Emejuru,F,17,0,116,28.6,0.659,0,0.314,50,22.6,18.7,20.6,3.9,1.6,2.6,11.1,19.9,0.4,0.3,0.7,0.251,-2.9,-1.2,-4.1,NA,sam-houston-state,2023
14,Jacoby Bishop,G,9,0,31,23.2,0.686,0.444,0.111,11,11.5,7.8,9.6,7,1.9,0,9.5,17.3,0.1,0.1,0.2,0.218,7.7,4.9,12.6,NA,sam-houston-state,2023
NA,Team Totals,,34,34,6850,NA,0.549,0.373,0.293,NA,NA,NA,NA,NA,NA,NA,NA,NA,11.7,17.9,29.6,0.173,0.1,2.1,2.2,NA,sam-houston-state,2023
1,Davon Barnes,F,33,33,1017,14.1,0.55,0.427,0.294,398,1.6,11.2,6.4,11.2,1.2,0.8,12.6,22.4,1.6,1.5,3.1,0.124,1.2,-0.1,1.1,NA,sam-houston-state,2024
2,Lamar Wilkerson,G,31,31,922,16.1,0.541,0.425,0.252,384,3.8,9.9,6.8,9.9,1.9,0.6,9.4,23.3,1.8,1.5,3.3,0.143,2.3,0.4,2.7,NA,sam-houston-state,2024
3,Damon Nicholas Jr.,G,33,28,827,16,0.504,0.323,0.26,272,9.3,14.7,12,8.9,3.2,1.1,10.2,17.5,1.2,1.7,2.9,0.14,1,1.8,2.7,NA,sam-houston-state,2024
4,Jaden Ray,G,29,22,760,9.4,0.463,0.272,0.315,238,1.9,10.8,6.3,29.9,2.1,0.2,26.2,18.6,-0.1,1.2,1.2,0.061,-2.7,0.4,-2.3,NA,sam-houston-state,2024
5,Marcus Boykin,G,32,11,595,NA,0.538,0.283,0.748,NA,NA,NA,NA,NA,NA,NA,22.6,NA,NA,NA,NA,NA,NA,NA,NA,NA,sam-houston-state,2024
6,Souleymane Doumbia,C,30,27,577,17.5,0.551,0.097,0.335,203,12.8,21.7,17.2,6.8,1.5,6.3,20,19.2,0.6,1.3,1.9,0.129,-0.7,1.5,0.8,NA,sam-houston-state,2024
7,Kian Scroggins,F,32,5,561,17.5,0.558,0.036,0.489,196,13.1,24.3,18.7,5.8,1.6,0.8,13.6,17.4,1,1.2,2.2,0.155,0,0.1,0.1,NA,sam-houston-state,2024
8,Cameron Huefner,F,26,7,502,10.5,0.532,0.545,0.299,183,4.6,13.3,8.9,6.1,1,0.2,17.7,22.8,0.3,0.8,1,0.083,-1.3,-0.4,-1.7,NA,sam-houston-state,2024
9,Anthony Wrzeszcz,G,30,1,409,7.1,0.426,0.563,0.313,93,2.2,6.3,4.2,7.9,2.8,1.1,11.3,15,0,0.7,0.7,0.071,-3.5,2.3,-1.2,NA,sam-houston-state,2024
10,Owen McGlashan,G,29,0,279,16.7,0.634,0.603,0.414,89,9.9,13.7,11.8,8.2,2.9,1.3,14.7,14.4,0.6,0.6,1.2,0.172,0.9,2.1,3.1,NA,sam-houston-state,2024
11,Lewis Rowe,C,16,0,102,10.9,0.372,0.2,0.3,24,11.9,15.5,13.7,14.2,1.7,4.6,18,13.5,0,0.2,0.2,0.08,-3.4,3.3,-0.1,NA,sam-houston-state,2024
12,CJ Beaumont,G,15,0,61,3.1,0.426,0.789,0.105,15,1.8,24,12.8,3.1,0,1.9,20,20.2,-0.1,0.1,0,0.011,-5.5,-2.1,-7.6,NA,sam-houston-state,2024
13,Bryce cook,G,6,0,26,-4.1,0.4,0.6,0,3,0,4.3,2.1,0,0,0,28.6,13.3,-0.1,0,0,-0.042,-10,0.1,-10,NA,sam-houston-state,2024
14,Derrick Brown,G,3,0,13,18,0.375,0.75,0,4,0,17.4,8.6,28.2,13.3,0,20,19,0,0.1,0,0.137,-6.6,-1.6,-8.2,NA,sam-houston-state,2024
NA,Team Totals,,33,33,6651,NA,0.526,0.358,0.34,NA,NA,NA,NA,NA,NA,NA,NA,NA,7,10.7,17.7,0.107,-0.2,0.7,0.5,NA,sam-houston-state,2024
1,Lamar Wilkerson,G,32,32,1116,21.8,0.617,0.51,0.223,578,3.6,9.7,6.7,13.6,1.9,0.8,10.5,26.7,3.7,0.8,4.5,0.161,6.5,-1.3,5.2,NA,sam-houston-state,2025
2,Cameron Huefner,F,30,30,930,14.7,0.558,0.538,0.542,379,6,13.8,9.9,6,1.7,0.5,14.5,22.7,1.5,0.8,2.4,0.101,0.2,-2.3,-2.1,NA,sam-houston-state,2025
3,Kalifa Sakho,F,32,32,806,17.5,0.631,0,0.512,251,11.1,17.7,14.5,4.2,0.9,6.7,14.8,14.8,1.5,0.9,2.5,0.122,0.3,-0.1,0.2,NA,sam-houston-state,2025
4,Marcus Boykin,G,26,23,756,18.4,0.541,0.25,0.496,355,2.3,14,8.2,32.1,2.7,1.5,18,24.1,1.5,0.9,2.3,0.123,2.6,0.3,3,NA,sam-houston-state,2025
5,Josiah Hammons,G,32,15,694,9.1,0.542,0.742,0.14,188,0.5,8.1,4.3,7,1.4,0.2,9.6,15.9,0.8,0.4,1.2,0.067,-0.4,-1,-1.4,NA,sam-houston-state,2025
6,Brennen Burns,G,32,9,634,8.6,0.491,0.174,0.226,155,0.9,8.5,4.7,23,2.9,0.2,28.2,14.1,0,0.6,0.6,0.036,-3.8,-0.8,-4.6,NA,sam-houston-state,2025
7,Dorian Finister,G,23,19,613,11,0.429,0.282,0.298,196,7.4,17,12.2,9.5,1.5,2.3,12.3,20.1,0.1,0.6,0.7,0.049,-2.3,-1.8,-4.1,NA,sam-houston-state,2025
8,Erik Taylor,G,25,0,279,9.4,0.573,0.541,0.213,74,0.8,7.8,4.3,12.5,2.3,0,22,15.5,0.2,0.2,0.4,0.052,-2.4,-1.5,-3.9,NA,sam-houston-state,2025
9,Jaxson Ford,F,29,0,272,11.3,0.494,0.017,0.431,76,12.9,18.1,15.5,4.2,1.3,2.6,16.7,15.5,0.2,0.3,0.4,0.066,-5.2,-1.7,-6.9,NA,sam-houston-state,2025
10,Kian Scroggins,F,10,0,195,15.8,0.58,0.065,0.935,83,13.2,19.3,16.3,11.1,2.7,0.6,25.7,23.1,0.2,0.3,0.4,0.091,-4,-1.2,-5.2,NA,sam-houston-state,2025
11,Cheikh Ndiaye,F,15,0,151,5.1,0.374,0.038,0.385,27,7.7,12.9,10.3,3.4,1.2,3.1,14,11.9,-0.1,0.1,0.1,0.021,-5.2,-0.4,-5.6,NA,sam-houston-state,2025
12,Jackson Rogers,G,7,0,15,11.8,0.625,0.75,0,4,0,15.2,7.7,0,0,0,0,13.4,0,0,0,0.097,8.1,1.6,9.7,NA,sam-houston-state,2025
13,Wade Neyland,G,7,0,14,16.4,0.833,0.333,0,5,25,24.5,24.7,0,0,0,40,18,0,0,0,0.085,2.3,0.9,3.2,NA,sam-houston-state,2025
NA,Team Totals,,32,32,6475,NA,0.556,0.384,0.357,NA,NA,NA,NA,NA,NA,NA,NA,NA,9.6,5.9,15.5,0.096,0.3,-1.1,-0.7,NA,sam-houston-state,2025
1,Damon Nicholas Jr.,G,34,34,926,14.1,0.531,0.287,0.247,304,6.8,14.6,10.8,10.9,2.3,0.5,12.4,16,1.4,1.4,2.8,0.121,-0.6,0.8,0.2,NA,sam-houston-state,2026
2,Kashie Natt,G,34,34,902,22.3,0.55,0.298,0.485,392,9.3,23.5,16.5,14.9,4.3,2.1,11.1,19.7,2.3,2.1,4.4,0.196,3.5,3.4,6.9,NA,sam-houston-state,2026
3,Jacob Walker,G,34,12,875,14.7,0.571,0.407,0.593,378,1.7,7.2,4.5,16.1,2,0.4,15.5,21.9,1.6,1,2.6,0.12,-0.5,-0.2,-0.8,NA,sam-houston-state,2026
4,Po'Boigh King,G,31,31,858,15.9,0.562,0.549,0.275,374,2,5.3,3.7,9.6,1.3,0.7,6.7,22.3,2.2,0.8,3,0.14,2.5,-0.6,1.9,NA,sam-houston-state,2026
5,Veljko Ilic,F,34,34,822,22,0.573,0.004,0.391,396,12.7,16.2,14.5,17.1,1.8,2.8,13.8,22.4,1.9,1.3,3.2,0.157,2.8,0.6,3.4,NA,sam-houston-state,2026
6,Jacobe Coleman,G,33,3,718,14,0.573,0.511,0.167,268,3.9,8.2,6.1,12.5,1.3,0,11,18.5,1.4,0.7,2.1,0.119,0.7,-0.8,-0.1,NA,sam-houston-state,2026
7,Justin Begg,G,22,22,579,9,0.51,0.527,0.202,220,1.3,9.3,5.4,22.9,1.6,0.6,25.4,22.4,-0.1,0.7,0.6,0.039,-2.5,-1.5,-4,NA,sam-houston-state,2026
8,Isaiah Manning,F,16,0,318,19.8,0.594,0.5,0.302,158,6.8,14.3,10.6,12,1.2,1.8,10.6,23.8,1,0.4,1.4,0.174,1.3,-0.3,1,NA,sam-houston-state,2026
9,CJ Beaumont,G,30,0,306,13.2,0.586,0.618,0.211,90,8.2,17.2,12.8,2.1,1.3,3,11.6,14.6,0.5,0.5,1,0.125,-1.3,-0.1,-1.4,NA,sam-houston-state,2026
10,Matt Dann,F,31,0,299,20.1,0.64,0.016,0.516,104,12.4,19,15.8,6.8,1.1,9.5,14.9,14.7,0.7,0.6,1.2,0.164,-0.1,2.2,2.1,NA,sam-houston-state,2026
11,Jaxson Ford,F,17,0,185,14.2,0.597,0.021,0.208,65,12.4,21.7,17.1,9.4,1.8,3.1,25.4,18,0.1,0.3,0.5,0.104,-6.9,0.4,-6.5,NA,sam-houston-state,2026
12,Cheikh Ndiaye,F,1,0,12,4.8,NA,NA,NA,0,0,17.6,8.9,0,0,9.5,NA,0,0,0,0,0.062,NA,NA,NA,NA,sam-houston-state,2026
NA,Team Totals,,34,34,6800,NA,0.562,0.362,0.34,NA,NA,NA,NA,NA,NA,NA,NA,NA,13.1,9.8,22.9,0.134,0.6,0.4,1,NA,sam-houston-state,2026
1,Papa Dia,F,35,34,1177,29.1,0.627,0.071,0.442,618,13.6,24.7,19.7,15.3,1.3,7.9,19.7,32,3.8,2.4,6.2,0.212,2.9,0.8,3.7,NA,southern-methodist,2011
2,Jeremiah Samarrippas,G,35,30,1076,11.7,0.541,0.486,0.248,295,1.1,8.2,5,23.6,2.8,0,25.5,17.7,0.8,1.3,2.2,0.081,-0.4,0.4,-0.1,NA,southern-methodist,2011
3,Robert Nyakundi,F,35,35,1071,21.5,0.654,0.565,0.232,452,5,13.6,9.8,15.6,2.2,0.7,17.8,25.8,3.1,1.5,4.6,0.172,4.2,-0.5,3.7,NA,southern-methodist,2011
4,Mike Walker,G,33,30,947,10.5,0.579,0.723,0.38,219,0.8,5.2,3.2,10.6,1.7,0.3,14.8,14.4,1.3,0.8,2.2,0.092,-0.3,-0.3,-0.7,NA,southern-methodist,2011
5,Collin Mangrum,G,33,19,801,12.2,0.524,0.606,0.154,202,1.9,11.6,7.3,15.5,2.2,0.8,14.6,16.3,0.9,1.1,2,0.098,-0.4,0.6,0.2,NA,southern-methodist,2011
6,Justin Haynes,G,35,13,662,12.8,0.602,0.18,0.78,172,3.5,11,7.6,16.3,2.5,1.1,24.7,16.3,0.7,0.9,1.6,0.099,-1.6,1,-0.6,NA,southern-methodist,2011
7,Ryan Harp,G,34,9,598,8.7,0.551,0.446,0.554,96,2.6,12.6,8.1,12.3,1.5,1.6,27.6,9.7,0.4,0.8,1.1,0.075,-2,0.6,-1.4,NA,southern-methodist,2011
8,Rodney Clinkscales,G,34,5,552,12.5,0.591,0.706,0.198,154,0.8,6.6,4,15,1.7,0,17.9,18.1,0.8,0.5,1.3,0.093,-0.2,-1.3,-1.5,NA,southern-methodist,2011
9,Aliaksei Patsevich,G,16,0,132,7.3,0.463,0.625,0.167,23,0,7.6,4.2,7.6,3.5,1.8,18.8,14.3,0,0.2,0.1,0.045,-3.1,2.6,-0.5,NA,southern-methodist,2011
10,Myles Luttman,C,12,0,42,-9.5,0.508,0,1,5,0,18,9.9,0,0,2.9,54.3,18.2,-0.2,0.1,-0.1,-0.094,-19.4,-2,-21.4,NA,southern-methodist,2011
11,Tomasz Kwiatkowski,C,5,0,9,-22.4,0,0,0,1,17.1,27.9,23.1,0,0,0,75,26.4,-0.1,0,-0.1,-0.351,-26.2,-9.4,-35.6,NA,southern-methodist,2011
12,Austin Horn,G,5,0,8,11.8,0.75,0.5,0,2,0,0,0,0,0,0,0,14.8,0,0,0,0.128,1.2,-3.5,-2.3,NA,southern-methodist,2011
NA,Team Totals,,35,35,7075,NA,0.597,0.43,0.337,NA,NA,NA,NA,NA,NA,NA,NA,NA,11.5,9.7,21.2,0.12,0.4,0.2,0.6,NA,southern-methodist,2011
1,Robert Nyakundi,F,31,31,1034,20.5,0.612,0.602,0.243,390,4.3,16.3,10,8.4,2.2,1.3,13.4,24.8,2.5,1.5,4,0.154,3.7,0.4,4.1,NA,southern-methodist,2012
2,Jeremiah Samarrippas,G,31,31,990,10.4,0.48,0.502,0.197,260,1.3,8.7,4.8,31.1,2.1,0,24.7,17.6,0.4,1,1.5,0.059,-1.7,-0.8,-2.5,NA,southern-methodist,2012
3,London Giles,G,31,27,922,14.2,0.571,0.552,0.293,271,1,10.9,5.7,9.6,2.5,0,15.8,20.7,1.1,1.1,2.3,0.098,0.1,0.2,0.3,NA,southern-methodist,2012
4,Jalen Jones,G,32,18,693,16,0.517,0.222,0.789,246,7.7,13.2,10.3,7.2,2.1,2.5,14.8,24.7,0.9,0.9,1.8,0.104,-0.4,-0.2,-0.6,NA,southern-methodist,2012
5,Shawn Williams,F,24,17,554,13.6,0.449,0.54,0.204,141,6.6,18.1,12,12.6,2.4,2.6,10.7,17.9,0.3,0.9,1.2,0.089,-0.2,0.9,0.7,NA,southern-methodist,2012
6,Aliaksei Patsevich,G,32,17,547,7.5,0.424,0.571,0.173,105,5.2,6.4,5.8,12.9,2.1,1.6,18.5,14,0,0.5,0.6,0.041,-3,0.8,-2.1,NA,southern-methodist,2012
7,Rodney Clinkscales,G,27,5,430,12.6,0.602,0.779,0.233,102,1.2,10.5,5.6,9.6,1.2,0.7,12,14.9,0.7,0.4,1.1,0.106,0.4,0.2,0.6,NA,southern-methodist,2012
8,Ryan Manuel,G,32,0,390,13.3,0.569,0.085,1.186,108,1,12.3,6.3,20.3,2.9,0.7,23.9,18.3,0.4,0.5,0.9,0.096,-2.9,1.3,-1.6,NA,southern-methodist,2012
9,Leslee Smith,F,25,6,377,13.9,0.494,0.268,0.366,109,8.3,23.1,15.3,20.5,3.7,4.2,27.8,20.9,0,0.8,0.8,0.085,-3.2,3.3,0.1,NA,southern-methodist,2012
10,Cannen Cunningham,C,31,3,370,11.6,0.461,0.154,0.429,107,9.5,24.4,16.5,9.6,2,7,24.2,23,-0.3,0.7,0.5,0.052,-6,1.6,-4.5,NA,southern-methodist,2012
11,Ricmonds Vilde,C,15,5,158,7.9,0.515,0.429,0.524,35,6.6,15.6,10.9,18.7,0.8,0.9,27.6,13.5,0.1,0.2,0.3,0.073,-5.8,0.7,-5.1,NA,southern-methodist,2012
12,Eric Norman,F,9,0,27,-5.9,0.084,0.8,0.4,2,0,16.2,7.6,14.9,0,5.3,25.2,17.4,-0.1,0,-0.1,-0.154,-12.6,-2.5,-15,NA,southern-methodist,2012
13,Jordan Walker,G,3,0,4,-6.4,0,0,0,0,0,72.7,34.4,0,16.6,0,50,29.5,-0.1,0,0,-0.22,-9.4,10,0.6,NA,southern-methodist,2012
14,Kevin Dunleavy Jr.,G,3,0,4,-5.3,NA,NA,NA,1,32.6,0,17.2,0,0,0,100,14.7,0,0,0,-0.168,-5.4,-1.8,-7.3,NA,southern-methodist,2012
NA,Team Totals,,32,32,6500,NA,0.53,0.473,0.358,NA,NA,NA,NA,NA,NA,NA,NA,NA,6,8.8,14.8,0.091,-0.9,0.5,-0.4,NA,southern-methodist,2012
1,Nick Russell,G,32,32,1159,14,0.467,0.188,0.204,455,1.5,11.2,6.4,28.8,2.6,0.9,20.2,27.7,0.4,1.4,1.8,0.061,-1,-0.9,-2,NA,southern-methodist,2013
2,Ryan Manuel,G,32,31,1090,16.6,0.577,0.084,0.882,381,3,12.8,8,14.3,2.2,0.6,18.6,20.3,2.3,1.3,3.6,0.134,0,0.5,0.5,NA,southern-methodist,2013
3,Shawn Williams,F,32,32,1081,13.7,0.546,0.41,0.304,277,7.6,12,9.9,10.2,1.7,3,16.5,14.7,1.7,1.2,2.9,0.107,0.6,0.3,0.9,NA,southern-methodist,2013
4,Jalen Jones,G,32,32,1036,22.4,0.564,0.071,0.466,435,13.6,17.2,15.4,7.6,2.4,3,15.1,24.2,2.8,1.6,4.4,0.169,2,-0.2,1.8,NA,southern-methodist,2013
5,Cannen Cunningham,C,32,32,1032,16.3,0.55,0.066,0.384,298,7.8,17,12.5,10.7,2.1,7.7,21.9,18,1.1,1.7,2.8,0.108,-0.8,2,1.3,NA,southern-methodist,2013
6,London Giles,G,26,1,358,7.1,0.47,0.618,0.265,70,0.7,10.7,5.8,10,3,0,23.9,15,-0.1,0.4,0.3,0.038,-3.6,0.8,-2.7,NA,southern-methodist,2013
7,Brian Bernardi,G,31,0,348,10.5,0.596,0.688,0.325,92,1.1,10.2,5.8,4.9,0.9,0,18.5,17.4,0.4,0.3,0.7,0.081,-0.6,-1.5,-2.1,NA,southern-methodist,2013
8,Uche Ofoegbu,G,27,0,210,6.6,0.394,0,0.412,26,10,14.5,12.3,7,1.8,2.6,28.2,7.2,0,0.3,0.3,0.058,-3.5,0.9,-2.6,NA,southern-methodist,2013
9,Jordan Dickerson,C,26,0,92,10.7,0.454,0,0.636,16,10,22.1,16.2,6.2,0,13.3,25.9,11.2,0,0.2,0.2,0.073,-5.5,1.9,-3.6,NA,southern-methodist,2013
10,Kevin Dunleavy Jr.,G,5,0,9,-2,0,1,0,0,0,0,0,0,7,0,0,5.9,0,0,0,-0.01,-10.2,11.2,1,NA,southern-methodist,2013
11,Garrett Wilson,G,7,0,8,-8.9,0,0.5,0,0,0,31.8,16.2,0,7.8,0,33.3,20.1,-0.1,0,0,-0.172,-31.7,-7.8,-39.5,NA,southern-methodist,2013
12,Marcus Holyfield,G,3,0,2,-18.9,NA,NA,NA,0,0,0,0,0,0,0,NA,0,0,0,0,0.022,-27.1,5,-22.2,NA,southern-methodist,2013
NA,Team Totals,,32,32,6425,NA,0.532,0.202,0.408,NA,NA,NA,NA,NA,NA,NA,NA,NA,8.6,8.4,16.9,0.106,-0.4,0.3,-0.1,NA,southern-methodist,2013
1,Nick Russell,G,37,36,1203,11.6,0.525,0.325,0.414,373,1,10.8,6.3,18.5,1.9,0.9,20.5,19.1,0.9,2.3,3.2,0.106,-0.4,2.2,1.8,NA,southern-methodist,2014
2,Nic Moore,G,37,37,1190,19.6,0.616,0.481,0.399,510,1.1,6.9,4.2,30.5,2.8,0.2,17.6,21.7,3.4,2.2,5.6,0.188,4.6,2.3,6.9,NA,southern-methodist,2014
3,Markus Kennedy,F,37,22,924,25.8,0.55,0.015,0.463,433,10.2,22.5,16.8,14.4,3.7,5.9,13.9,27.3,1.9,2.8,4.7,0.205,4.2,4.8,8.9,NA,southern-methodist,2014
4,Sterling Brown,G,37,26,719,12.2,0.544,0.367,0.328,173,8.1,14.4,11.5,10.1,2.3,1.9,22.5,13.9,0.5,1.6,2.1,0.115,1,3.3,4.4,NA,southern-methodist,2014
5,Shawn Williams,F,37,36,680,14.1,0.53,0.089,0.287,190,10.4,10.4,10.4,6.9,1.8,1.8,9.2,15.1,1.1,1.3,2.4,0.141,0.9,2.1,3,NA,southern-methodist,2014
6,Ryan Manuel,G,36,11,620,12.2,0.552,0.075,1.237,165,3.9,11,7.8,9.1,2.2,3,17.8,15.1,0.7,1.3,2,0.128,-0.3,3.5,3.3,NA,southern-methodist,2014
7,Ben Moore,F,37,1,547,22.5,0.625,0,0.708,229,14.6,14.1,14.3,11.4,2.1,3.6,17.2,21.1,1.5,1.2,2.7,0.197,3.7,2.6,6.3,NA,southern-methodist,2014
8,Keith Frazier,G,36,0,534,13.6,0.543,0.609,0.13,174,3.4,10.8,7.3,11.5,1.9,2.5,16.3,21,0.5,1,1.6,0.117,2.2,2,4.2,NA,southern-methodist,2014
9,Cannen Cunningham,C,37,1,477,21.5,0.627,0.04,0.413,181,10.8,14.4,12.7,10.5,2.3,8.5,20.1,20.7,1,1.2,2.1,0.179,1.8,4.6,6.4,NA,southern-methodist,2014
10,Yanick Moreira,C,23,14,310,19.6,0.548,0,0.466,127,10.8,22.8,17.3,6.3,1,5.2,16,25.2,0.4,0.8,1.2,0.154,0.6,1.4,2,NA,southern-methodist,2014
11,Crandall Head,G,28,1,161,1.8,0.326,0.371,0.2,30,4,13,8.9,12.9,1.5,0.8,23.8,16.3,-0.3,0.3,0.1,0.014,-6.3,1.7,-4.6,NA,southern-methodist,2014
12,Jean-Micheal Mudiay,G,8,0,13,-19.1,0,0.4,0.4,0,0,17,9.1,0,0,0,0,23.9,-0.1,0,-0.1,-0.251,-21.2,-6.9,-28.1,NA,southern-methodist,2014
13,Jonathan Wilfong,G,7,0,11,17.8,0.75,0,0,4,11.7,20.1,16.2,0,0,0,33.3,28.5,0,0,0,0.049,-4,-1.2,-5.2,NA,southern-methodist,2014
14,Kevin Dunleavy Jr.,G,8,0,11,0.3,0.336,0.6,0.4,4,11.7,0,5.4,0,5.5,0,25.2,37.7,-0.1,0,0,-0.164,-10.8,-2.7,-13.4,NA,southern-methodist,2014
NA,Team Totals,,37,37,7400,NA,0.561,0.237,0.438,NA,NA,NA,NA,NA,NA,NA,NA,NA,11.6,15.9,27.5,0.149,1.7,2.8,4.6,NA,southern-methodist,2014
1,Nic Moore,G,34,34,1179,19.3,0.578,0.499,0.315,494,0.9,6.7,4,31.1,2.3,0.1,16.9,23.4,3.4,1.8,5.2,0.175,4.8,0.9,5.7,NA,southern-methodist,2015
2,Ryan Manuel,G,34,29,983,11.8,0.546,0.072,0.711,230,3.3,10.1,6.9,13.8,1.2,1.8,16.1,13.2,1.3,1.5,2.8,0.116,0,2.1,2.1,NA,southern-methodist,2015
3,Yanick Moreira,C,34,34,828,24.3,0.575,0,0.531,352,12.6,18.9,16,9.1,1.8,6.6,15.5,25.2,2.1,1.9,4,0.192,3.7,1.9,5.6,NA,southern-methodist,2015
4,Sterling Brown,G,34,17,814,16.6,0.634,0.369,0.303,200,8.2,14.4,11.5,16.2,2.3,1.4,18.2,11.3,1.8,1.6,3.4,0.166,3.7,3.4,7.1,NA,southern-methodist,2015
5,Ben Moore,F,34,30,762,17.7,0.501,0,0.604,269,11.3,14,12.8,16.7,2.6,5.4,18.6,20.8,1.2,1.7,2.8,0.148,0.5,3.3,3.8,NA,southern-methodist,2015
6,Markus Kennedy,F,24,0,551,28.8,0.575,0.015,0.553,264,13.3,19.2,16.4,11.9,3.8,5,12.9,27.9,1.8,1.5,3.2,0.235,6,3.8,9.9,NA,southern-methodist,2015
7,Cannen Cunningham,C,34,5,546,19.4,0.584,0.045,0.35,191,8.4,17.5,13.3,7.3,2.2,5.3,17.2,21.7,1,1.2,2.2,0.163,1.3,2.9,4.2,NA,southern-methodist,2015
8,Ben Emelogu,G,34,4,516,6.1,0.384,0.536,0.196,99,1.8,12,7.3,12,2.4,1.9,19.1,15.8,-0.3,1,0.7,0.053,-3.6,2.7,-0.9,NA,southern-methodist,2015
9,Keith Frazier,G,17,16,473,17.5,0.574,0.507,0.309,156,2.8,13.8,8.7,10.1,1.9,1.7,11.9,20.1,1.1,0.9,1.9,0.162,2.8,2,4.8,NA,southern-methodist,2015
10,Justin Martin,F,10,1,122,19.3,0.587,0.325,0.45,49,3.2,17.5,10.9,12.9,2.1,0,17.1,25.8,0.2,0.2,0.5,0.16,1.5,2.1,3.6,NA,southern-methodist,2015
11,Jonathan Wilfong,G,7,0,22,13,0.504,0.333,0.333,7,11.9,5.1,8.2,9.6,2.9,0,22.3,21.8,0,0,0,0.073,-2.1,0,-2.1,NA,southern-methodist,2015
12,Jean-Micheal Mudiay,G,6,0,15,-23.5,0.18,0.6,1.4,3,0,7.5,4,0,0,0,26.5,40.5,-0.2,0,-0.1,-0.372,-25.5,-11.8,-37.3,NA,southern-methodist,2015
13,Kevin Dunleavy Jr.,G,7,0,14,-19.8,0,0.667,0.333,0,0,16.1,8.6,0,0,0,36.5,21,-0.1,0,-0.1,-0.273,-20,-6.5,-26.5,NA,southern-methodist,2015
NA,Team Totals,,34,34,6825,NA,0.555,0.229,0.44,NA,NA,NA,NA,NA,NA,NA,NA,NA,13.3,13.3,26.6,0.156,2.2,2.3,4.5,NA,southern-methodist,2015
1,Nic Moore,G,29,29,996,20.1,0.563,0.505,0.288,466,1.1,6.7,4.1,27.2,2.4,0.4,13.8,24.3,3.3,1.6,4.9,0.197,5.6,1.5,7.1,NA,southern-methodist,2016
2,Shake Milton,G,30,23,980,14.6,0.603,0.515,0.215,291,1.1,8.9,5.3,14,1.5,1,15,15.8,2.1,1.5,3.5,0.144,3,1.9,5,NA,southern-methodist,2016
3,Ben Moore,F,29,27,863,23.3,0.585,0,0.439,353,12.2,16.6,14.5,13.2,1.5,5.6,13.5,19.9,2.7,1.8,4.5,0.209,4.6,3.3,7.9,NA,southern-methodist,2016
4,Sterling Brown,G,30,29,816,19.8,0.716,0.309,0.348,292,6,12.4,9.4,16.7,2.4,1.9,24.1,17.2,2.2,1.6,3.8,0.185,4.2,3.6,7.8,NA,southern-methodist,2016
5,Jordan Tolbert,F,30,24,799,25.2,0.586,0.017,0.51,340,16.6,20.5,18.7,5.7,1.9,3.3,11.6,21.2,2.6,1.8,4.4,0.221,5.2,1.2,6.4,NA,southern-methodist,2016
6,Markus Kennedy,F,28,9,646,21.5,0.524,0.019,0.306,269,11.4,19.9,16,17.3,1.9,6.2,16.3,23.1,1.3,1.5,2.8,0.176,3.2,3.9,7.1,NA,southern-methodist,2016
7,Jarrey Foster,G,30,1,523,13.5,0.491,0.315,0.378,162,10,12.3,11.2,12.5,1.2,2.5,15.7,17.2,0.7,0.9,1.6,0.125,1.1,1.4,2.5,NA,southern-methodist,2016
8,Keith Frazier,G,10,7,288,17.2,0.553,0.418,0.204,106,3,14,8.9,11.7,1.9,2.1,13,21.7,0.6,0.5,1.2,0.16,1.9,1.4,3.3,NA,southern-methodist,2016
9,Jonathan Wilfong,G,17,1,59,-0.4,0.349,0.545,0.091,8,2.1,7.4,4.9,5.1,1,0,20.7,12.4,-0.1,0.1,0,0.016,-7.5,0.3,-7.2,NA,southern-methodist,2016
10,Sedrick Barefield,G,5,0,16,-7.4,0,0.5,0.25,1,0,27.3,14.6,17.5,0,0,18.3,17.3,-0.1,0,0,-0.116,-12.6,-3.5,-16,NA,southern-methodist,2016
11,David Nelson,G,4,0,6,44,1,0,0,3,0,18.2,9.7,43.7,0,0,0,16.8,0,0,0.1,0.369,14.3,5.4,19.8,NA,southern-methodist,2016
12,Courtland Sutton,F,3,0,4,2.4,0.5,0.667,0,2,0,54.5,29.1,0,0,0,25,50.5,0,0,0,-0.002,-19.3,-5.3,-24.6,NA,southern-methodist,2016
13,Jake Brudish,G,3,0,3,68.7,1.5,1,0,3,0,0,0,87.3,0,0,0,16.8,0.1,0,0.1,0.732,41.5,6.3,47.8,NA,southern-methodist,2016
NA,Team Totals,,30,30,5999,NA,0.578,0.268,0.338,NA,NA,NA,NA,NA,NA,NA,NA,NA,15.5,11.4,26.8,0.179,3.8,2.3,6.1,NA,southern-methodist,2016
1,Shake Milton,G,35,35,1239,19.2,0.582,0.557,0.261,461,1.5,11.7,6.9,24.2,2.2,1.2,13.9,19.4,3.5,2.4,6,0.193,4.8,3.1,7.8,NA,southern-methodist,2017
2,Semi Ojeleye,F,35,35,1195,26.5,0.621,0.399,0.508,595,8.4,15,11.9,9.3,0.8,1.6,8.5,25.9,5.5,2.2,7.7,0.257,8.3,1.1,9.3,NA,southern-methodist,2017
3,Sterling Brown,G,35,34,1143,21.7,0.583,0.387,0.313,463,6,16.9,11.7,17.9,2.7,2.2,14.6,21.9,3.3,2.7,6,0.211,4.8,4,8.9,NA,southern-methodist,2017
4,Ben Moore,F,35,35,1131,21.5,0.579,0.018,0.451,415,10,18,14.2,14.5,1.7,4.5,14,18.8,3.1,2.6,5.7,0.201,3.6,3.7,7.3,NA,southern-methodist,2017
5,Jarrey Foster,G,34,32,1005,19.3,0.6,0.295,0.311,344,9.9,10.7,10.3,13.9,1.3,3.7,13.3,17,2.8,1.9,4.7,0.186,4.7,2.8,7.4,NA,southern-methodist,2017
6,Ben Emelogu,G,35,3,725,8.4,0.423,0.539,0.158,172,4,11,7.7,15.3,2.3,0.6,17.6,15.7,0.2,1.4,1.6,0.09,-2.1,2.8,0.6,NA,southern-methodist,2017
7,Dashawn McDowell,G,29,0,231,6.9,0.459,0.125,0.906,50,7.6,7.8,7.7,10.2,1.6,1.2,25.9,14.2,0,0.4,0.4,0.065,-3.2,1.6,-1.6,NA,southern-methodist,2017
8,Harry Froling,C,10,0,146,11.2,0.515,0.27,0.27,43,10.3,15.4,12.9,7.8,1.7,1.8,25.1,20.2,0,0.3,0.3,0.083,-1.6,1.7,0.1,NA,southern-methodist,2017
9,Jonathan Wilfong,G,22,1,73,-1.8,0.308,0.385,0,8,0,13.8,7.3,6.9,0.9,0,27.8,13.1,-0.1,0.1,0,-0.011,-8.6,0.5,-8.1,NA,southern-methodist,2017
10,Tom Wilson,G,10,0,61,6.5,0.473,0.933,0.267,16,2,16.6,9.7,14.4,1,0,26.2,19.9,0,0.1,0.1,0.049,-2.8,0.2,-2.6,NA,southern-methodist,2017
11,Leo Kontopoulos,F,19,0,34,-3.4,0.336,0.1,0.4,8,3.7,9.9,6.9,5.2,0,0,20.1,23.2,-0.1,0,0,-0.042,-12.9,-3.6,-16.4,NA,southern-methodist,2017
12,James Pyle,G,12,0,17,15.1,0.583,0.5,0,5,7.3,19.8,13.9,0,3.7,0,25,24.9,0,0,0,0.088,-2.3,1.4,-1,NA,southern-methodist,2017
NA,Team Totals,,35,35,7000,NA,0.573,0.364,0.36,NA,NA,NA,NA,NA,NA,NA,NA,NA,18.1,14.3,32.4,0.185,3.8,2.7,6.5,NA,southern-methodist,2017
1,Jimmy Whitt,G,33,33,1096,18,0.516,0.073,0.352,376,5.4,13.4,9.3,21.3,3.4,1.9,13.9,18.9,1.9,2,4,0.145,1.2,3.2,4.5,NA,southern-methodist,2018
2,Ben Emelogu,G,33,33,1051,16.7,0.598,0.504,0.226,330,5.5,15.2,10.3,10.7,2.5,0.6,14.8,17.5,2,1.8,3.8,0.146,2.7,1.7,4.4,NA,southern-methodist,2018
3,Shake Milton,G,22,22,800,24.2,0.606,0.471,0.405,381,2.1,13.5,7.7,25.9,2.4,2.3,13.3,25,2.8,1.3,4.2,0.208,6.8,2,8.7,NA,southern-methodist,2018
4,Jahmal McMurray,G,22,14,690,16.2,0.562,0.561,0.133,276,2.9,7.4,5.1,11,1.3,0.2,11.7,25.1,1.3,0.7,2.1,0.121,3.7,-1,2.7,NA,southern-methodist,2018
5,Ethan Chargois,F,31,24,661,19.2,0.552,0.482,0.353,262,8.2,16.3,12.2,10.8,2.3,4.2,13.9,23.8,1.2,1.2,2.5,0.149,1.4,1.3,2.7,NA,southern-methodist,2018
6,Jarrey Foster,G,19,19,616,21.5,0.538,0.298,0.255,257,10.2,11.8,11,18,1.4,4.9,10.7,22.5,1.6,0.9,2.5,0.165,4.4,1,5.4,NA,southern-methodist,2018
7,Elijah Landrum,G,32,10,561,6.6,0.382,0.631,0.131,107,2.3,8.6,5.4,10.8,2.7,0.7,11.6,13.8,-0.1,0.8,0.8,0.055,-3.6,2,-1.5,NA,southern-methodist,2018
8,William Douglas,G,33,1,478,5.1,0.391,0.534,0.329,88,6.2,9.6,7.9,11.2,2.7,0.8,28.1,13.1,-0.3,0.7,0.4,0.037,-4.9,1.8,-3.1,NA,southern-methodist,2018
9,Akoy Agau,F,27,9,436,14.8,0.59,0.174,0.698,138,9.8,16.7,13.2,7.6,1,3.6,22.4,18,0.6,0.7,1.3,0.118,-1,0.6,-0.4,NA,southern-methodist,2018
10,Everett Ray,F,16,0,160,12.3,0.571,0.136,0.909,42,14.1,18.2,16.1,8.3,0.8,0.8,22.2,13.5,0.2,0.2,0.4,0.108,-2.5,0.3,-2.2,NA,southern-methodist,2018
11,James Pyle,G,20,0,38,-6.1,0.168,0.6,0.4,3,3.1,3.2,3.2,4.5,0,0,25.2,11.1,-0.1,0,-0.1,-0.079,-10,-2.3,-12.3,NA,southern-methodist,2018
12,Luke Wilfong,G,12,0,13,24.9,0.833,0.333,0,4,9.1,0,4.6,0,4.8,0,0,12.3,0,0,0.1,0.214,3.9,4.6,8.6,NA,southern-methodist,2018
NA,Team Totals,,33,33,6600,NA,0.546,0.404,0.305,NA,NA,NA,NA,NA,NA,NA,NA,NA,11.4,10.6,22,0.133,1.5,1.5,3.1,NA,southern-methodist,2018
1,Jimmy Whitt,G,30,30,1053,19.4,0.504,0.084,0.223,406,6.7,14.3,10.5,22.7,2.5,1.4,10.7,20.1,2.4,1.1,3.4,0.131,2.6,1.3,3.9,NA,southern-methodist,2019
2,Jahmal McMurray,G,32,31,1046,20.6,0.583,0.558,0.176,508,0.5,7.7,4.1,17.7,1.3,0.4,10,27.2,3.4,0.5,3.8,0.147,5.8,-1.1,4.8,NA,southern-methodist,2019
3,Isiaha Mike,F,32,32,981,18.1,0.579,0.489,0.335,361,6.8,13.6,10.2,10.5,1.8,4.2,15.9,20.1,2.1,1,3,0.124,2.7,0.8,3.4,NA,southern-methodist,2019
4,Ethan Chargois,F,32,31,924,19.4,0.545,0.422,0.402,393,8,16.6,12.3,13,1.8,2.9,14.7,23.9,2,1,3,0.13,2.6,0.1,2.6,NA,southern-methodist,2019
5,Feron Hunt,F,32,8,753,18.6,0.596,0.181,0.311,235,9.3,21.8,15.5,5.6,2,4.4,18.8,17.1,1.2,1,2.2,0.119,1,0.8,1.9,NA,southern-methodist,2019
6,Nat Dixon,G,31,13,751,9.4,0.496,0.674,0.227,165,3.4,5.7,4.5,10.9,1.6,0.2,13.3,12.4,0.8,0.3,1.1,0.058,-0.4,-0.2,-0.7,NA,southern-methodist,2019
7,Jarrey Foster,G,16,14,370,11,0.453,0.39,0.352,120,7.7,9.9,8.8,11.7,1.1,2.5,15.8,20.3,0.3,0.2,0.5,0.052,-1.2,-0.9,-2.2,NA,southern-methodist,2019
8,C.J. White,G,24,0,251,6,0.417,0.688,0.208,52,4.1,14.2,9.1,12.1,0.7,0.9,23.3,14.1,-0.1,0.2,0.1,0.011,-2.3,-1.1,-3.4,NA,southern-methodist,2019
9,William Douglas,G,25,0,171,1.9,0.309,0.769,0.385,25,4,7.4,5.7,8.4,2.8,0.7,22.6,12,-0.2,0.1,0,-0.007,-6.4,1.1,-5.3,NA,southern-methodist,2019
10,Jahmar Young Jr.,F,22,0,92,8,0.469,0,0.889,14,7.5,18.8,13.1,1.8,1.3,10.2,35.4,11.1,-0.1,0.1,0.1,0.024,-5.9,1.9,-4,NA,southern-methodist,2019
11,James Pyle,G,6,1,8,-12.5,0,0.667,0,1,0,0,0,19.2,0,0,0,19.3,0,0,0,-0.218,-9.8,-6.1,-15.9,NA,southern-methodist,2019
NA,Team Totals,,32,32,6400,NA,0.54,0.41,0.278,NA,NA,NA,NA,NA,NA,NA,NA,NA,11.7,5.5,17.2,0.107,1.8,0.2,2,NA,southern-methodist,2019
1,Tyson Jolly,G,30,30,1048,19.2,0.581,0.426,0.37,419,7,14,10.5,13.7,1.3,1.7,15,21.8,2.9,1,3.9,0.148,4.5,-0.3,4.1,NA,southern-methodist,2020
2,Isiaha Mike,F,30,30,920,22.9,0.611,0.542,0.25,384,7.5,16.6,12.2,12.5,2.8,2.4,15,22.9,2.8,1.3,4.1,0.179,5.8,1.4,7.2,NA,southern-methodist,2020
3,Kendric Davis,G,26,26,905,21.5,0.557,0.318,0.364,416,2.1,11.6,7,39.2,2,0.4,16.2,22.7,3.1,0.9,4,0.177,4.4,0,4.4,NA,southern-methodist,2020
4,Feron Hunt,F,30,17,846,20.9,0.611,0.215,0.295,301,8.6,19.2,14,7.5,1.6,3.7,14.8,19.4,2.1,1.1,3.3,0.155,3.4,0.5,3.9,NA,southern-methodist,2020
5,Emmanuel Bandoumel,G,30,18,683,8.9,0.481,0.62,0.398,186,3.4,10.1,6.8,8.9,1.5,0.4,16.1,17.9,0.5,0.5,1.1,0.062,-1.5,-0.4,-1.9,NA,southern-methodist,2020
6,Ethan Chargois,F,28,14,607,13.5,0.464,0.454,0.322,207,8,12.5,10.3,14.4,1.7,3.9,16.3,21.5,0.6,0.7,1.3,0.084,0.4,0.4,0.9,NA,southern-methodist,2020
7,C.J. White,G,29,0,486,10,0.537,0.729,0.224,116,3.8,8.1,6,18,1.6,0.3,24.2,13.2,0.5,0.3,0.9,0.07,0.3,0.2,0.5,NA,southern-methodist,2020
8,Isiah Jasey,F,20,12,262,11.5,0.532,0,0.304,57,12.1,10.1,11.1,1.4,0.9,6.2,21,13.2,0.2,0.2,0.4,0.063,-1.1,-0.1,-1.2,NA,southern-methodist,2020
9,Everett Ray,F,19,3,169,13.1,0.724,0.167,0.367,47,10.1,14.3,12.2,4.6,1.1,0,28.4,15.1,0.3,0.2,0.4,0.098,-2.3,-1,-3.3,NA,southern-methodist,2020
10,Charles Smith IV,G,22,0,166,2.2,0.389,0.686,0.057,28,2.2,6.2,4.3,6.3,1.5,0.8,21.8,14.4,-0.1,0.1,0,-0.01,-4.4,-0.7,-5.1,NA,southern-methodist,2020
11,William Douglas,G,3,0,17,0.9,0.333,0.667,0,2,0,6.8,3.5,10.3,3.6,0,25,12.2,0,0,0,-0.009,-11,1.4,-9.6,NA,southern-methodist,2020
12,Alex Tabor Jr.,G,7,0,8,35.8,0.588,1,0.4,5,0,43.2,22.2,0,0,0,0,38.6,0,0,0.1,0.261,11.3,-0.4,10.9,NA,southern-methodist,2020
13,Grant Youngkin,G,8,0,8,-30.5,0,0.333,0,1,15.2,14.4,14.8,0,0,0,0,38.9,-0.1,0,-0.1,-0.431,-29.4,-15.8,-45.2,NA,southern-methodist,2020
NA,Team Totals,,30,30,6125,NA,0.557,0.428,0.317,NA,NA,NA,NA,NA,NA,NA,NA,NA,12.7,6.5,19.2,0.125,2.4,0.2,2.6,NA,southern-methodist,2020
1,Kendric Davis,G,17,17,589,27.5,0.583,0.283,0.354,353,1.6,11.5,6.7,46.3,2.6,0.2,12.9,26.5,2.8,1,3.8,0.255,8,2.5,10.5,NA,southern-methodist,2021
2,Emmanuel Bandoumel,G,17,17,487,11.6,0.546,0.562,0.328,159,2.9,8.4,5.7,8.5,0.9,1.2,15,18.8,0.6,0.6,1.2,0.102,1.4,0.2,1.6,NA,southern-methodist,2021
3,Feron Hunt,F,16,16,451,20.6,0.608,0.2,0.36,163,8.5,22.4,15.7,4.3,2.1,3.5,16.5,19.1,0.9,1,1.9,0.169,3.7,2.1,5.8,NA,southern-methodist,2021
4,Ethan Chargois,F,17,17,409,14.4,0.475,0.438,0.321,162,6.3,18.4,12.6,19.3,2.1,2,18.6,23.3,0.3,0.8,1.1,0.109,1.3,1.7,3,NA,southern-methodist,2021
5,Isiah Jasey,F,17,15,307,7.2,0.455,0,0.21,65,7.6,15.7,11.8,4,0.9,6.3,26.8,14.9,-0.2,0.6,0.3,0.04,-4.4,1.8,-2.6,NA,southern-methodist,2021
6,Darius McNeill,G,12,1,285,11.2,0.549,0.547,0.12,79,2.9,9,6.1,7.5,1.6,0.4,13.1,15.7,0.4,0.4,0.7,0.104,0.6,1,1.6,NA,southern-methodist,2021
7,Charles Smith IV,G,17,0,251,13.7,0.654,0.746,0.143,73,2.8,7.7,5.3,5.8,1.1,0.5,11.8,14.9,0.6,0.3,0.9,0.136,2.5,0.5,3.1,NA,southern-methodist,2021
8,Tyson Jolly,G,8,1,195,11.6,0.53,0.397,0.431,66,4.2,17.1,10.9,5.7,0.6,2.3,16.7,21.1,0.2,0.3,0.5,0.096,0.5,0.8,1.3,NA,southern-methodist,2021
9,Yor Anei,F,11,1,191,19.7,0.636,0.152,0.522,67,9.1,5.1,7,3,1.5,14.4,17.3,17.8,0.4,0.4,0.8,0.165,0.7,4.7,5.4,NA,southern-methodist,2021
10,William Douglas,G,11,0,138,10.3,0.489,0.486,0.162,44,5.1,7,6.1,19.1,4.1,0.8,27.3,19.5,0,0.3,0.3,0.075,-3.3,2.4,-0.9,NA,southern-methodist,2021
11,Jahmar Young Jr.,F,8,0,52,15.2,0.43,0,0.889,17,24.6,22.7,23.6,6.3,2.2,4.4,28.1,16.8,0,0.1,0.2,0.115,-2.6,-0.6,-3.1,NA,southern-methodist,2021
12,Everett Ray,F,7,0,35,7.3,0.5,0.333,0,7,10,18.4,14.4,4.9,0,0,14.3,9.8,0,0.1,0.1,0.099,-2.8,-0.1,-2.9,NA,southern-methodist,2021
13,Alex Tabor Jr.,G,5,0,10,0.2,0.357,0.571,0,4,0,0,0,0,0,0,0,34.4,0,0,0,-0.032,-12.7,-6.7,-19.4,NA,southern-methodist,2021
NA,Team Totals,,17,17,3400,NA,0.553,0.371,0.312,NA,NA,NA,NA,NA,NA,NA,NA,NA,6,5.7,11.7,0.137,1.9,1.6,3.5,NA,southern-methodist,2021
1,Kendric Davis,G,32,32,1107,23.8,0.603,0.494,0.487,611,1.7,9.5,5.9,28,2.5,0.3,14.3,27.7,4.2,1.8,5.9,0.215,5.5,1.9,7.4,NA,southern-methodist,2022
2,Emmanuel Bandoumel,G,33,33,1017,12.1,0.505,0.63,0.196,334,3,9.9,6.7,11.1,1.1,0.9,10.8,19.4,1.3,1.4,2.7,0.104,1.1,0.5,1.7,NA,southern-methodist,2022
3,Marcus Weathers,F,33,25,927,21.4,0.58,0.22,0.443,416,8.6,19.2,14.3,13.6,1.1,2.2,12.7,22.9,2.6,1.7,4.4,0.189,3.6,1.6,5.2,NA,southern-methodist,2022
4,Michael Weathers,G,31,19,831,19.8,0.566,0.182,0.462,342,5.1,17.7,11.9,16.6,3.4,5.2,21.6,23.5,1.1,2.1,3.2,0.153,1.4,4.7,6.1,NA,southern-methodist,2022
5,Zach Nutall,G,33,29,792,9.5,0.472,0.703,0.164,217,2.1,13.6,8.3,11.7,1.2,0.4,12.9,17.4,0.4,1.2,1.6,0.08,-0.6,0.8,0.2,NA,southern-methodist,2022
6,Zhuric Phelps,G,32,1,477,9.9,0.445,0.315,0.242,130,3.7,9.6,6.9,13.2,3.3,0.6,18.8,18.2,-0.1,0.9,0.8,0.064,-2.6,2.7,0.1,NA,southern-methodist,2022
7,Tristan Clark,F,29,1,409,18,0.705,0,0.444,119,7.4,15.6,11.8,7.8,1,5.2,17.1,13.1,1,0.8,1.8,0.172,0.5,3.2,3.6,NA,southern-methodist,2022
8,Jalen Smith,G,29,8,320,8.6,0.577,0.75,0.063,57,3.3,5,4.2,7.3,0.9,0.3,10.8,8.8,0.4,0.3,0.7,0.089,0.4,1.1,1.5,NA,southern-methodist,2022
9,Isiah Jasey,F,15,15,201,7.6,0.367,0,0.313,35,9.9,13.4,11.7,2.6,2.6,7.7,29,13.1,-0.2,0.4,0.2,0.041,-5.7,2.8,-2.9,NA,southern-methodist,2022
10,Stefan Todorovic,F,24,0,193,14.7,0.613,0.885,0.173,59,3,11.8,7.8,6.1,0.3,0,5.1,15.6,0.5,0.2,0.7,0.145,4.5,0,4.5,NA,southern-methodist,2022
11,Jahmar Young Jr.,F,26,0,186,17.2,0.652,0,0.893,55,10.7,13.9,12.4,7.2,0.9,7.3,20.1,13.7,0.4,0.4,0.7,0.159,0.1,3,3.2,NA,southern-methodist,2022
12,Franklin Agunanne,F,23,2,153,11.9,0.536,0,0.45,32,9.9,19.5,15.1,5.9,1.1,3.2,17.1,9.7,0.2,0.3,0.5,0.126,-1.3,2.9,1.7,NA,southern-methodist,2022
13,Darius McBride,G,10,0,12,13.7,0.769,0,2,2,0,16.6,8.9,0,0,0,0,8.3,0,0,0,0.142,-1,2.6,1.6,NA,southern-methodist,2022
NA,Team Totals,,33,33,6625,NA,0.555,0.422,0.356,NA,NA,NA,NA,NA,NA,NA,NA,NA,11.7,11.5,23.1,0.14,1.5,2,3.5,NA,southern-methodist,2022
1,Zach Nutall,G,32,32,1013,14.3,0.514,0.53,0.269,399,1.5,9.1,5.2,17.8,2,1.3,12.8,22.9,1.2,0.8,2,0.078,1.8,0.2,2,NA,southern-methodist,2023
2,Samuell Williamson,G,32,30,955,16.2,0.49,0.063,0.275,332,9.5,18.3,13.7,17.5,2.7,2.7,17.6,19.1,0.8,1.3,2,0.085,0.1,1.7,1.8,NA,southern-methodist,2023
3,Zhuric Phelps,G,30,30,941,18.2,0.472,0.32,0.356,502,3.2,10.3,6.7,24.1,4.1,1.2,12.7,33.4,0.6,1.2,1.8,0.075,2.4,1.8,4.2,NA,southern-methodist,2023
4,Jalen Smith,G,32,23,849,7.3,0.52,0.598,0.352,166,1.2,5.6,3.3,16,1.1,1.4,22.8,10.7,0.4,0.4,0.8,0.035,-2.5,0,-2.5,NA,southern-methodist,2023
5,Efe Odigie,F,32,31,834,17,0.548,0.025,0.403,351,9.4,20.8,14.9,8.4,1,1,16.6,23.5,1.2,0.8,2,0.095,0.2,-0.9,-0.7,NA,southern-methodist,2023
6,Stefan Todorovic,F,31,7,516,11.7,0.511,0.676,0.31,151,2.1,14.5,8.2,4.8,1.6,1.3,9.8,17.6,0.5,0.5,0.9,0.073,0.1,0.2,0.3,NA,southern-methodist,2023
7,Keon Ambrose-Hylton,F,32,3,458,14.8,0.652,0.071,0.386,103,7.1,15.1,11,3.8,0.9,5.2,9.8,9.9,0.8,0.4,1.3,0.11,0,0.9,0.8,NA,southern-methodist,2023
8,Ricardo Wright,G,27,0,266,8.1,0.508,0.675,0.13,71,0.4,8.7,4.4,6.6,1.3,0.4,8.9,16.7,0.2,0.2,0.3,0.052,-2.5,-0.6,-3.1,NA,southern-methodist,2023
9,Emory Lanier,G,27,0,207,4.8,0.435,0.65,0.675,48,1.6,10.6,6,11.1,2.2,1,21,15.9,-0.1,0.2,0.1,0.013,-6.7,0.6,-6.1,NA,southern-methodist,2023
10,Jefferson Koulibaly,G,18,1,151,4.8,0.503,0.6,0.24,29,0.7,11.5,5.9,14.1,2.3,0.7,33.5,13.7,-0.1,0.1,0,0.001,-4.3,1,-3.3,NA,southern-methodist,2023
11,Mo Njie,C,25,0,150,11.5,0.559,0.034,0.621,43,10.2,19.2,14.6,5.2,0.4,6.5,25.7,16.6,0.1,0.2,0.2,0.057,-4.5,0.8,-3.7,NA,southern-methodist,2023
12,Franklin Agunanne,F,16,2,78,1.5,0.347,0,0.167,11,7,22.2,14.4,2.2,0,0,23.6,10.7,-0.1,0.1,0,-0.01,-7.6,-1.2,-8.8,NA,southern-methodist,2023
13,Darius McBride,G,10,1,51,0.1,0.303,0.75,0.5,4,4.3,4.5,4.4,3.3,1.1,2.1,28.8,6.7,0,0,0,-0.019,-5.7,0.1,-5.6,NA,southern-methodist,2023
14,Xavier Foster,F,10,0,25,4.6,0.309,0.167,0.167,3,0,18.5,9,0,2.3,4.3,0,12.8,0,0,0,0.004,-5.9,2,-3.9,NA,southern-methodist,2023
15,Jackson Young,G,5,0,6,-21.9,0,1,0,0,0,0,0,0,0,0,0,24.7,-0.1,0,-0.1,-0.351,-18.4,-9.9,-28.4,NA,southern-methodist,2023
16,Trey Utter,G,2,0,1,0,NA,NA,NA,0,0,0,0,0,0,0,NA,0,0,0,0,-0.003,-4.4,-3,-7.4,NA,southern-methodist,2023
NA,Team Totals,,32,32,6501,NA,0.506,0.337,0.33,NA,NA,NA,NA,NA,NA,NA,NA,NA,5.2,6.1,11.2,0.069,-0.3,0.5,0.2,NA,southern-methodist,2023
1,Zhuric Phelps,G,33,32,963,18.2,0.474,0.316,0.368,475,4.6,10.6,7.6,17.5,3.8,1.7,11.9,29.4,1.4,1.7,3.2,0.131,1.1,2.3,3.5,NA,southern-methodist,2024
2,Chuck Harris,G,32,32,954,17,0.555,0.472,0.186,412,3,8.7,5.8,21.2,1.9,0.7,13.9,22.6,2.2,1.2,3.4,0.145,3.3,0.7,4,NA,southern-methodist,2024
3,Samuell Williamson,G,33,32,778,16.1,0.461,0.079,0.257,276,8.2,24.5,16.2,11.4,2.7,2.7,13.4,21.3,0.6,1.7,2.3,0.117,-1.2,2,0.8,NA,southern-methodist,2024
4,Jalen Smith,G,33,4,708,12.2,0.576,0.711,0.25,193,2.8,7.7,5.2,12.9,2.1,1.1,17.9,14.1,1,0.9,1.9,0.107,0.8,1.7,2.5,NA,southern-methodist,2024
5,Keon Ambrose-Hylton,F,33,20,634,20.8,0.628,0.052,0.405,218,11.2,12.1,11.6,7.2,1.3,4.8,7.1,14.9,1.9,0.9,2.8,0.178,2.7,1.9,4.6,NA,southern-methodist,2024
6,Tyreek Smith,F,33,13,634,26.2,0.61,0,0.511,258,13.4,17.1,15.2,4.7,3.1,9.4,10.9,18.9,1.9,1.5,3.4,0.213,2.8,4,6.8,NA,southern-methodist,2024
7,B.J. Edwards,G,33,30,611,14,0.496,0.228,0.167,169,6.3,12,9.1,25.4,3.1,0.7,24.5,12.9,0.7,1,1.7,0.11,0.1,2.6,2.8,NA,southern-methodist,2024
8,Ja'Heim Hudson,F,31,1,470,17.8,0.552,0.434,0.349,171,10.6,13.3,11.9,10.2,2.2,3.9,14.3,18,1,0.8,1.8,0.154,2,2.1,4,NA,southern-methodist,2024
9,Ricardo Wright,G,32,1,464,14.4,0.537,0.679,0.139,184,3.4,10.4,6.8,9.5,1.5,0.5,10.7,23.2,0.9,0.6,1.4,0.124,1.9,0,1.9,NA,southern-methodist,2024
10,Emory Lanier,G,33,0,335,13.7,0.611,0.793,0.272,112,2.5,8.5,5.5,9.7,1.7,0.3,11.1,16.8,0.8,0.4,1.2,0.146,0,0.9,1,NA,southern-methodist,2024
11,Mo Njie,C,13,0,46,9.3,0.358,0,0.154,12,9.2,23.8,16.4,14.6,0,7.1,17.7,17.8,0,0.1,0.1,0.047,-5.3,1.1,-4.2,NA,southern-methodist,2024
12,Jackson Young,G,8,0,11,21.9,0.375,0.875,0,6,29,39.8,34.3,0,5.3,0,11.1,39.4,0,0,0,0.12,0,-3,-3,NA,southern-methodist,2024
13,Trey Utter,G,7,0,10,12.6,0.769,0,2,2,0,0,0,0,0,0,0,9.4,0,0,0,0.113,-1.7,-1.2,-2.9,NA,southern-methodist,2024
14,Xavier Foster,F,4,0,8,-4.3,0,1,0,1,13.3,13.7,13.5,0,0,27.2,0,18.1,0,0,0,-0.088,-15.8,1.8,-14,NA,southern-methodist,2024
NA,Team Totals,,33,33,6626,NA,0.533,0.352,0.29,NA,NA,NA,NA,NA,NA,NA,NA,NA,12.3,10.9,23.2,0.14,1.3,1.9,3.2,NA,southern-methodist,2024
1,B.J. Edwards,G,35,35,1030,18.2,0.536,0.302,0.313,378,4.2,13.3,8.9,21.5,4.6,0.9,16.5,18.5,1.7,2,3.7,0.145,2.2,4.8,7,NA,southern-methodist,2025
2,Matt Cross,F,34,31,1001,19.8,0.595,0.464,0.311,393,9.5,19.2,14.6,10.1,2.4,2.2,14.1,19.2,2.4,1.8,4.1,0.165,4.4,2.2,6.6,NA,southern-methodist,2025
3,Chuck Harris,G,35,19,954,16.7,0.584,0.524,0.221,420,2.4,9.1,5.9,18.1,1.6,0.8,13.9,23.1,2.3,1.1,3.3,0.14,3.6,0.8,4.4,NA,southern-methodist,2025
4,Kario Oquendo,G,35,12,822,19.6,0.645,0.533,0.377,332,2.6,12.9,7.9,7.9,2.1,1.5,9.8,20.1,2.5,1.2,3.7,0.178,4.7,2,6.8,NA,southern-methodist,2025
5,Kevin Miller,G,28,28,817,18.6,0.516,0.293,0.315,405,1.4,9.3,5.5,34.5,3.1,1.1,14.8,25.2,1.9,1.2,3.1,0.15,2.7,2.1,4.8,NA,southern-methodist,2025
6,Samet Yigitoglu,C,32,32,783,17.9,0.548,0.022,0.574,319,11.5,16.8,14.2,7.7,1.6,4.8,14.6,21.5,1.3,1.3,2.6,0.134,0.3,1.8,2.1,NA,southern-methodist,2025
7,Yohan Traore,F,32,16,500,16.3,0.583,0.26,0.595,186,9.3,13.6,11.5,4.5,0.6,1.4,8.7,18.1,1.3,0.6,1.8,0.147,1.4,-0.2,1.1,NA,southern-methodist,2025
8,Keon Ambrose-Hylton,F,35,1,425,15.2,0.598,0.178,0.317,136,9.6,13,11.3,6.6,0.5,3,12.8,15.4,0.9,0.5,1.3,0.127,0.9,0.5,1.4,NA,southern-methodist,2025
9,Jerrell Colbert,C,33,0,278,15.2,0.659,0.023,0.909,86,10.9,12.8,11.9,5.3,2.9,9.5,28.4,15.6,0.3,0.6,0.9,0.125,-4.2,4.2,0,NA,southern-methodist,2025
10,Tibet Gorener,F,30,1,235,7.5,0.535,0.619,0.19,46,3.5,7.8,5.7,4.7,1.7,1.5,16.4,11.5,0.1,0.3,0.4,0.068,-1.9,1.3,-0.6,NA,southern-methodist,2025
11,AJ George,F,22,0,144,13.4,0.656,0.24,0.72,41,4.9,12,8.6,5.8,1.6,1.6,19.3,14.2,0.2,0.2,0.4,0.112,-0.1,0.6,0.5,NA,southern-methodist,2025
12,Jackson Young,G,7,0,6,60,0.9,1,0,4,0,0,0,0,0,0,0,41,0.1,0,0.1,0.362,36.6,1.6,38.3,NA,southern-methodist,2025
13,Trey Utter,G,5,0,4,9.3,NA,NA,NA,1,0,0,0,35.4,0,0,NA,0,0,0,0,0.102,2.6,0.5,3.1,NA,southern-methodist,2025
NA,Team Totals,,35,35,6999,NA,0.576,0.351,0.367,NA,NA,NA,NA,NA,NA,NA,NA,NA,15,10.4,25.5,0.146,2.3,2.1,4.3,NA,southern-methodist,2025
1,Kevin Miller,G,33,33,1166,22.1,0.606,0.377,0.435,658,1.8,10,6,30.6,2.3,0.2,14.1,25.1,4.2,1.1,5.3,0.181,5.9,1.6,7.6,NA,southern-methodist,2026
2,Jaron Pierre Jr.,G,34,32,1129,17.9,0.567,0.449,0.206,527,2.6,13.7,8.3,11.1,1.7,1.7,10.7,25.4,2.3,1.1,3.4,0.122,4.1,0.9,5,NA,southern-methodist,2026
3,Samet Yigitoglu,C,34,34,981,18.6,0.609,0.004,0.433,385,14.3,16.2,15.3,8.9,1,5.5,16.5,17.7,2.1,1.1,3.2,0.129,2.1,1.5,3.7,NA,southern-methodist,2026
4,Corey Washington,F,34,34,943,17,0.612,0.45,0.469,363,7.9,11.9,9.9,5,1.9,2.1,9.7,18,2.4,0.9,3.4,0.143,3,1.5,4.5,NA,southern-methodist,2026
5,B.J. Edwards,G,28,28,929,20.1,0.579,0.412,0.255,389,4.4,15.2,10,23.8,4,0.7,14.9,18.9,2.2,1.4,3.6,0.155,4.1,4.1,8.2,NA,southern-methodist,2026
6,Jaden Toombs,C,27,5,539,19.1,0.596,0.154,0.225,213,8.4,16.9,12.8,9.8,1.5,3.9,10.5,18.8,1.3,0.6,1.9,0.14,3.6,2.4,6.1,NA,southern-methodist,2026
7,Jermaine O'Neal Jr.,F,34,2,507,11.3,0.529,0.449,0.087,138,4.6,10.5,7.6,4,1.8,2.7,10,15.3,0.5,0.5,1,0.077,0.6,1.5,2.1,NA,southern-methodist,2026
8,B.J. Davis-Ray,F,32,0,226,5.9,0.426,0.511,0.089,45,4.6,6.7,5.7,7.7,2.3,0.6,16.1,12,0,0.2,0.2,0.032,-2.5,1.6,-0.9,NA,southern-methodist,2026
9,Sam Walters,F,24,2,222,7.2,0.521,0.717,0.017,61,5.8,6.9,6.3,6.2,0.3,1.1,13,15.2,0.2,0.1,0.3,0.05,-0.9,-0.6,-1.5,NA,southern-methodist,2026
10,Mitchell Holmes,F,26,0,137,14.2,0.732,0,0.185,37,4.2,14.3,9.4,4.7,0.8,3.6,12,11.8,0.3,0.1,0.4,0.124,-0.5,2.3,1.8,NA,southern-methodist,2026
11,Chance Puryear,G,14,0,36,-3.9,0.311,0.6,0.6,5,9.7,9.1,9.4,0,0,3.5,38.4,14.1,-0.1,0,-0.1,-0.082,-8.7,-1.8,-10.5,NA,southern-methodist,2026
12,Nigel Walls,F,9,0,32,1.9,0,0.5,0,1,0,6.8,3.5,8.2,3.5,15.6,50,6.1,-0.1,0.1,0,-0.01,-8.4,6.6,-1.8,NA,southern-methodist,2026
13,Trey Utter,G,2,0,3,0,NA,NA,NA,0,0,0,0,0,0,0,NA,0,0,0,0,-0.001,-4.7,0.5,-4.2,NA,southern-methodist,2026
14,Niccolo Kalischer-Stork,G,2,0,2,-49.7,0,NA,NA,0,0,0,0,0,0,0,51.3,47.3,0,0,0,-0.897,-34.7,-16.9,-51.6,NA,southern-methodist,2026
NA,Team Totals,,34,34,6852,NA,0.585,0.359,0.304,NA,NA,NA,NA,NA,NA,NA,NA,NA,15.3,7.2,22.5,0.131,3.1,1.8,4.9,NA,southern-methodist,2026
1,Angelo Johnson,G,32,30,1010,14.6,0.567,0.428,0.48,271,0.3,11.9,6.1,23,1.8,0.7,16.8,12.7,2.1,1.4,3.5,0.139,1.6,1.9,3.4,NA,southern-mississippi,2011
2,R.L. Horton,G,32,32,998,17.1,0.531,0.286,0.368,367,1.3,9.5,5.4,13.2,1.9,0.1,9.5,20.8,2.6,1.2,3.8,0.151,2.1,1.2,3.2,NA,southern-mississippi,2011
3,D.J. Newbill,G,32,32,977,16.8,0.593,0.075,0.674,317,11.5,12.1,11.8,9.9,1.5,0.4,19.6,15.8,2.3,1.2,3.5,0.143,3,0.5,3.4,NA,southern-mississippi,2011
4,Gary Flowers,F,31,30,965,27.9,0.558,0.267,0.283,522,9.4,19.4,14.4,8.2,2.1,5.4,12.7,31.1,3.3,1.9,5.2,0.215,6.6,1.3,7.9,NA,southern-mississippi,2011
5,Josimar Ayarza,F,32,17,575,19.1,0.55,0.06,0.607,236,11.3,13.7,12.5,6.9,0.7,4.3,15.3,22.3,1.5,0.8,2.3,0.159,0.2,0.1,0.3,NA,southern-mississippi,2011
6,Maurice Bolden,G,32,12,543,18.7,0.508,0.231,0.333,217,13.4,16.4,14.9,4.5,1.1,4.6,15,23.5,1.1,0.9,1.9,0.142,0.4,-0.5,-0.1,NA,southern-mississippi,2011
7,Sai'Quon Stone,G,31,4,497,14.3,0.601,0.015,1.164,140,7.7,7.9,7.8,10.7,2.8,1,23.5,13.8,1,0.7,1.7,0.135,0.4,2.6,3,NA,southern-mississippi,2011
8,LaShay Page,G,27,1,490,10.4,0.467,0.595,0.202,147,0.7,12.5,6.6,7,1.2,0.7,11.4,20.7,0.5,0.6,1.1,0.087,0,0.1,0.2,NA,southern-mississippi,2011
9,Ahyaro Phillips,F,25,2,223,12,0.498,0.034,0.153,68,14,18.7,16.3,7,0.8,4.3,24,18.8,0.1,0.4,0.5,0.086,-4.9,0.4,-4.5,NA,southern-mississippi,2011
10,Torye Pelham,F,7,0,97,20.5,0.638,0.043,0.261,31,11.9,9.5,10.7,2.1,1.9,3.7,7.2,14.4,0.3,0.1,0.5,0.189,0,0.9,0.9,NA,southern-mississippi,2011
11,Cedric Jenkins,G,4,0,23,7.7,0.264,0.778,0.111,6,0,25.1,12.6,23.5,5.3,0,0,20.7,0,0.1,0.1,0.096,-14.1,3.5,-10.6,NA,southern-mississippi,2011
12,Kody Williams,G,4,0,16,22.8,0.842,NA,NA,6,0,14.4,7.2,38.9,3.8,0,29.6,10.6,0.1,0,0.1,0.245,0.2,6.6,6.7,NA,southern-mississippi,2011
13,Kayland Partee,G,7,0,11,4.2,0.25,0.625,0,4,10.5,10.5,10.5,0,5.5,0,0,36.6,0,0,0,-0.016,-17.8,-6.5,-24.3,NA,southern-mississippi,2011
NA,Team Totals,,32,32,6425,NA,0.544,0.257,0.413,NA,NA,NA,NA,NA,NA,NA,NA,NA,14.7,9.3,24,0.149,1.9,1,2.8,NA,southern-mississippi,2011
1,LaShay Page,G,33,32,1213,11.9,0.525,0.638,0.201,333,1.8,10.9,5.7,4.3,0.9,0.2,9,17,2.1,1.1,3.2,0.105,2.2,0.1,2.3,NA,southern-mississippi,2012
2,Angelo Johnson,G,34,33,1174,10.5,0.449,0.296,0.259,328,1,11.2,5.4,17.5,1.7,0.5,14.3,18.4,0.9,1.3,2.2,0.075,-1.3,0.8,-0.5,NA,southern-mississippi,2012
3,Neil Watson,G,34,4,1027,19.8,0.528,0.339,0.603,443,1.7,12.3,6.3,30.7,2.4,0.3,15.4,23.3,3,1.3,4.3,0.167,3.9,1.4,5.3,NA,southern-mississippi,2012
4,Maurice Bolden,G,34,34,846,18.1,0.49,0.227,0.374,318,8.1,19.5,13,8.5,1.3,4.8,12,23.2,1.5,1.3,2.8,0.131,1.5,0.7,2.2,NA,southern-mississippi,2012
5,Jonathan Mills,F,34,15,787,20.5,0.546,0,0.689,323,13.2,20.7,16.4,6.3,1.7,1.2,15.7,22.8,1.9,1.1,3.1,0.156,1.9,0.1,2,NA,southern-mississippi,2012
6,Torye Pelham,F,33,19,641,23.5,0.667,0.086,0.422,213,16.5,14.6,15.7,4.4,3.5,4.5,18.1,15,2,1.2,3.1,0.194,3.5,2.4,5.9,NA,southern-mississippi,2012
7,Rashard McGill,G,31,27,454,7.6,0.385,0.102,0.443,98,10.4,15.1,12.4,5.4,1.6,0.5,17.1,14.5,0.1,0.6,0.6,0.054,-3.1,0.6,-2.5,NA,southern-mississippi,2012
8,Darnell Dodson,G,24,0,453,29.9,0.559,0.307,0.401,238,9.7,24.8,16.2,4,2.9,3.6,8.4,29.7,1.9,0.9,2.7,0.242,7.9,2.1,10,NA,southern-mississippi,2012
9,Cedric Jenkins,G,31,5,308,13.7,0.547,0.541,0.027,82,9.3,16.6,12.4,6.7,0.8,0.4,12.8,14.3,0.6,0.3,0.9,0.121,3,0.6,3.6,NA,southern-mississippi,2012
10,Keith DeWitt,F,2,0,27,-9.2,0.256,0,2,2,0,10.8,4.6,6.3,2.3,0,56.2,16.9,-0.1,0,-0.1,-0.166,-11.8,3.2,-8.6,NA,southern-mississippi,2012
11,Ahyaro Phillips,F,4,0,25,10.2,0.507,0,0.8,8,17.6,17.5,17.6,0,0,9.2,30.3,20.3,0,0,0,0.063,-5.1,4.2,-0.9,NA,southern-mississippi,2012
12,Richard Carlisle,G,4,0,11,10.5,0.333,0.333,0,2,0,0,0,0,11.3,0,0,14,0,0,0,0.094,-11.3,1.5,-9.8,NA,southern-mississippi,2012
13,Alahjah Franklin,G,3,0,9,-21.3,0,0.333,0,0,0,0,0,0,0,12.8,25,22.8,-0.1,0,-0.1,-0.297,-19.9,-5.6,-25.5,NA,southern-mississippi,2012
NA,Team Totals,,34,34,6975,NA,0.517,0.304,0.394,NA,NA,NA,NA,NA,NA,NA,NA,NA,13.7,9.1,22.8,0.131,1.8,0.9,2.7,NA,southern-mississippi,2012
1,Neil Watson,G,36,28,1168,17.2,0.629,0.551,0.419,396,2.2,9.1,5.5,27,3.3,0.1,24.3,16.1,3,1.8,4.8,0.165,2.5,1.4,3.9,NA,southern-mississippi,2013
2,Jerrold Brooks,G,37,35,1128,15.5,0.532,0.576,0.129,372,1.2,9.5,5.2,14.4,2.7,0,11.3,19.2,2.5,1.6,4.1,0.144,2.9,1.2,4.1,NA,southern-mississippi,2013
3,Jonathan Mills,F,37,36,1075,18.4,0.533,0,0.473,377,15.7,20.4,18,9.7,2.1,2.1,17.8,18.6,2.3,2,4.2,0.157,1.3,0.4,1.7,NA,southern-mississippi,2013
4,Dwayne Davis,F,34,31,1026,20.9,0.598,0.362,0.322,491,2.6,17.2,9.7,18.2,2.3,0.9,20,28.2,2.7,1.7,4.4,0.173,3.8,0.7,4.5,NA,southern-mississippi,2013
5,Rashard McGill,G,37,14,745,10.6,0.517,0.342,0.388,185,6.1,14.6,10.2,6.8,1.9,1.2,19.3,15.2,0.7,1.1,1.9,0.099,-0.9,0.9,-0.1,NA,southern-mississippi,2013
6,Daveon Boardingham,F,36,25,737,23,0.602,0.005,0.641,290,12.8,12.7,12.8,3.2,2.5,9.2,13.7,20.7,2.3,1.4,3.6,0.196,1.2,1.4,2.5,NA,southern-mississippi,2013
7,Cedric Jenkins,G,35,4,475,16.2,0.504,0.608,0.196,152,3.7,9.6,6.6,11.5,4.5,1.6,12.9,19.9,0.8,0.9,1.6,0.138,0.2,2.5,2.7,NA,southern-mississippi,2013
8,Michael Craig,G,24,10,472,26.8,0.618,0.04,0.331,226,13.6,19.9,16.6,23.5,4.6,1.6,20.5,23.7,1.7,1.1,2.8,0.237,4.3,4.2,8.4,NA,southern-mississippi,2013
9,Norville Carey,F,37,0,402,19.6,0.554,0,0.573,145,10.7,16.3,13.4,3.4,3.6,4.8,17.2,21.4,0.7,0.8,1.6,0.155,0.4,1.9,2.3,NA,southern-mississippi,2013
10,Deon Edwin,G,30,2,262,6.6,0.444,0.317,0.439,55,8.2,13.8,10.9,11.6,2.8,1.1,35.3,14.9,-0.2,0.4,0.2,0.036,-4.1,1.1,-3,NA,southern-mississippi,2013
11,Jamie Chapman,G,11,0,18,31.3,0.67,0.75,0.25,8,0,7.4,3.6,0,13.4,0,18.3,31,0,0.1,0.1,0.233,-7.4,13.3,5.9,NA,southern-mississippi,2013
12,Christian Robbins,F,11,0,17,6.2,0.256,0,2,1,7.4,7.9,7.6,0,0,17.3,0,5.8,0,0,0,0.055,-2,2.5,0.4,NA,southern-mississippi,2013
NA,Team Totals,,37,37,7525,NA,0.566,0.313,0.362,NA,NA,NA,NA,NA,NA,NA,NA,NA,16.5,12.8,29.4,0.156,1.7,1.4,3.1,NA,southern-mississippi,2013
1,Neil Watson,G,36,35,1127,16.5,0.579,0.645,0.39,401,1.2,8.5,4.9,25.4,3.1,0,16.7,18.2,2.8,2.1,4.8,0.171,2.5,2,4.5,NA,southern-mississippi,2014
2,Aaron Brown,G,36,30,973,15.8,0.576,0.458,0.621,343,6.9,12.8,9.8,9.9,1.6,0.3,14.6,19.2,2.2,1.6,3.8,0.157,3,0.4,3.4,NA,southern-mississippi,2014
3,Jerrold Brooks,G,34,32,943,12,0.501,0.645,0.262,318,1.6,7.3,4.5,18.7,2.4,0,15.3,20.9,1.2,1.6,2.7,0.115,0.6,0.6,1.2,NA,southern-mississippi,2014
4,Daveon Boardingham,F,36,27,805,21.6,0.612,0,0.771,348,12.4,13.8,13.1,6.7,1.4,6.4,16.2,23.2,2.2,1.6,3.8,0.187,0.9,0.8,1.8,NA,southern-mississippi,2014
5,Michael Craig,G,33,24,805,24.6,0.613,0.004,0.549,367,11.7,26.2,18.9,22.1,3.1,1.8,20.9,24.1,2,2.1,4,0.201,4.3,3.1,7.4,NA,southern-mississippi,2014
6,Jeremiah Eason,F,36,14,709,11.8,0.513,0,0.705,212,12.7,12.5,12.6,6.5,2.2,0.8,20.1,17.6,0.6,1.3,1.9,0.106,-2.3,0,-2.3,NA,southern-mississippi,2014
7,Deonte Houston,G,36,5,651,9,0.453,0.241,0.698,161,2.8,6.6,4.7,18.1,2.7,0,19.3,15.1,0.3,1.1,1.4,0.088,-2,1.6,-0.4,NA,southern-mississippi,2014
8,Matt Bingaya,G,36,8,506,21,0.541,0.045,0.526,200,11.5,21,16.2,8,3.3,2.9,13.3,22.8,1,1.3,2.2,0.177,1,1.7,2.7,NA,southern-mississippi,2014
9,Chip Armelin,G,35,5,470,15.3,0.569,0.403,0.129,141,4.2,12.9,8.5,7.5,3.3,0.6,13.5,18.6,0.6,1,1.6,0.138,0.4,1.8,2.2,NA,southern-mississippi,2014
10,Norville Carey,F,26,0,159,14.8,0.491,0,0.575,49,10.9,16.3,13.6,5.2,1.9,5.6,15,19.3,0.1,0.3,0.5,0.117,-1.6,0.5,-1.1,NA,southern-mississippi,2014
11,Ude Ifeanyichukwu,F,17,0,51,12.3,0.48,0,0.714,11,12.1,17,14.5,3.6,1.2,14.4,17.6,11.4,0,0.1,0.2,0.127,-7.3,3.5,-3.8,NA,southern-mississippi,2014
12,Jamie Chapman,G,14,0,26,-4.5,0.309,0.625,0.875,7,0,9.5,4.8,6.8,7.1,0,30.6,32.2,-0.1,0.1,-0.1,-0.114,-12.5,8.8,-3.7,NA,southern-mississippi,2014
NA,Team Totals,,36,36,7225,NA,0.555,0.306,0.507,NA,NA,NA,NA,NA,NA,NA,NA,NA,12.8,14.1,26.9,0.149,1,1.3,2.3,NA,southern-mississippi,2014
1,Chip Armelin,G,29,29,1022,19.4,0.563,0.464,0.242,412,4.6,10.2,7.4,15.1,2.1,0.7,12.3,25.3,2.1,0.6,2.7,0.105,3.8,-1.9,1.8,NA,southern-mississippi,2015
2,Matt Bingaya,G,28,26,914,17.9,0.518,0.298,0.427,372,5.3,17.3,11.3,17.2,2.6,2.1,17.3,27.5,0.9,1,1.8,0.08,0.2,-0.9,-0.7,NA,southern-mississippi,2015
3,Norville Carey,F,27,16,730,20.3,0.581,0.082,0.44,273,10.1,16.1,13.1,8.1,2.1,4.2,17.2,23.2,1.3,0.7,2,0.109,0.6,-1.1,-0.5,NA,southern-mississippi,2015
4,Kevin Holland,G,29,11,562,2.3,0.331,0.724,0.086,60,0,9.4,4.7,17,2,0,39.2,9.9,-0.8,0.3,-0.5,-0.038,-6.8,-0.9,-7.7,NA,southern-mississippi,2015
5,Rasham Suarez,G,18,18,550,10.4,0.532,0.67,0.2,146,1.2,12.1,6.7,26.5,1.7,0.2,26.3,17.4,0.2,0.3,0.5,0.036,-2.3,-2.8,-5.1,NA,southern-mississippi,2015
6,Jeremiah Eason,F,18,18,446,2.9,0.31,0.044,0.544,65,6.3,11.8,9.1,6.5,0.7,0.9,17.4,13,-0.5,0.2,-0.4,-0.034,-5.8,-2.8,-8.6,NA,southern-mississippi,2015
7,Keljin Blevins,G,25,13,397,1.6,0.341,0.554,0.375,54,2.6,11.4,7,10.8,1.3,1,29.8,13.2,-0.7,0.2,-0.5,-0.048,-6.8,-1.4,-8.2,NA,southern-mississippi,2015
8,Davon Hayes,G,22,5,307,8.2,0.496,0.481,0.418,89,2.1,10.2,6.2,12,1.7,0.8,22.8,22.4,-0.1,0.2,0,0.002,-4,-2.4,-6.5,NA,southern-mississippi,2015
9,Shadell Millinghaus,G,18,6,300,19.9,0.58,0.429,0.549,124,7.2,10.9,9,13.6,2.8,0.8,14.8,25.1,0.7,0.2,0.9,0.123,1.4,-1.4,0,NA,southern-mississippi,2015
10,Jamie Chapman,G,23,0,274,6,0.432,0.261,0.652,42,7.4,8.2,7.8,15.5,1.9,1.4,30.1,8.8,0,0.1,0.2,0.027,-5.5,-0.4,-5.9,NA,southern-mississippi,2015
11,Michael O'Donnell,F,25,2,229,2.8,0.496,0.558,0.116,42,4.4,8.2,6.3,3.8,1.1,1.7,26.1,15,-0.2,0.1,-0.1,-0.014,-7,-1.7,-8.7,NA,southern-mississippi,2015
12,Dallas Anglin,G,6,1,99,20.4,0.664,0.65,0.75,35,0,7.6,3.8,20.3,3.2,0,10,17,0.4,0.1,0.4,0.181,-0.1,0.8,0.7,NA,southern-mississippi,2015
13,Eddie Davis,F,4,0,19,0.1,0.3,0.6,0,3,6.7,26.4,16.6,0,0,6.7,16.7,17.7,0,0,0,-0.043,6.5,2.1,8.6,NA,southern-mississippi,2015
NA,Team Totals,,29,29,5849,NA,0.518,0.385,0.358,NA,NA,NA,NA,NA,NA,NA,NA,NA,3.2,3.9,7.1,0.048,-1.7,-1.5,-3.2,NA,southern-mississippi,2015
1,Khari Price,G,29,29,859,16,0.549,0.525,0.329,320,2.4,10.4,6.4,36.7,2.4,0.8,19.4,20.2,1.5,0.7,2.3,0.106,0,-0.8,-0.8,NA,southern-mississippi,2016
2,Kourtlin Jackson,G,28,27,780,22.3,0.603,0.471,0.489,360,3.3,16.8,10,12.8,2.5,1.4,12.4,27.3,2,0.9,2.9,0.151,2.7,-0.6,2.1,NA,southern-mississippi,2016
3,Quinton Campbell,G,29,20,661,11.6,0.54,0.791,0.202,177,2,15.8,8.9,10.8,1.1,0.8,13.1,17.2,0.5,0.5,1.1,0.065,-0.3,-1.3,-1.7,NA,southern-mississippi,2016
4,Keljin Blevins,G,29,24,648,6.6,0.435,0.314,0.519,175,5.8,12.9,9.4,7.4,1.1,1.5,20.1,20.7,-0.6,0.5,-0.1,-0.007,-6.1,-2.4,-8.5,NA,southern-mississippi,2016
5,Raheem Watts,F,28,23,620,11.3,0.557,0.348,0.373,192,4.5,12.7,8.6,6.1,1.5,0.4,16.7,20.2,0.5,0.5,1,0.062,-4.3,-1.9,-6.2,NA,southern-mississippi,2016
6,Michael Ramey,G,29,5,488,8.7,0.519,0.651,0.06,131,0.7,8.4,4.6,5.6,0.8,0,8.9,19,0.2,0.2,0.4,0.036,-2.4,-2.3,-4.7,NA,southern-mississippi,2016
7,Tim Rowe,F,29,4,453,10.1,0.48,0.083,0.615,122,8.8,14.2,11.5,3.1,1.1,7.4,22.5,19.5,-0.2,0.5,0.3,0.023,-4.7,-0.6,-5.3,NA,southern-mississippi,2016
8,Cortez Edwards,G,29,1,417,6.8,0.38,0.382,0.176,78,2.3,13.4,7.9,22.4,2.4,1,26.8,13.3,-0.3,0.4,0.1,0.01,-5.4,0,-5.5,NA,southern-mississippi,2016
9,Michael O'Donnell,F,19,6,392,10.5,0.548,0.532,0.278,100,6.2,12.4,9.3,11.2,1.1,2.4,19,15.5,0.3,0.3,0.6,0.06,-3.1,-1.6,-4.7,NA,southern-mississippi,2016
10,Robert Thomas,G,29,0,390,8.2,0.561,0.708,0.523,97,1.2,9.6,5.4,18.5,1.6,0,27,15.7,0.1,0.2,0.4,0.039,-2.8,-0.9,-3.7,NA,southern-mississippi,2016
11,Eddie Davis,F,9,6,192,20.3,0.549,0.364,0.364,80,10.7,21.5,16.1,10.2,1.6,1.4,11.4,25.1,0.4,0.2,0.6,0.12,4.4,0,4.5,NA,southern-mississippi,2016
NA,Team Totals,,29,29,5900,NA,0.532,0.482,0.361,NA,NA,NA,NA,NA,NA,NA,NA,NA,4.5,5,9.5,0.064,-2,-1.2,-3.2,NA,southern-mississippi,2016
1,Quinton Campbell,G,31,31,1033,15.6,0.511,0.481,0.315,400,4,17.5,10.6,8.8,1.2,1.2,10.5,24.4,1,1.1,2.1,0.082,0.5,-2,-1.5,NA,southern-mississippi,2017
2,Cortez Edwards,G,31,21,1018,16.8,0.514,0.214,0.279,359,3.1,15.4,9.1,26.7,2.6,2,15.9,20.6,1,1.4,2.3,0.091,0.6,1,1.6,NA,southern-mississippi,2017
3,Kevin Holland,G,31,31,857,5.9,0.438,0.503,0.146,157,1.3,11,6,14.1,0.8,0.3,15.6,12.3,-0.1,0.6,0.5,0.022,-4.8,-1.3,-6.1,NA,southern-mississippi,2017
4,Michael Ramey,G,31,21,679,7.7,0.492,0.663,0.15,171,0.5,7.4,3.9,7.2,0.6,0.2,9.1,17.2,0.2,0.4,0.6,0.034,-2.7,-2.3,-5,NA,southern-mississippi,2017
5,Raheem Watts,F,31,30,671,7.2,0.508,0.231,0.422,196,3.8,16.8,10.2,5.5,1,1.3,24.4,21.6,-0.6,0.7,0.1,0.006,-6.6,-1.7,-8.3,NA,southern-mississippi,2017
6,Eddie Davis,F,30,12,562,12.4,0.469,0.314,0.289,213,11.6,17.1,14.3,8.2,0.7,3.1,16.9,25,0,0.6,0.6,0.041,-4.4,-2.4,-6.8,NA,southern-mississippi,2017
7,D'Angelo Richardson,G,28,1,419,5,0.392,0.44,0.286,97,2.4,8.4,5.3,21.6,2,0,25.3,17.5,-0.6,0.4,-0.2,-0.018,-6.4,-1.8,-8.1,NA,southern-mississippi,2017
8,Bilal Abdur-Rahim,G,26,1,312,17.1,0.559,0.105,0.5,121,8.6,16.2,12.3,18.4,2.3,0.4,16.5,21.6,0.5,0.4,0.9,0.111,-1.6,0.3,-1.3,NA,southern-mississippi,2017
9,Robert Thomas,G,26,0,212,9,0.556,0.659,0.341,53,2.1,10,6,13,1.1,0,20.1,14.9,0.1,0.2,0.3,0.054,-2.7,-1.1,-3.8,NA,southern-mississippi,2017
10,Tim Rowe,F,8,2,206,15.2,0.551,0.127,0.636,75,6.5,22.3,14.2,8.2,0.9,6.7,22.7,23.8,0,0.3,0.3,0.063,-3.1,0.6,-2.5,NA,southern-mississippi,2017
11,Khari Price,G,5,5,161,8.4,0.434,0.5,0.318,51,2.8,8,5.3,27.9,1.5,0,19.2,20.6,0,0.1,0.1,0.023,-4.6,-2,-6.6,NA,southern-mississippi,2017
12,Josh Conley,G,16,0,82,9.4,0.416,0.077,0.423,24,4.1,15.8,9.8,2.9,3.6,3.1,13.8,23.4,-0.1,0.1,0,0.014,-6,0.8,-5.1,NA,southern-mississippi,2017
13,Clay Weatherspoon,G,13,0,67,-1.6,0.311,0,0.6,5,3.3,8.8,6,2.8,0.9,0,43.8,9,-0.1,0,-0.1,-0.052,-9.8,-1.9,-11.7,NA,southern-mississippi,2017
14,Christian Clark,G,9,0,23,4.4,0.719,0.667,0.333,3,0,5.1,2.5,0,0,0,22.3,10.3,0,0,0,0.023,-6.4,-2.3,-8.7,NA,southern-mississippi,2017
NA,Team Totals,,31,31,6302,NA,0.493,0.379,0.304,NA,NA,NA,NA,NA,NA,NA,NA,NA,1.3,6.3,7.5,0.048,-2.9,-1.2,-4,NA,southern-mississippi,2017
1,Cortez Edwards,G,34,32,1219,23,0.555,0.196,0.285,567,6.7,15.2,10.8,17.6,3.4,1.5,10.8,25,2.9,1.6,4.5,0.148,3.5,-0.1,3.5,NA,southern-mississippi,2018
2,Tyree Griffin,G,34,34,1207,19.2,0.527,0.367,0.314,561,2.4,11.8,6.9,34.1,2.9,0.3,15.6,25.2,2.1,1.3,3.4,0.112,1.9,-1.1,0.8,NA,southern-mississippi,2018
3,Kevin Holland,G,34,32,1121,8.8,0.579,0.74,0.073,211,1,6.1,3.5,7.5,1.4,0.5,7.9,10.2,1.2,0.6,1.8,0.064,-1.3,-0.9,-2.2,NA,southern-mississippi,2018
4,Dominic Magee,G,32,26,840,19.1,0.546,0.439,0.425,346,3.6,27.9,15.3,11.5,2,0.8,10.7,24.3,1.3,1.2,2.5,0.119,1.4,-1.3,0.1,NA,southern-mississippi,2018
5,D'Angelo Richardson,G,34,8,656,7.4,0.485,0.489,0.331,169,1.1,8.2,4.5,16,1.7,0.4,20.3,16.4,0,0.5,0.5,0.029,-4.6,-1.8,-6.4,NA,southern-mississippi,2018
6,Tim Rowe,F,31,16,507,9.9,0.515,0.145,0.327,124,4.4,16.4,10.2,4.1,0.9,4.5,13.6,15.5,0.2,0.5,0.7,0.057,-4.4,-0.9,-5.3,NA,southern-mississippi,2018
7,Eddie Davis,F,31,20,471,13.7,0.655,0.291,0.33,151,8.4,8,8.2,5.8,0.9,2.3,18.5,16.5,0.9,0.3,1.2,0.099,-1,-1.6,-2.7,NA,southern-mississippi,2018
8,LaDavius Draine,G,28,0,330,18.8,0.58,0.6,0.144,130,5.3,17.9,11.4,5.2,1.3,0.8,5,22.7,0.7,0.3,1,0.123,4.1,-2.4,1.7,NA,southern-mississippi,2018
9,Anfernee Hampton,G,28,2,324,12.3,0.465,0.373,0.3,111,5.4,14.4,9.7,4.8,1.6,1.7,8.7,22.6,0.1,0.3,0.4,0.053,-1.8,-2,-3.8,NA,southern-mississippi,2018
10,Clay Weatherspoon,G,14,0,78,-1.6,0.202,0.4,0.5,7,4.5,12.9,8.5,0,0.8,0,13.9,9.8,-0.1,0,-0.1,-0.045,-9.3,-3.2,-12.5,NA,southern-mississippi,2018
11,Josh Conley,G,7,0,41,-5.6,0.145,0.2,0.8,3,0,15.3,7.4,7.6,0,0,22.5,11.6,-0.1,0,-0.1,-0.093,-12.8,-5.3,-18.1,NA,southern-mississippi,2018
12,Rodney Gill,G,9,0,31,-6.1,0,0.5,0.2,4,7.5,8.1,7.8,20.2,3.8,0,8.4,20.5,-0.2,0,-0.1,-0.193,-8,-6.2,-14.2,NA,southern-mississippi,2018
NA,Team Totals,,34,34,6825,NA,0.538,0.383,0.293,NA,NA,NA,NA,NA,NA,NA,NA,NA,9,6.7,15.7,0.092,0,-1.2,-1.2,NA,southern-mississippi,2018
1,Tyree Griffin,G,33,33,1140,20.4,0.535,0.383,0.264,529,1.6,9.2,5.6,38.5,3.4,0.4,16.9,23.9,2.6,2,4.6,0.163,2.7,0.6,3.2,NA,southern-mississippi,2019
2,Cortez Edwards,G,33,33,1111,21.2,0.516,0.203,0.216,454,5.1,15.1,10.3,19.7,3.6,3.1,10.9,22.7,2.1,2.5,4.5,0.163,2.7,2.4,5.2,NA,southern-mississippi,2019
3,Leonard Harper-Baker,F,31,29,864,19.9,0.592,0.113,0.49,304,9.3,22.5,16.2,9.4,1.6,6.3,17.7,18.8,1.6,2,3.5,0.163,0.2,1.1,1.3,NA,southern-mississippi,2019
4,Kevin Holland,G,33,32,786,10.7,0.611,0.766,0.105,148,0.9,7.3,4.2,8.6,2.5,0.7,12.7,10.1,0.9,1.2,2.1,0.108,-0.6,1.9,1.4,NA,southern-mississippi,2019
5,LaDavius Draine,G,33,4,768,20.5,0.645,0.625,0.156,303,4.6,12.7,8.8,4.6,1,0.3,4.3,20.9,2.5,1.1,3.6,0.187,5,-1,4,NA,southern-mississippi,2019
6,Tim Rowe,F,30,23,485,11.4,0.59,0.187,0.244,141,3.2,14.8,9.2,6.1,0.9,4.4,20.3,18.8,0.3,0.8,1.1,0.091,-5,0.5,-4.5,NA,southern-mississippi,2019
7,Gabe Watson,G,33,1,467,10.7,0.495,0.617,0.128,150,4.3,10.7,7.6,13.8,0.9,0.9,15.8,20.2,0.2,0.6,0.9,0.074,-1.9,-1.8,-3.6,NA,southern-mississippi,2019
8,Dominic Magee,G,24,5,389,18.8,0.553,0.521,0.221,153,2.7,21.2,12.4,13,3.2,1.7,13.4,24.4,0.5,0.9,1.4,0.145,-1.7,1.3,-0.4,NA,southern-mississippi,2019
9,Anfernee Hampton,G,20,1,174,14.2,0.545,0.327,0.385,61,4.7,11.9,8.4,5.2,0.3,2.3,8.9,20.6,0.3,0.2,0.5,0.124,-3.3,-3,-6.3,NA,southern-mississippi,2019
10,Boban Jacdonmi,F,23,4,131,8.6,0.409,0,0.387,35,12.6,19.9,16.4,2.6,1.4,3,16,17.7,0,0.3,0.2,0.068,-7.3,-1.2,-8.5,NA,southern-mississippi,2019
11,Shakur Daniel,G,17,0,122,5.7,0.232,0.154,0.692,17,4.8,8.9,7,15.1,2.4,0,10.4,8.4,0,0.2,0.2,0.055,-4.6,2.2,-2.3,NA,southern-mississippi,2019
12,Tyler Stevenson,F,15,0,115,16.9,0.49,0,0.463,47,11.3,21.7,16.7,5.2,1.5,1.2,12.3,26.3,0.1,0.2,0.3,0.11,-6.9,-2.1,-9.1,NA,southern-mississippi,2019
13,Ladarius Marshall,F,11,0,82,20.5,0.568,0.038,0.462,30,7.2,18.5,13.1,5.1,1.4,4.9,11.2,23.1,0.1,0.2,0.3,0.134,-9,-2.6,-11.6,NA,southern-mississippi,2019
14,Christian Clark,G,5,0,16,0.4,0,0,0,1,0,13.6,7.1,18.5,3.7,0,33.3,10,0,0,0,-0.03,-13,-2.5,-15.5,NA,southern-mississippi,2019
NA,Team Totals,,33,33,6650,NA,0.554,0.369,0.253,NA,NA,NA,NA,NA,NA,NA,NA,NA,11.1,12.2,23.3,0.14,0.3,0.6,0.9,NA,southern-mississippi,2019
1,Gabe Watson,G,31,29,1104,12,0.472,0.316,0.172,398,1.6,9.8,5.8,19.9,1.6,0.5,15.9,23.6,0.4,0.6,1.1,0.039,-1.8,-1.5,-3.3,NA,southern-mississippi,2020
2,Leonard Harper-Baker,F,31,30,1016,15.9,0.528,0.17,0.245,305,7.1,21.4,14.4,19.1,2.6,4.1,25,17.2,0.7,1.4,2.1,0.084,-1,1.9,0.9,NA,southern-mississippi,2020
3,LaDavius Draine,G,31,26,997,15.3,0.522,0.575,0.185,369,4.2,12.7,8.5,13.1,1.8,0.7,11.9,22,1.6,0.8,2.3,0.094,0.8,-0.7,0.2,NA,southern-mississippi,2020
4,Tyler Stevenson,F,31,23,853,20.8,0.582,0,0.381,357,7.3,20.1,13.9,8.6,1,2.2,12.6,23.4,2,0.8,2.8,0.133,0.9,-0.5,0.5,NA,southern-mississippi,2020
5,Artur Konontsuk,F,29,20,763,8.6,0.521,0.491,0.225,185,3.9,11.7,7.9,7.1,1.1,1.7,20.4,15.8,0.2,0.5,0.7,0.035,-3.3,-0.5,-3.8,NA,southern-mississippi,2020
6,Jay Malone,G,19,15,540,8.9,0.441,0.423,0.198,134,1.1,7.1,4.2,26.3,2.3,0.5,23.8,15.1,0,0.3,0.4,0.029,-3.8,-0.5,-4.3,NA,southern-mississippi,2020
7,Boban Jacdonmi,F,26,9,427,17.5,0.582,0,0.451,169,10,17.5,13.8,2.6,1.2,1.6,17,23.3,0.7,0.4,1.1,0.102,-2.3,-1.4,-3.7,NA,southern-mississippi,2020
8,Auston Leslie,G,27,0,181,1.2,0.345,0.571,0.071,24,5.9,3.1,4.5,3.8,1.3,2.2,27.5,11.3,-0.2,0.1,-0.2,-0.037,-6.3,-1.1,-7.4,NA,southern-mississippi,2020
9,David McCoy,G,16,0,138,4.1,0.552,0.278,0.333,31,3.5,13.1,8.4,22.9,3,1,52.5,16.3,-0.2,0.2,-0.1,-0.027,-7.1,0.7,-6.4,NA,southern-mississippi,2020
10,Hunter Dean,F,11,0,107,7.1,0.535,0,0.65,29,10,14.8,12.5,5.3,0.5,3.7,34.8,19.2,-0.1,0.1,0,-0.006,-6.8,-0.1,-6.9,NA,southern-mississippi,2020
11,Bill Muse,G,16,1,44,-0.7,0.333,1,0,6,2.7,0,1.3,3.9,0,0,18.2,12.8,-0.1,0,-0.1,-0.06,-3,-2.7,-5.7,NA,southern-mississippi,2020
12,Angel Smith,G,5,1,34,7.5,0.556,0.444,0,8,3.5,10,6.8,0,3.4,0,25,18.1,0,0,0,0.018,-1.5,2.3,0.8,NA,southern-mississippi,2020
13,Clay Weatherspoon,G,13,0,23,-15.1,0,0.333,0,1,0,9.8,5,6.9,0,0,25,17.8,-0.1,0,-0.1,-0.253,-13.9,-4.8,-18.7,NA,southern-mississippi,2020
14,Jerrod Rigby,G,13,1,23,7,0.645,0,0.75,7,0,9.8,5,16.1,2.5,0,42.4,21,0,0,0,0.001,-3.1,2.3,-0.8,NA,southern-mississippi,2020
NA,Team Totals,,31,31,6250,NA,0.518,0.3,0.25,NA,NA,NA,NA,NA,NA,NA,NA,NA,4.9,5.2,10.1,0.064,-1.7,-0.4,-2,NA,southern-mississippi,2020
1,Tyler Stevenson,F,25,25,838,18.9,0.554,0,0.428,335,6.3,18.1,12.3,10.1,1,2,12.6,22.5,1.6,1.4,3,0.144,0.8,-0.2,0.7,NA,southern-mississippi,2021
2,LaDavius Draine,G,25,25,700,9.5,0.485,0.59,0.141,206,1.8,15.4,8.7,13.9,1.9,0,19.5,20.2,-0.1,1.2,1,0.059,-3.4,-0.2,-3.6,NA,southern-mississippi,2021
3,Tae Hardy,G,23,22,689,13.6,0.516,0.292,0.321,246,0.9,9.5,5.2,18.5,2.6,0.8,17.3,22.3,0.5,1.1,1.6,0.096,-1.6,0.9,-0.7,NA,southern-mississippi,2021
4,Jaron Pierre Jr.,G,24,16,587,11.5,0.486,0.455,0.158,199,1.8,14.9,8.4,13.5,2.7,0.9,19.3,23.8,-0.2,1.1,0.9,0.059,-2,0.5,-1.5,NA,southern-mississippi,2021
5,DeAndre Pinckney,F,21,15,472,17.3,0.582,0.264,0.384,163,7.2,17.5,12.4,8.3,1.2,3.6,15.9,19.4,0.8,0.8,1.6,0.137,0.8,0.5,1.3,NA,southern-mississippi,2021
6,Artur Konontsuk,F,25,4,403,7.5,0.45,0.525,0.117,115,4.4,15.1,9.8,12.1,0.7,1.3,19.7,20.3,-0.2,0.6,0.3,0.033,-4.4,-1.3,-5.7,NA,southern-mississippi,2021
7,Justin Johnson,G,21,6,397,12.2,0.491,0.171,0.324,119,3.3,9.8,6.6,12.9,1.5,2.6,12.9,18.2,0.3,0.6,0.9,0.093,-1.5,0.5,-1,NA,southern-mississippi,2021
8,Denijay Harris,F,22,8,376,11.6,0.511,0.017,0.433,83,9.7,20.1,15,4.6,2,0.7,22.5,12.9,0.2,0.7,0.9,0.092,-2.4,0.8,-1.6,NA,southern-mississippi,2021
9,Jay Malone,G,21,2,310,3.8,0.392,0.271,0.157,69,0.4,6.3,3.4,21.7,1.1,0,24.2,16.6,-0.4,0.4,0,0.001,-7.6,-1.2,-8.7,NA,southern-mississippi,2021
10,Tyler Morman,F,17,1,149,6.5,0.508,0,0.923,25,7.9,15.4,11.7,8.5,1.2,3.5,32.5,9.7,0,0.3,0.3,0.07,-6.9,0.4,-6.6,NA,southern-mississippi,2021
11,Mark Jaakson,G,9,0,38,8.6,0.447,0.75,0.25,8,3.1,12.1,7.6,9.6,1.5,0,0,12.2,0,0.1,0.1,0.112,-4.4,2.4,-2,NA,southern-mississippi,2021
12,Jeffery Armstrong,G,11,0,34,11.7,0.876,0.5,1.5,5,3.5,6.7,5.1,5.4,5.2,0,36.9,8.3,0,0.1,0.1,0.111,1.8,4.4,6.3,NA,southern-mississippi,2021
13,Clay Weatherspoon,G,6,1,22,12.4,0.5,0.571,0,5,0,5.2,2.6,0,2.7,0,0,16.5,0,0,0.1,0.095,-0.8,-1.5,-2.3,NA,southern-mississippi,2021
14,Blake Roberts,G,3,0,6,-5,0,0,0,1,19.6,19.1,19.4,0,0,0,0,17.3,0,0,0,-0.141,-25.7,-12.9,-38.6,NA,southern-mississippi,2021
15,Kai Steinman,G,3,0,4,-27.6,0,1,0,0,0,28.7,14.5,0,0,0,50,26,0,0,0,-0.384,-7.2,0.8,-6.4,NA,southern-mississippi,2021
NA,Team Totals,,25,25,5025,NA,0.507,0.302,0.281,NA,NA,NA,NA,NA,NA,NA,NA,NA,2.5,8.3,10.8,0.086,-2.1,0.1,-1.9,NA,southern-mississippi,2021
1,Tyler Stevenson,F,28,26,896,18.6,0.524,0.024,0.306,367,5.8,21.1,13.5,4.8,1.2,4,11.4,25.6,1.1,0.8,1.8,0.081,0.2,-1.9,-1.7,NA,southern-mississippi,2022
2,Rashad Bolden,G,33,30,882,6.2,0.44,0.325,0.177,225,0.7,6.2,3.5,13.4,1,0.1,16,18.1,-0.4,0.1,-0.3,-0.014,-4.8,-3.3,-8.1,NA,southern-mississippi,2022
3,Walyn Napper,G,33,14,860,12.3,0.472,0.321,0.243,298,2.8,9.7,6.3,32.1,2.2,0.1,20.5,20.7,0.3,0.4,0.7,0.032,-1.7,-2.5,-4.1,NA,southern-mississippi,2022
4,DeAndre Pinckney,F,33,25,819,14.7,0.546,0.403,0.305,275,6.5,17.8,12.2,3.6,1.1,1.7,11.8,19.5,1.2,0.5,1.7,0.082,-0.1,-2,-2.1,NA,southern-mississippi,2022
5,Isaih Moore,F,27,17,769,22.1,0.593,0.224,0.453,334,8.3,19.7,14,9.9,1,4.6,13.4,23.4,1.9,0.6,2.5,0.131,3,-1.1,1.9,NA,southern-mississippi,2022
6,Jaron Pierre Jr.,G,27,15,742,8.1,0.462,0.637,0.09,245,1.6,11.6,6.6,10.8,1.3,0.3,16.4,24.4,-0.5,0.3,-0.2,-0.013,-2.8,-3.3,-6,NA,southern-mississippi,2022
7,Mo Arnold,G,27,19,506,3.6,0.415,0.28,0.122,91,2.1,9.7,5.9,17.8,1.5,0.5,34.2,13.6,-0.7,0.2,-0.5,-0.038,-6.4,-2.3,-8.7,NA,southern-mississippi,2022
8,Denijay Harris,F,32,13,458,7.8,0.489,0,0.436,99,5.3,13.8,9.6,8.3,1.7,1.3,25.4,14.4,-0.1,0.3,0.1,0.011,-4.8,-1.1,-5.9,NA,southern-mississippi,2022
9,Tyler Morman,F,26,0,243,4.8,0.561,0,0.667,38,7.2,14.6,10.9,5.2,1.2,2,39.4,9.8,-0.1,0.1,0.1,0.008,-8,-1.7,-9.7,NA,southern-mississippi,2022
10,Jeffery Armstrong,G,24,2,225,5,0.278,0.778,0,20,1,6.1,3.6,16,1.8,1.1,10,4.6,0,0.1,0.1,0.018,-6.3,-0.3,-6.6,NA,southern-mississippi,2022
11,Tae Hardy,G,7,4,176,24.4,0.637,0.413,0.413,85,1.3,7.8,4.6,16.2,4,0.7,13.7,25.9,0.5,0.1,0.7,0.157,1.7,1.7,3.4,NA,southern-mississippi,2022
12,Mark Jaakson,G,12,0,33,1.7,0.337,0.375,0.625,6,0,3.5,1.7,0,1.8,3.6,8.8,18,0,0,0,-0.046,-6.2,-1.7,-8,NA,southern-mississippi,2022
13,Tate Ryder,G,12,0,16,-8.7,0.223,0.5,0.25,4,0,0,0,0,0,0,0,29.2,-0.1,0,-0.1,-0.196,-10.4,-5.6,-15.9,NA,southern-mississippi,2022
14,Blake Roberts,G,11,0,14,2.2,0.3,0.6,0,3,0,24.6,12.4,0,0,0,0,18.7,0,0,0,-0.056,-10.8,-5.6,-16.4,NA,southern-mississippi,2022
15,Trey Alfonso,G,8,0,11,28.9,0.625,0.5,0,4,10.6,20.8,15.7,0,16,0,33.3,28.5,0,0,0,0.101,16,4.5,20.5,NA,southern-mississippi,2022
NA,Team Totals,,33,33,6650,NA,0.505,0.303,0.27,NA,NA,NA,NA,NA,NA,NA,NA,NA,3.1,3.4,6.5,0.039,-2.1,-2.1,-4.2,NA,southern-mississippi,2022
1,Felipe Haase,F,33,33,1107,20.4,0.612,0.449,0.376,484,5,15.6,10.4,18,1.5,2.1,16.2,21.8,3.1,2,5.1,0.185,4,0.9,4.9,NA,southern-mississippi,2023
2,Austin Crowley,G,33,33,1075,19.9,0.576,0.48,0.271,480,2.5,11.7,7.1,16.2,3.4,1.5,14.9,25.1,2.3,2.2,4.5,0.166,2.4,1.8,4.2,NA,southern-mississippi,2023
3,DeAndre Pinckney,F,33,33,969,20.7,0.568,0.362,0.347,405,8.9,16.5,12.8,8.7,2,2,9.6,21.5,2.6,1.9,4.5,0.186,2.9,0.3,3.2,NA,southern-mississippi,2023
4,Mo Arnold,G,33,30,791,8.7,0.4,0.351,0.195,190,2.2,11.5,6.9,20.6,3.3,0.1,18.8,14.8,0,1.5,1.5,0.077,-4.8,2.2,-2.7,NA,southern-mississippi,2023
5,Denijay Harris,F,28,22,678,16.4,0.582,0.005,0.319,231,8.9,17.5,13.2,4.9,1.4,0.8,17.1,19,1,1.2,2.2,0.13,-0.1,-0.7,-0.7,NA,southern-mississippi,2023
6,Donovan Ivory,G,32,1,468,15.6,0.573,0.442,0.403,164,5.2,9.6,7.4,8.8,2.2,1.9,14,19.1,0.9,0.8,1.7,0.142,-0.3,1.2,0.9,NA,southern-mississippi,2023
7,Neftali Alvarez,G,15,6,380,10.1,0.412,0.328,0.344,125,1.5,7.9,4.8,20.3,4,0.6,17.4,22.7,-0.2,0.7,0.5,0.058,-3.9,1.7,-2.2,NA,southern-mississippi,2023
8,Tyler Morman,F,28,6,262,15.3,0.542,0.023,0.651,70,12.8,17.1,15,6,1.8,5.2,12.4,12.3,0.5,0.6,1,0.153,-1.9,1.7,-0.1,NA,southern-mississippi,2023
9,Nico Aguirre,G,27,0,235,11.2,0.428,0.82,0.06,56,3.9,5.7,4.8,19.9,3.2,0.5,8.9,12,0.3,0.4,0.7,0.116,-1.2,1.9,0.7,NA,southern-mississippi,2023
10,Marcelo Perez,G,26,0,219,10.1,0.504,0.241,0.345,67,3.2,10.7,7,13.4,0.8,0.5,17.2,18.6,0.1,0.3,0.4,0.081,-4,-1.1,-5,NA,southern-mississippi,2023
11,Victor Hart,F,26,0,180,17.2,0.447,0.302,0.286,68,12.8,21.1,17.1,6.2,3.9,1.9,8.9,21.9,0.2,0.5,0.7,0.153,-1.2,0.2,-1,NA,southern-mississippi,2023
12,Jeffery Armstrong,G,29,1,159,9.4,0.662,0.45,0.2,31,3.6,5.6,4.6,12.7,1.8,0.7,18.6,8.5,0.2,0.2,0.5,0.119,-3.9,1.2,-2.7,NA,southern-mississippi,2023
13,GianFranco Grafals,F,12,0,31,15,0.487,0.222,0.778,12,3.7,10.8,7.3,18,5.6,0,19.6,24.8,0,0.1,0.1,0.109,-7.4,1.2,-6.2,NA,southern-mississippi,2023
14,Tate Ryder,G,13,0,25,10,0.782,0.5,0.25,6,4.6,8.9,6.8,7.3,4.6,0,47.2,17,0,0.1,0,0.035,-9.6,4.2,-5.4,NA,southern-mississippi,2023
15,Trey Alfonso,G,12,0,22,19.2,0.424,0.125,0.375,10,21,0,10.3,8.6,0,5.2,0,21.5,0.1,0,0.1,0.146,-3.4,-6.9,-10.3,NA,southern-mississippi,2023
NA,Team Totals,,33,33,6601,NA,0.546,0.369,0.321,NA,NA,NA,NA,NA,NA,NA,NA,NA,11.1,12.4,23.5,0.142,0.2,1,1.2,NA,southern-mississippi,2023
1,Austin Crowley,G,31,31,1059,16,0.501,0.398,0.369,488,2.9,10.9,6.9,21.2,2.1,1.4,13.2,26.8,1.3,1.4,2.7,0.102,0.9,-1.1,-0.2,NA,southern-mississippi,2024
2,Mo Arnold,G,32,27,919,8.2,0.432,0.359,0.201,223,3.3,9.8,6.6,16.2,1.8,0.2,14.6,14.5,0.2,1.1,1.2,0.052,-3.9,-0.9,-4.8,NA,southern-mississippi,2024
3,Victor Iwuakor,F,32,27,847,18.1,0.565,0.103,0.575,290,6.5,19.2,12.9,6,2.3,9.1,17.3,19.4,0.9,1.8,2.6,0.125,-2.2,2.2,0.1,NA,southern-mississippi,2024
4,Donovan Ivory,G,24,22,761,17.3,0.57,0.464,0.35,294,3.3,11.7,7.5,11.6,2.5,1.2,11.5,20.5,1.5,1.1,2.6,0.137,1.6,-0.3,1.3,NA,southern-mississippi,2024
5,Victor Hart,F,22,21,686,17.2,0.534,0.275,0.416,277,5.8,17.3,11.6,8.8,3.1,2.7,16,24.1,0.6,1.3,1.9,0.109,-0.6,0.8,0.2,NA,southern-mississippi,2024
6,Cobie Montgomery,G,32,7,684,11.3,0.508,0.606,0.172,209,5.8,8.4,7.1,5.1,1,0.6,9.9,17.8,0.7,0.6,1.3,0.077,0.6,-2,-1.4,NA,southern-mississippi,2024
7,Tegra Izay,C,31,13,494,13.3,0.577,0,0.6,129,9.8,19.3,14.6,3.2,0.7,6.1,23.2,14.4,0.3,0.8,1.1,0.088,-2.2,-0.1,-2.3,NA,southern-mississippi,2024
8,Andre Curbelo,G,12,9,324,16.3,0.512,0.152,0.432,167,4.1,13.4,8.7,33,3.4,0,22.8,31.7,0,0.5,0.5,0.065,-1.4,-0.7,-2.1,NA,southern-mississippi,2024
9,Bryson Hall,F,25,2,251,5.6,0.48,0.226,0.935,49,5.2,13.8,9.6,5.6,1.4,1.2,27.5,12.3,-0.1,0.3,0.3,0.04,-6.2,-0.5,-6.7,NA,southern-mississippi,2024
10,Jeffery Armstrong,G,30,0,201,7,0.503,0.741,0.296,35,2.2,8.6,5.4,12.5,2.3,0,16.3,9.1,0.1,0.2,0.4,0.075,-5.2,0.3,-4.9,NA,southern-mississippi,2024
11,Jose Benitez,G,15,0,122,8.1,0.407,0.083,0.375,29,7.2,8,7.6,15.2,2.8,0.9,17.5,14,0,0.2,0.2,0.058,-7.4,-2.1,-9.5,NA,southern-mississippi,2024
12,Tate Ryder,G,13,1,27,15,1,0.5,0,6,8.1,8,8.1,0,2.1,0,33.3,11.1,0,0,0.1,0.105,5.9,1.9,7.8,NA,southern-mississippi,2024
13,Trey Alfonso,G,10,0,19,-8.6,0.217,0.4,0.8,4,5.8,11.4,8.6,8.7,3,0,36.7,28.6,-0.1,0,-0.1,-0.223,-13.3,-1.8,-15.1,NA,southern-mississippi,2024
14,Luke Ladner,G,4,0,6,9,0.5,0,0,2,0,0,0,0,0,0,0,16.6,0,0,0,0.046,-11,-4.6,-15.6,NA,southern-mississippi,2024
NA,Team Totals,,32,32,6400,NA,0.519,0.336,0.38,NA,NA,NA,NA,NA,NA,NA,NA,NA,5.4,9.4,14.7,0.092,-1.3,-0.3,-1.6,NA,southern-mississippi,2024
1,Denijay Harris,F,32,32,1103,19.8,0.564,0.168,0.553,498,7.8,24.9,16.5,7.8,1,4.7,15.1,24.6,1.6,1.8,3.4,0.124,0.1,-0.9,-0.8,NA,southern-mississippi,2025
2,Christian Watson,G,33,32,935,7.8,0.425,0.428,0.293,282,3.8,10.6,7.3,15,1.5,0.8,14.9,19.3,-0.3,0.9,0.6,0.025,-4.5,-1.5,-5.9,NA,southern-mississippi,2025
3,Neftali Alvarez,G,31,30,889,12.8,0.504,0.31,0.394,341,2,8.1,5.1,24.9,2.6,0.8,18.5,21.9,0.4,1,1.4,0.062,-2.2,-0.6,-2.8,NA,southern-mississippi,2025
4,Deantoni Gordon,F,32,31,870,13.9,0.551,0.143,0.242,267,6.3,13.4,9.9,7.2,1.2,4.3,12.9,16.6,0.9,1,2,0.09,-2.3,-0.1,-2.4,NA,southern-mississippi,2025
5,Cobie Montgomery,G,33,23,727,13.5,0.62,0.777,0.228,232,2.4,6.5,4.5,8.9,0.7,1.7,9.5,16.2,1.4,0.5,1.9,0.102,1.2,-1.8,-0.5,NA,southern-mississippi,2025
6,Andre Curbelo,G,20,11,485,14.2,0.482,0.153,0.224,219,2.5,13.3,8,40.4,4.4,1.1,24.9,27.1,-0.3,0.8,0.6,0.047,-3.7,0.4,-3.2,NA,southern-mississippi,2025
7,Alfred Worrell Jr.,G,32,0,434,13.1,0.53,0.663,0.213,176,3,9.3,6.2,5.3,2.1,0.7,11.3,24.9,0.4,0.5,0.8,0.076,-0.7,-1.3,-1.9,NA,southern-mississippi,2025
8,Christian Reid,G,30,1,280,10.9,0.547,0.026,0.526,60,10.6,8.3,9.4,4.5,1.8,5.3,7.8,9,0.4,0.3,0.7,0.106,-5.7,1.3,-4.4,NA,southern-mississippi,2025
9,John Wade III,G,15,1,219,7,0.38,0.46,0.28,53,5,19.8,12.6,17.8,3.6,0.5,27,17.3,-0.3,0.4,0,0.009,-6.6,1.8,-4.9,NA,southern-mississippi,2025
10,Jett Montgomery,G,23,0,182,11.7,0.525,0.803,0.07,66,2.4,7,4.7,10.2,1.5,0,7.6,21.3,0.2,0.1,0.4,0.078,-0.6,-1.6,-2.2,NA,southern-mississippi,2025
11,Brewer Carruth,G,27,1,171,0.4,0.321,0.8,0.143,26,1.9,6.2,4.1,7,2.3,0.6,21.1,13.5,-0.3,0.2,-0.1,-0.03,-9.5,0,-9.4,NA,southern-mississippi,2025
12,Jeffery Armstrong,G,25,1,168,3.7,0.36,0.417,0.333,20,2,8.2,5.1,18.6,2.7,1.3,44.2,7.2,-0.1,0.2,0.1,0.016,-7.5,1.2,-6.3,NA,southern-mississippi,2025
13,Jose Benitez,G,18,0,100,11,0.505,0.091,0.545,32,5.5,7.4,6.5,25.3,6.2,0,33.6,20.4,-0.1,0.2,0.1,0.021,-4,2.7,-1.3,NA,southern-mississippi,2025
14,Tegra Izay,C,4,0,38,22,0.833,0,0,9,8.7,22.3,15.6,5.2,2.9,11.1,14.3,9,0.1,0.1,0.2,0.178,-5.2,2.7,-2.5,NA,southern-mississippi,2025
15,Trey Alfonso,G,13,1,31,19.2,0.678,0.75,1,12,17.7,10.2,13.9,22.7,3.6,0,25.3,12.4,0.1,0,0.1,0.172,0,2,2,NA,southern-mississippi,2025
16,Lieb Yat,C,7,1,17,44.5,0.805,0,4,13,12.9,43.6,28.5,0,0,12.5,10.3,27.9,0.1,0,0.2,0.445,20.7,5.3,26,NA,southern-mississippi,2025
NA,Team Totals,,33,33,6649,NA,0.52,0.367,0.334,NA,NA,NA,NA,NA,NA,NA,NA,NA,4.1,8.1,12.2,0.073,-2.3,-0.5,-2.8,NA,southern-mississippi,2025
1,Tylik Weeks,F,34,33,1142,20.1,0.559,0.114,0.561,635,4.2,14.2,9.3,15.4,1.6,1,13,29.8,2.5,1.5,4,0.142,1.8,-1.3,0.5,NA,southern-mississippi,2026
2,Dylan Brumfield,G,35,35,1089,11.6,0.517,0.109,0.611,329,3.6,11.5,7.6,18,2.4,1.3,19,15.9,0.8,1.6,2.3,0.086,-3.1,0.3,-2.8,NA,southern-mississippi,2026
3,Djahi Binet,F,35,33,930,23.2,0.658,0.05,0.531,399,14.3,19.8,17,6.7,1.5,4.8,13.5,18.5,2.8,1.6,4.3,0.186,2.7,-0.6,2.1,NA,southern-mississippi,2026
4,Curt Lewis,G,35,19,812,8.4,0.527,0.834,0.13,175,2.3,8.2,5.3,5.9,1.6,1.3,10.9,12.2,0.6,0.9,1.5,0.074,-1.5,-0.3,-1.7,NA,southern-mississippi,2026
5,Israel Hart,G,34,16,734,10.3,0.482,0.577,0.28,248,1.1,9,5.1,11.8,2.8,1.3,14.2,21.2,0.2,1,1.2,0.066,-2.7,0,-2.7,NA,southern-mississippi,2026
6,Isaac Taveres,G,22,20,568,22.6,0.539,0.11,0.386,326,8.4,21.6,15.1,22.4,4.9,1.4,18.9,33.4,0.4,1.3,1.7,0.117,0.7,1.8,2.5,NA,southern-mississippi,2026
7,Chiante Tramble,G,34,0,421,9.1,0.531,0.61,0.219,120,1.7,8.4,5,12.7,1.9,0.3,17.2,16.4,0.2,0.5,0.7,0.069,-2.8,-0.5,-3.4,NA,southern-mississippi,2026
8,Tegra Izay,C,35,2,386,16.6,0.611,0,1.113,108,11.2,20.9,16.1,4.6,1.3,9.1,16.5,12.4,0.6,0.7,1.3,0.139,-1.4,1.6,0.2,NA,southern-mississippi,2026
9,Brewer Carruth,G,30,9,333,6.9,0.462,0.493,0.239,74,4.9,7.8,6.4,4.2,1.9,0,12.2,13.3,0.1,0.4,0.5,0.056,-4.5,-1.3,-5.7,NA,southern-mississippi,2026
10,Fallou Diagne,F,24,2,164,5.7,0.47,0.761,0.087,42,5,9,7,3.4,0,0,9.5,15.9,0.1,0.1,0.2,0.048,-3.9,-3.8,-7.7,NA,southern-mississippi,2026
11,Dalyn Brandon,G,21,4,158,10.9,0.579,0.667,0.185,33,4.4,10.8,7.6,4.5,2.9,5.2,12,10.4,0.2,0.3,0.4,0.11,-4.5,1.5,-3,NA,southern-mississippi,2026
12,Felipe Patino,G,19,0,114,6.9,0.449,0.844,0.094,29,6.1,4,5,1.6,1.5,0,8.2,15.7,0,0.1,0.1,0.048,-6.3,-2.4,-8.7,NA,southern-mississippi,2026
13,EJ Paymon,F,13,2,68,16.6,0.515,0.174,0.652,31,10.3,8.3,9.3,12.3,4.2,13.8,23,28.3,0,0.2,0.1,0.076,-7.4,-0.6,-8,NA,southern-mississippi,2026
14,IJ Ezuma,F,8,0,67,8.5,0.4,0.188,0.688,19,8.7,16.9,12.9,5.3,0,3.5,4.5,16.3,0,0.1,0.1,0.07,-9.1,-4.9,-14,NA,southern-mississippi,2026
15,Robert Cowherd,G,10,0,64,-4.3,0.31,0.65,0.1,12,0,7.1,3.6,2.8,0.9,0,19.3,20,-0.2,0.1,-0.1,-0.087,-13,-4.2,-17.3,NA,southern-mississippi,2026
NA,Team Totals,,35,35,7050,NA,0.543,0.298,0.429,NA,NA,NA,NA,NA,NA,NA,NA,NA,8.1,10.4,18.5,0.105,-1.2,-0.3,-1.6,NA,southern-mississippi,2026
1,Hank Thorns,G,32,30,1080,14.8,0.442,0.359,0.195,429,2.5,10.2,6.2,41.5,2,0.2,17.7,22.6,1.1,0.9,2,0.074,1.6,-0.5,1.1,NA,texas-christian,2011
2,Garlon Green,F,33,32,969,15.5,0.594,0.369,0.24,322,3.9,15.4,9.4,7.1,1.2,1.5,14.3,19.4,1.6,0.9,2.5,0.104,1.4,0.2,1.7,NA,texas-christian,2011
3,J.R. Cadot,G,32,22,811,20.6,0.652,0.061,0.476,261,11.4,17.3,14.2,8.6,2.4,2,12.6,14.7,2.3,1,3.3,0.162,2.7,1.5,4.2,NA,texas-christian,2011
4,Nikola Cerina,F,33,18,664,10.8,0.495,0.032,0.333,171,6.2,18.7,12.2,4.2,2.7,1.5,19.2,17.5,0,0.9,0.9,0.055,-3.6,1.8,-1.8,NA,texas-christian,2011
5,Amric Fields,F,33,9,645,13,0.513,0.212,0.227,200,5.4,12.3,8.7,4.6,1.6,3.3,13.4,20.4,0.4,0.7,1.1,0.068,-1.8,0.4,-1.5,NA,texas-christian,2011
6,Ronnie Moss,G,20,19,633,16.2,0.523,0.402,0.307,301,2.4,11.2,6.6,25.4,1.7,0.4,19.6,30.5,0.5,0.5,1,0.065,1.5,-1,0.5,NA,texas-christian,2011
7,Greg Hill,G,29,11,592,13.8,0.547,0.675,0.367,199,1.9,9.9,5.8,10.5,2,0.4,13.1,20,0.9,0.5,1.4,0.095,1.3,0.4,1.7,NA,texas-christian,2011
8,Nikola Gacesa,F,29,16,580,9.2,0.487,0.275,0.312,121,5.6,12,8.7,3.5,1,1,12,12.7,0.4,0.4,0.8,0.056,-0.9,-0.1,-1,NA,texas-christian,2011
9,Sammy Yeager,F,16,6,368,17.3,0.499,0.442,0.174,139,4.4,17.9,10.9,14.6,2.6,2.2,11.3,23.7,0.4,0.5,0.9,0.1,0.9,1.1,1.9,NA,texas-christian,2011
10,Jarvis Ray,G,27,2,240,0,0.318,0.306,0.531,46,4.8,14,9.2,8.9,1.7,0,27.3,18.2,-0.6,0.2,-0.4,-0.065,-8.9,-0.5,-9.4,NA,texas-christian,2011
11,Marin Bavcevic,G,5,0,20,-11,NA,NA,NA,2,5.8,0,3,16.2,0,5.7,100,15.6,-0.1,0,-0.1,-0.239,-11.4,-4.7,-16.1,NA,texas-christian,2011
12,Cheick Kone,C,8,0,16,-8.6,0.101,0,0.5,1,7.2,15.5,11.2,0,0,0,16.8,19.3,-0.1,0,-0.1,-0.182,-12.8,-6.8,-19.6,NA,texas-christian,2011
13,Zach Huie,F,4,0,6,13.3,0.678,0,1,1,0,0,0,0,0,0,0,12.7,0,0,0,0.051,1.2,-2.1,-0.9,NA,texas-christian,2011
14,Thomas Montigel,G,3,0,4,0,NA,NA,NA,0,0,0,0,0,0,0,NA,0,0,0,0,0.002,-4.2,-2.3,-6.6,NA,texas-christian,2011
15,Zack Price,G,3,0,4,-21.5,0,0,0,0,0,31,14.9,0,0,0,50,25.9,0,0,0,-0.399,-19.5,-8.2,-27.7,NA,texas-christian,2011
NA,Team Totals,,33,33,6632,NA,0.519,0.325,0.287,NA,NA,NA,NA,NA,NA,NA,NA,NA,6.8,6.5,13.4,0.081,0.1,0.3,0.4,NA,texas-christian,2011
1,Hank Thorns,G,33,33,1121,14.9,0.52,0.511,0.324,464,1.8,9.4,5.2,28,2.3,0.1,19.6,23.7,1.6,0.9,2.5,0.088,1.9,-1,0.9,NA,texas-christian,2012
2,J.R. Cadot,G,33,33,998,21.4,0.584,0.234,0.664,384,11.1,18.9,14.6,9.3,2.8,1.7,13.5,18.6,2.8,1.3,4,0.162,4.3,1.1,5.4,NA,texas-christian,2012
3,Kyan Anderson,G,33,22,915,12,0.524,0.392,0.313,283,1.8,5.3,3.4,19.6,2.5,0.1,20.4,17.9,0.9,0.6,1.5,0.066,0.2,-0.1,0,NA,texas-christian,2012
4,Garlon Green,F,33,18,806,14.9,0.546,0.457,0.345,289,2.9,16.1,8.8,6.5,1.1,1.7,11.8,21.1,1.4,0.7,2.1,0.104,0.7,-0.8,-0.1,NA,texas-christian,2012
5,Amric Fields,F,33,8,699,19.3,0.605,0.396,0.33,279,4.8,10.4,7.3,9,1.7,2.9,12.6,21.5,1.8,0.6,2.4,0.138,3.6,0.2,3.9,NA,texas-christian,2012
6,Adrick McKinney,F,32,16,580,10.1,0.43,0.006,0.506,183,9.1,18.6,13.4,8.4,2.2,1.7,20,22,-0.3,0.7,0.3,0.023,-3.3,-0.3,-3.7,NA,texas-christian,2012
7,Craig Williams,F,32,16,558,16.2,0.541,0.315,0.375,233,7.8,21,13.8,6,0.3,1.2,12,24,1.2,0.5,1.6,0.115,-0.1,-1.8,-1.9,NA,texas-christian,2012
8,Nate Butler,G,33,10,542,6,0.389,0.313,0.273,102,4.7,14.2,9,10,2.6,1.4,23.3,13.5,-0.3,0.6,0.2,0.017,-3.3,1.3,-2,NA,texas-christian,2012
9,Connell Crossland,F,32,8,364,13.7,0.574,0.305,0.288,91,9.5,28,17.9,13,0.8,1.8,23,12,0.5,0.4,0.9,0.101,0.8,0.7,1.5,NA,texas-christian,2012
10,Jarvis Ray,G,12,1,89,9.3,0.595,0.375,0.438,22,1.3,7.9,4.3,13.3,2,2.4,29.3,15.4,0,0.1,0.1,0.042,-4.7,-3,-7.7,NA,texas-christian,2012
11,Cheick Kone,C,8,0,20,8,0.318,0,0.375,6,0,28,12.6,19.6,5.8,0,17.5,28.6,-0.1,0,0,-0.028,-18.7,-7.5,-26.2,NA,texas-christian,2012
12,Chris Zurcher,G,9,0,18,29.7,0.75,0.375,0,7,0,7.8,3.5,0,6.4,0,11.1,25,0,0,0.1,0.171,-8.6,4.7,-3.9,NA,texas-christian,2012
13,Thomas Montigel,G,5,0,15,35.9,0.909,0.75,0.5,8,0,28,12.6,32.6,0,0,0,16.5,0.1,0,0.1,0.337,9.7,-0.4,9.3,NA,texas-christian,2012
NA,Team Totals,,33,33,6725,NA,0.534,0.355,0.388,NA,NA,NA,NA,NA,NA,NA,NA,NA,9.6,6.3,15.9,0.094,0.8,-0.2,0.6,NA,texas-christian,2012
1,Kyan Anderson,G,32,31,1084,14.5,0.517,0.48,0.251,371,1,6.5,3.5,27.2,2.7,0,19,23.4,1.1,0.9,2,0.073,1.1,0.1,1.1,NA,texas-christian,2013
2,Garlon Green,F,32,31,965,9.2,0.45,0.26,0.244,285,3.6,12,7.4,9.4,1.1,1.2,16.1,23.6,-0.1,0.7,0.6,0.026,-2.5,-1,-3.5,NA,texas-christian,2013
3,Nate Butler,G,31,22,839,8.3,0.438,0.25,0.378,157,2,11.3,6.2,13.6,2.5,2.3,20.9,14.6,-0.2,0.9,0.7,0.032,-3.3,2.3,-1,NA,texas-christian,2013
4,Adrick McKinney,F,32,20,766,15.7,0.472,0,0.739,246,12,23.6,17.3,9.2,1.5,2,17,22.2,0.5,1.1,1.5,0.08,-0.9,-0.1,-1,NA,texas-christian,2013
5,Connell Crossland,F,32,16,745,14.1,0.496,0.006,0.547,202,10.9,19.9,15,6.6,1.3,2,17.5,18.3,0.5,0.9,1.4,0.076,-1.4,-0.1,-1.5,NA,texas-christian,2013
6,Devonta Abron,F,32,14,681,19.9,0.558,0,0.854,234,13.3,23.4,17.9,6.3,1.5,3.5,16.2,20.6,1.4,1,2.4,0.139,0.8,1,1.8,NA,texas-christian,2013
7,Charles Hill Jr.,G,24,7,490,5.7,0.395,0.405,0.13,104,2.4,10.4,6.1,9.5,1.1,1.3,15.8,18.7,-0.4,0.3,0,-0.003,-3,-0.2,-3.2,NA,texas-christian,2013
8,Jarvis Ray,G,10,8,257,5.1,0.374,0.141,0.352,60,2.3,7.7,4.8,10.6,2.3,1.3,17,21.6,-0.4,0.2,-0.1,-0.021,-6.4,0.5,-5.9,NA,texas-christian,2013
9,Clyde Smith III,G,23,0,238,-0.1,0.266,0.289,0.289,29,1,11.3,5.7,15.6,1.6,0.5,29.4,14.3,-0.6,0.2,-0.4,-0.064,-7.3,0.9,-6.4,NA,texas-christian,2013
10,Chris Zurcher,G,28,0,172,2,0.44,0.643,0.286,19,0.7,4.9,2.6,17.3,1.1,0,38.6,8.4,-0.1,0.1,0,-0.003,-7,0.2,-6.9,NA,texas-christian,2013
11,Thomas Montigel,G,17,1,99,-1.6,0.192,0.769,0,7,2.4,8.5,5.2,6.4,0.7,0,18.8,9,-0.2,0,-0.1,-0.044,-5.8,0.4,-5.4,NA,texas-christian,2013
12,Amric Fields,F,3,3,51,19.9,0.602,0.214,0.643,19,2.3,19.4,10.1,18.6,1.3,2.1,21.5,25.3,0.1,0.1,0.1,0.089,2.7,0.9,3.6,NA,texas-christian,2013
13,Kemal Dincer,G,7,0,16,6.8,0.2,0.6,0,2,0,8.8,4,14.5,8.1,0,0,17.3,0,0,0,-0.004,-6.1,6.8,0.7,NA,texas-christian,2013
NA,Team Totals,,32,32,6403,NA,0.47,0.239,0.404,NA,NA,NA,NA,NA,NA,NA,NA,NA,1.6,6.5,8,0.05,-1.8,0.3,-1.5,NA,texas-christian,2013
1,Kyan Anderson,G,31,31,1072,21.2,0.612,0.33,0.547,517,1,7,4,34.4,2.4,0.1,17.3,26,2.7,0.6,3.3,0.125,4,0.7,4.7,NA,texas-christian,2014
2,Karviar Shepherd,C,30,30,925,13.9,0.484,0.009,0.577,276,6.8,18.6,12.7,6,1.3,5.5,12.7,18.7,0.5,1,1.6,0.067,-1.6,1.2,-0.4,NA,texas-christian,2014
3,Brandon Parrish,G,31,30,916,8.1,0.459,0.436,0.245,234,4,8,6,6.6,1,0.8,11.5,17.7,0,0.3,0.3,0.012,-1.8,-1.2,-3,NA,texas-christian,2014
4,Jarvis Ray,G,31,31,842,13.3,0.486,0.126,0.295,282,6,12.4,9.2,12.2,2.9,1.6,15.6,22.4,0.1,0.8,0.9,0.042,-1.8,1.2,-0.6,NA,texas-christian,2014
5,Amric Fields,F,18,14,564,16,0.513,0.301,0.367,217,5.4,16.8,11.2,10.4,0.9,2.9,12.2,24.8,0.4,0.5,0.9,0.062,2.5,0,2.4,NA,texas-christian,2014
6,Christian Gore,G,31,6,552,9.9,0.504,0.427,0.677,138,3.4,12.6,8.1,15.1,1.7,0.4,18.6,15.1,0.3,0.4,0.7,0.048,-1.8,0.4,-1.4,NA,texas-christian,2014
7,Michael Williams,G,30,2,460,6.1,0.428,0.396,0.475,106,1.5,7.5,4.5,11.8,1.7,0.2,17.4,17.4,-0.3,0.2,-0.1,-0.012,-3.9,-0.5,-4.5,NA,texas-christian,2014
8,Hudson Price,G,25,8,386,4.8,0.398,0.452,0.5,65,3,12.2,7.6,6.9,1.7,2.1,19,13.1,-0.3,0.3,0,0,-4.5,1.4,-3,NA,texas-christian,2014
9,Charles Hill Jr.,G,14,2,234,10.9,0.442,0.329,0.343,77,5.5,11.2,8.4,20.3,2.6,0.9,15.6,22,0,0.2,0.2,0.026,-2.4,0.8,-1.6,NA,texas-christian,2014
10,Thomas Montigel,G,26,1,194,6,0.413,0.3,0.7,28,7.8,7.7,7.7,2.1,2.2,0,13.1,8.4,0.1,0.1,0.2,0.034,-4.5,0.2,-4.3,NA,texas-christian,2014
11,Clyde Smith III,G,16,0,44,6.7,0.576,0.333,0.333,9,2.7,7.8,5.3,19.8,1.4,2.4,36.5,13.3,0,0,0,0.002,-5.2,-0.8,-6,NA,texas-christian,2014
12,Kemal Dincer,G,8,0,12,-6.3,0.216,0.333,0.333,4,19.5,19.1,19.3,0,0,0,12.6,35.4,-0.1,0,-0.1,-0.207,-11.3,-6.1,-17.4,NA,texas-christian,2014
NA,Team Totals,,31,31,6201,NA,0.503,0.28,0.437,NA,NA,NA,NA,NA,NA,NA,NA,NA,3.3,4.4,7.7,0.05,-0.9,0.4,-0.5,NA,texas-christian,2014
1,Kyan Anderson,G,33,32,1055,17.7,0.555,0.506,0.416,438,1,4.3,2.6,28.5,2.4,0.5,17.4,23.3,2.5,1.4,4,0.151,4,1.2,5.2,NA,texas-christian,2015
2,Kenrich Williams,F,33,17,917,19.4,0.53,0.145,0.523,295,11.4,16.1,13.7,10.4,2,3.6,11.9,16.9,2,1.8,3.8,0.167,4,3.1,7.1,NA,texas-christian,2015
3,Trey Zeigler,G,33,32,901,15.8,0.5,0.037,0.487,338,7.8,9.5,8.6,17.1,1.8,1.3,16.3,22.6,1.2,1.4,2.6,0.117,1.5,1.8,3.3,NA,texas-christian,2015
4,Chris Washburn,F,33,32,790,19.5,0.498,0.016,0.503,237,8.2,19.2,13.7,11.4,3.6,5.9,12.7,17.3,1.1,2.1,3.2,0.161,1.9,5.6,7.4,NA,texas-christian,2015
5,Karviar Shepherd,C,33,31,784,12.3,0.455,0.016,0.396,207,8.6,18.7,13.6,7.2,1.3,3.6,15.6,17.1,0.4,1.6,2,0.101,-2.1,2.2,0.1,NA,texas-christian,2015
6,Brandon Parrish,G,33,15,618,10.7,0.491,0.406,0.331,162,3.4,6.9,5.1,5.6,2,2.3,14.3,17.9,0.4,0.9,1.3,0.086,-0.5,1.8,1.3,NA,texas-christian,2015
7,Amric Fields,F,29,1,537,17.4,0.509,0.269,0.469,195,5.8,16.1,10.9,9.3,0.9,3.8,10.5,22.7,0.9,1,1.8,0.136,3.2,2.3,5.4,NA,texas-christian,2015
8,Hudson Price,G,28,0,256,10.1,0.52,0.493,0.284,77,3.9,10.3,7.1,16,0.5,0.8,20,19,0.2,0.3,0.6,0.088,-1.1,0.1,-0.9,NA,texas-christian,2015
9,Chauncey Collins,G,26,0,242,10.4,0.463,0.756,0.39,89,2.3,7.6,4.9,19.3,1,0.4,14.1,23.9,0.3,0.3,0.6,0.097,-1.1,0.2,-1,NA,texas-christian,2015
10,Devonta Abron,F,28,0,211,18.8,0.534,0,1.326,85,17,15.3,16.2,7.9,1.2,2,12.8,20.8,0.5,0.4,0.9,0.175,-0.3,1,0.7,NA,texas-christian,2015
11,Michael Williams,G,17,0,83,21.5,0.681,0.389,0.556,29,2.7,12.5,7.5,23.5,0.7,0,8.1,15.2,0.3,0.1,0.4,0.21,3.3,1.4,4.7,NA,texas-christian,2015
12,Christian Gore,G,17,0,75,4.5,0.596,0.833,0.25,13,0,12.3,6.1,2.5,1.6,1.4,34.3,13.9,-0.1,0.1,0.1,0.036,-5.6,1.3,-4.4,NA,texas-christian,2015
13,Charles Hill Jr.,G,14,0,74,8.3,0.395,0.474,0.421,33,4.5,21.8,13.1,12.1,1.7,4.2,16.5,37.7,-0.1,0.2,0,0.026,-7.8,-0.5,-8.3,NA,texas-christian,2015
14,Link Kabadyundi,C,15,0,69,20.3,0.508,0,0.923,21,17.9,15,16.5,6.1,1.8,14.9,21.1,17.5,0,0.2,0.2,0.124,-4,3.5,-0.4,NA,texas-christian,2015
15,Dalton Dry,G,10,0,38,4.5,0.42,0.4,0.4,5,3,15.2,9,4.9,3.3,2.7,33.5,12,-0.1,0.1,0,0.025,-8.3,3,-5.3,NA,texas-christian,2015
NA,Team Totals,,33,33,6650,NA,0.509,0.254,0.465,NA,NA,NA,NA,NA,NA,NA,NA,NA,9.7,11.9,21.6,0.13,1.3,2.3,3.5,NA,texas-christian,2015
1,Brandon Parrish,G,33,33,1022,9.4,0.528,0.447,0.308,266,2.7,10.4,6.4,9.4,1,1.3,16.6,15.7,0.5,0.9,1.5,0.058,0.2,1,1.2,NA,texas-christian,2016
2,Chauncey Collins,G,32,24,992,13.7,0.574,0.616,0.546,365,1.9,9.5,5.5,14.1,1.4,0.3,16,20.2,1.6,1,2.6,0.103,2.3,1,3.3,NA,texas-christian,2016
3,Malique Trent,G,30,27,852,13.4,0.48,0.435,0.425,337,1.3,11.1,6,23,4.2,1.1,18.8,25.8,-0.1,1.4,1.3,0.06,-1,3.3,2.3,NA,texas-christian,2016
4,Michael Williams,G,28,15,743,6,0.439,0.412,0.252,139,1.3,8,4.5,19.9,0.9,0.3,19.4,11,0.1,0.6,0.7,0.037,-2.9,1.4,-1.5,NA,texas-christian,2016
5,Vladimir Brodziansky,F,33,17,720,19.4,0.578,0.186,0.416,292,8.8,15.3,11.9,6.4,0.6,5.4,12.9,21.7,1.5,0.9,2.3,0.13,2.8,1.1,3.9,NA,texas-christian,2016
6,JD Miller,F,33,3,640,14.2,0.469,0.106,0.545,232,10.7,14.6,12.6,7.4,2.3,3.2,17.4,22.2,0.2,0.9,1.1,0.069,0.2,1.3,1.5,NA,texas-christian,2016
7,Karviar Shepherd,C,29,23,594,12.4,0.451,0.082,0.362,208,8.4,21.3,14.6,9.5,1.3,4,16.7,22.9,-0.1,0.9,0.8,0.054,-2.3,1.4,-0.9,NA,texas-christian,2016
8,Chris Washburn,F,22,17,535,9.3,0.413,0.08,0.613,159,5.7,14.7,10,15.6,2.9,4.5,22.4,21,-0.6,0.9,0.3,0.02,-2.7,3.4,0.7,NA,texas-christian,2016
9,Devonta Abron,F,26,6,318,17.7,0.503,0,0.8,132,15.8,20.3,17.9,4.4,2.7,2.5,15.6,22.8,0.4,0.6,1,0.121,-1,1.2,0.2,NA,texas-christian,2016
10,Lyrik Shreiner,G,22,0,117,7.5,0.511,0.452,0.484,39,2.8,10.2,6.3,17,1.5,0,25.4,21.5,0,0.1,0.1,0.029,-3.8,0.3,-3.5,NA,texas-christian,2016
11,Dalton Dry,G,16,0,67,-1.3,0.276,0.125,0.75,9,8.1,7.1,7.7,5.7,2.6,0,35.6,12.4,-0.2,0.1,-0.1,-0.045,-9,1.4,-7.6,NA,texas-christian,2016
NA,Team Totals,,33,33,6600,NA,0.502,0.308,0.456,NA,NA,NA,NA,NA,NA,NA,NA,NA,3.2,8.3,11.5,0.07,-0.4,1.6,1.3,NA,texas-christian,2016
1,Alex Robinson,G,39,31,1283,15.4,0.493,0.299,0.286,501,1.7,9.5,5.6,32.3,2.7,1.7,19.4,21.5,1.6,1.7,3.3,0.102,1.9,2.1,4.1,NA,texas-christian,2017
2,Kenrich Williams,F,37,36,1211,22.6,0.572,0.386,0.308,450,12,22.9,17.5,15.3,2.7,2.1,10.7,17,3.4,2.2,5.6,0.187,6.5,3.7,10.2,NA,texas-christian,2017
3,Jaylen Fisher,G,35,34,1032,11.6,0.514,0.473,0.257,366,1.5,6.2,3.9,24,2,0.5,21.8,20.9,0.8,1,1.8,0.072,0.9,0.8,1.7,NA,texas-christian,2017
4,Vladimir Brodziansky,F,39,30,934,29.7,0.622,0.083,0.469,478,10.8,17.1,14,5.6,0.8,9.4,8.7,25.8,3.8,1.5,5.3,0.226,7.3,3.1,10.4,NA,texas-christian,2017
5,Desmond Bane,G,39,13,807,14.1,0.617,0.399,0.283,246,4,12.5,8.3,8.5,0.9,1.2,14.8,16.3,1.5,0.8,2.3,0.115,1.7,1.4,3,NA,texas-christian,2017
6,Brandon Parrish,G,39,3,728,12.8,0.564,0.689,0.14,199,3.8,12.5,8.2,5.4,1.3,1.2,8,15.4,1.2,0.8,2,0.112,2.4,1.6,3.9,NA,texas-christian,2017
7,JD Miller,F,37,36,697,14.5,0.505,0.423,0.234,246,5.1,15.1,10.1,10,1.6,2.3,12.8,21.9,0.7,0.9,1.7,0.095,1.6,1.6,3.3,NA,texas-christian,2017
8,Karviar Shepherd,C,39,9,440,15.9,0.622,0.009,0.469,165,10.5,14.1,12.3,8.6,1.5,1.5,21.6,20,0.8,0.6,1.4,0.124,-2,1.6,-0.4,NA,texas-christian,2017
9,Chris Washburn,F,35,0,247,14.5,0.541,0.02,1.059,91,12.5,12.8,12.6,12.1,3.1,2.2,23.1,20.2,0.3,0.4,0.7,0.109,-2.3,3.4,1.1,NA,texas-christian,2017
10,Michael Williams,G,28,0,229,9.1,0.51,0.691,0.145,57,0.5,10.7,5.7,11,2,0,18.1,15.7,0.1,0.3,0.4,0.066,0.3,2.3,2.6,NA,texas-christian,2017
11,Malique Trent,G,12,3,148,8.6,0.443,0.405,0.5,46,1.6,9.5,5.6,14.1,4.4,0.7,22.4,22.6,-0.1,0.2,0.1,0.034,-4.6,3.1,-1.5,NA,texas-christian,2017
12,Josh Parrish,G,12,0,48,9.9,0.503,0.333,0.222,11,5,9.7,7.4,10.5,2.4,0,16.7,12.5,0,0.1,0.1,0.078,-1.4,3.4,1.9,NA,texas-christian,2017
13,Dalton Dry,G,13,0,27,5.9,0.354,0.5,0.5,7,4.4,8.7,6.5,12.3,2.2,0,9.2,20.2,0,0,0,0.023,-2.2,0.1,-2.1,NA,texas-christian,2017
14,Austin Sottile,F,12,0,19,21.2,0.75,0,0,5,0,24.6,12.4,20.3,0,0,0,10.5,0.1,0,0.1,0.187,5.3,3.9,9.3,NA,texas-christian,2017
NA,Team Totals,,39,39,7850,NA,0.553,0.346,0.323,NA,NA,NA,NA,NA,NA,NA,NA,NA,14.2,10.6,24.8,0.127,2.6,2.2,4.8,NA,texas-christian,2017
1,Kenrich Williams,F,32,32,1153,20.6,0.568,0.351,0.295,464,9.7,21.5,15.7,18.1,2.8,1.4,14.9,18.7,3,1.6,4.6,0.158,5.6,3.3,8.9,NA,texas-christian,2018
2,Desmond Bane,G,33,32,1005,18,0.671,0.476,0.305,369,1.9,14.1,8.1,14,1.8,0.8,15.8,18.1,2.6,0.9,3.5,0.14,4.1,2,6.1,NA,texas-christian,2018
3,Alex Robinson,G,31,21,992,12.3,0.504,0.276,0.362,371,1.6,9.5,5.7,31.1,2.1,0.9,25.3,19.9,0.9,0.8,1.7,0.068,0.6,0.9,1.5,NA,texas-christian,2018
4,Vladimir Brodziansky,F,33,33,897,26.4,0.658,0.201,0.463,444,9.5,13.2,11.4,8,0.6,6.5,9.8,23.1,3.7,0.9,4.6,0.206,6.7,1.8,8.5,NA,texas-christian,2018
5,Kouat Noi,F,33,9,726,18.9,0.622,0.571,0.277,284,6.4,15,10.8,5.8,1.7,0.4,9.4,20.3,2,0.6,2.6,0.145,5.3,0.7,6.1,NA,texas-christian,2018
6,JD Miller,F,33,24,655,16.8,0.538,0.285,0.29,250,8,15.3,11.7,8.8,1.7,2.9,13.2,21.2,1.1,0.7,1.8,0.109,1.8,1.2,3,NA,texas-christian,2018
7,Jaylen Fisher,G,17,14,465,21.1,0.633,0.449,0.259,223,1.6,5.1,3.4,34.4,2.3,0.2,17.1,21.2,1.7,0.3,2,0.171,5.4,0.8,6.2,NA,texas-christian,2018
8,Ahmed Hamdy Mohamed,F,32,0,422,15.6,0.541,0,0.521,177,11.3,16.4,13.9,3,1.1,2.3,13.8,23.8,0.7,0.4,1.1,0.105,-1.5,-0.1,-1.6,NA,texas-christian,2018
9,Shawn Olden,G,29,0,340,6.5,0.528,0.852,0.148,62,1.1,6.7,4,9.2,2,0.3,18.4,10.3,0.2,0.2,0.5,0.054,-1.1,2.5,1.4,NA,texas-christian,2018
10,RJ Nembhard,G,6,0,33,-0.6,0.283,0.357,0.286,12,7.6,14.5,11.1,25,0,3.2,23.9,31.4,-0.1,0,-0.1,-0.13,-11.5,-5.2,-16.7,NA,texas-christian,2018
11,Dalton Dry,G,9,0,23,20.9,0.553,0.714,1.429,11,0,20.8,10.6,0,2.5,0,0,25.3,0.1,0,0.1,0.205,-1,1.1,0.1,NA,texas-christian,2018
12,Clayton Crawford,F,6,0,12,-5.1,0,1,0,0,0,9.9,5.1,0,0,0,0,4.1,0,0,0,-0.038,-7.6,-1.1,-8.7,NA,texas-christian,2018
13,Austin Sottile,F,2,0,2,-22.3,0,0,0,0,0,0,0,0,0,0,0,24.8,0,0,0,-0.317,-19.4,-10.6,-30,NA,texas-christian,2018
NA,Team Totals,,33,33,6725,NA,0.59,0.352,0.342,NA,NA,NA,NA,NA,NA,NA,NA,NA,15.8,6.5,22.3,0.133,3.5,1.6,5,NA,texas-christian,2018
1,Desmond Bane,G,37,37,1315,20.1,0.607,0.374,0.175,512,4.4,13.9,9.2,13.6,1.8,1.6,9.6,19.5,3.7,1.9,5.7,0.173,5.2,2.8,7.9,NA,texas-christian,2019
2,Alex Robinson,G,37,37,1290,15.4,0.506,0.31,0.343,543,1.3,11.3,6.4,37.2,2.3,1,22,22.8,1.6,1.9,3.4,0.107,1.5,1.9,3.4,NA,texas-christian,2019
3,JD Miller,F,37,37,1136,17.4,0.549,0.324,0.541,408,8.9,15.8,12.4,10.1,1.4,1.7,11.8,18.2,2.4,1.6,4.1,0.143,3.3,2,5.2,NA,texas-christian,2019
4,Kouat Noi,F,31,19,937,18.3,0.558,0.584,0.185,384,6.9,11.8,9.4,7.7,2.3,1,11,23.3,1.9,1.4,3.3,0.142,4.5,1.7,6.2,NA,texas-christian,2019
5,Kevin Samuel,C,37,37,908,19.7,0.632,0.005,0.401,271,13.2,19.4,16.4,4.4,1.3,9,19.4,14.8,1.5,1.8,3.3,0.146,1.4,3.8,5.2,NA,texas-christian,2019
6,Kendric Davis,G,37,2,634,12.7,0.499,0.244,0.44,242,2.2,8.9,5.6,22.1,3,0.2,20.2,23.1,0.4,0.9,1.3,0.083,-0.9,2.5,1.6,NA,texas-christian,2019
7,RJ Nembhard,G,36,8,620,7.1,0.46,0.52,0.351,150,0.9,13.1,7.1,8.7,1.8,2.4,20.7,17.6,-0.3,0.9,0.6,0.037,-2,2.4,0.4,NA,texas-christian,2019
8,Jaylen Fisher,G,9,8,217,22.1,0.607,0.8,0.118,99,2.2,9.4,5.8,22.2,2.4,1,6.3,22.1,0.8,0.3,1.1,0.209,5.8,2.5,8.3,NA,texas-christian,2019
9,Lat Mayen,F,17,0,134,9.9,0.595,0.769,0.346,33,4.4,13.5,9,5.2,1.7,3.2,26.7,15.4,0,0.2,0.2,0.075,-1,2.8,1.8,NA,texas-christian,2019
10,Yuat Alok,F,10,0,131,1.8,0.481,0,0.3,30,3.6,18.1,11,2.7,0,2.4,29,18.5,-0.2,0.2,0,-0.001,-10.1,0.9,-9.2,NA,texas-christian,2019
11,Kaden Archie,G,10,0,101,6.4,0.337,0.44,0.52,20,3.5,13.4,8.5,0,5.7,2.1,13.8,17.9,-0.2,0.2,0.1,0.029,-7.5,3.9,-3.5,NA,texas-christian,2019
12,Russell Barlow,C,8,0,52,-4.4,0.167,0.167,0,3,4.5,13,8.9,0,0,0,25,7.7,-0.1,0.1,0,-0.028,-8.6,0.6,-8.1,NA,texas-christian,2019
13,Owen Aschieris,G,10,0,19,-8.5,0.339,1,1,4,0,17.8,9.1,0,0,0,40.4,26.1,-0.1,0,-0.1,-0.173,-13.2,-3.8,-17,NA,texas-christian,2019
14,Angus McWilliam,F,2,0,6,4.8,0,0,0,2,58.7,0,28.8,0,0,0,50,16.7,0,0,0,-0.075,-3.1,-9.7,-12.8,NA,texas-christian,2019
NA,Team Totals,,37,37,7500,NA,0.547,0.375,0.317,NA,NA,NA,NA,NA,NA,NA,NA,NA,11.6,11.5,23.1,0.123,1.9,2.4,4.3,NA,texas-christian,2019
1,Desmond Bane,G,32,32,1152,22.6,0.573,0.477,0.131,507,4.6,16.3,10.4,26,2.5,1.6,13.8,24.4,3.4,1.9,5.3,0.183,7.1,2.6,9.8,NA,texas-christian,2020
2,RJ Nembhard,G,29,28,930,13.1,0.478,0.413,0.328,351,1,13,6.9,23.6,1.8,0.6,16.8,24.7,0.8,1.2,2.1,0.088,0.8,0.8,1.6,NA,texas-christian,2020
3,Kevin Samuel,C,32,32,913,25.3,0.608,0,0.454,292,13.6,21.1,17.3,3.8,2.3,10.4,14.6,17.6,1.9,2,3.9,0.173,3.8,3.7,7.5,NA,texas-christian,2020
4,Jaire Grayer,G,32,27,769,14.5,0.547,0.635,0.195,217,8.5,13.9,11.1,4.4,1.7,1.5,12.1,16.9,1.2,1.1,2.3,0.118,2.1,0.8,2.8,NA,texas-christian,2020
5,Edric Dennis,G,32,21,671,7.5,0.437,0.595,0.27,206,0.7,8.4,4.5,22.4,2.4,0.5,21.6,22.4,-0.3,0.8,0.6,0.035,-2.2,0.7,-1.5,NA,texas-christian,2020
6,PJ Fuller II,G,32,8,627,7.5,0.454,0.382,0.177,182,2,9,5.5,16.4,1.8,2.7,22.6,21.7,-0.3,0.8,0.5,0.03,-2.9,1.1,-1.8,NA,texas-christian,2020
7,Francisco Farabello,G,30,7,617,9.9,0.565,0.656,0.14,126,0.9,7.4,4.1,20.1,2.4,0.7,26.6,11.4,0.5,0.7,1.3,0.082,-0.3,2.6,2.3,NA,texas-christian,2020
8,Diante Smith,F,31,5,400,1.8,0.332,0.583,0.262,87,7,10.5,8.7,9.1,1.2,1.4,20.6,19,-0.6,0.5,-0.2,-0.017,-5.4,-0.1,-5.4,NA,texas-christian,2020
9,Jaedon Ledee,F,30,0,350,15.3,0.601,0,1.159,91,14.9,14,14.5,1.6,2.3,3.8,17,12.3,0.7,0.6,1.3,0.154,-1.7,2.1,0.4,NA,texas-christian,2020
10,Russell Barlow,C,5,0,22,-1.4,0,0,0,1,5.3,0,2.7,7.8,0,0,0,2.4,0,0,0,0.02,-10,2.7,-7.3,NA,texas-christian,2020
11,Owen Aschieris,G,9,0,18,9.2,0.75,1,0,3,0,13.3,6.5,10.5,0,0,0,5.8,0,0,0.1,0.122,-1.7,1.9,0.2,NA,texas-christian,2020
12,Anthonu Lucenti,G,4,0,3,-22,NA,NA,NA,0,0,0,0,0,0,0,100,17.4,0,0,0,-0.343,-23.7,-11.1,-34.8,NA,texas-christian,2020
13,Dylan Arnette,G,4,0,3,0,NA,NA,NA,0,0,0,0,0,0,0,NA,0,0,0,0,0.013,-4.2,-0.3,-4.5,NA,texas-christian,2020
NA,Team Totals,,32,32,6475,NA,0.517,0.433,0.265,NA,NA,NA,NA,NA,NA,NA,NA,NA,7.4,9.7,17.1,0.106,1.1,1.8,2.9,NA,texas-christian,2020
1,RJ Nembhard,G,24,24,837,15.4,0.508,0.341,0.338,377,1.7,12.6,7.2,25.8,1.8,0.6,19,28.4,0.8,0.6,1.5,0.07,1.6,-0.5,1,NA,texas-christian,2021
2,Mike Miles,G,25,21,823,14.9,0.527,0.399,0.262,327,1,11.1,6.2,20.8,1.7,0.6,16.6,24.3,1.1,0.6,1.7,0.082,1.4,-0.1,1.2,NA,texas-christian,2021
3,Kevin Samuel,C,26,26,658,23.7,0.584,0,0.488,230,14.4,21.6,18.1,6.5,2.4,7,14.7,18.2,1.4,1.1,2.5,0.15,2.9,2.2,5.1,NA,texas-christian,2021
4,PJ Fuller II,G,25,18,593,6.8,0.5,0.468,0.317,145,1.8,7.9,4.9,12.1,1.8,1.1,25.3,17,-0.1,0.4,0.2,0.015,-3.2,0.5,-2.7,NA,texas-christian,2021
5,Kevin Easley Jr.,F,26,13,508,9.6,0.486,0.481,0.264,122,6.3,15.6,11,8.4,0.7,0.8,17.3,14.7,0.3,0.3,0.6,0.05,-0.7,-0.1,-0.8,NA,texas-christian,2021
6,Taryn Todd,G,26,5,457,8.4,0.509,0.452,0.221,117,1.8,8,5,14.8,1.8,1.1,22.8,16.9,0,0.3,0.3,0.03,-1.7,0.7,-1,NA,texas-christian,2021
7,Chuck O'Bannon Jr.,G,25,16,450,17.7,0.547,0.563,0.304,155,6.9,17.8,12.4,5.1,2.5,3,12,20.2,0.8,0.6,1.4,0.123,2.7,1.4,4,NA,texas-christian,2021
8,Jaedon Ledee,F,23,1,349,19.5,0.58,0.044,0.549,132,13.6,16.4,15,3.8,1.2,0.9,9.5,18.8,1,0.3,1.3,0.152,1.9,-1,0.9,NA,texas-christian,2021
9,Francisco Farabello,G,9,5,220,13.1,0.58,0.744,0.128,49,0,7.8,4,18.3,2.7,0,8.8,10.7,0.4,0.2,0.6,0.103,0.2,3,3.2,NA,texas-christian,2021
10,Mickey Pearson Jr.,F,19,1,142,5.7,0.446,0.591,0.364,24,4.2,10.5,7.4,6.6,0.4,1.5,16.2,11.2,0,0.1,0.1,0.021,-3.2,-0.4,-3.5,NA,texas-christian,2021
11,Terren Frank,F,14,0,120,7.9,0.491,0.481,0.037,26,3,8.6,5.8,8.2,0.5,1.8,12.7,13.6,0.1,0,0.1,0.038,-1,0,-0.9,NA,texas-christian,2021
12,Eddie Lampkin Jr.,C,10,0,34,12.9,0.382,0,1.2,8,14,16.9,15.4,5.5,7,3.1,20.3,15,0,0.1,0.1,0.076,-4.6,4.1,-0.6,NA,texas-christian,2021
13,Diante Smith,F,4,0,28,2,0.429,0.429,0,8,16.9,8.2,12.5,7.3,0,0,41.7,22.2,-0.1,0,-0.1,-0.107,-8.3,-4.7,-13,NA,texas-christian,2021
14,Owen Aschieris,G,4,0,4,-6.7,NA,NA,NA,1,0,28.6,14.6,83.6,0,0,100,25.9,0,0,0,-0.305,-7.7,-9.3,-17,NA,texas-christian,2021
15,Dylan Arnette,G,2,0,1,0,NA,NA,NA,0,0,0,0,0,0,0,NA,0,0,0,0,-0.007,-2.2,0.3,-1.9,NA,texas-christian,2021
16,Harrison Young,G,1,0,1,0,NA,NA,NA,0,0,0,0,0,0,0,NA,0,0,0,0,-0.007,-2.2,0.3,-1.9,NA,texas-christian,2021
NA,Team Totals,,26,26,5225,NA,0.527,0.363,0.324,NA,NA,NA,NA,NA,NA,NA,NA,NA,5.7,4.5,10.2,0.078,0.4,0.5,0.9,NA,texas-christian,2021
1,Mike Miles,G,31,31,1034,15.1,0.482,0.342,0.33,465,0.9,11.2,6.1,24.2,2.2,0.7,15,28,1.5,1.7,3.2,0.122,2,2,4.1,NA,texas-christian,2022
2,Damion Baugh,G,31,30,965,13.8,0.495,0.346,0.322,354,1.8,14.5,8.2,28.6,2.5,0.7,23.6,22.5,0.6,1.7,2.3,0.095,1.3,2.6,3.9,NA,texas-christian,2022
3,Emanuel Miller,F,34,34,935,18.1,0.537,0.156,0.278,331,10.4,15.7,13.1,6.7,1.5,3,12.4,19.8,1.9,1.6,3.5,0.15,2.9,2.3,5.2,NA,texas-christian,2022
4,Chuck O'Bannon Jr.,G,34,25,820,17.7,0.531,0.523,0.35,295,6.1,13.8,10,7.8,2.3,2.6,10.1,20.5,1.8,1.5,3.3,0.162,4.4,3.3,7.7,NA,texas-christian,2022
5,Micah Peavy,G,34,9,717,11.1,0.477,0.16,0.337,210,8.3,13.7,11.1,9.8,1.7,2.7,20.5,19,0.2,1.3,1.4,0.08,-1.3,2.9,1.7,NA,texas-christian,2022
6,Eddie Lampkin Jr.,C,33,32,710,20.1,0.595,0,0.452,233,17,16.6,16.8,7.1,1.7,2.4,15.3,15.6,1.7,1.3,3,0.167,3.8,2.4,6.2,NA,texas-christian,2022
7,Francisco Farabello,G,34,6,646,11.8,0.583,0.811,0.246,152,1.3,13.5,7.4,12,1.7,0.2,17,12.7,1,1,2,0.123,1.9,3.4,5.3,NA,texas-christian,2022
8,Xavier Cork,F,33,2,444,14.2,0.606,0,0.263,110,11.9,11.3,11.6,5.2,1.1,5.9,23.1,13.1,0.5,0.8,1.3,0.116,0.1,3.4,3.6,NA,texas-christian,2022
9,JaKobe Coles,F,34,0,296,13.6,0.479,0.438,0.191,89,6.3,18.6,12.5,9.3,2.6,4.8,17.8,19.9,0.1,0.7,0.8,0.109,-0.6,4.3,3.7,NA,texas-christian,2022
10,Souleymane Doumbia,C,29,0,145,9,0.543,0.091,0.364,28,9.7,9.5,9.6,2.5,0.4,6.7,27.9,12.3,0,0.2,0.2,0.062,-3.7,2.7,-1.1,NA,texas-christian,2022
11,Maxwell Evans,G,4,1,76,6,0.35,0.6,0.15,19,3.1,9,6.1,25.7,2.3,1.4,24.6,18.6,-0.1,0.1,0.1,0.027,-3.1,1.9,-1.1,NA,texas-christian,2022
12,Shahada Wells,G,7,0,51,0.8,0.361,0.611,0,13,6.9,11.2,9.1,7.4,0,0,21.7,22.5,-0.1,0.1,0,-0.027,-6.3,-1.1,-7.4,NA,texas-christian,2022
13,Cole Despie,G,3,0,4,-7.5,0,0,0,0,0,28.6,14.5,0,0,0,0,12.5,0,0,0,-0.087,-12.8,0.5,-12.3,NA,texas-christian,2022
14,Harrison Young,G,4,0,4,-46.6,0,0.5,0,0,0,0,0,0,0,0,0,49.9,-0.1,0,-0.1,-0.595,-35.8,-16.4,-52.2,NA,texas-christian,2022
15,Darius Ford,G,2,0,3,50.2,1,0,0,1,39.1,0,19.3,0,0,0,0,16.6,0,0,0,0.322,19.4,4.7,24.1,NA,texas-christian,2022
NA,Team Totals,,34,34,6850,NA,0.516,0.317,0.314,NA,NA,NA,NA,NA,NA,NA,NA,NA,9,11.9,21,0.122,1.6,2.7,4.4,NA,texas-christian,2022
1,Damion Baugh,G,29,29,1015,16.7,0.521,0.298,0.393,401,2.1,13.3,7.7,29.6,2.8,0.8,19,20.7,1.4,1.9,3.3,0.13,2.9,3.1,6,NA,texas-christian,2023
2,Emanuel Miller,F,32,31,954,18.1,0.549,0.156,0.211,370,7.2,17.8,12.4,11.2,1.8,3.1,13.7,21.3,1.5,1.8,3.4,0.141,2.8,2.4,5.2,NA,texas-christian,2023
3,Mike Miles,G,27,26,861,20.1,0.604,0.33,0.538,424,0.8,9.1,4.9,16.6,2.1,1,14.9,26.5,2.2,1.3,3.6,0.165,4.5,2.3,6.8,NA,texas-christian,2023
4,Chuck O'Bannon Jr.,G,35,31,762,16.2,0.511,0.571,0.312,265,7.5,10.1,8.8,8,2.1,4.7,7.7,18.3,1.4,1.4,2.8,0.147,3.1,2.9,6,NA,texas-christian,2023
5,Micah Peavy,G,30,8,630,12.7,0.447,0.29,0.285,213,7.1,9.8,8.5,10.4,2.7,3.7,12,20.6,0.4,1.2,1.5,0.096,-0.4,3.1,2.7,NA,texas-christian,2023
6,Shahada Wells,G,35,9,605,16.5,0.516,0.426,0.191,213,1.5,12.9,7.1,24.5,3.7,1.1,16,19.1,0.7,1.2,2,0.13,1.4,4.2,5.6,NA,texas-christian,2023
7,JaKobe Coles,F,35,1,585,24.2,0.565,0.294,0.316,287,9.6,17.6,13.6,14.7,2,3.8,8.3,24.1,1.9,1.2,3.1,0.212,5.9,3.1,9,NA,texas-christian,2023
8,Xavier Cork,F,35,16,528,13.9,0.583,0,0.567,150,8.5,11.3,9.9,5,1.7,3.2,12.6,13.9,0.9,0.9,1.8,0.136,-0.7,2.8,2.2,NA,texas-christian,2023
9,Eddie Lampkin Jr.,C,24,19,522,16.1,0.553,0,0.368,172,14.4,16.5,15.4,9.8,1.6,2.4,21.2,16.3,0.7,0.9,1.6,0.124,1,1.7,2.7,NA,texas-christian,2023
10,Rondel Walker,G,30,5,372,5.5,0.362,0.63,0.123,61,2.1,12.3,7.2,8.5,1.7,2.9,13.4,11.7,-0.2,0.6,0.5,0.049,-2.6,2.9,0.2,NA,texas-christian,2023
11,Souleymane Doumbia,C,21,0,84,9.9,0.432,0,0.333,21,13.4,13.6,13.5,2,2.7,1.3,12.6,13.8,0.1,0.2,0.2,0.102,-4.6,0.8,-3.8,NA,texas-christian,2023
12,PJ Haggerty,G,6,0,54,15.2,0.64,0.111,1,17,2.1,17,9.5,15.6,2.1,0,23.2,15.6,0.1,0.1,0.2,0.139,-1.9,3.2,1.3,NA,texas-christian,2023
13,Tyler Lundblade,G,9,0,24,0.4,0.252,0.4,0.4,4,0,14.3,7.1,12.9,0,0,0,12.1,0,0,0,0.023,-9.3,0.4,-8.9,NA,texas-christian,2023
14,Darius Ford,G,6,0,11,-1,0.253,0.667,0.667,2,0,20.8,10.3,0,0,0,0,17.5,0,0,0,-0.002,-11.9,-1.1,-12.9,NA,texas-christian,2023
15,Zach Gonsoulin,G,6,0,6,-14.5,0,0,0,0,0,19.1,9.5,0,0,0,50,16.2,0,0,0,-0.217,-16,-3.6,-19.6,NA,texas-christian,2023
16,Trey Stuart,G,6,0,6,-4.6,0,0.5,0,1,18.7,19.1,18.9,0,0,0,0,16.2,0,0,0,-0.1,-9,-3.7,-12.7,NA,texas-christian,2023
17,Cole Despie,G,5,0,5,1.2,0.375,0.5,0,2,0,0,0,0,0,0,0,38.9,0,0,0,-0.009,-9.6,-6.6,-16.1,NA,texas-christian,2023
NA,Team Totals,,35,35,7024,NA,0.533,0.299,0.341,NA,NA,NA,NA,NA,NA,NA,NA,NA,11.1,12.7,23.8,0.136,2,2.8,4.8,NA,texas-christian,2023
1,Emanuel Miller,F,34,34,1110,21.4,0.579,0.208,0.404,519,7.6,14.3,10.9,15,1.8,1.4,9.9,22.3,3.5,1.6,5.1,0.185,5.7,1.7,7.3,NA,texas-christian,2024
2,Micah Peavy,G,34,34,996,15.2,0.515,0.271,0.262,374,6.3,13.5,9.8,16.2,2.6,0.9,14.1,20.2,1.4,1.6,2.9,0.118,1.6,2.2,3.9,NA,texas-christian,2024
3,Jameer Nelson Jr.,G,34,22,849,17.9,0.537,0.364,0.411,375,0.9,11.4,6,24.1,4.7,1.9,18,24.5,1.2,1.7,2.9,0.134,1.6,4.4,6,NA,texas-christian,2024
4,Trey Tennyson,G,34,15,823,11.8,0.571,0.63,0.145,259,1.1,9.8,5.4,13.2,2.1,0.7,16.9,17.6,1,1.1,2.1,0.101,1.1,2,3,NA,texas-christian,2024
5,Avery Anderson III,G,34,17,762,12.6,0.492,0.298,0.315,284,1.1,11.1,6,25.3,3.6,1.4,20.6,21.4,0.4,1.3,1.8,0.092,-1.5,3.3,1.8,NA,texas-christian,2024
6,JaKobe Coles,F,31,11,635,20,0.572,0.261,0.233,281,6.5,15.6,10.9,12.7,1.8,2.3,9.3,22.7,1.7,1,2.7,0.168,4.2,1.7,5.9,NA,texas-christian,2024
7,Ernest Udeh Jr.,C,29,29,502,18.3,0.602,0,1.313,143,15.9,19.9,17.9,2.9,3.3,4.8,16.8,11.9,0.9,1.1,2,0.161,1.5,2.9,4.5,NA,texas-christian,2024
8,Chuck O'Bannon Jr.,G,31,3,451,17.3,0.554,0.481,0.374,167,7.9,12.9,10.3,10,1.4,3.4,4.9,17.3,1.3,0.6,1.9,0.17,3.6,1.9,5.5,NA,texas-christian,2024
9,Xavier Cork,F,34,5,424,15,0.633,0,0.354,141,10.8,12.4,11.6,8.9,0.7,3.6,22.2,16.3,0.7,0.5,1.2,0.113,0.8,1.3,2.2,NA,texas-christian,2024
10,Essam Mostafa,C,30,0,289,19.1,0.548,0,0.55,97,17.8,20.6,19.2,6.4,1.8,5,11.7,14.2,0.7,0.5,1.2,0.165,1.5,1.3,2.8,NA,texas-christian,2024
11,Tyler Lundblade,G,6,0,28,0.5,0.42,1,0.4,5,0,8.5,4.2,5.4,2,0,33.5,15.3,-0.1,0,0,-0.024,-8.8,-2.9,-11.8,NA,texas-christian,2024
12,Darius Ford,G,8,0,14,1.4,0.357,0.571,0,5,0,17,8.3,12.9,4,0,22.2,30.9,-0.1,0,0,-0.066,-11.6,-2.5,-14.1,NA,texas-christian,2024
13,Cole Despie,G,8,0,9,2.2,0.339,0.5,1,2,0,0,0,15.9,0,0,0,15.7,0,0,0,0.061,-9.2,-2,-11.2,NA,texas-christian,2024
14,Trey Stuart,G,8,0,9,-5.4,0,0.5,0,1,0,0,0,15.9,0,0,0,10.7,0,0,0,-0.079,-8.4,-3.9,-12.4,NA,texas-christian,2024
NA,Team Totals,,34,34,6901,NA,0.551,0.303,0.35,NA,NA,NA,NA,NA,NA,NA,NA,NA,12.6,11.1,23.7,0.137,2.1,2.3,4.4,NA,texas-christian,2024
1,Noah Reynolds,G,31,30,975,13.6,0.532,0.392,0.325,369,0.8,7.8,4.1,20.3,1.4,0.3,13.4,21.7,1.4,1,2.4,0.097,2,1.7,3.7,NA,texas-christian,2025
2,Vasean Allette,G,32,25,933,11.6,0.433,0.213,0.228,385,3.9,13.2,8.3,26.7,2.7,0.8,18,27.9,-0.6,1.4,0.8,0.036,-0.8,2.2,1.4,NA,texas-christian,2025
3,Trazarien White,F,32,19,814,13,0.488,0.462,0.295,263,2.4,11.3,6.6,7.4,3,0.6,7.4,20.2,0.8,1.2,2,0.099,1,3.7,4.7,NA,texas-christian,2025
4,Ernest Udeh Jr.,C,30,30,799,20.1,0.633,0,0.821,221,12.8,20.6,16.5,8.5,3.2,5.9,17.5,11.9,1.6,1.7,3.2,0.162,2.6,4.9,7.5,NA,texas-christian,2025
5,David Punch,F,32,27,653,14,0.509,0.169,0.407,206,9.6,15.8,12.5,5.7,1.6,5.3,15.6,18.8,0.4,1,1.4,0.088,-0.4,2.6,2.2,NA,texas-christian,2025
6,Brendan Wenzel,G,29,15,626,9.8,0.479,0.689,0.192,165,1.4,12.5,6.6,6.9,1.8,0.6,7.7,16.9,0.4,0.8,1.3,0.08,0.2,2.5,2.7,NA,texas-christian,2025
7,Micah Robinson,F,32,2,450,14,0.524,0.496,0.367,163,7.1,8,7.5,7.8,1.6,0.8,10.9,20.6,0.7,0.5,1.2,0.105,2.5,1.2,3.7,NA,texas-christian,2025
8,Jace Posey,F,31,3,398,12.9,0.481,0.316,0.43,128,8.6,12.8,10.6,5.7,2.4,2.2,12.7,19.9,0.2,0.6,0.8,0.082,-0.2,2.4,2.2,NA,texas-christian,2025
9,Malick Diallo,C,29,0,315,10.3,0.509,0,0.529,74,13.3,15.8,14.5,3,1.7,6.7,27.3,14.1,0,0.5,0.5,0.064,-4.2,3.1,-1.1,NA,texas-christian,2025
10,Frankie Collins,G,9,9,278,16,0.48,0.256,0.356,108,2.4,15.2,8.4,30.6,3.6,0.9,16.6,22.9,0.2,0.5,0.7,0.097,0.2,3.7,4,NA,texas-christian,2025
11,Isaiah Manning,F,24,0,176,5.7,0.398,0.754,0.123,46,3.8,8.5,6,6.7,1.4,0,4.7,18.2,0,0.2,0.2,0.046,-3.5,1.2,-2.2,NA,texas-christian,2025
12,Adam Stewart,C,2,0,2,48.9,1,0,0,1,0,0,0,0,0,0,0,25.2,0,0,0,0.287,15.4,5.6,21.1,NA,texas-christian,2025
13,Drew McElroy,G,2,0,2,86.2,1.5,1,0,1,0,62,29.2,0,0,0,0,25.2,0,0,0,0.366,51.3,19.9,71.2,NA,texas-christian,2025
14,Trey Stuart,G,2,0,2,-13.5,0,0,0,0,0,62,29.2,0,0,0,0,25.2,0,0,0,-0.235,-26.7,-2.8,-29.5,NA,texas-christian,2025
15,Cole Despie,G,1,0,1,155.4,1.5,1,0,3,0,0,0,0,0,0,0,50.5,0.1,0,0.1,2.111,96.7,23.9,120.5,NA,texas-christian,2025
NA,Team Totals,,32,32,6424,NA,0.497,0.347,0.335,NA,NA,NA,NA,NA,NA,NA,NA,NA,5.1,9.5,14.6,0.091,0.5,2.8,3.3,NA,texas-christian,2025
1,Brock Harding,G,35,35,1111,12.1,0.456,0.419,0.235,349,1.7,9.1,5.2,30.6,3.2,0.4,17.7,16.5,0.7,1.8,2.5,0.089,0,3.5,3.5,NA,texas-christian,2026
2,Jayden Pierre,G,35,35,1064,11.5,0.53,0.479,0.178,342,1.3,7.2,4.1,16.9,1.9,1.1,11.8,17.5,1.3,1.4,2.7,0.1,0.2,2.9,3.1,NA,texas-christian,2026
3,David Punch,F,34,34,1009,21.7,0.55,0.13,0.48,458,7.5,19.6,13.2,13.8,2.6,7.4,11.8,24,1.9,2.2,4.1,0.161,3.2,5.2,8.4,NA,texas-christian,2026
4,Micah Robinson,F,35,13,942,15.6,0.531,0.461,0.481,371,5.7,15.1,10.2,11.5,2.5,1.4,11.5,21.2,1.5,1.6,3.1,0.132,2.3,3.3,5.6,NA,texas-christian,2026
5,Liutauras Lelevicius,G,34,22,804,13.9,0.614,0.614,0.269,237,3.5,13.6,8.3,5.2,1.1,0.6,7.1,14.6,1.6,1.1,2.7,0.133,3,2.3,5.3,NA,texas-christian,2026
6,Xavier Edmonds,F,35,34,798,24.9,0.628,0.199,0.588,423,14.5,19.1,16.7,11,2.5,4.4,15.5,25.8,2.3,1.6,3.9,0.193,5,3.4,8.3,NA,texas-christian,2026
7,Tanner Toolson,G,35,1,736,14,0.489,0.448,0.413,266,7.5,10.1,8.8,7.9,1.8,1.7,6.1,19.5,1.1,1,2.2,0.117,2,2,4,NA,texas-christian,2026
8,Jace Posey,F,27,0,306,14.2,0.507,0.13,0.47,118,9.4,14.7,12,3.8,2.1,1.5,12.2,22.3,0.3,0.5,0.8,0.1,-1.2,1.4,0.2,NA,texas-christian,2026
9,Vianney Salatchoum,C,23,0,123,9.8,0.532,0,0.13,26,8.1,12.9,10.4,2.9,0.9,11,24.7,12.9,0,0.2,0.2,0.066,-4.6,4.1,-0.5,NA,texas-christian,2026
10,Kayden Edwards,G,14,0,89,15,0.564,0.605,0.105,38,1.2,10.9,5.9,18.9,0.6,0,11.1,24.8,0.1,0.1,0.2,0.106,1.6,-0.7,0.9,NA,texas-christian,2026
11,RJ Jones,G,9,0,56,11.8,0.549,0.85,0.1,22,0,8.7,4.1,23.9,1,0,12.5,21,0.1,0.1,0.2,0.108,-1.5,-0.3,-1.8,NA,texas-christian,2026
12,Ashton Simmons,G,5,0,19,-5,0.357,0.571,0,5,0,19.2,9.2,9.4,0,0,30,25.8,-0.1,0,-0.1,-0.123,-12.3,-2.5,-14.8,NA,texas-christian,2026
13,Malick Diallo,C,1,1,7,-10.6,NA,NA,NA,0,0,17.4,8.3,0,0,16.2,100,14,-0.1,0,0,-0.21,-20.7,3.5,-17.1,NA,texas-christian,2026
14,Adam Stewart,C,4,0,4,32.7,1,0,0,2,27.8,0,14.5,0,0,0,0,12.3,0,0,0,0.245,6.7,-2.8,4,NA,texas-christian,2026
15,Trey Stuart,G,5,0,4,-18.3,0,1,0,1,27.8,0,14.5,0,0,0,0,24.5,0,0,0,-0.205,-26.1,-7.7,-33.7,NA,texas-christian,2026
16,Drew McElroy,G,3,0,3,13.8,0,1,0,0,0,0,0,0,0,75.5,0,16.4,0,0,0,-0.047,6.4,17.5,23.9,NA,texas-christian,2026
NA,Team Totals,,35,35,7075,NA,0.54,0.368,0.375,NA,NA,NA,NA,NA,NA,NA,NA,NA,10.7,11.5,22.3,0.126,1.7,3.1,4.8,NA,texas-christian,2026
1,Julyan Stone,G,35,35,1279,17.3,0.554,0.252,0.688,374,3.9,18.9,11.8,26.6,2.4,1.9,19.5,13.7,2.3,3,5.3,0.165,2.3,4.2,6.5,NA,texas-el-paso,2011
2,Randy Culpepper,G,35,34,1261,21.5,0.546,0.392,0.39,625,2.1,7,4.7,19.3,3.3,0.9,11.7,29.2,2.9,2.4,5.4,0.17,3.9,2.4,6.3,NA,texas-el-paso,2011
3,Christian Polk,G,35,34,1152,14.6,0.577,0.448,0.171,387,1,7.7,4.5,18.5,1.7,0.6,15.7,19.2,1.8,1.8,3.7,0.127,1.7,1.3,3,NA,texas-el-paso,2011
4,Jeremy Williams,F,35,33,1040,15.3,0.557,0.276,0.481,348,6.6,14.5,10.8,6.3,1.7,3,16.5,20,1.3,2.1,3.4,0.132,0.8,1.7,2.5,NA,texas-el-paso,2011
5,Gabriel McCulley,F,35,11,726,13.3,0.534,0.256,0.531,223,7.4,15.6,11.7,9.2,1.9,1.9,17,17.5,0.9,1.5,2.4,0.133,-1.5,2.2,0.6,NA,texas-el-paso,2011
6,John Bohannon,C,33,11,606,14,0.519,0.015,0.519,180,9.1,19.2,14.4,8.1,1.4,6,21.3,18.3,0.3,1.4,1.7,0.111,-2.4,2.6,0.2,NA,texas-el-paso,2011
7,Claude Britten,C,33,15,382,22.1,0.551,0.005,0.323,188,4.8,16.4,10.9,5.2,0.8,5.4,11.7,34.1,0.4,0.8,1.2,0.129,0.1,1,1.2,NA,texas-el-paso,2011
8,Michael Perez,G,28,0,282,4.5,0.541,0.472,0.167,45,0.9,6.2,3.7,13.2,1,1.2,35.1,11.2,-0.1,0.4,0.3,0.038,-3.6,0.8,-2.9,NA,texas-el-paso,2011
9,Isaac Gordon,G,27,1,218,6.2,0.503,0.391,0.261,32,1.1,14.6,8.2,14.4,1.1,0,29.9,8.9,0,0.4,0.4,0.073,-2.9,2.2,-0.7,NA,texas-el-paso,2011
10,Wayne Portalatin,C,14,1,95,7.3,0.577,0,0.5,21,7.7,6.9,7.3,3.9,0.6,3.6,22.4,12.4,0.1,0.1,0.2,0.092,-5,1.5,-3.5,NA,texas-el-paso,2011
11,Kevin Perry,F,4,0,11,-2.1,0.306,0,1.333,3,0,0,0,14.7,0,0,16.9,28.3,0,0,0,-0.081,-6.8,-1.2,-8,NA,texas-el-paso,2011
12,Eric Munoz,F,4,0,10,-12.2,0,0,0,1,12.2,0,5.8,0,0,11.4,25,21.1,-0.1,0,-0.1,-0.231,-19.6,-5.3,-24.9,NA,texas-el-paso,2011
13,Tony Baker,G,4,0,7,32,0.69,0,4,4,17.5,15.7,16.5,0,0,0,0,21.8,0.1,0,0.1,0.411,-7.5,1.3,-6.3,NA,texas-el-paso,2011
14,Tyler Tafoya,G,3,0,6,-4.3,0.2,0.2,0,2,20.4,18.3,19.3,0,0,0,0,43.9,0,0,0,-0.181,-13.7,-2.9,-16.7,NA,texas-el-paso,2011
15,DeShun Watkins,G,1,NA,NA,NA,NA,NA,NA,NA,NA,NA,NA,NA,NA,NA,NA,NA,NA,NA,NA,NA,NA,NA,NA,NA,texas-el-paso,2011
NA,Team Totals,,35,35,7075,NA,0.549,0.29,0.408,NA,NA,NA,NA,NA,NA,NA,NA,NA,9.9,14,23.9,0.135,0.8,2.2,3.1,NA,texas-el-paso,2011
1,Jacques Streeter,G,32,29,1063,12,0.531,0.337,0.547,276,1.9,10.4,6.2,26.8,1.4,0.1,22.5,14.9,1.3,1.1,2.4,0.09,0.6,0.8,1.5,NA,texas-el-paso,2012
2,Julian Washburn,F,31,30,1055,12.2,0.496,0.205,0.224,315,2.8,10.6,6.8,11.1,1.7,1.3,15.2,22.2,0.4,1.2,1.6,0.06,-0.2,0.7,0.5,NA,texas-el-paso,2012
3,Michael Perez,G,31,26,957,12.3,0.523,0.407,0.399,315,1.6,9.5,5.6,14.2,1.4,0.7,17.7,23.4,0.7,1,1.7,0.071,0.3,0,0.3,NA,texas-el-paso,2012
4,Gabriel McCulley,F,28,27,840,20.6,0.59,0.263,0.442,304,8.6,15.6,12.2,15.6,2.4,2.2,14.4,20.7,2.1,1.3,3.5,0.165,3.5,2.3,5.8,NA,texas-el-paso,2012
5,John Bohannon,C,31,20,822,22.6,0.618,0.017,0.458,336,8.8,27.4,18.3,16.3,1.5,4.2,21.6,25.2,1.7,1.6,3.3,0.163,1.7,2.7,4.4,NA,texas-el-paso,2012
6,Cedrick Lang,F,32,16,711,14.7,0.606,0,0.651,197,10.7,18.1,14.5,6.3,1,2.6,20.3,16.5,1.1,1,2.1,0.118,-0.7,1.1,0.3,NA,texas-el-paso,2012
7,C.J. Cooper,G,27,0,409,7.4,0.441,0.663,0.202,91,0.3,9.3,4.9,17.5,0.9,0,16.3,16.1,0.1,0.4,0.4,0.04,-1.7,-0.1,-1.8,NA,texas-el-paso,2012
8,D'Von Campbell,G,23,4,265,6.4,0.449,0.4,0.38,57,1.5,11.4,6.6,16.1,1.9,0,27.2,17.3,-0.2,0.3,0.1,0.014,-3.1,0.7,-2.4,NA,texas-el-paso,2012
9,Jalen Ragland,F,19,3,198,1.8,0.319,0.625,0.063,42,0.7,5.3,3,11.6,1,0.6,12,21.4,-0.4,0.1,-0.2,-0.047,-5.9,-2.8,-8.7,NA,texas-el-paso,2012
10,Malcolm Moore,F,7,2,115,12.2,0.558,0.083,0.333,31,10.7,13.7,12.2,5.8,0,4,15.2,16.2,0.2,0.1,0.3,0.104,-2,0.3,-1.6,NA,texas-el-paso,2012
11,Hooper Vint,C,5,0,79,15.4,0.685,0.385,0.615,23,13.8,19.9,16.9,2.7,0,4.4,26.3,16.3,0.2,0.1,0.3,0.132,-0.5,-0.4,-0.9,NA,texas-el-paso,2012
12,Kevin Perry,F,11,0,20,-2.4,0.252,0,0.4,3,6.8,6.6,6.7,0,0,0,0,16.8,0,0,0,-0.034,-9.8,-4.8,-14.7,NA,texas-el-paso,2012
13,Tyler Tafoya,G,3,1,10,-9.2,0,1,0,0,0,13.1,6.7,0,6.4,0,33.3,17,-0.1,0,0,-0.18,-20,1.3,-18.7,NA,texas-el-paso,2012
14,Mauricio Cheda,F,1,1,6,3.4,NA,NA,NA,0,0,21.9,11.1,0,0,0,NA,0,0,0,0,0.047,-3.9,-0.2,-4.1,NA,texas-el-paso,2012
NA,Team Totals,,32,32,6550,NA,0.537,0.266,0.39,NA,NA,NA,NA,NA,NA,NA,NA,NA,7.1,8.3,15.4,0.094,0.2,0.9,1.1,NA,texas-el-paso,2012
1,Julian Washburn,F,32,32,1106,14,0.49,0.132,0.252,365,3.6,12.4,8,12.3,1.6,1.1,12.9,23.6,1,1.3,2.3,0.082,-0.3,0.4,0.2,NA,texas-el-paso,2013
2,Jacques Streeter,G,32,31,1099,14.4,0.559,0.55,0.407,305,0.7,7,3.9,32.8,1.7,0.1,19.6,14.5,2.2,0.9,3.1,0.114,2.3,0.4,2.7,NA,texas-el-paso,2013
3,Konner Tucker,G,25,22,762,11.6,0.584,0.674,0.332,224,0.9,6.6,3.7,10.6,0.8,0,16.3,19.3,1.2,0.5,1.7,0.091,0.5,-0.5,0,NA,texas-el-paso,2013
4,John Bohannon,C,29,17,719,24.6,0.606,0.042,0.597,284,9,24.9,17,14.6,1.8,7.5,18.1,23.7,1.8,1.5,3.3,0.183,3.1,4.1,7.2,NA,texas-el-paso,2013
5,Cedrick Lang,F,32,29,681,14.5,0.575,0,0.72,181,10.3,22.9,16.6,4.3,1.1,1.9,17.2,16,1,1.1,2.2,0.127,-1.4,0.8,-0.5,NA,texas-el-paso,2013
6,McKenzie Moore,G,25,15,611,19.3,0.556,0.35,0.405,218,6.1,22.1,14.1,19.8,3.6,3.5,22.7,23.4,0.7,1.3,2,0.134,1.6,4.3,5.9,NA,texas-el-paso,2013
7,C.J. Cooper,G,32,1,506,12.6,0.571,0.722,0.278,148,1,5.5,3.3,14.3,1,0,15.4,19,0.8,0.3,1.1,0.088,1.8,-0.7,1.1,NA,texas-el-paso,2013
8,Chris Washburn,F,32,4,478,12.1,0.489,0.01,1,145,9.2,16.3,12.8,8.4,3.5,3.4,24.7,22.6,-0.1,0.9,0.8,0.065,-4.1,2.7,-1.4,NA,texas-el-paso,2013
9,Jalen Ragland,F,24,9,328,8.8,0.44,0.674,0.211,83,1.6,6.9,4.2,6,0.4,0.7,3.7,18.8,0.3,0.2,0.5,0.058,0.1,-1.2,-1,NA,texas-el-paso,2013
10,Malcolm Moore,F,14,0,74,5.9,0.597,0.167,0.833,19,7.2,14.3,10.8,2.9,0.9,1.5,29.5,18.3,0,0.1,0.1,0.068,-8.1,1.2,-6.9,NA,texas-el-paso,2013
11,Hooper Vint,C,12,0,69,11.4,0.596,0.133,0.133,15,5.8,11.5,8.6,0,0.9,7.8,20.1,16.5,0,0.1,0.1,0.067,-5.2,2.2,-3,NA,texas-el-paso,2013
12,Twymond Howard,F,12,0,67,8,0.305,0.095,0.524,17,5.9,19.8,12.9,6.4,1.9,1.6,3.7,23.1,-0.1,0.1,0,0.016,-4,-1.4,-5.3,NA,texas-el-paso,2013
NA,Team Totals,,32,32,6500,NA,0.541,0.321,0.426,NA,NA,NA,NA,NA,NA,NA,NA,NA,8.9,8.4,17.3,0.106,0.4,1.1,1.5,NA,texas-el-paso,2013
1,Julian Washburn,F,34,33,1170,15.8,0.525,0.347,0.247,417,2.2,8.8,5.8,16.4,1.7,1.2,10.3,21.5,1.9,2,3.9,0.135,1.9,1.3,3.2,NA,texas-el-paso,2014
2,C.J. Cooper,G,34,30,1075,10.9,0.533,0.662,0.357,330,1.2,5.2,3.4,19.2,1.5,0,18.3,18.6,1.1,1.5,2.6,0.098,-0.3,-0.1,-0.4,NA,texas-el-paso,2014
3,John Bohannon,C,32,29,916,23,0.608,0.046,0.638,379,8.2,23.3,16.5,19.2,0.9,6.3,19.1,22.4,2,2.3,4.4,0.19,3.1,3.6,6.7,NA,texas-el-paso,2014
4,Vince Hunter,F,34,28,876,22.3,0.58,0.008,0.762,402,11.1,17.1,14.4,11.9,1.9,3.1,15.7,25.9,2,2,4.1,0.185,1.9,1.5,3.4,NA,texas-el-paso,2014
5,Cedrick Lang,F,33,10,762,13.5,0.54,0,0.786,226,10.8,15.5,13.4,7,1,1.2,16,16.5,1,1.5,2.5,0.132,-1.1,0.6,-0.5,NA,texas-el-paso,2014
6,Matt Willms,C,34,23,577,16,0.579,0,0.565,185,8.6,14.2,11.6,12.3,2,5.3,22.6,18.7,0.6,1.3,1.9,0.133,-1.5,2.9,1.5,NA,texas-el-paso,2014
7,Jake Flaggert,F,30,0,370,4.8,0.5,0.745,0.345,60,1.4,7.3,4.6,5.6,1.2,0.6,17.9,11.2,0,0.6,0.6,0.066,-3.2,1.6,-1.7,NA,texas-el-paso,2014
8,McKenzie Moore,G,11,9,300,19.1,0.591,0.3,0.744,141,3.8,13.8,9.3,22.3,1.6,1.8,20.8,27.2,0.6,0.6,1.2,0.161,0.9,1,1.9,NA,texas-el-paso,2014
9,Justin Crosgile,G,14,5,294,9,0.517,0.667,0.317,73,0.9,9.9,5.8,15.7,2.5,0,23.3,17,0,0.6,0.5,0.073,-2.5,2.7,0.2,NA,texas-el-paso,2014
10,Hooper Vint,C,21,0,149,1.5,0.318,0.208,0.375,24,7.6,13.2,10.7,8.9,0,1.5,22.1,12.9,-0.2,0.3,0.1,0.019,-6.8,-0.1,-6.9,NA,texas-el-paso,2014
11,Tevin Caldwell,G,30,1,142,14.5,0.575,0,0.944,33,6.2,6.6,6.4,10.9,2.6,1.5,7.1,10.5,0.3,0.3,0.6,0.156,-0.1,2.7,2.6,NA,texas-el-paso,2014
12,Jalen Ragland,F,9,2,140,4.9,0.4,0.595,0.243,32,1.8,2.2,2,8.4,1.8,0,12.7,17.9,-0.1,0.2,0.1,0.033,-2.9,-1.3,-4.2,NA,texas-el-paso,2014
13,Aaron Jones,G,8,0,48,-6.7,0.337,0,0.571,8,0,2.2,1.2,23.1,1.3,0,50.3,19.8,-0.2,0.1,-0.1,-0.125,-11.8,-3.5,-15.4,NA,texas-el-paso,2014
14,Victor Mbachu,G,5,0,20,12.5,0.515,0,3,6,0,5.2,2.8,17.2,3.1,0,17.1,15.5,0,0,0.1,0.128,-5,1.5,-3.5,NA,texas-el-paso,2014
15,Alvin Jones,G,3,0,5,0,NA,NA,NA,0,0,0,0,0,0,0,NA,0,0,0,0,0.032,-4.1,0.7,-3.4,NA,texas-el-paso,2014
16,Darnell Vandivort,G,3,0,3,0,NA,NA,NA,0,0,0,0,0,0,0,NA,0,0,0,0,0.032,-1.8,1,-0.8,NA,texas-el-paso,2014
17,Tyler Tafoya,G,3,0,3,22.3,0.513,1,2,2,0,0,0,0,0,0,0,34.5,0,0,0,0.245,-3.6,-5.3,-8.9,NA,texas-el-paso,2014
NA,Team Totals,,34,34,6850,NA,0.55,0.267,0.513,NA,NA,NA,NA,NA,NA,NA,NA,NA,9.2,13.2,22.5,0.131,0.1,1.4,1.6,NA,texas-el-paso,2014
1,Julian Washburn,F,33,31,1117,14.3,0.505,0.343,0.209,341,3.2,10.8,7.2,15.7,1.6,1.8,11.1,18.1,1.6,1.7,3.3,0.118,1.2,1.4,2.6,NA,texas-el-paso,2015
2,C.J. Cooper,G,33,27,1018,11.8,0.536,0.636,0.346,280,0.6,6,3.4,19.9,1.3,0.1,14.7,15.3,1.5,1.2,2.7,0.106,0.6,0.1,0.7,NA,texas-el-paso,2015
3,Vince Hunter,F,33,30,940,25.8,0.554,0.029,0.598,481,11.6,25.9,19.1,14.3,2.7,3.8,17.2,30.5,2,2.4,4.4,0.186,2.4,2.1,4.6,NA,texas-el-paso,2015
4,Cedrick Lang,F,33,32,883,21.8,0.642,0.005,0.935,355,11,18.2,14.8,14.1,1.1,2,16.1,19.2,2.9,1.6,4.5,0.203,2.7,1.6,4.3,NA,texas-el-paso,2015
5,Omega Harris,G,33,20,882,8.3,0.499,0.441,0.277,220,1.3,7.4,4.5,13.5,1.9,0.5,22.8,17.3,0,1.2,1.2,0.054,-2.4,0.6,-1.8,NA,texas-el-paso,2015
6,Earvin Morris,F,33,13,767,17.3,0.578,0.511,0.362,310,1.1,10.1,5.8,11.1,2.2,1.4,15.1,25.8,1.3,1.2,2.6,0.134,1.5,1,2.6,NA,texas-el-paso,2015
7,Matt Willms,C,27,9,501,17.3,0.573,0,0.52,144,8.2,18.8,13.8,9.3,1.6,6.4,18.1,15.9,0.8,1.1,1.8,0.145,-0.1,3.2,3,NA,texas-el-paso,2015
8,Hooper Vint,C,30,1,364,11.3,0.518,0.28,0.253,88,7.8,12.3,10.2,7.2,0,4.4,11.6,13.9,0.4,0.5,0.9,0.104,-1.9,0.6,-1.3,NA,texas-el-paso,2015
9,Lew Stallworth,G,19,1,151,5.6,0.425,0.323,0.452,34,0.8,8.9,5.1,12.2,0.8,2.1,21,16.9,-0.1,0.2,0.1,0.03,-4.2,0.4,-3.9,NA,texas-el-paso,2015
10,Terry Winn,F,1,1,2,-8.8,NA,NA,NA,0,0,0,0,0,0,0,NA,0,0,0,0,0.035,-13.3,1.8,-11.6,NA,texas-el-paso,2015
11,Victor Mbachu,G,1,NA,NA,NA,NA,NA,NA,NA,NA,NA,NA,NA,NA,NA,NA,NA,NA,NA,NA,NA,NA,NA,NA,NA,texas-el-paso,2015
NA,Team Totals,,33,33,6625,NA,0.55,0.295,0.438,NA,NA,NA,NA,NA,NA,NA,NA,NA,10.4,11,21.5,0.13,0.6,1.3,1.9,NA,texas-el-paso,2015
1,Dominic Artis,G,33,30,1064,16.2,0.496,0.363,0.342,446,2.8,13.6,8.5,29.5,2.1,0.8,14.8,21.5,1.5,1.5,3,0.113,0.2,-0.2,0,NA,texas-el-paso,2016
2,Lee Moore,G,33,30,1053,21.4,0.579,0.386,0.574,520,5.3,12.5,9.1,21.1,2.4,1,13.8,23.7,2.9,1.5,4.4,0.167,3.5,0.3,3.9,NA,texas-el-paso,2016
3,Earvin Morris,F,32,21,822,18,0.561,0.433,0.362,383,2,12,7.2,13.9,1.8,1.5,11.8,25.8,1.5,1.1,2.6,0.126,1.2,-0.6,0.7,NA,texas-el-paso,2016
4,Omega Harris,G,24,19,746,14.7,0.608,0.507,0.27,270,2,6.5,4.3,13.8,2.1,0,15.4,18.8,1.3,0.8,2.1,0.111,0.3,-0.7,-0.5,NA,texas-el-paso,2016
5,Terry Winn,F,32,26,741,16.3,0.52,0,0.629,305,8.3,20.6,14.8,5,1.2,3.7,13,23.4,0.8,1.3,2,0.11,-2.5,-0.9,-3.4,NA,texas-el-paso,2016
6,Hooper Vint,C,33,22,715,16.2,0.595,0.103,0.308,268,6.7,16.8,12,6.1,0.5,5.5,18,20.5,0.9,1.1,2,0.11,-2.3,0,-2.4,NA,texas-el-paso,2016
7,Jake Flaggert,F,31,4,427,5.5,0.624,0.941,0.176,63,0.3,8.7,4.6,6.8,0.5,0.5,16.6,7.6,0.3,0.4,0.7,0.064,-3,-0.6,-3.6,NA,texas-el-paso,2016
8,Tevin Caldwell,G,28,4,319,15.1,0.679,0.022,0.522,87,7.7,12.2,10.1,9.7,2.2,1.4,17.3,10.6,0.7,0.5,1.2,0.144,-0.3,0.9,0.6,NA,texas-el-paso,2016
9,Trey Touchet,G,30,2,298,7.6,0.49,0.582,0.269,75,0.8,6.5,3.8,13.1,1.1,0.7,16.6,14.9,0.1,0.3,0.4,0.049,-3.4,-1.1,-4.5,NA,texas-el-paso,2016
10,Paul Thomas,F,22,4,241,9.2,0.499,0,0.385,55,7.9,17,12.7,7.7,1.4,3.2,24.5,12.4,0,0.4,0.4,0.07,-5,0.9,-4.1,NA,texas-el-paso,2016
11,Brodricks Jones,F,16,0,139,5.3,0.362,0,0.8,23,4,13.3,8.9,3.4,1.6,7.9,22.5,12.5,-0.2,0.2,0.1,0.021,-8.3,-0.1,-8.4,NA,texas-el-paso,2016
12,Christian Romine,F,14,0,50,-3.6,0.504,0,0.4,11,4.5,6.2,5.4,0,0,0,40.2,19.5,-0.1,0,-0.1,-0.081,-12.6,-3.2,-15.8,NA,texas-el-paso,2016
13,Matt Willms,C,2,2,23,4,0.508,0,1,6,9.8,17.8,14,0,0,0,33.7,18.9,0,0,0,-0.006,-13.7,-5.2,-18.9,NA,texas-el-paso,2016
14,Ivan Venegas,F,8,0,21,12.6,0.27,0,1.8,8,21.4,29.3,25.5,7.6,0,5.2,0,21.6,0,0,0,0.064,-2.4,-2.7,-5.1,NA,texas-el-paso,2016
15,Victor Mbachu,G,7,1,16,4,0.435,0.2,0.8,5,0,6.4,3.3,0,0,0,12.7,24.2,0,0,0,-0.022,-12.5,-4.6,-17.2,NA,texas-el-paso,2016
NA,Team Totals,,33,33,6675,NA,0.553,0.321,0.42,NA,NA,NA,NA,NA,NA,NA,NA,NA,9.5,9.2,18.7,0.112,-0.7,-0.3,-1,NA,texas-el-paso,2016
1,Dominic Artis,G,32,32,1168,18.7,0.511,0.315,0.365,527,1.9,18.4,10.5,33.7,3,0.4,17.4,25.8,1.4,2.2,3.6,0.123,1,1.2,2.3,NA,texas-el-paso,2017
2,Omega Harris,G,31,31,1127,16,0.56,0.323,0.35,475,1.2,10.1,5.8,12.7,2.1,0.5,15.5,26.1,1.3,1.6,2.9,0.103,0.2,-0.4,-0.2,NA,texas-el-paso,2017
3,Jake Flaggert,F,32,27,908,7.2,0.585,0.935,0.218,154,1.2,10.3,6,7.3,0.6,1,12.2,9.1,0.8,1.1,1.9,0.084,-1.4,0.4,-1,NA,texas-el-paso,2017
4,Matt Willms,C,32,31,857,17.2,0.593,0.004,0.445,334,6.4,17.4,12.1,8.6,0.5,5.8,19.4,23.6,0.9,1.4,2.3,0.108,-1.5,0.3,-1.2,NA,texas-el-paso,2017
5,Paul Thomas,F,32,29,795,15.9,0.56,0.014,0.401,281,7.2,21.3,14.6,13.6,1.6,2,17.4,19.9,1,1.5,2.5,0.123,-1.5,1.2,-0.3,NA,texas-el-paso,2017
6,Trey Touchet,G,32,2,569,10.9,0.59,0.673,0.388,140,2,9.8,6.1,12,1.5,0,17.1,13,0.7,0.7,1.4,0.1,-0.5,0.5,0,NA,texas-el-paso,2017
7,Deon Barrett,G,31,4,420,8.3,0.527,0.677,0.151,102,0.6,5.7,3.3,12.7,0.8,0,14.6,14.7,0.3,0.4,0.7,0.065,-1.7,-1.3,-3.1,NA,texas-el-paso,2017
8,Kelvin Jones,C,32,2,406,14.6,0.507,0,0.471,129,16.6,17.9,17.3,5.8,1.2,8.2,19,17.2,0.4,0.8,1.2,0.115,-3.4,1,-2.4,NA,texas-el-paso,2017
9,Chris Barnes,G,16,0,69,-0.5,0.275,0.286,0.357,9,1.8,16.5,9.5,5.1,1.7,0,19.6,15.6,-0.2,0.1,-0.1,-0.046,-9.4,-0.2,-9.7,NA,texas-el-paso,2017
10,Terry Winn,F,3,2,68,13.2,0.549,0,0.12,25,5.5,23.4,14.8,6.8,0,1.8,18.5,25.3,0,0.1,0.1,0.068,-9.6,-3.1,-12.6,NA,texas-el-paso,2017
11,Ivan Venegas,F,19,0,53,3.1,0.459,0,0.444,10,4.7,17.1,11.2,0,0,2.3,26.8,14.9,-0.1,0.1,0,0.003,-4.7,-1.1,-5.8,NA,texas-el-paso,2017
12,Tim Cameron,G,8,0,29,11.9,0.45,0.3,0.7,13,12.9,19.6,16.4,6.6,0,0,13.1,28,0,0,0.1,0.076,-4.3,-2.3,-6.7,NA,texas-el-paso,2017
13,Hudson Urbanus,G,8,0,22,-10.5,0,0.833,0,2,5.7,10.3,8.1,21.8,2.7,0,33.3,21.7,-0.2,0,-0.1,-0.222,-14.4,-2.9,-17.3,NA,texas-el-paso,2017
14,Jose Martinez,G,6,0,8,-0.1,0,0,2,1,15.6,28.4,22.3,0,0,15.4,0,12.9,0,0,0,-0.047,-10.7,-2.1,-12.8,NA,texas-el-paso,2017
15,Adrian Moore,G,1,0,1,0,NA,NA,NA,0,0,0,0,0,0,0,NA,0,0,0,0,0.024,-5.7,0.1,-5.6,NA,texas-el-paso,2017
NA,Team Totals,,32,32,6500,NA,0.547,0.299,0.36,NA,NA,NA,NA,NA,NA,NA,NA,NA,6.2,10.2,16.4,0.101,-1,0.3,-0.7,NA,texas-el-paso,2017
1,Omega Harris,G,31,30,1013,14.3,0.561,0.432,0.305,348,0.6,12.2,6.4,12.9,1.7,0.6,12.8,19.3,1.3,1.4,2.7,0.105,-0.3,0.8,0.5,NA,texas-el-paso,2018
2,Isiah Osborne,G,29,19,781,12.2,0.486,0.512,0.307,257,2.2,12.9,7.6,7.8,1.4,0.5,8.2,20.4,0.5,1,1.5,0.076,-0.7,-0.5,-1.2,NA,texas-el-paso,2018
3,Paul Thomas,F,31,29,774,10.5,0.485,0.127,0.294,259,4.9,18.9,12,11.5,0.8,1.6,18.2,21.4,-0.2,1.2,1,0.052,-4.1,-0.1,-4.2,NA,texas-el-paso,2018
4,Evan Gilyard,G,31,13,626,12.4,0.512,0.385,0.416,280,1.4,9,5.3,17.4,2.4,0.2,20,28.8,0,0.9,0.8,0.052,-2.6,-0.6,-3.1,NA,texas-el-paso,2018
5,Kobe Magee,G,30,16,581,10,0.576,0.646,0.08,148,2.3,9.2,5.8,17.1,0.9,0,22,13.5,0.4,0.6,1,0.071,-0.4,-0.7,-1,NA,texas-el-paso,2018
6,Matt Willms,C,23,16,517,18.3,0.602,0.016,0.571,199,9.6,17.4,13.5,7.5,0.7,6.3,19.2,20,0.9,0.8,1.7,0.131,-0.9,0.5,-0.4,NA,texas-el-paso,2018
7,Keith Frazier,G,19,12,469,15.2,0.534,0.657,0.171,190,2.2,19.2,10.7,9.4,1.1,1.8,14.1,25.4,0.3,0.7,1,0.084,2.5,0.8,3.4,NA,texas-el-paso,2018
8,Trey Wade,F,25,6,444,18.3,0.525,0.325,0.15,169,7.3,18.8,13.1,4.7,1.3,6.2,9.5,22.3,0.5,0.8,1.3,0.114,1.4,0.4,1.9,NA,texas-el-paso,2018
9,Jake Flaggert,F,29,3,361,2.5,0.45,0.9,0.467,43,1.2,8,4.6,9.4,0.3,0.7,14.1,6.2,0.1,0.4,0.5,0.053,-5.7,1.1,-4.5,NA,texas-el-paso,2018
10,Tirus Smith,F,24,7,327,9.1,0.503,0.049,0.573,109,9.3,16.3,12.8,2.5,0.4,4.1,21.8,21.3,-0.1,0.5,0.4,0.05,-7.6,-0.3,-7.9,NA,texas-el-paso,2018
11,Trey Touchet,G,27,4,297,6.8,0.495,0.429,0.286,67,1.5,9.3,5.4,12.1,1,0,22.1,14.3,-0.1,0.3,0.3,0.035,-3.3,-0.5,-3.8,NA,texas-el-paso,2018
12,Deshaun Highler,G,1,0,10,8.1,0.789,NA,NA,3,0,0,0,0,0,0,34.5,15.1,0,0,0,0.074,-0.5,1.2,0.8,NA,texas-el-paso,2018
NA,Team Totals,,31,31,6200,NA,0.525,0.384,0.312,NA,NA,NA,NA,NA,NA,NA,NA,NA,3.6,8.5,12.1,0.078,-1.6,0.1,-1.5,NA,texas-el-paso,2018
1,Evan Gilyard,G,28,20,914,12,0.506,0.484,0.372,356,2.7,7.9,5.3,12.4,1.2,0,13.7,24,0.8,1.2,2,0.089,-1.5,-0.8,-2.3,NA,texas-el-paso,2019
2,Nigel Hawkins,G,27,27,914,9.6,0.467,0.415,0.399,331,3.2,11.4,7.4,12.1,1.6,0.8,18.9,24.6,-0.3,1.5,1.1,0.05,-2.6,-0.3,-2.9,NA,texas-el-paso,2019
3,Jordan Lathon,G,27,27,889,10.9,0.502,0.471,0.314,291,1.6,15,8.4,19.3,1.3,2.8,20.2,20.7,0.1,1.6,1.7,0.078,-1.5,1.1,-0.4,NA,texas-el-paso,2019
4,Paul Thomas,F,29,27,788,9.6,0.499,0.5,0.189,225,6,15,10.6,11.3,0.9,1.4,19.1,17.7,0.2,1.3,1.5,0.075,-2.3,0.6,-1.7,NA,texas-el-paso,2019
5,Efe Odigie,F,25,21,682,18,0.53,0.004,0.494,304,11,29.5,20.4,5.5,1.3,2.1,20.2,27.7,0.3,1.6,1.9,0.111,-2.6,0,-2.6,NA,texas-el-paso,2019
6,Kobe Magee,G,28,5,604,5.7,0.47,0.656,0.156,112,0.9,6.7,3.8,18.9,1,0,24.8,11.4,0,0.8,0.7,0.047,-3.9,0.3,-3.6,NA,texas-el-paso,2019
7,Ountae Campbell,G,24,10,542,6.8,0.45,0.556,0.236,84,4.9,9.8,7.4,8.5,1.9,0.8,21.6,9.4,0,0.9,0.9,0.063,-3.8,2.2,-1.7,NA,texas-el-paso,2019
8,Kaosi Ezeagu,F,29,8,360,10.7,0.554,0,0.615,92,9.6,20.2,15,1.9,1.4,7.3,30,16.7,-0.2,0.8,0.7,0.076,-8.3,2.2,-6,NA,texas-el-paso,2019
9,Gilles Dekoninck,F,20,0,145,6.9,0.496,0.393,0.929,39,6.9,9,8,4.5,2,0.8,22.9,18.1,-0.1,0.2,0.2,0.05,-6.6,0.8,-5.9,NA,texas-el-paso,2019
10,Jakobe Dill,G,2,0,7,-2.4,0,0,0,0,0,0,0,0,0,15.7,0,7.2,0,0,0,-0.035,-12.5,-3.7,-16.2,NA,texas-el-paso,2019
11,Brandon Averitt,G,4,0,3,0,NA,NA,NA,0,0,0,0,0,0,0,NA,0,0,0,0,0.03,-8.1,-1.9,-10,NA,texas-el-paso,2019
12,Garrett Sullivan,G,1,0,2,22.5,NA,NA,NA,0,0,0,0,0,0,54.8,NA,0,0,0,0,0.145,11.6,14,25.6,NA,texas-el-paso,2019
NA,Team Totals,,29,29,5850,NA,0.498,0.389,0.363,NA,NA,NA,NA,NA,NA,NA,NA,NA,0.8,9.9,10.7,0.073,-2.9,0.5,-2.4,NA,texas-el-paso,2019
1,Daryl Edwards,G,32,32,1092,12.4,0.572,0.596,0.16,358,1.2,5.3,3.3,13,0.8,0.8,14.9,19.4,1.5,1.2,2.7,0.098,0.5,-0.8,-0.2,NA,texas-el-paso,2020
2,Bryson Williams,F,32,32,1016,23.6,0.579,0.205,0.336,507,6.1,19.5,12.9,7.9,1.6,3.4,12.4,28.6,2.6,2,4.6,0.182,2.8,0.8,3.6,NA,texas-el-paso,2020
3,Souley Boum,G,32,22,1006,15,0.521,0.532,0.422,397,2.5,10.3,6.5,14,1.4,0.2,12,23,1.7,1.4,3.1,0.124,0.9,0.1,1,NA,texas-el-paso,2020
4,Jordan Lathon,G,30,22,765,10,0.418,0.573,0.318,188,2.1,18.4,10.4,23.4,2.4,1.8,22,15.6,-0.1,1.5,1.4,0.074,-3.1,2.8,-0.3,NA,texas-el-paso,2020
5,Eric Vila,F,26,14,531,7.7,0.388,0.618,0.303,109,5.7,22.1,14,16.9,1.5,1.1,24.5,13.1,-0.2,1,0.8,0.063,-3.9,2,-2,NA,texas-el-paso,2020
6,Nigel Hawkins,G,23,10,455,12,0.494,0.305,0.573,118,1.5,12.4,7,20.6,2.9,1.7,21.2,15,0.3,0.9,1.1,0.1,-2.9,2.4,-0.4,NA,texas-el-paso,2020
7,Kaden Archie,G,25,7,397,6.1,0.504,0.333,0.373,93,5,7.1,6.1,9.1,1.7,2.3,30.6,16.6,-0.3,0.6,0.3,0.032,-5,0.6,-4.4,NA,texas-el-paso,2020
8,Tydus Verhoeven,F,30,12,396,10.7,0.543,0,0.71,64,9.7,10.2,10,7.1,2.9,4.3,26.6,7.4,0.3,0.8,1.1,0.111,-2.9,3.7,0.8,NA,texas-el-paso,2020
9,Efe Odigie,F,27,3,362,16.5,0.551,0.048,0.384,147,6.8,25.2,16.1,6.1,1.6,0.9,19.1,26.1,0.3,0.7,1,0.111,-2.5,0.5,-2,NA,texas-el-paso,2020
10,Deon Stroud,G,24,2,229,11.8,0.512,0.424,0.388,92,6.1,5.9,6,4.2,1.3,3.5,17.9,27.7,0,0.3,0.3,0.06,-4,-1,-5,NA,texas-el-paso,2020
11,Anthony Tarke,F,14,2,165,10.5,0.401,0.3,0.325,44,10.6,28,19.4,9.9,3.5,3.4,29.2,20.4,-0.3,0.4,0.2,0.04,-5.6,2.2,-3.4,NA,texas-el-paso,2020
12,Ountae Campbell,G,2,1,5,40.9,0.75,0.5,0,4,0,0,0,100,0,0,0,20.7,0.1,0,0.1,0.465,20.5,0.1,20.6,NA,texas-el-paso,2020
13,Isaiah Rhyanes,C,2,1,4,34.4,1,0,0,1,0,56.3,28.6,0,0,0,0,12.9,0,0,0,0.263,0.1,0.9,1,NA,texas-el-paso,2020
14,Anieus Medrano,G,1,0,1,16.5,NA,NA,NA,0,0,100,57.3,0,0,0,NA,0,0,0,0,0.191,-16.6,-3,-19.6,NA,texas-el-paso,2020
15,Jules Williamson,G,1,0,1,0,NA,NA,NA,0,0,0,0,0,0,0,NA,0,0,0,0,0.027,-5.8,1.4,-4.4,NA,texas-el-paso,2020
NA,Team Totals,,32,32,6425,NA,0.526,0.399,0.341,NA,NA,NA,NA,NA,NA,NA,NA,NA,5.9,10.9,16.8,0.105,-1.1,1,-0.1,NA,texas-el-paso,2020
1,Souley Boum,G,24,24,843,19.7,0.538,0.453,0.468,420,0.8,11.6,6,15,2.3,0.6,11.1,28.4,2,1.2,3.2,0.153,2.6,0.1,2.7,NA,texas-el-paso,2021
2,Keonte Kennedy,G,24,24,755,10.7,0.442,0.349,0.186,216,5.6,16.2,10.7,9.2,2.4,0.3,15.8,18.8,-0.1,1.2,1.1,0.06,-1.5,0.7,-0.8,NA,texas-el-paso,2021
3,Bryson Williams,F,24,24,754,19.6,0.552,0.232,0.249,333,6.1,21.5,13.5,6.3,1.1,1.7,11.8,25.1,1.5,1.2,2.7,0.145,1.7,-0.5,1.2,NA,texas-el-paso,2021
4,Jamal Bieniemy,G,23,23,752,11.1,0.465,0.435,0.241,223,1.2,11.4,6.1,22.8,2.1,1.7,18.4,17.7,0.3,1.1,1.4,0.075,-1.4,0.9,-0.6,NA,texas-el-paso,2021
5,Tydus Verhoeven,F,24,24,591,13.3,0.629,0,0.253,136,8.9,11.7,10.2,8.1,1.7,3.8,23.1,10.4,0.9,0.9,1.8,0.12,-1.3,1.4,0.1,NA,texas-el-paso,2021
6,Christian Agnew,G,20,0,366,11.6,0.453,0.413,0.495,124,4.6,13.7,9,8.2,2.2,0.3,10.6,21,0.3,0.6,0.8,0.088,-2.4,0.6,-1.8,NA,texas-el-paso,2021
7,Kristian Sjolund,F,24,0,342,15.4,0.686,0.805,0.085,98,2.3,15,8.4,4.6,0.3,2.5,6.6,13.6,0.9,0.4,1.4,0.159,3.8,0.8,4.6,NA,texas-el-paso,2021
8,Efe Odigie,F,14,0,154,18.7,0.574,0.017,0.172,63,7.2,22.4,14.6,4.7,1.5,2.1,17.2,25.1,0.2,0.3,0.4,0.115,2.5,0.6,3.2,NA,texas-el-paso,2021
9,Vuk Vulikic,G,14,1,143,5.3,0.357,0.524,0,22,1.6,10.8,6,19,0.8,0,19.2,9.3,0,0.2,0.1,0.04,-0.6,1.1,0.5,NA,texas-el-paso,2021
10,Adam Hess,G,7,0,68,7.6,0.415,0.9,0.05,17,1.6,7,4.2,10.9,1.7,0,8.9,16.9,0,0.1,0.1,0.044,-16.7,-2.4,-19.1,NA,texas-el-paso,2021
11,Gilles Dekoninck,F,9,0,35,18.5,0.618,0.143,0.571,11,9.6,3.4,6.6,5.5,1.6,3.1,0,13,0.1,0,0.2,0.193,-0.2,1.1,0.9,NA,texas-el-paso,2021
12,Ze'Rik Onyema,F,5,0,13,45,0.625,0,0,8,25.7,0,13.3,0,4.4,16.6,11.1,35.3,0.1,0,0.1,0.259,-20.6,-2.7,-23.3,NA,texas-el-paso,2021
13,Cam Clardy,G,5,0,9,0.6,0,0.333,0,1,0,13.2,6.4,35.3,6.4,0,0,17,0,0,0,-0.079,-17.6,-5.2,-22.8,NA,texas-el-paso,2021
NA,Team Totals,,24,24,4825,NA,0.521,0.366,0.291,NA,NA,NA,NA,NA,NA,NA,NA,NA,6.1,7.2,13.3,0.11,-0.1,0.5,0.4,NA,texas-el-paso,2021
1,Souley Boum,G,30,28,1101,22.7,0.556,0.397,0.463,565,2,12.5,7.2,17.3,2.9,0.5,9.9,28.4,3.3,1.9,5.1,0.186,4.2,0.8,5,NA,texas-el-paso,2022
2,Jamal Bieniemy,G,30,29,1040,17.4,0.511,0.464,0.136,447,1.9,10.2,6,25.3,2.7,1.7,14,25.4,1.4,1.7,3.1,0.119,2.1,0.1,2.3,NA,texas-el-paso,2022
3,Tydus Verhoeven,F,31,29,780,13.1,0.537,0.012,0.298,219,7,14.8,10.9,8.9,1.7,4.6,20.4,16.2,0.6,1.4,2,0.101,-2.7,1.3,-1.4,NA,texas-el-paso,2022
4,Jorell Saterfield,G,33,19,692,11.5,0.563,0.689,0.049,168,1.7,8.6,5.1,5.9,1.8,0.6,6.7,13.7,1,0.9,1.9,0.11,-0.2,0.4,0.2,NA,texas-el-paso,2022
5,Jamari Sibley,F,33,22,677,13.5,0.533,0.311,0.23,176,5.4,17.6,11.4,7.2,1,5.6,14.6,14.9,0.7,1.2,1.8,0.108,-1,0.9,-0.1,NA,texas-el-paso,2022
6,Keonte Kennedy,G,19,16,631,18.8,0.507,0.386,0.254,259,5.6,16.2,10.8,11.8,3.3,1.1,10.8,24.7,0.9,1.2,2.1,0.131,2.5,1.3,3.7,NA,texas-el-paso,2022
7,Alfred Hollins,F,33,6,530,13.5,0.56,0.354,0.307,163,5.1,16.8,10.9,10.7,2.6,1.1,18.9,17.8,0.5,1,1.5,0.115,-2.1,1.3,-0.8,NA,texas-el-paso,2022
8,Christian Agnew,G,28,8,432,10.1,0.51,0.346,0.383,133,3.8,12.1,7.9,11.7,1.9,1,19.2,19.1,0.2,0.7,0.9,0.083,-3.5,-0.1,-3.6,NA,texas-el-paso,2022
9,Kevin Kalu,F,25,7,232,7,0.596,0,0.864,43,7.1,21,14,3.8,1,0.5,32.6,10.4,0.1,0.4,0.5,0.08,-7.2,-0.3,-7.5,NA,texas-el-paso,2022
10,Emmanuel White,G,26,4,222,1.6,0.457,0.55,0.025,35,1.1,8.6,4.8,5,0.8,0,27,13.2,-0.3,0.2,0,-0.002,-6.8,-1.1,-7.8,NA,texas-el-paso,2022
11,Ze'Rik Onyema,F,25,1,216,11.7,0.616,0.057,0.286,52,8.7,13.8,11.2,6.4,2.2,5.2,27.4,13.3,0.2,0.4,0.6,0.105,-4.4,2.1,-2.2,NA,texas-el-paso,2022
12,Bonke Maring,F,22,1,154,14.2,0.489,0.302,0.395,55,9.9,10.8,10.3,11.9,2.7,2.9,19,21.6,0.1,0.3,0.4,0.092,-2.8,0,-2.8,NA,texas-el-paso,2022
13,Cam Clardy,G,14,0,88,2.3,0.5,0.4,0,8,1.3,4.1,2.7,11.5,1.3,0,37.5,4.8,0,0.1,0.1,0.046,-7,0.9,-6,NA,texas-el-paso,2022
14,Kezza Giffa,G,14,0,52,-2.4,0.362,0.455,0.273,13,9,16,12.5,13.8,0,0,42,21.7,-0.2,0.1,-0.1,-0.086,-17,-4.7,-21.6,NA,texas-el-paso,2022
15,Gilles Dekoninck,F,3,0,3,-12.2,0,1,1,0,0,79.4,39.3,0,0,0,0,25.9,0,0,0,-0.261,0,0,0,NA,texas-el-paso,2022
NA,Team Totals,,34,34,6850,NA,0.533,0.38,0.277,NA,NA,NA,NA,NA,NA,NA,NA,NA,8.5,11.3,19.8,0.115,-0.5,0.6,0.2,NA,texas-el-paso,2022
1,Shamar Givance,G,32,31,1068,14.6,0.549,0.446,0.485,377,1.5,12.5,6.9,26.2,3.4,0.7,23.6,19.7,1.1,2,3.1,0.117,-0.5,2,1.6,NA,texas-el-paso,2023
2,Tae Hardy,G,32,31,1039,13.4,0.524,0.433,0.358,379,2.1,8.1,5,12.6,2.1,1.1,14.4,22.2,1.2,1.5,2.7,0.105,0.5,0.9,1.4,NA,texas-el-paso,2023
3,Calvin Solomon,F,32,32,891,16.8,0.496,0.04,0.508,328,9.3,17,13,15.4,4.2,1.9,20.7,22.1,0.5,2,2.5,0.11,-0.3,3.1,2.8,NA,texas-el-paso,2023
4,Otis Frazier III,G,29,26,665,15.2,0.571,0.36,0.391,207,7.9,13.7,10.7,5.9,2.4,1.5,17,17.4,0.9,1.1,2,0.123,-0.3,1.1,0.8,NA,texas-el-paso,2023
5,Ze'Rik Onyema,F,32,31,643,15.4,0.567,0.072,0.422,211,8.2,18.7,13.3,5.7,1.7,3,18.4,19.1,0.7,1.2,1.9,0.116,-1.4,0.9,-0.6,NA,texas-el-paso,2023
6,Jamari Sibley,F,31,5,488,9.7,0.456,0.431,0.073,110,5,11,7.9,4,1.3,4,11.8,14.9,0.2,0.7,0.9,0.072,-1.7,0.4,-1.4,NA,texas-el-paso,2023
7,Mario McKinney Jr.,G,20,2,446,12.2,0.45,0.259,0.392,174,6,14.9,10.3,12.6,2.5,0,15.8,26.4,0,0.8,0.8,0.068,-2.4,-0.1,-2.5,NA,texas-el-paso,2023
8,Kevin Kalu,F,32,1,426,15.6,0.566,0,0.638,122,14,18.5,16.2,1.4,1.5,3.4,17.4,14.9,0.6,0.8,1.3,0.126,-1.1,0.4,-0.7,NA,texas-el-paso,2023
9,Carlos Lemus,G,30,1,409,5.3,0.475,0.518,0.318,91,1.4,8,4.6,10.2,2.1,0.6,24.6,16,-0.2,0.6,0.4,0.037,-5.9,-0.1,-5.9,NA,texas-el-paso,2023
10,Jonathan dos Anjos,F,19,0,230,7.4,0.472,0.506,0.152,70,4.6,10.3,7.4,2.7,1.8,1.1,17.5,22.5,-0.1,0.3,0.3,0.044,-3.9,-0.4,-4.3,NA,texas-el-paso,2023
11,Malik Zachery,G,15,0,160,10.4,0.504,0.394,0.364,41,1.5,8.6,4.9,19.5,4,0,23.7,15.9,0,0.3,0.3,0.079,-5.5,1.7,-3.8,NA,texas-el-paso,2023
12,Derick Hamilton,F,20,0,82,26.7,0.693,0,0.333,45,18.6,21.4,19.9,7.2,2.9,0,26.8,32.1,0.2,0.2,0.3,0.161,-3.6,0,-3.6,NA,texas-el-paso,2023
13,Antwonne Holmes,G,5,0,27,-6.1,0.127,0.6,1.2,2,4.3,4.6,4.5,0,0,0,0,14.6,-0.1,0,-0.1,-0.089,-1.7,2.4,0.7,NA,texas-el-paso,2023
NA,Team Totals,,32,32,6574,NA,0.52,0.302,0.394,NA,NA,NA,NA,NA,NA,NA,NA,NA,5,11.4,16.4,0.1,-1.3,1.2,-0.1,NA,texas-el-paso,2023
1,Tae Hardy,G,34,34,1119,15.3,0.524,0.425,0.29,476,2,8.8,5.3,16.2,2.9,0.7,11.9,24.1,1.5,2,3.6,0.128,0.3,0.4,0.6,NA,texas-el-paso,2024
2,Corey Camper Jr.,G,34,24,940,10.7,0.504,0.414,0.293,271,2.8,8.5,5.5,8.8,2.6,1.1,14.2,17.2,0.5,1.6,2.1,0.091,-2.2,0.6,-1.5,NA,texas-el-paso,2024
3,Otis Frazier III,G,34,32,935,20,0.566,0.315,0.547,361,7.1,13.5,10.2,13,4.5,1.3,11.1,18.8,2,2.2,4.2,0.179,2.3,2.7,5,NA,texas-el-paso,2024
4,Yazid Powell,G,34,34,899,16.3,0.503,0.267,0.531,407,5.5,17.6,11.3,23.9,3.7,1.3,20,25.8,0.6,2.1,2.7,0.118,-0.4,1.7,1.3,NA,texas-el-paso,2024
5,David Terrell Jr.,G,34,0,660,9.7,0.499,0.138,0.545,195,2.3,8.5,5.2,17.5,3.7,0.7,25,18,-0.1,1.3,1.2,0.072,-4.7,1.9,-2.8,NA,texas-el-paso,2024
6,Calvin Solomon,F,34,13,644,13.6,0.552,0.023,0.727,207,7.5,17.6,12.3,12.5,4.4,3.1,28.3,18.2,0.1,1.6,1.7,0.108,-4.5,3,-1.6,NA,texas-el-paso,2024
7,Kevin Kalu,F,34,31,558,11.4,0.561,0,0.637,138,11.3,22.1,16.5,1,1.6,4.4,24.8,13.8,0.2,1.2,1.4,0.098,-3.8,0.9,-2.9,NA,texas-el-paso,2024
8,Elijah Jones,F,27,0,217,20.6,0.681,0.304,0.246,85,5.8,20.1,12.7,4.3,2.3,4.9,18.1,21.2,0.4,0.5,0.9,0.166,-3.6,0,-3.6,NA,texas-el-paso,2024
9,Jonathan dos Anjos,F,25,1,213,9.8,0.492,0.632,0.162,67,6.5,17,11.5,4.6,1.8,1.7,9.8,18.6,0.2,0.4,0.6,0.109,-4.5,0.6,-3.9,NA,texas-el-paso,2024
10,Trey Horton III,G,25,0,204,14,0.586,0.746,0.237,66,2.2,5.5,3.8,5.8,2.5,0.6,5.7,16.7,0.4,0.3,0.8,0.149,0.3,0.6,0.9,NA,texas-el-paso,2024
11,Baylor Hebb,G,19,1,161,3.6,0.45,0.5,0.467,31,1.4,10.1,5.6,3.3,1.7,0,17.9,13.5,-0.1,0.3,0.2,0.048,-6.2,-0.1,-6.3,NA,texas-el-paso,2024
12,Derick Hamilton,F,22,0,159,27.3,0.679,0.014,0.286,84,14.4,14.1,14.3,3.9,1.4,3.7,15.9,29,0.4,0.3,0.7,0.179,3.3,-0.8,2.5,NA,texas-el-paso,2024
13,Sebastian Cole,G,11,0,93,10.2,0.523,0.636,0.091,26,1.2,2.7,1.9,22.3,4.2,0,20.7,15.2,0.1,0.2,0.2,0.101,-9.6,2.8,-6.8,NA,texas-el-paso,2024
14,Garrett Levesque,G,12,0,47,8.3,0.38,0.333,0.667,10,7.3,13.3,10.2,22.7,2.4,2.5,20.2,10.3,0,0.1,0.1,0.083,-10.3,1.8,-8.5,NA,texas-el-paso,2024
NA,Team Totals,,34,34,6849,NA,0.535,0.317,0.421,NA,NA,NA,NA,NA,NA,NA,NA,NA,6.2,14.1,20.3,0.119,-1.7,1.3,-0.4,NA,texas-el-paso,2024
1,Corey Camper Jr.,G,31,30,981,13.1,0.48,0.281,0.203,322,3.3,10.4,6.8,12.5,3.6,0.9,11.5,19.9,0.4,1.6,2,0.082,-1.1,0.8,-0.3,NA,texas-el-paso,2025
2,David Terrell Jr.,G,32,32,980,12.4,0.535,0.15,0.51,305,2.1,12.7,7.2,24.5,3,0.9,22.5,16.6,0.6,1.6,2.2,0.09,-2.3,1.1,-1.2,NA,texas-el-paso,2025
3,Otis Frazier III,G,33,32,965,21.2,0.559,0.438,0.463,446,7.6,14.1,10.8,17.3,4.5,2.8,15.2,24.3,1.8,1.9,3.7,0.153,3.2,1.3,4.5,NA,texas-el-paso,2025
4,Devon Barnes,G,33,27,832,15,0.514,0.54,0.456,318,1.1,8.9,4.9,15.6,3.6,0.7,9.1,21.5,1.1,1.3,2.4,0.117,0.4,1,1.5,NA,texas-el-paso,2025
5,Kevin Kalu,F,32,31,708,18.7,0.63,0.006,0.582,243,9.3,21.3,15.1,2.9,1.5,3.3,9.4,16,1.7,1.2,2.9,0.165,1,-0.7,0.3,NA,texas-el-paso,2025
6,Ahamad Bynum,G,29,7,577,16.9,0.58,0.648,0.195,251,0.6,9.7,5,9.9,2.4,1.1,10.4,25.4,1,0.8,1.7,0.12,3.5,-0.9,2.6,NA,texas-el-paso,2025
7,Trey Horton III,G,32,1,357,8.4,0.462,0.784,0.103,91,3.2,10.2,6.6,7.9,2.3,0.7,7.3,15.6,0.2,0.5,0.6,0.071,-3.4,-0.8,-4.2,NA,texas-el-paso,2025
8,Elijah Jones,F,33,0,339,15.3,0.565,0.278,0.256,105,5.4,21.9,13.4,5.4,1.2,8.4,14.4,17.7,0.3,0.6,0.9,0.111,-0.6,1.4,0.8,NA,texas-el-paso,2025
9,Derick Hamilton,F,32,2,301,17.1,0.582,0,0.408,136,13.4,12.9,13.2,5.5,2.1,3.7,18.5,25.5,0.4,0.5,0.8,0.111,-4.4,-1.3,-5.6,NA,texas-el-paso,2025
10,Baylor Hebb,G,26,3,291,5.4,0.461,0.397,0.414,67,2.4,4.6,3.5,9.1,2,0,16.8,14.6,0,0.3,0.3,0.041,-5.2,-0.1,-5.3,NA,texas-el-paso,2025
11,KJ Thomas,G,28,0,252,5.9,0.572,0.167,0.861,61,1.4,7.2,4.2,12.9,2.3,0,33.9,15.5,-0.1,0.3,0.2,0.028,-4.4,0.1,-4.3,NA,texas-el-paso,2025
12,Babacar Mbengue,F,8,0,17,20.6,0.75,0,0,5,6.8,28.7,17.4,13.2,6.8,0,33.3,18,0,0,0.1,0.142,4.9,9.7,14.6,NA,texas-el-paso,2025
13,Antwonne Holmes,G,7,0,14,-5.3,0.5,0.667,0,3,0,17.4,8.5,13,4.1,0,57.1,25.5,-0.1,0,-0.1,-0.162,-21.9,-0.3,-22.2,NA,texas-el-paso,2025
14,DaCannon Wickware,F,4,0,11,-5.3,0,1,0,0,0,22.1,10.8,0,0,0,0,4.6,0,0,0,-0.012,-11.9,-1.3,-13.1,NA,texas-el-paso,2025
NA,Team Totals,,33,33,6625,NA,0.541,0.365,0.373,NA,NA,NA,NA,NA,NA,NA,NA,NA,7.2,10.7,17.9,0.108,-0.4,0.4,0,NA,texas-el-paso,2025
1,Kaseem Watson,G,31,28,971,14.3,0.523,0.465,0.284,371,5.1,13.9,9.4,10,1.7,1.2,12.5,22.8,0.9,1.1,2,0.084,0.7,-1.6,-0.9,NA,texas-el-paso,2026
2,Jamal West Jr.,F,31,31,962,21.4,0.594,0.093,0.622,432,8.5,16.9,12.6,10.4,1.9,5.1,13.3,23.6,2.1,1.4,3.5,0.147,1.1,0.1,1.2,NA,texas-el-paso,2026
3,KJ Thomas,G,31,24,885,8.7,0.517,0.457,0.565,211,1.4,8.4,4.9,19.7,2.4,0.3,23.6,13.5,0.2,1,1.2,0.055,-4.6,-0.3,-4.9,NA,texas-el-paso,2026
4,Elijah Jones,F,31,31,870,19,0.569,0.39,0.199,359,6.9,16,11.4,4.4,1.3,4.8,8.2,23.4,1.6,1.2,2.8,0.127,2.3,-1,1.3,NA,texas-el-paso,2026
5,Caleb Blackwell,G,28,27,850,12.2,0.518,0.5,0.174,291,0.8,9.6,5.1,20.4,2.5,0.3,14.1,20.5,0.6,1,1.5,0.073,-1,-0.1,-1.1,NA,texas-el-paso,2026
6,Cassius Brooks,G,30,4,410,8.3,0.498,0.268,0.366,92,5.1,10.5,7.7,10.2,2.2,0.9,18.6,13,0.1,0.5,0.6,0.059,-5.7,-0.4,-6.1,NA,texas-el-paso,2026
7,Trey Horton III,G,25,4,386,5.4,0.413,0.785,0.14,83,2.4,9.3,5.8,8.9,1.9,0.9,13.1,15.5,-0.2,0.4,0.2,0.019,-4.2,-0.7,-4.9,NA,texas-el-paso,2026
8,LA Hayes,G,28,1,304,16.7,0.492,0.396,0.479,115,5.3,13,9.1,11.7,5.1,0.8,9.2,22.3,0.3,0.6,0.9,0.116,-1.6,2.9,1.3,NA,texas-el-paso,2026
9,Mouhamed Mbaye,C,24,0,168,8.9,0.433,0,1.133,26,10.3,20,15.1,0,2.1,7.1,14.8,8.4,0,0.3,0.3,0.082,-7,1.7,-5.3,NA,texas-el-paso,2026
10,Tyreese Watson,G,7,5,168,9.1,0.432,0.321,0.472,62,1.4,7.9,4.6,28.1,5.7,0,24.5,26.7,-0.3,0.3,0,-0.001,-7.7,0.8,-6.9,NA,texas-el-paso,2026
11,David Tubek,F,12,0,106,9.6,0.457,0.375,0.2,39,9.8,17,13.3,6.2,1.1,1.1,15.4,25.5,-0.1,0.1,0.1,0.025,-6.1,-2.9,-9,NA,texas-el-paso,2026
12,Bobby Montgomery Jr.,G,16,0,82,0.2,0.375,0.214,0.5,12,2.8,11.7,7.2,2.3,0.7,0,22.4,14.2,-0.2,0.1,-0.1,-0.043,-8.3,-2.8,-11.1,NA,texas-el-paso,2026
13,C.J. Smith,F,11,0,81,7.5,0.423,0.529,0.235,18,10,8.9,9.4,2.3,4.4,2.9,24.1,16.1,-0.1,0.1,0,0.024,-10,-0.7,-10.7,NA,texas-el-paso,2026
14,Jordan Hernandez,G,7,0,33,8,0.408,0,1.333,4,0,10.9,5.3,5.1,5.4,0,0,7.8,0,0.1,0.1,0.091,-13.6,2.9,-10.7,NA,texas-el-paso,2026
NA,Team Totals,,31,31,6276,NA,0.527,0.386,0.351,NA,NA,NA,NA,NA,NA,NA,NA,NA,5.1,8.1,13.2,0.084,-1.7,-0.4,-2.1,NA,texas-el-paso,2026
1,Kendall Timmons,G,30,29,1082,22.6,0.513,0.141,0.53,513,6.7,22.7,14.2,21.3,3.3,1.9,14.9,28.3,2.2,2,4.2,0.156,2.5,1.5,4,NA,tulane,2011
2,Kris Richard,G,30,30,1065,17.5,0.516,0.601,0.206,347,6.9,14.7,10.5,13.8,2.9,2.1,11,18.3,2.1,1.6,3.7,0.138,2.1,1.3,3.4,NA,tulane,2011
3,Jordan Callahan,G,30,30,1028,16.4,0.531,0.483,0.267,416,2.1,7.4,4.6,26.8,2.4,0.2,16.9,23.8,1.9,1.1,3,0.116,1.1,-0.6,0.4,NA,tulane,2011
4,David Booker,F,28,28,667,14.1,0.568,0.082,0.544,207,10.4,10.4,10.4,3.8,0.8,1.3,14,16.9,1.3,0.6,1.9,0.116,-1.7,-1.7,-3.4,NA,tulane,2011
5,Johnny Mayhane,F,30,14,629,10.8,0.542,0.667,0.125,169,1.3,10.4,5.6,9.2,1,0.8,14.4,17.3,0.7,0.6,1.2,0.078,-0.2,-1.5,-1.6,NA,tulane,2011
6,Aaron Holmes,G,19,11,414,21.2,0.638,0.262,0.602,160,5.3,18.4,11.5,16,1.8,0.3,15.3,19.8,1.3,0.5,1.8,0.175,2,-0.1,1.9,NA,tulane,2011
7,Kevin Thomas,F,28,2,298,10.7,0.579,0,0.353,64,6.6,5.3,6,0.7,0.2,11.6,20.1,13.1,0.2,0.3,0.6,0.076,-4.9,2.1,-2.8,NA,tulane,2011
8,Trent Rogers,G,28,1,263,8.5,0.65,0.75,1,50,1.3,8,4.4,13.8,2.3,0,33.7,10.7,0.2,0.3,0.5,0.072,-4.4,0.5,-3.9,NA,tulane,2011
9,Geoff Hogan,F,26,1,215,5.8,0.408,0.405,0.167,40,7.6,7.3,7.4,3.6,1.1,0.6,13.4,12.8,0,0.2,0.2,0.037,-4.1,-1.5,-5.6,NA,tulane,2011
10,Ben Cherry,G,8,4,194,5.5,0.476,0.667,0.242,36,1.2,7.4,4.1,10.6,1.6,0.6,24.6,13.2,0,0.2,0.1,0.03,-4.4,-0.2,-4.6,NA,tulane,2011
11,Kevin Brown,G,18,0,115,0.5,0.38,0.577,0.346,21,0,9.1,4.3,5,1.6,0,24.8,18.4,-0.2,0.1,-0.1,-0.044,-10.2,-2.4,-12.6,NA,tulane,2011
12,Jonathan Frye,G,4,0,32,14.2,0.375,0.5,0,6,0,20.5,9.6,12.7,7.6,0,11.1,14.8,0,0.1,0.1,0.086,-9.2,1.6,-7.6,NA,tulane,2011
13,Brady Hadden,G,6,0,15,1.8,0.75,1,0,2,0,8.7,4.1,0,0,0,33.3,10.5,0,0,0,0.024,-4.1,-0.9,-5,NA,tulane,2011
14,Kelth Cameron,F,5,0,8,20.3,0.69,0,4,3,0,65.6,30.8,0,0,14.9,25.6,25.6,0,0,0,0.175,-0.3,3.8,3.5,NA,tulane,2011
NA,Team Totals,,30,30,6025,NA,0.533,0.384,0.363,NA,NA,NA,NA,NA,NA,NA,NA,NA,9.5,7.7,17.2,0.114,0,0.1,0,NA,tulane,2011
1,Josh Davis,F,31,31,1064,17.8,0.46,0.087,0.442,377,10.8,24.6,17.1,15.7,1.9,4.1,16,22.5,0.9,2.2,3.1,0.117,0.4,0.9,1.3,NA,tulane,2012
2,Ricky Tarrant,G,31,31,1026,21,0.567,0.459,0.508,444,1.6,13.1,6.8,23.8,3.2,0.1,14.3,24.7,2.9,1.8,4.6,0.18,2.7,1.6,4.3,NA,tulane,2012
3,Jordan Callahan,G,31,31,1022,13.4,0.502,0.489,0.266,341,1.7,10.6,5.8,15.3,2.5,0.6,15.9,22.6,0.9,1.5,2.4,0.094,-0.6,0.3,-0.3,NA,tulane,2012
4,Trent Rogers,G,30,14,616,9.5,0.527,0.595,0.56,127,0.4,9.7,4.6,21.7,2.2,0.8,26.8,12.6,0.3,0.9,1.2,0.076,-2.7,1.1,-1.7,NA,tulane,2012
5,Kendall Timmons,G,16,16,506,21.2,0.542,0.117,0.479,208,6.5,15,10.4,16.6,2.3,4.9,16,25.1,1,0.9,1.9,0.15,2.6,2.3,4.9,NA,tulane,2012
6,Tre Drye,F,30,3,503,12.8,0.518,0.012,0.605,112,10.2,17.6,13.6,3,2.1,1.4,16.8,13.3,0.5,0.9,1.3,0.105,-1,0.4,-0.6,NA,tulane,2012
7,Kevin Thomas,F,30,15,342,10.6,0.551,0,0.356,74,9.5,11.3,10.4,2.6,0.5,6.8,22.5,13.9,0.2,0.5,0.7,0.077,-3.8,0.7,-3.1,NA,tulane,2012
8,Jay Hook,G,23,0,289,9.9,0.443,0.756,0.167,79,4.4,13.4,8.5,5.3,3.2,0,13.4,20.7,0,0.5,0.5,0.074,-2.7,1.1,-1.6,NA,tulane,2012
9,Tomas Bruha,C,9,6,189,21.5,0.631,0,0.476,61,11.7,19.8,15.4,1.2,1.6,2.5,8.8,15.9,0.6,0.3,0.9,0.197,-1.1,-0.5,-1.5,NA,tulane,2012
10,Lotanna Nwogbo,F,23,2,168,11.9,0.559,0.042,0.25,50,6.9,10.7,8.7,3,1.1,2.1,17,20.5,0.1,0.2,0.4,0.085,-4.6,-0.3,-4.9,NA,tulane,2012
11,Malte Ziegenhagen,G,19,0,158,4.1,0.422,0.892,0.054,30,1.5,4.4,2.8,9.1,0.4,0.7,9.5,14.2,0,0.1,0.2,0.043,-4.9,-0.7,-5.6,NA,tulane,2012
12,Ben Cherry,G,20,0,156,5.1,0.49,0.763,0.211,37,1.5,2.7,2,6.7,1.2,0,17.7,17.4,0,0.1,0.2,0.045,-7.7,-2.2,-10,NA,tulane,2012
13,Grant Fiorentinos,F,10,6,116,6.4,0.429,0.05,0.35,20,5,13.1,8.7,5.4,0.5,1,11.4,12.1,0,0.1,0.2,0.055,-5.9,-0.8,-6.6,NA,tulane,2012
14,Dan Monckton,G,15,0,95,5.6,0.304,0.467,0.2,12,6.1,27.7,16,4.1,3.3,1.2,23.3,12,-0.1,0.2,0.1,0.041,-8,2.3,-5.7,NA,tulane,2012
NA,Team Totals,,31,31,6250,NA,0.513,0.333,0.398,NA,NA,NA,NA,NA,NA,NA,NA,NA,7.3,10.3,17.6,0.113,-0.8,0.8,0.1,NA,tulane,2012
1,Josh Davis,F,35,35,1250,25.9,0.556,0.005,0.67,616,12.9,26.6,18.9,12.3,1.4,2.8,14.2,26.4,4.3,1.6,5.9,0.189,4.3,-0.8,3.5,NA,tulane,2013
2,Ricky Tarrant,G,35,35,1237,18.1,0.531,0.524,0.493,536,1.7,9.1,5,23.1,2.3,0.2,14.7,25,3.2,1,4.3,0.138,2.7,-0.7,2,NA,tulane,2013
3,Jordan Callahan,G,35,28,1058,14.9,0.523,0.653,0.157,338,1.5,10.3,5.4,14.5,2.7,0.1,10.3,19.2,2.1,1,3.1,0.117,1.7,0.6,2.3,NA,tulane,2013
4,Kendall Timmons,G,35,34,1041,14.8,0.501,0.137,0.795,321,5.3,15.1,9.6,15.2,2.7,1,17.7,18,1.4,1.2,2.6,0.101,-0.1,0.8,0.6,NA,tulane,2013
5,Tre Drye,F,35,25,796,11.9,0.555,0,0.487,172,9.8,19,13.8,3.6,1.4,1,19.1,11.4,1,0.8,1.8,0.092,-0.6,-0.2,-0.8,NA,tulane,2013
6,Ben Cherry,G,34,0,490,11.9,0.624,0.613,0.144,125,1.4,7.6,4.1,8,1.3,0,14.4,14.4,0.9,0.3,1.2,0.099,1.2,-0.6,0.6,NA,tulane,2013
7,Kajon Mack,G,29,7,284,14.5,0.526,0.424,0.227,78,6,10.1,7.8,12.1,3.5,1.2,17,15.9,0.4,0.3,0.7,0.104,0.4,1,1.4,NA,tulane,2013
8,Louis Dabney,G,34,1,222,11.7,0.427,0.3,0.5,78,5.6,12.3,8.5,15.2,2.5,1.6,14.8,23.4,0.2,0.2,0.4,0.074,-3.1,-0.5,-3.6,NA,tulane,2013
9,Jay Hook,G,29,0,179,6,0.414,0.9,0.1,47,4.4,15.3,9.2,3.6,1.4,0,13.7,20.8,0,0.2,0.1,0.025,-3,-2.4,-5.4,NA,tulane,2013
10,Tomas Bruha,C,18,10,174,7.9,0.469,0,0.448,39,14.9,14.9,14.9,1.2,1.1,1.3,28.5,14.4,0,0.1,0.1,0.031,-4.3,-2,-6.3,NA,tulane,2013
11,Lotanna Nwogbo,F,24,0,100,16,0.401,0,0.519,34,22.6,24.5,23.4,4.3,3.1,4.7,15.1,20.3,0.1,0.2,0.3,0.106,-3.2,-0.2,-3.5,NA,tulane,2013
12,Josh Birchfield,C,18,0,64,0.5,0.333,0,0,9,8.8,13.5,10.9,6,0,1.8,30.8,10.4,-0.1,0,0,-0.011,-8.6,-1.1,-9.7,NA,tulane,2013
13,Kevin Thomas,F,14,0,64,9,0.618,0,0.167,13,5.3,9,6.9,0,0,5.5,23.6,13.5,0,0,0.1,0.04,-3.4,-0.4,-3.8,NA,tulane,2013
14,RaAnthony Sanders,G,9,0,17,10.5,0.4,0.4,0,3,0,33.9,14.9,0,3.6,6.9,0,15,0,0,0,0.103,-10.4,3.5,-6.9,NA,tulane,2013
15,Marc Eddy Norelia,F,9,0,16,-4.4,0,1,0,0,0,27,11.9,0,3.8,0,66.7,9.6,-0.1,0,0,-0.106,-11.8,1.4,-10.3,NA,tulane,2013
16,Max Keenan,G,7,0,7,-6.3,NA,NA,NA,0,0,41.1,18.1,0,0,0,100,7.3,0,0,0,-0.098,-7.9,1.7,-6.2,NA,tulane,2013
NA,Team Totals,,35,35,6999,NA,0.527,0.338,0.46,NA,NA,NA,NA,NA,NA,NA,NA,NA,13.5,7.2,20.6,0.118,1,-0.2,0.8,NA,tulane,2013
1,Jonathan Stark,G,34,34,1264,15.8,0.53,0.307,0.451,506,1.1,7.1,4.2,29.6,1.4,0.1,15.3,23.7,2.3,0.6,2.8,0.089,1.2,-2.6,-1.4,NA,tulane,2014
2,Jay Hook,G,34,33,1081,18.7,0.634,0.579,0.467,416,4.2,14.5,9.4,6,1.5,0,14.1,21.8,2.9,0.8,3.7,0.138,3.4,-1.7,1.7,NA,tulane,2014
3,Louis Dabney,G,33,33,1069,17.3,0.513,0.267,0.554,478,3.7,11.3,7.6,17.2,2.4,0.3,14.1,28.9,1.5,0.9,2.4,0.09,-0.1,-1.3,-1.3,NA,tulane,2014
4,Tre Drye,F,34,33,1023,13.2,0.524,0.143,0.679,252,9.4,20.6,15.1,6.6,1.8,1.3,19.8,14.7,0.7,1.2,1.9,0.075,-1.5,-0.7,-2.2,NA,tulane,2014
5,Cameron Reynolds,G,34,1,603,4,0.372,0.627,0.301,125,2.2,11.5,6.9,6,1,1.2,12.5,18,-0.6,0.4,-0.2,-0.015,-4.3,-1.7,-6,NA,tulane,2014
6,Payton Henson,F,34,0,540,9.6,0.463,0.486,0.383,126,7.8,12.6,10.2,6.7,1.5,1.3,15.4,15.1,0.3,0.4,0.7,0.051,-2,-1.2,-3.2,NA,tulane,2014
7,Kevin Thomas,F,33,17,429,10.8,0.529,0,0.517,85,8.7,11.2,10,2.6,0.9,11.7,25.8,12.8,0.1,0.5,0.5,0.05,-4.8,2.3,-2.6,NA,tulane,2014
8,Tomas Bruha,C,33,15,394,10.7,0.566,0,0.515,96,10.7,13.1,11.9,3.1,0.8,3.5,24.7,15.1,0.2,0.3,0.5,0.049,-4.1,-1.4,-5.5,NA,tulane,2014
9,Ryan Smith,C,26,3,189,2.1,0.41,0,0.625,21,7.6,13,10.4,1.1,0.3,8.6,36.6,9.4,-0.2,0.2,0,-0.009,-9.8,0.3,-9.5,NA,tulane,2014
10,Josh Hearlihy,G,18,0,97,2.2,0.323,0.231,0.154,11,1.2,10.9,6.1,13,1.3,0,22.3,10.1,-0.1,0.1,0,-0.012,-6.2,-0.9,-7.1,NA,tulane,2014
11,Max Keenan,G,17,1,52,2.4,0.561,0.667,1.333,9,0,9,4.6,0,1.2,0,33.8,15.5,-0.1,0,0,-0.024,-6.1,-2.5,-8.6,NA,tulane,2014
12,Mikael Herbert,F,9,0,39,-0.5,0.305,0.714,0.857,8,9.3,12,10.7,5.3,0,0,28.9,19.3,-0.1,0,-0.1,-0.096,-8.7,-7.4,-16.1,NA,tulane,2014
13,Cole Currie,G,14,0,24,-14.9,0.126,0.429,0.286,2,0,9.8,4.9,8.2,2.6,0,33.5,27.1,-0.2,0,-0.2,-0.293,-16.2,-4.5,-20.8,NA,tulane,2014
14,Ray Barreno,C,7,0,20,-2.8,0.25,0,0,3,12,5.9,8.9,0,0,5.8,33.3,16.3,-0.1,0,-0.1,-0.111,-11.8,-7.1,-18.9,NA,tulane,2014
NA,Team Totals,,34,34,6824,NA,0.522,0.347,0.49,NA,NA,NA,NA,NA,NA,NA,NA,NA,6.5,5.4,11.9,0.07,-1.1,-1.3,-2.4,NA,tulane,2014
1,Louis Dabney,G,31,30,993,16.1,0.513,0.461,0.331,382,2.3,10.3,6.1,11.1,2.2,0.1,10.8,24.8,1.8,1.4,3.2,0.13,2.2,0.4,2.6,NA,tulane,2015
2,Jonathan Stark,G,31,31,985,13.9,0.457,0.334,0.263,360,2,7.7,4.7,32.2,2.5,0.8,17.4,23.6,0.8,1.4,2.2,0.089,0.4,0,0.4,NA,tulane,2015
3,Jay Hook,G,31,31,928,17.3,0.574,0.674,0.244,304,4,17,10.2,6.7,1.8,0.5,10.4,19.3,2.1,1.5,3.6,0.155,3.6,0.6,4.2,NA,tulane,2015
4,Tre Drye,F,31,31,750,10.2,0.49,0.096,0.702,165,9.4,15.3,12.2,6.3,1.7,0.9,22.1,13.9,0.3,1.2,1.5,0.078,-3,0.3,-2.6,NA,tulane,2015
5,Dylan Osetkowski,F,31,4,687,14.7,0.522,0.079,0.467,201,11.4,14.9,13.1,8.6,1.6,1.6,17.7,17.5,0.8,1.1,1.9,0.108,-0.8,0.3,-0.5,NA,tulane,2015
6,Payton Henson,F,31,0,576,15.5,0.479,0.344,0.485,194,10,15.4,12.6,7.9,1.3,2.3,13,21.3,0.7,0.9,1.6,0.111,0.5,-0.4,0.2,NA,tulane,2015
7,Kajon Mack,G,31,1,439,9.5,0.493,0.376,0.215,98,2.1,18.4,9.9,10.8,2.1,1.5,22.6,16.1,0,0.8,0.7,0.067,-3.9,1.5,-2.4,NA,tulane,2015
8,Ryan Smith,C,31,27,320,8.2,0.49,0.016,0.344,70,8.6,16.6,12.4,1.4,1,3.8,22.8,16.1,-0.1,0.5,0.4,0.055,-6.3,0.6,-5.7,NA,tulane,2015
9,Keith Pinckney,G,31,0,291,5.5,0.435,0.149,0.284,72,0.8,6.5,3.5,15.4,2.6,0,26.3,20.9,-0.4,0.4,-0.1,-0.007,-7,-1,-8,NA,tulane,2015
10,Josh Hearlihy,G,22,0,186,7.2,0.38,0.359,0.308,42,9.3,12.2,10.7,14.5,2,0.6,22.5,16.5,-0.1,0.3,0.2,0.034,-3.9,0.5,-3.4,NA,tulane,2015
11,Cameron Reynolds,G,9,0,119,17.9,0.481,0.362,0.085,47,7.7,19.1,13.2,24.6,2.1,0,10.9,24.6,0.2,0.2,0.4,0.132,-4,-1.2,-5.1,NA,tulane,2015
12,Aaron Liberman,C,13,0,45,13.6,0.629,0,0.286,10,7.7,5.6,6.7,10.1,1.4,7.4,20.1,11.8,0.1,0.1,0.1,0.112,-4.8,1.1,-3.7,NA,tulane,2015
13,Stanley Roberts,F,2,0,6,23.5,1,0,0,1,0,21.1,10,0,0,18.5,0,8.9,0,0,0,0.231,-0.3,-2.5,-2.8,NA,tulane,2015
NA,Team Totals,,31,31,6325,NA,0.499,0.359,0.341,NA,NA,NA,NA,NA,NA,NA,NA,NA,6.1,9.7,15.7,0.1,-0.6,0.3,-0.3,NA,tulane,2015
1,Dylan Osetkowski,F,34,34,1100,16.6,0.498,0.14,0.407,389,8.7,19.9,14.1,10.7,2.2,1.7,16.5,21,0.9,1.8,2.8,0.1,0.3,1.4,1.7,NA,tulane,2016
2,Louis Dabney,G,33,31,1088,14.2,0.492,0.419,0.349,448,2.5,7.7,5,15.4,1.9,0.4,12.4,25.4,1.3,1.2,2.5,0.09,0.5,0.3,0.8,NA,tulane,2016
3,Malik Morgan,G,34,33,1075,15.5,0.522,0.493,0.189,396,3.7,14.5,8.9,17.2,2.6,1.3,17.4,22.5,0.9,1.6,2.5,0.094,1.1,1.8,2.8,NA,tulane,2016
4,Melvin Frazier,G,34,11,662,11.6,0.472,0.401,0.395,176,6.6,11.3,8.9,7.5,2.8,1.4,16.9,17,0.1,0.9,1.1,0.065,-1.3,1.9,0.6,NA,tulane,2016
5,Cameron Reynolds,G,30,8,617,9.2,0.44,0.431,0.163,186,5,13.6,9.2,6,1.7,1.2,14.4,21.4,-0.2,0.8,0.7,0.042,-2.9,0.5,-2.4,NA,tulane,2016
6,Von Julien,G,31,15,588,6.4,0.436,0.462,0.125,115,0.9,7,3.8,22.2,1.6,0,23,12.2,0,0.6,0.5,0.035,-4.6,0.5,-4,NA,tulane,2016
7,Kain Harris,G,33,2,523,6.3,0.442,0.519,0.278,145,1.4,8.9,5,4.8,0.5,0.8,10.7,19.7,0,0.4,0.5,0.036,-3.4,-0.5,-3.9,NA,tulane,2016
8,Jernard Jarreau,F,18,11,402,16.8,0.497,0.159,0.46,140,6.9,20.9,13.7,15.5,1.5,7.9,20.7,21.7,0.1,0.8,0.9,0.085,-1,3.5,2.6,NA,tulane,2016
9,Blake Paul,F,33,1,368,11.7,0.558,0,0.566,78,10.1,14.2,12.1,1.1,0.8,8.4,22.9,11.9,0.2,0.6,0.8,0.084,-4.8,2.8,-2,NA,tulane,2016
10,Ryan Smith,C,33,23,359,13.3,0.522,0,0.541,90,12.7,10.1,11.5,4,1.3,3.7,13.5,12.4,0.5,0.4,0.9,0.103,-2.3,1.3,-1,NA,tulane,2016
11,Taron Oliver Jr.,F,17,1,101,10.4,0.415,0.22,0.122,38,16.8,20.3,18.5,4.7,0,1,17.2,26.1,-0.1,0.1,0,0.018,-4,-2.9,-6.9,NA,tulane,2016
12,Kajon Mack,G,5,0,51,4.5,0.244,0.2,0.2,10,0,20.1,9.7,27.5,3.5,0,15.4,19.1,-0.1,0.1,0,-0.03,-8.3,4.8,-3.5,NA,tulane,2016
13,Riley Conroy,G,8,0,16,-18.9,0,1,0,0,0,0,0,0,0,0,0,18.8,-0.1,0,-0.1,-0.241,-16.2,-4.8,-21,NA,tulane,2016
NA,Team Totals,,34,34,6950,NA,0.484,0.356,0.307,NA,NA,NA,NA,NA,NA,NA,NA,NA,3.6,9.3,12.9,0.074,-1.3,1.2,-0.1,NA,tulane,2016
1,Cameron Reynolds,G,31,29,1090,18.4,0.547,0.463,0.237,469,4.2,18.2,10.8,9.6,1.3,1.4,8.9,23.7,2.3,0.8,3,0.112,4.1,-1,3.1,NA,tulane,2017
2,Malik Morgan,G,31,28,993,14.2,0.504,0.395,0.38,363,5.8,15.1,10.2,27.7,1.8,1.6,21.9,19.5,0.9,0.7,1.6,0.063,0.9,-0.3,0.6,NA,tulane,2017
3,Melvin Frazier,G,30,28,907,14.9,0.529,0.397,0.461,326,4.5,13,8.5,10.8,3.5,1.7,18.1,21.3,0.6,0.9,1.5,0.066,-0.1,1,0.9,NA,tulane,2017
4,Ray Ona Embo,G,31,25,779,8.9,0.467,0.289,0.389,211,1.9,8.8,5.2,17.2,1.6,0.5,16.8,16,0.3,0.3,0.6,0.03,-2.5,-0.7,-3.2,NA,tulane,2017
5,Ryan Smith,C,31,31,749,13.7,0.524,0,0.332,244,9.3,10.9,10.1,6.3,0.9,6.1,16.7,18.3,0.6,0.4,1.1,0.059,-1.9,-0.3,-2.3,NA,tulane,2017
6,Kain Harris,G,30,0,551,11.5,0.507,0.504,0.244,231,2.5,8,5.1,4.2,0.9,0.8,12.9,27.4,0.3,0.1,0.4,0.03,0.2,-3,-2.9,NA,tulane,2017
7,Colin Slater,G,30,9,390,6.2,0.438,0.636,0.339,120,3,5.5,4.2,12.5,1.3,0.3,17,20.6,-0.1,0.1,0,-0.004,-3,-2.1,-5.1,NA,tulane,2017
8,Blake Paul,F,30,2,334,10.9,0.476,0,0.527,91,6.3,16.7,11.2,7.7,1.3,3.8,16.3,16.1,0.1,0.3,0.4,0.046,-2.6,-0.1,-2.7,NA,tulane,2017
9,Sammis Reyes,F,30,2,247,2.7,0.273,0,0.697,33,6.8,14.4,10.4,5.8,2.5,5.2,25.5,11.6,-0.4,0.3,-0.2,-0.027,-7.7,1.6,-6.1,NA,tulane,2017
10,Von Julien,G,17,1,204,8.8,0.497,0.568,0.297,47,2.1,7.6,4.7,20.5,1.7,0,17.6,12.2,0.1,0.1,0.2,0.04,-1.7,-1,-2.8,NA,tulane,2017
11,D.J. Jones,F,9,0,16,-1.9,0.333,0.333,0,4,19.8,14.8,17.5,11.7,0,0,50,18.3,-0.1,0,0,-0.113,-9.6,-4.4,-14,NA,tulane,2017
12,Riley Conroy,G,8,0,9,-0.5,0,0.5,0,1,11.7,0,6.2,18.6,6.3,0,33.3,16.2,0,0,0,-0.148,-3.9,-0.3,-4.2,NA,tulane,2017
13,Jackson Johnson,G,3,0,4,-12.3,0,0,1,0,0,59.4,27.9,0,0,0,0,18,0,0,0,-0.193,-25.4,-3.8,-29.2,NA,tulane,2017
14,Bernard Woodside,G,3,0,2,21.8,NA,NA,NA,1,52.7,0,27.9,0,0,0,NA,0,0,0,0,0.152,11.3,-3.7,7.6,NA,tulane,2017
NA,Team Totals,,31,31,6275,NA,0.505,0.368,0.343,NA,NA,NA,NA,NA,NA,NA,NA,NA,4.6,3.9,8.5,0.054,-0.4,-0.6,-1,NA,tulane,2017
1,Cameron Reynolds,G,31,31,1117,15.2,0.505,0.413,0.217,436,3.7,16.2,10.1,12.5,1.2,1.7,9.2,23,1.4,1.2,2.6,0.094,1.4,-0.4,1,NA,tulane,2018
2,Melvin Frazier,G,30,30,1032,22.4,0.631,0.283,0.366,442,3.9,14.6,9.3,17.9,3.6,2.2,16.9,22.2,2.4,1.6,3.9,0.152,4.1,2.8,6.9,NA,tulane,2018
3,Ray Ona Embo,G,29,28,960,12.3,0.556,0.538,0.274,297,1.7,9.3,5.6,18.5,1.4,0.5,15.1,16.4,1.3,0.7,2.1,0.086,0.3,0.1,0.4,NA,tulane,2018
4,Jordan Cornish,G,31,31,937,9.7,0.486,0.455,0.313,318,1.5,10.6,6.1,20.3,0.7,1.1,19,21,0.2,0.6,0.8,0.036,-0.9,-1.5,-2.4,NA,tulane,2018
5,Samir Sehic,F,31,0,631,24.6,0.648,0.268,0.608,309,13.6,15.8,14.7,8.2,0.9,2.3,12.3,22.8,2.3,0.6,3,0.188,4.8,-0.9,3.9,NA,tulane,2018
6,Caleb Daniels,G,30,0,550,12.2,0.565,0.379,0.464,194,4.2,9.5,6.9,15.1,0.7,1.9,17,18.9,0.8,0.4,1.2,0.09,-0.3,-0.3,-0.7,NA,tulane,2018
7,Blake Paul,F,31,28,469,10.5,0.544,0,0.388,115,7.9,15.2,11.6,9.7,0.6,8.6,29.7,14.5,0,0.6,0.6,0.052,-4.6,2.4,-2.2,NA,tulane,2018
8,Colin Slater,G,30,3,311,7.4,0.463,0.539,0.289,85,1.1,7.3,4.2,16.8,1.7,0.7,18.8,17.3,0,0.2,0.2,0.031,-3.5,-0.4,-4,NA,tulane,2018
9,Bul Ajang,F,21,4,163,-0.5,0.295,0.04,0.32,27,10.7,11.1,10.9,6.1,0.4,1.9,31.1,12.9,-0.3,0.1,-0.1,-0.033,-8.7,-1.7,-10.4,NA,tulane,2018
10,Shakwon Barrett,G,7,0,31,-3.5,0.145,0,1,5,0,3.7,1.9,25.2,0,0,8.8,18.4,-0.1,0,-0.1,-0.114,-10.2,-5.2,-15.5,NA,tulane,2018
11,Buay Koka,C,7,0,27,5.5,0.335,0,0.25,4,12.9,37.7,25.5,0,2.1,11.5,47.2,15.8,-0.1,0.1,0,-0.019,-11.4,1.9,-9.5,NA,tulane,2018
12,Riley Conroy,G,5,0,8,-7.7,0,1,0,0,0,14.2,7.2,0,0,0,0,6.3,0,0,0,-0.06,-13.8,-1.7,-15.5,NA,tulane,2018
13,Sammis Reyes,F,2,0,7,-24.6,0,0,0,1,16.6,16.2,16.4,0,0,0,66.7,21.6,-0.1,0,-0.1,-0.295,-28.7,-4.7,-33.4,NA,tulane,2018
14,Jackson Johnson,G,3,0,4,15.8,0.526,NA,NA,1,0,56.6,28.7,0,0,0,0,12,0,0,0,0.149,-4.8,2,-2.8,NA,tulane,2018
15,Cameron Galic,G,2,0,3,-9.4,0,0,0,0,0,37.7,19.1,0,0,0,0,16.8,0,0,0,-0.178,-15.5,-5.5,-21,NA,tulane,2018
NA,Team Totals,,31,31,6250,NA,0.548,0.373,0.345,NA,NA,NA,NA,NA,NA,NA,NA,NA,8,6.2,14.2,0.091,0.4,0.1,0.5,NA,tulane,2018
1,Caleb Daniels,G,30,30,1018,17,0.541,0.348,0.417,488,4.5,12.1,8.4,23.1,1.3,0.9,15.5,26.7,1.6,0.6,2.2,0.086,1.9,-0.6,1.3,NA,tulane,2019
2,Jordan Cornish,G,31,30,934,5.6,0.408,0.48,0.243,319,1.4,12,6.8,27.9,1,0.3,23,24.4,-1.4,0.5,-1,-0.042,-4,-2,-6,NA,tulane,2019
3,Samir Sehic,F,31,31,853,18.3,0.54,0.357,0.331,350,8.7,20.8,14.9,6.6,1.2,2.4,10.9,22.8,1.4,0.9,2.3,0.106,1.6,-0.6,1,NA,tulane,2019
4,Kevin Zhang,G,30,16,674,7.3,0.45,0.444,0.187,177,1.9,9.4,5.8,7.3,0.9,1.8,13.3,18.1,-0.2,0.3,0.1,0.005,-2.6,-0.6,-3.2,NA,tulane,2019
5,Shakwon Barrett,G,31,15,669,4.5,0.441,0.364,0.364,168,2,6.9,4.5,22,1.7,0.5,31.4,17.5,-0.9,0.3,-0.5,-0.033,-5.9,-1,-6.9,NA,tulane,2019
6,Connor Crabtree,G,30,15,626,12.2,0.585,0.527,0.44,195,2.3,7.7,5,11.1,1.7,1,16.6,17,0.8,0.3,1.1,0.071,-1,0.3,-0.7,NA,tulane,2019
7,Moses Wood,F,31,2,560,10.7,0.52,0.443,0.322,141,5.1,12.8,9,10.1,1.6,3,16.9,14,0.4,0.5,0.8,0.06,-2,1.1,-0.9,NA,tulane,2019
8,Blake Paul,F,28,9,482,14.3,0.55,0.009,0.227,136,7.7,19.5,13.7,11,1.4,4.9,20.3,15.6,0.3,0.5,0.9,0.074,-2,1.8,-0.2,NA,tulane,2019
9,Buay Koka,C,15,6,209,14.6,0.714,0,0.324,46,6.3,13.5,9.9,1,1.6,7.9,18.7,11.3,0.3,0.2,0.5,0.097,-3.6,2.6,-1,NA,tulane,2019
10,Bul Ajang,F,13,1,146,4.8,0.397,0.063,0.875,23,6.7,13.6,10.2,6.1,0.8,0,20.9,9.6,0,0.1,0,0.011,-4.6,-0.5,-5.1,NA,tulane,2019
11,Cameron Galic,G,13,0,20,12.8,0.5,0,0,2,0,20.8,10.7,9.2,2.8,5.2,0,4.9,0,0,0,0.085,-1.7,4.7,3,NA,tulane,2019
12,Grant Quinn,G,7,0,9,20.5,0.769,0,2,2,0,0,0,0,6.2,0,0,10.6,0,0,0,0.146,0.7,6,6.7,NA,tulane,2019
NA,Team Totals,,31,31,6200,NA,0.505,0.376,0.328,NA,NA,NA,NA,NA,NA,NA,NA,NA,2.3,4.2,6.5,0.042,-1.7,-0.3,-2,NA,tulane,2019
1,K.J. Lawson,F,29,29,1051,15.1,0.506,0.395,0.263,372,3.2,15,8.8,13.3,2,0.7,11.9,21,1.2,1.1,2.3,0.088,1.5,-0.6,0.9,NA,tulane,2020
2,TeShaun Hightower,G,30,29,1026,18,0.525,0.337,0.48,471,4,12,7.8,16.3,2.5,0.2,15.7,27.2,1.5,1,2.5,0.099,1.9,-0.9,1,NA,tulane,2020
3,Christion Thompson,G,30,30,1012,21.2,0.541,0.303,0.602,428,3.7,18.7,10.8,18.6,3.3,1.9,11.5,22.6,2.4,1.5,3.9,0.154,2.9,1.7,4.6,NA,tulane,2020
4,Jordan Walker,G,30,22,776,13.1,0.522,0.468,0.244,240,1.7,8.5,4.9,16.6,3.9,0.2,18.2,18.6,0.5,0.9,1.5,0.076,-1.3,1.4,0.1,NA,tulane,2020
5,Nobal Days,F,30,12,647,8.5,0.509,0.247,0.329,106,8,11.5,9.7,2.9,1.5,5.3,24.2,8.9,0.3,0.7,0.9,0.057,-3.2,0.8,-2.5,NA,tulane,2020
6,Kevin Zhang,G,30,19,576,9.7,0.507,0.489,0.165,147,4.6,8,6.2,5.1,1.9,3.7,16.2,16.1,0.2,0.5,0.8,0.053,-2.7,-0.1,-2.7,NA,tulane,2020
7,Nic Thomas,G,27,8,576,9.7,0.494,0.611,0.087,187,1,9.3,4.9,7.3,0.7,0,11.4,21.9,0.2,0.3,0.5,0.035,0.3,-2.6,-2.3,NA,tulane,2020
8,R.J. McGee,G,25,1,141,9.1,0.522,0.435,0.087,24,2.3,21.6,11.5,5.6,2.5,0.9,14.3,10.2,0.1,0.2,0.3,0.077,-3,1.4,-1.6,NA,tulane,2020
9,Ray Ona Embo,G,6,0,131,10.7,0.49,0.429,0.429,35,3.4,10.2,6.6,12.3,4,0,22.9,17.2,0,0.2,0.2,0.047,-3.8,1.3,-2.5,NA,tulane,2020
10,Charlie Russell Jr.,G,11,0,59,4.5,0.214,0.571,0,7,3.7,20.7,11.8,3.2,3.9,4.3,6.7,13.1,-0.1,0.1,0,-0.009,-6.8,1.4,-5.4,NA,tulane,2020
11,Buay Koka,C,11,0,32,8.2,0.584,0,1.5,8,6.9,26.7,16.3,0,0,7.9,36.9,17.5,0,0,0,0.032,-6.8,-0.8,-7.7,NA,tulane,2020
12,Ibrahim Ali,F,4,0,10,33.1,1,0,0,2,0,12.2,5.8,0,5.8,25.3,0,10.3,0,0,0.1,0.267,2.6,13.5,16.1,NA,tulane,2020
13,Cameron Galic,G,4,0,5,35.6,1,0,0,3,22,0,11.6,52.6,0,25.3,50,20.7,0,0,0,0.208,16.1,6,22.1,NA,tulane,2020
14,Grant Quinn,G,5,0,5,-18.4,0,0,0,0,0,0,0,0,0,0,0,20.7,0,0,0,-0.309,-17.8,-8.8,-26.6,NA,tulane,2020
15,Alec Zaccardo,G,4,0,3,-21.3,0,1,0,0,0,0,0,0,0,0,0,17.2,0,0,0,-0.25,-21.4,-5.6,-27,NA,tulane,2020
NA,Team Totals,,30,30,6050,NA,0.516,0.403,0.342,NA,NA,NA,NA,NA,NA,NA,NA,NA,6.2,6.7,12.9,0.085,0.1,0.1,0.2,NA,tulane,2020
1,Jaylen Forbes,G,23,23,831,18.2,0.555,0.547,0.475,336,2.8,13.7,8.2,6.6,2.3,0.8,8.8,23.7,1.8,1.2,3.1,0.149,3.4,0.7,4.1,NA,tulane,2021
2,Jordan Walker,G,23,23,770,15.5,0.502,0.357,0.259,309,1.4,5.2,3.3,32.9,3,0.2,15.1,24,0.9,1,1.9,0.097,1.1,0.6,1.6,NA,tulane,2021
3,Sion James,G,23,17,597,10.5,0.513,0.245,0.588,141,2,13.4,7.6,16.2,2.8,1.1,23,14.9,0.1,1,1.1,0.073,-2.9,2.2,-0.7,NA,tulane,2021
4,Gabe Watson,G,22,12,571,9.9,0.437,0.444,0.134,165,1,8,4.4,16.2,1,1.1,7.9,19.9,0.1,0.5,0.7,0.046,-0.3,-0.3,-0.6,NA,tulane,2021
5,Kevin Cross,F,23,20,510,10.5,0.456,0.319,0.444,160,3.9,19.9,11.8,13.3,1.4,4.2,18.7,22.1,-0.2,0.9,0.7,0.054,-3.7,1.4,-2.4,NA,tulane,2021
6,Nobal Days,F,22,5,421,7.3,0.48,0.273,0.485,50,5,12.7,8.8,6.2,1.5,4.2,25.6,6.8,0.1,0.6,0.7,0.064,-3.1,2.4,-0.7,NA,tulane,2021
7,R.J. McGee,G,23,8,382,14.9,0.502,0.514,0.5,96,6.1,18.2,12,6.8,2.9,3.6,9.8,14,0.5,0.8,1.2,0.13,-0.1,2.1,2,NA,tulane,2021
8,Tylan Pope,F,23,6,335,18.5,0.486,0.063,0.45,135,13.2,18.7,15.9,6.3,2.5,2.6,12.4,24.2,0.4,0.6,1,0.123,0.6,0.2,0.8,NA,tulane,2021
9,Jadan Coleman,G,20,1,144,7.7,0.404,0.726,0.081,45,0.8,8.7,4.7,6.9,2.9,2.6,11.1,26.5,-0.2,0.2,0,-0.002,-2.2,0.7,-1.6,NA,tulane,2021
10,Oton Jankovic,F,10,0,29,6.7,0.435,0.2,0.8,6,3.8,11.8,7.7,0,0,13,22.5,16.2,0,0,0,0.01,-5.4,1.4,-4,NA,tulane,2021
11,Ben Callahan-Gold,G,4,0,5,-22.1,0.202,1,0.5,3,0,0,0,0,0,0,0,78.2,-0.1,0,-0.1,-0.525,-14.9,-12.8,-27.6,NA,tulane,2021
12,Ibrahim Ali,F,1,0,3,0,NA,NA,NA,0,0,0,0,0,0,0,NA,0,0,0,0,0.012,-4.4,-2,-6.4,NA,tulane,2021
13,Alec Zaccardo,G,2,0,1,121.9,1,0,0,2,0,100,56,0,0,0,0,52.6,0,0,0,1.42,30.3,17.5,47.8,NA,tulane,2021
14,Sandy Ryan,G,1,0,1,0,NA,NA,NA,0,0,0,0,0,0,0,NA,0,0,0,0,0.012,-4,0.4,-3.6,NA,tulane,2021
NA,Team Totals,,23,23,4600,NA,0.493,0.4,0.366,NA,NA,NA,NA,NA,NA,NA,NA,NA,3.4,6.9,10.3,0.09,-0.4,1.1,0.7,NA,tulane,2021
1,Jaylen Forbes,G,29,29,1052,17.4,0.584,0.562,0.391,431,2.3,14.3,8.5,8.3,2.1,0.5,13,23.6,2,1.2,3.1,0.119,3.1,-0.4,2.7,NA,tulane,2022
2,Sion James,G,29,28,1020,11.8,0.509,0.324,0.42,253,1.5,11.9,7,18.4,2.6,1.7,17.9,13.3,0.9,1.2,2.1,0.081,-0.4,1.7,1.3,NA,tulane,2022
3,Jalen Cook,G,24,24,810,20.7,0.551,0.393,0.331,421,2.5,5.7,4.2,23.3,2.7,0.3,11.1,28.6,2,0.7,2.7,0.134,4.7,0,4.8,NA,tulane,2022
4,Kevin Cross,F,28,28,784,23.6,0.584,0.115,0.409,404,4,23,13.9,29,1.8,4.1,16.7,26.9,2.1,1.3,3.3,0.171,3.8,2.2,6,NA,tulane,2022
5,Devon Baker,G,26,7,480,10.6,0.461,0.325,0.135,146,1.7,6.2,4.1,6.8,2.6,0.5,8,20.7,0.1,0.4,0.5,0.039,-2.5,-0.2,-2.7,NA,tulane,2022
6,R.J. McGee,G,27,10,472,12.8,0.599,0.413,0.427,103,4.3,11.8,8.2,2.3,2.7,2.9,10,11.2,0.7,0.6,1.3,0.107,0.1,1.6,1.7,NA,tulane,2022
7,Jadan Coleman,G,23,8,344,15.3,0.576,0.675,0.117,125,0.7,6.7,3.8,9.8,2.2,0.7,10.6,21.7,0.5,0.3,0.8,0.09,2.7,-0.8,1.9,NA,tulane,2022
8,Nobal Days,F,29,1,293,9.3,0.383,0.083,0.875,51,11.9,14.2,13.1,6.9,1,6.3,26.1,8.3,0.1,0.3,0.4,0.06,-1.4,0.8,-0.6,NA,tulane,2022
9,Tylan Pope,F,27,1,293,21.9,0.72,0.238,0.286,100,11,17.9,14.7,3.5,2.6,4.2,11.2,14.5,1,0.5,1.4,0.196,3.6,1,4.6,NA,tulane,2022
10,Scott Spencer,G,22,9,218,6.4,0.395,0.732,0.036,43,2.7,12.1,7.6,2.5,2.1,2.3,8.1,15,-0.1,0.2,0.1,0.018,-2.7,0,-2.6,NA,tulane,2022
11,Quentin Scott,F,15,0,79,2.8,0.367,0.111,0.444,17,1.5,9.7,5.8,9.2,0,3.1,15.5,17.2,-0.1,0,-0.1,-0.031,-6.2,-1.7,-7.9,NA,tulane,2022
12,Oton Jankovic,F,9,0,27,4.8,0.339,0,1,3,4.4,12.2,8.5,0,2.1,13.7,25.3,7.7,0,0,0,0.037,-8.6,3.3,-5.3,NA,tulane,2022
13,Sandy Ryan,G,3,0,3,33.7,0.5,0,0,2,40,0,19.1,0,0,0,0,35.1,0,0,0,0.183,8.7,-5.4,3.3,NA,tulane,2022
NA,Team Totals,,29,29,5875,NA,0.551,0.386,0.334,NA,NA,NA,NA,NA,NA,NA,NA,NA,9.1,6.6,15.7,0.107,1.5,0.7,2.2,NA,tulane,2022
1,Sion James,G,31,31,1150,14.8,0.582,0.389,0.474,326,2.1,11.8,7.2,15.4,3,2.4,12.8,12.8,1.9,1.5,3.4,0.119,0.7,2.5,3.1,NA,tulane,2023
2,Jaylen Forbes,G,31,31,1133,19.5,0.591,0.555,0.386,512,1.5,13,7.5,8.8,2.8,1.1,8.9,23.3,2.7,1.4,4.1,0.144,3.6,0.7,4.2,NA,tulane,2023
3,Kevin Cross,F,30,30,960,18.8,0.548,0.147,0.36,472,3.1,19.2,11.5,25.8,1.1,2.6,14.9,24.7,1.9,1.2,3,0.126,1.8,0.6,2.4,NA,tulane,2023
4,Jalen Cook,G,26,24,896,21,0.564,0.405,0.27,517,1.9,7.1,4.6,29.9,2.8,0.1,14,29.6,2.1,0.9,2.9,0.13,4.1,-0.3,3.8,NA,tulane,2023
5,Tylan Pope,F,30,14,577,17.6,0.553,0.36,0.38,192,7.6,17.1,12.5,2.8,2.7,7.5,9.7,16.9,0.9,1,1.9,0.129,0.4,1.7,2.1,NA,tulane,2023
6,R.J. McGee,G,30,8,509,12.3,0.588,0.396,0.375,126,4.1,13.5,9,3.3,2.1,1.1,9.6,12.2,0.7,0.6,1.3,0.099,-0.4,0.9,0.5,NA,tulane,2023
7,Collin Holloway,F,28,10,467,13,0.633,0.195,0.442,156,3.7,13.4,8.8,5.9,1.7,1.9,23.5,19,0.4,0.5,0.9,0.073,-2,-0.3,-2.3,NA,tulane,2023
8,Jadan Coleman,G,19,5,260,8.1,0.49,0.7,0.125,77,0.9,8.6,4.9,9.4,0.6,1.3,12.4,18.5,0,0.2,0.2,0.028,-2.2,-1.5,-3.7,NA,tulane,2023
9,Tre' Williams,G,14,2,153,2.9,0.372,0.438,0.281,31,0,7.6,4,13.6,1.8,2.9,23.3,15.3,-0.2,0.1,-0.1,-0.023,-6.5,-0.4,-6.9,NA,tulane,2023
10,Nobal Days,F,19,0,142,6.8,0.426,0,0.2,20,2.4,10.5,6.6,12.2,1.1,7.8,32.8,8.5,-0.1,0.2,0.1,0.023,-3,3,-0.1,NA,tulane,2023
11,Percy Daniels,C,4,0,17,17.1,0.61,0,1,7,6.8,37.4,22.8,0,0,6.5,21.3,27.4,0,0,0,0.062,-4.6,0.3,-4.3,NA,tulane,2023
12,Braelee Albert,G,7,0,15,7.3,0.5,1,0,2,0,21.2,11.1,0,3.6,0,25,13.2,0,0,0,0.018,-3,2.4,-0.6,NA,tulane,2023
13,Jake Shapiro,G,8,0,12,2.9,1,0,0,1,0,0,0,0,0,0,50,8.3,0,0,0,-0.018,-4.5,-2.3,-6.8,NA,tulane,2023
14,Max Bowman,G,5,0,9,-26.6,0,0.333,0,0,0,0,0,0,0,0,40,27.6,-0.1,0,-0.1,-0.461,-22.6,-11.8,-34.4,NA,tulane,2023
15,Oton Jankovic,F,2,0,3,6.5,1,0,0,1,0,0,0,0,0,0,50,33.1,0,0,0,-0.132,-15.3,-0.8,-16.2,NA,tulane,2023
NA,Team Totals,,31,31,6303,NA,0.566,0.381,0.354,NA,NA,NA,NA,NA,NA,NA,NA,NA,10,7.5,17.5,0.111,1.1,0.8,1.9,NA,tulane,2023
1,Sion James,G,31,31,1139,18,0.613,0.392,0.483,431,3.2,12.5,8.2,13.4,2.4,2.2,9.5,17.1,2.8,1.1,3.9,0.136,3,0.8,3.8,NA,tulane,2024
2,Kevin Cross,F,30,30,1082,21.4,0.608,0.151,0.525,552,3.1,18.5,11.3,24.7,1.9,2.8,17.1,23.9,2.8,1.2,4,0.147,3.8,0.7,4.5,NA,tulane,2024
3,Jaylen Forbes,G,30,29,1016,13.1,0.535,0.638,0.312,399,2.5,9.6,6.3,9.7,2.3,0.9,12.8,22.1,0.9,0.8,1.7,0.067,0.1,-0.9,-0.8,NA,tulane,2024
4,Collin Holloway,F,30,30,876,16.8,0.597,0.234,0.575,367,4,11.9,8.2,9,1.1,3.3,11.3,20.6,1.9,0.6,2.5,0.116,1.1,-0.9,0.3,NA,tulane,2024
5,Kolby King,G,31,23,847,16.4,0.596,0.446,0.364,319,3.7,10.8,7.5,12,2.7,1.4,13.1,18.3,1.6,0.8,2.3,0.11,1.1,0.2,1.3,NA,tulane,2024
6,Tre' Williams,G,25,11,647,10.9,0.521,0.393,0.371,207,0.7,11.4,6.4,10.5,2.1,0.5,13.6,18.6,0.3,0.5,0.8,0.05,-1.4,-0.3,-1.7,NA,tulane,2024
7,Gregg Glenn III,F,30,1,291,16.8,0.578,0.111,0.625,114,9.1,19.8,14.8,8.9,2.2,6.3,19.1,19.7,0.4,0.4,0.8,0.112,-1.8,1.3,-0.5,NA,tulane,2024
8,Percy Daniels,C,27,0,179,13.8,0.641,0.034,0.724,47,6,7.6,6.9,2,1.2,10.3,9.3,12,0.3,0.2,0.5,0.108,-2.2,1.7,-0.5,NA,tulane,2024
9,Asher Woods,G,20,0,125,13.4,0.533,0.417,0.472,43,1,8.4,4.9,8.7,2.6,0.9,10.2,19.5,0.1,0.1,0.2,0.069,-0.7,-0.3,-1.1,NA,tulane,2024
10,Jordan Wood,F,9,0,44,9.6,0.417,0.75,0,10,2.7,11.9,7.6,7.7,5,2.5,14.3,15.8,0,0.1,0,0.03,-4.7,1.7,-3,NA,tulane,2024
11,Mier Panoam,G,9,0,35,8.6,0.696,0.333,0.667,10,0,6,3.2,9.6,1.6,0,33.6,16.9,0,0,0,0.031,-5,-2.1,-7.2,NA,tulane,2024
12,Logan Stephens,G,6,0,12,35.4,0.816,0.333,1.333,8,0,17.5,9.3,32.5,4.5,0,16.9,24.5,0.1,0,0.1,0.329,1.7,5.6,7.3,NA,tulane,2024
13,Max Bowman,G,4,0,7,0.9,0.5,0.333,0,2,0,0,0,0,0,0,25,28.4,0,0,0,-0.12,-15,-9.3,-24.3,NA,tulane,2024
NA,Team Totals,,31,31,6300,NA,0.581,0.363,0.452,NA,NA,NA,NA,NA,NA,NA,NA,NA,11.1,5.8,16.9,0.107,1.1,0.1,1.2,NA,tulane,2024
1,Rowan Brumbaugh,G,34,34,1186,18.5,0.553,0.436,0.426,548,1.8,10.8,6.5,27.5,2.6,0.5,13.7,24.2,2.6,1.6,4.2,0.142,2.4,0.3,2.6,NA,tulane,2025
2,Kam Williams,G,33,28,1068,15.2,0.63,0.662,0.108,270,2.6,12.8,7.9,7.7,2.5,3.9,10.3,13.1,1.7,1.7,3.3,0.125,1.6,1.7,3.3,NA,tulane,2025
3,Kaleb Banks,F,32,32,1005,21.9,0.609,0.426,0.401,426,7.3,16.6,12.2,6.5,1.5,4.7,6.8,21.3,3,1.6,4.5,0.181,3.3,-0.2,3.1,NA,tulane,2025
4,Asher Woods,G,34,25,965,15.5,0.548,0.407,0.336,377,2.1,7.7,5,16.8,1.9,0.2,9.2,21,1.9,1,2.9,0.122,1.1,-0.3,0.8,NA,tulane,2025
5,Gregg Glenn III,F,34,34,909,15.4,0.542,0.128,0.465,383,5,16.9,11.2,23.8,2.1,2.1,21.1,24.1,0.8,1.5,2.2,0.098,-1.9,0.6,-1.3,NA,tulane,2025
6,Mari Jordan,G,32,11,627,13.1,0.513,0.441,0.251,209,4.6,16,10.5,7.1,2.2,2.1,11.4,20.4,0.5,1,1.5,0.096,-1.3,-0.3,-1.6,NA,tulane,2025
7,Percy Daniels,C,34,1,359,11.1,0.674,0,0.545,67,8.6,10,9.4,5.8,2.3,8.6,29,8.5,0.3,0.6,0.9,0.104,-4.5,3.3,-1.3,NA,tulane,2025
8,Tyler Ringgold,F,29,5,319,12,0.501,0.311,0.322,102,9.3,15.4,12.5,2.4,1.1,3.7,12.6,19.3,0.2,0.4,0.7,0.083,-4.5,-1.7,-6.2,NA,tulane,2025
9,KJ Greene,G,25,0,176,9.3,0.493,0.25,0.714,47,2,5.6,3.9,22.6,3,2.7,27.2,15.2,0,0.2,0.2,0.055,-3.7,1.2,-2.5,NA,tulane,2025
10,Spencer Elliott,F,16,0,85,2.2,0.423,0.154,0.769,19,8.4,15.4,12,8.3,0.7,2.8,36,16.9,-0.2,0.1,-0.1,-0.029,-9.6,-0.6,-10.2,NA,tulane,2025
11,Michael Eley,G,12,0,52,10.3,0.396,0.389,0.111,16,6.9,2.1,4.4,11,4.5,0,9.5,20.9,0,0.1,0.1,0.042,-3.8,0.5,-3.3,NA,tulane,2025
12,Logan Stephens,G,8,0,47,15.1,0.456,0.4,0.667,18,5.1,13.9,9.7,7.7,3.7,0,4.8,22.9,0.1,0.1,0.1,0.124,-7.4,0.7,-6.7,NA,tulane,2025
13,Jake Shapiro,G,9,0,13,12.8,0.75,0.5,0,5,0,16.8,8.8,15.8,0,0,33.3,23.9,0,0,0,0.045,6.5,-3.7,2.9,NA,tulane,2025
14,Joseph Teich,G,9,0,13,-6.7,0.25,0.667,0,3,0,0,0,13.7,0,0,14.3,27.9,-0.1,0,-0.1,-0.173,-1.5,-5,-6.4,NA,tulane,2025
15,Stefan Cicic,C,3,0,4,-25.7,0,0,0,0,0,0,0,0,0,0,0,25.9,0,0,0,-0.35,-19.3,-10.7,-30,NA,tulane,2025
NA,Team Totals,,34,34,6828,NA,0.559,0.396,0.357,NA,NA,NA,NA,NA,NA,NA,NA,NA,10.8,9.8,20.6,0.121,0.2,0.4,0.6,NA,tulane,2025
1,Rowan Brumbaugh,G,33,33,1190,21,0.596,0.421,0.577,617,3,12.3,7.8,23.6,2.6,0.6,12.7,26.8,3,1.2,4.2,0.141,3.9,-0.4,3.5,NA,tulane,2026
2,Curtis Williams,G,33,32,1059,13.5,0.523,0.564,0.175,368,3,14,8.6,8.4,2.3,1.8,11.6,21.9,0.4,1.1,1.5,0.058,0.5,-0.9,-0.4,NA,tulane,2026
3,Asher Woods,G,33,31,1019,14.9,0.551,0.379,0.575,409,2.3,9.5,6,14.5,2.5,0,13.3,22.8,1.2,0.8,2.1,0.082,-0.5,-1,-1.5,NA,tulane,2026
4,Scotty Middleton,G,33,19,849,11.4,0.54,0.701,0.114,227,4.8,13,9,9.8,1.2,3.5,10.6,14.7,0.8,0.7,1.5,0.07,-0.9,-0.8,-1.7,NA,tulane,2026
5,Tyler Ringgold,F,32,32,791,14.5,0.53,0.347,0.581,296,5.2,13,9.1,12.3,2.7,4.3,14.2,21.9,0.6,1,1.5,0.077,-1.7,0.6,-1.1,NA,tulane,2026
6,Percy Daniels,C,32,4,527,10.5,0.661,0.023,0.674,88,4.9,10.5,7.7,8.3,1.3,10.4,20.9,7.2,0.6,0.6,1.1,0.085,-4,3.1,-0.9,NA,tulane,2026
7,KJ Greene,G,32,1,477,10.6,0.505,0.377,0.67,159,2.9,6.6,4.8,22,2.2,0.5,17.7,18.7,0.3,0.3,0.6,0.051,-2.8,-0.7,-3.5,NA,tulane,2026
8,JoJo Moore,G,32,2,407,13.1,0.522,0.202,0.426,124,4.3,12.5,8.5,15.3,2.4,2.8,15.7,17.3,0.2,0.4,0.7,0.065,-1.1,0.3,-0.8,NA,tulane,2026
9,Luke Rasmussen,G,17,11,256,7.3,0.447,0.682,0.25,48,4.1,9.7,6.9,8.5,3.4,3.1,18.3,12.4,-0.1,0.3,0.2,0.029,-4.6,2.1,-2.5,NA,tulane,2026
10,Davion Bradford,F,11,0,47,-3.8,0.19,0.333,0.667,3,0,12,6.1,0,0,4.8,11.2,9.9,-0.1,0,-0.1,-0.063,-13.5,-2,-15.5,NA,tulane,2026
11,Robert Moore,G,5,0,13,8.8,0.444,0.889,0,6,0,0,0,0,0,0,0,36.4,0,0,0,-0.051,-10.6,-8.7,-19.3,NA,tulane,2026
12,Jake Shapiro,G,6,0,7,59.1,1.125,1,0,4,0,16.1,8.2,0,0,0,0,30,0,0,0.1,0.293,55.4,9.2,64.6,NA,tulane,2026
13,Joseph Teich,G,3,0,3,0,NA,NA,NA,0,0,0,0,0,0,0,NA,0,0,0,0,-0.005,-7.4,-3.2,-10.6,NA,tulane,2026
14,Vasilije Kuridza,F,2,0,3,27.7,NA,NA,NA,2,38.9,0,19.1,100,0,0,NA,0,0,0,0,0.377,4.2,8.9,13.1,NA,tulane,2026
15,Luke Cronin,F,2,0,2,8.5,NA,NA,NA,0,0,56.3,28.7,0,29.3,0,100,26.3,0,0,0,-0.183,-18.7,17.3,-1.3,NA,tulane,2026
NA,Team Totals,,33,33,6650,NA,0.548,0.451,0.434,NA,NA,NA,NA,NA,NA,NA,NA,NA,6.9,6.5,13.4,0.081,-0.4,-0.1,-0.6,NA,tulane,2026
1,Justin Hurtt,G,32,32,1079,21.6,0.554,0.474,0.354,579,1.8,11.4,6.7,18.1,0.9,0.7,13.2,31.8,3.3,1,4.3,0.161,5.7,-0.5,5.3,NA,tulsa,2011
2,Scottie Haralson,G,32,31,1000,14.9,0.555,0.75,0.154,328,4.3,8.4,6.4,11.6,0.8,1.2,11.8,18.3,2.2,0.8,3.1,0.122,4.1,0.2,4.3,NA,tulsa,2011
3,Steven Idlet,F,31,31,816,22.5,0.579,0,0.64,342,8,20.3,14.2,8.9,2.1,3.7,14.5,23.1,2.2,1.4,3.6,0.176,2,2.7,4.7,NA,tulsa,2011
4,Joe Richard,F,32,15,783,11,0.558,0,0.958,143,11.2,18.2,14.8,3.6,1.1,2.6,22.8,8.9,0.8,1.1,1.9,0.097,-0.6,2,1.4,NA,tulsa,2011
5,Bryson Pope,G,32,21,697,12.1,0.53,0.292,0.653,217,3.1,12.4,7.8,21.6,1.6,0.9,25.6,18.8,0.5,0.8,1.3,0.074,-0.7,1,0.3,NA,tulsa,2011
6,Jordan Clarkson,G,27,9,672,15,0.551,0.295,0.54,294,2,7.8,4.9,17.8,1.8,0.5,21.7,27.6,0.9,0.7,1.6,0.093,-0.1,0.1,0.1,NA,tulsa,2011
7,D.J. Magley,F,31,18,507,13.3,0.598,0,0.345,127,11.2,17.3,14.3,5.4,1.7,2.1,20.4,12.9,0.8,0.7,1.5,0.118,-2,2.3,0.2,NA,tulsa,2011
8,Kodi Maduka,C,32,0,373,10.2,0.462,0.017,0.817,86,9.7,19.7,14.8,5.3,0.5,7.3,20.1,14.4,0.1,0.6,0.7,0.076,-4.2,2.6,-1.6,NA,tulsa,2011
9,Tim Peete,G,31,0,255,5.8,0.34,0.483,0.241,52,4.7,10.1,7.4,12.1,2.1,0,14.5,15.3,-0.1,0.3,0.2,0.027,-3.6,1.6,-2,NA,tulsa,2011
10,Shane Heirman,G,19,2,170,6,0.543,0.875,0.438,27,0.7,11.7,6.3,17.3,1.1,0,34.1,8.9,0,0.2,0.2,0.051,-2.3,1.9,-0.4,NA,tulsa,2011
11,Blondy Baruti,F,13,0,87,6.5,0.267,0.286,0.429,12,9.7,14.8,12.3,0,0.7,12.5,15.1,11.8,-0.1,0.1,0.1,0.027,-4.6,2.6,-2,NA,tulsa,2011
12,Glenn Andrews,G,2,1,31,7.7,0.318,0.364,0,11,0,7.5,3.8,60.2,3.9,0,26.7,25,0,0,0,0.009,-5.6,-1.2,-6.8,NA,tulsa,2011
13,Ladarrius Whitehead,G,6,0,8,4.8,0,0,0,0,0,14.6,7.4,0,7.6,0,0,6.4,0,0,0,0.013,-5.9,7.5,1.6,NA,tulsa,2011
14,Will Sanger,G,6,0,7,-6.3,0,0.5,0,1,17.2,0,8.5,0,0,0,0,14.7,0,0,0,-0.126,-7.2,-5.8,-13,NA,tulsa,2011
15,Barrett Hunter,G,6,0,6,-22,0,0,0,0,0,19.5,9.9,0,0,0,33.3,25.8,-0.1,0,-0.1,-0.358,-20.1,-7.5,-27.6,NA,tulsa,2011
16,Donte Medder,G,1,0,5,-32.4,NA,NA,NA,0,0,0,0,0,0,0,100,20.6,-0.1,0,-0.1,-0.404,-30.8,-7.7,-38.5,NA,tulsa,2011
17,Colter Morgan,F,4,0,4,-26.8,0,0,0,0,0,0,0,0,0,0,50,25.8,0,0,0,-0.419,-17.7,-7.6,-25.3,NA,tulsa,2011
NA,Team Totals,,32,32,6500,NA,0.542,0.357,0.444,NA,NA,NA,NA,NA,NA,NA,NA,NA,10.4,7.8,18.2,0.112,0.9,1.1,2,NA,tulsa,2011
1,Jordan Clarkson,G,31,31,1052,20.4,0.549,0.299,0.445,490,4.2,10.6,7.4,18.9,1.7,1.7,15.1,27.9,2.8,1.3,4.1,0.157,4,0.8,4.8,NA,tulsa,2012
2,Scottie Haralson,G,31,30,969,13.8,0.563,0.754,0.089,301,3,6.3,4.7,7.8,0.6,0.7,9.8,18.7,2.1,0.8,2.9,0.12,3.8,-0.5,3.4,NA,tulsa,2012
3,Tim Peete,G,31,10,833,9.7,0.49,0.438,0.295,178,2,13.4,7.6,16.5,2.3,0.8,24.5,14.2,0.2,1.2,1.4,0.066,-1.4,2.3,0.8,NA,tulsa,2012
4,Steven Idlet,F,31,17,754,23.8,0.597,0.02,0.745,329,10.3,17.9,14,13.1,1.3,4.4,15.1,23.1,2.5,1.2,3.8,0.199,3.9,2.2,6.1,NA,tulsa,2012
5,Eric McClellan,G,30,16,694,12.6,0.543,0.257,0.607,260,2.2,11.9,7,21.7,1.8,0.8,28.3,25.4,0.2,0.9,1.1,0.064,-0.8,-0.2,-1,NA,tulsa,2012
6,Kodi Maduka,C,30,29,680,20.1,0.55,0.006,0.748,241,11,25.2,18,6.5,1.4,8.3,19.1,21.5,1,1.4,2.5,0.146,-0.4,3,2.7,NA,tulsa,2012
7,D.J. Magley,F,30,15,676,11.1,0.464,0,0.523,145,9.8,21.5,15.5,7.5,1.5,2.4,17.8,12.9,0.5,1.1,1.6,0.097,-1.8,2.4,0.6,NA,tulsa,2012
8,Joe Richard,F,31,7,509,6.8,0.57,0,0.545,83,7.2,20.8,13.9,4,0.9,1.9,34.8,11.2,-0.1,0.8,0.7,0.051,-4.3,1.8,-2.5,NA,tulsa,2012
9,Rashad Smith,F,22,0,107,6.7,0.443,0.235,0.412,19,3.6,14.7,9,7.6,1.2,6,25.6,13.7,-0.1,0.2,0.1,0.038,-3.6,3.2,-0.4,NA,tulsa,2012
10,David Wishon,C,14,0,52,18.3,0.502,0,0.167,13,12.2,15.1,13.6,0,3.6,8.2,13.4,15.4,0.1,0.1,0.2,0.128,0.7,3.3,3.9,NA,tulsa,2012
11,Donte Medder,G,6,0,36,-9.3,0.188,0.75,0,3,0,21.8,10.7,0,0,0,33.3,17.9,-0.2,0,-0.1,-0.144,-11.9,-0.8,-12.7,NA,tulsa,2012
12,Jamie Booker,G,11,0,6,26.4,1,0,0,2,21.2,21.8,21.5,0,0,0,0,8.9,0,0,0,0.249,9.9,3.9,13.8,NA,tulsa,2012
13,Will Sanger,G,9,0,5,40.1,0.651,0.333,1.667,5,0,26.2,12.9,0,0,0,27.1,79,0,0,0,0.078,14.6,4.9,19.5,NA,tulsa,2012
14,Jairus Coleman,G,3,0,2,-36.5,0,0,2,0,0,65.5,32.2,0,0,0,0,52.2,0,0,0,-0.671,-36.1,-12.1,-48.2,NA,tulsa,2012
NA,Team Totals,,31,31,6375,NA,0.544,0.294,0.461,NA,NA,NA,NA,NA,NA,NA,NA,NA,9.1,9.1,18.2,0.114,0.8,1.4,2.1,NA,tulsa,2012
1,Scottie Haralson,G,33,33,1092,12.8,0.514,0.63,0.17,345,3.6,10.9,7.2,9.2,0.9,0.5,10.6,19,1.7,0.8,2.5,0.09,1.6,-1,0.7,NA,tulsa,2013
2,James Woodard,G,32,29,941,17.5,0.522,0.37,0.446,378,5.9,18.5,12,15.7,1.9,0.7,16.6,23.9,1.4,1.2,2.7,0.113,1.2,0.3,1.5,NA,tulsa,2013
3,Shaquille Harrison,G,33,33,889,11.8,0.45,0.14,0.632,259,3.3,13.8,8.4,21.6,3.7,1.8,24.2,19.1,-0.1,1.4,1.3,0.059,-3,2.3,-0.7,NA,tulsa,2013
4,Kauri Black,F,33,33,702,17.1,0.616,0,0.784,227,9.4,15.6,12.4,7.7,2.2,3.1,18.7,17.1,1.3,1,2.3,0.131,-0.6,1.8,1.2,NA,tulsa,2013
5,Rashad Ray,G,31,0,675,12.8,0.523,0.268,0.391,218,1.2,12.7,6.8,17.5,2.7,0.5,22,20.6,0.4,0.8,1.2,0.071,-1.7,1,-0.6,NA,tulsa,2013
6,Patrick Swilling Jr.,G,26,5,670,12.4,0.541,0.691,0.248,246,0.5,10.2,5.2,13.9,0.9,0,16.3,23.5,0.8,0.5,1.3,0.077,1.3,-1.2,0.1,NA,tulsa,2013
7,Tim Peete,G,33,18,611,8.6,0.418,0.291,0.34,118,2.9,16.5,9.4,14.9,2.6,0.8,22.1,12.9,-0.1,0.8,0.8,0.05,-3.2,2.1,-1.1,NA,tulsa,2013
8,D'Andre Wright,F,24,8,402,22.6,0.571,0.007,0.667,190,12.4,24.4,18.2,4.4,0.1,7.2,14.4,26.5,1.1,0.6,1.7,0.168,-0.3,0.3,0,NA,tulsa,2013
9,Zeldric King,F,21,1,341,5.5,0.624,0.021,0.66,75,6.5,10.6,8.5,4.2,1.7,0.3,38.7,15.1,-0.1,0.3,0.2,0.021,-6.2,1,-5.2,NA,tulsa,2013
10,Brandon Swannegan,F,23,0,232,15,0.513,0,0.582,74,11,19.8,15.3,3.7,0.8,8.4,14.6,18.1,0.3,0.3,0.7,0.118,-4.2,1.4,-2.8,NA,tulsa,2013
11,Rashad Smith,F,4,4,85,31.3,0.693,0.069,0.931,47,5.5,21.9,13.4,0,1.4,9.5,19.3,31.2,0.3,0.1,0.5,0.22,2.9,1.1,3.9,NA,tulsa,2013
12,Jamie Booker,G,10,1,21,-1.7,0,0,0,1,5.5,11.8,8.6,8.3,0,0,0,4.9,0,0,0,-0.006,-8.7,-2,-10.7,NA,tulsa,2013
13,Nick Wood,G,9,0,14,36.8,0.685,0.7,0.2,9,0,0,0,0,0,0,8.4,43.7,0.1,0,0.1,0.177,15.1,-0.4,14.8,NA,tulsa,2013
NA,Team Totals,,33,33,6675,NA,0.527,0.34,0.436,NA,NA,NA,NA,NA,NA,NA,NA,NA,7.2,7.9,15,0.09,-0.8,0.7,-0.1,NA,tulsa,2013
1,James Woodard,G,34,34,1101,20.9,0.581,0.454,0.481,494,5.4,15,10.2,11.8,1.7,0.6,9.2,22.9,3.3,1.9,5.2,0.188,5.6,1.3,6.9,NA,tulsa,2014
2,Shaquille Harrison,G,34,34,1026,14.9,0.526,0.129,0.687,348,2.7,11.5,7.2,21.1,3.5,0.9,20.2,19,0.9,2,2.9,0.114,-0.6,3.2,2.6,NA,tulsa,2014
3,Tim Peete,G,34,33,757,12.6,0.545,0.381,0.396,192,3.6,13,8.3,14.5,2.8,0.7,19.9,13.7,0.6,1.4,2.1,0.109,0.1,3.3,3.4,NA,tulsa,2014
4,Rashad Ray,G,34,0,716,15.5,0.568,0.219,0.569,241,1.3,10.1,5.7,23.7,2.8,0.2,16.4,17.1,1.2,1.3,2.5,0.139,0.2,2.9,3.1,NA,tulsa,2014
5,Lew Evans,F,34,22,699,6.6,0.442,0.612,0.235,178,5.3,17.1,11.2,5.8,0.9,0.8,15.7,17.4,-0.2,1.2,1,0.059,-4,0.5,-3.6,NA,tulsa,2014
6,Rashad Smith,F,28,24,698,21.2,0.556,0.021,0.6,316,8.5,13.4,11,10.4,1.7,3.9,11.2,24.5,1.5,1.3,2.8,0.161,2.9,1.9,4.8,NA,tulsa,2014
7,D'Andre Wright,F,34,21,583,15.2,0.529,0.085,0.574,246,10,15.7,12.9,5.6,1,3.5,16.7,24.8,0.6,1.1,1.7,0.116,-2.1,0.5,-1.6,NA,tulsa,2014
8,Brandon Swannegan,F,34,0,452,15.2,0.507,0,0.528,141,10.9,14.6,12.8,3.6,0.8,13,14.6,17.6,0.4,1,1.4,0.123,-3.5,3.5,0,NA,tulsa,2014
9,Patrick Swilling Jr.,G,20,0,452,10.6,0.499,0.698,0.164,151,0.7,8.9,4.8,11.1,1.4,0.5,12.7,21.9,0.2,0.6,0.9,0.076,0.1,-0.2,-0.1,NA,tulsa,2014
10,Stevie Repichowski,G,27,0,197,14,0.517,0.821,0.244,77,2.9,2.8,2.8,4.3,1.5,1.1,4.4,23.3,0.4,0.2,0.6,0.126,3,0.1,3.1,NA,tulsa,2014
11,Marquel Curtis,G,10,1,121,9.2,0.343,0.189,0.297,35,8.4,12,10.2,14.6,1.9,1.9,8.7,19.3,-0.1,0.2,0.2,0.052,-1.8,0.7,-1.1,NA,tulsa,2014
12,Barrett Hunter,G,10,1,18,5.5,0.303,0,0.5,4,0,6.2,3.1,20.1,6.5,0,28.8,19.5,-0.1,0,0,-0.029,-9.5,3.7,-5.8,NA,tulsa,2014
13,TK Edogi,F,13,0,17,-0.4,0.5,0,0,2,6.6,39.4,23.1,0,0,13.3,60,14.8,-0.1,0.1,0,-0.017,-17.5,4.7,-12.8,NA,tulsa,2014
14,Nick Wood,G,9,0,12,16.6,0.678,0.667,1,6,9.4,0,4.7,0,0,0,18.4,22.8,0,0,0.1,0.169,2,-2.3,-0.3,NA,tulsa,2014
15,Riley Kemmer,F,2,0,1,17.8,NA,NA,NA,0,0,100,56,0,0,0,NA,0,0,0,0,0.212,-1.1,8.9,7.8,NA,tulsa,2014
NA,Team Totals,,34,34,6850,NA,0.532,0.318,0.471,NA,NA,NA,NA,NA,NA,NA,NA,NA,9,12.3,21.3,0.124,0.3,1.9,2.2,NA,tulsa,2014
1,James Woodard,G,34,34,1174,17.5,0.55,0.613,0.325,426,1.7,14.3,8,7.7,1.6,0.8,9.3,22.5,2.5,2.2,4.7,0.159,4,1.8,5.8,NA,tulsa,2015
2,Shaquille Harrison,G,34,34,1069,21.4,0.503,0.152,0.471,462,4.2,14,9.2,29.2,3.9,2.3,15.4,26.3,1.7,2.6,4.4,0.163,2.3,4.7,7,NA,tulsa,2015
3,Rashad Smith,F,34,34,962,13.6,0.485,0.154,0.34,273,6.7,17.1,11.9,6,1.1,2,12.5,18.7,0.7,1.9,2.6,0.11,-0.2,1.8,1.6,NA,tulsa,2015
4,Marquel Curtis,G,34,27,931,10.9,0.528,0.324,0.309,244,3.9,9.8,6.9,12.3,1.3,0.4,20.7,16.9,0.5,1.5,2,0.088,-1,1.6,0.6,NA,tulsa,2015
5,Rashad Ray,G,34,7,913,14,0.501,0.528,0.434,270,1.1,10.7,5.9,22.6,2.3,0.1,13.5,17.3,1.4,1.7,3.1,0.134,0.4,3,3.4,NA,tulsa,2015
6,D'Andre Wright,F,34,24,730,11.9,0.475,0.221,0.428,249,10.6,12.7,11.6,9.3,0.6,2,16.9,22.1,0.5,1.3,1.8,0.099,-2.8,0.7,-2,NA,tulsa,2015
7,Brandon Swannegan,F,34,10,569,15.4,0.492,0,0.771,143,12.8,14.3,13.5,1.5,2.1,10.5,17.6,14.9,0.5,1.4,1.9,0.133,-2.3,4.2,1.9,NA,tulsa,2015
8,TK Edogi,F,32,0,238,11,0.508,0,0.973,55,10.5,14.2,12.4,0,0.5,3.6,16.9,14.6,0.1,0.4,0.6,0.095,-2.4,1,-1.4,NA,tulsa,2015
9,Keondre Dew,F,21,0,115,-1,0.204,0.083,0.042,16,10.9,20.6,15.7,5.1,0.5,0,29,16,-0.4,0.2,-0.1,-0.047,-8.8,-0.6,-9.4,NA,tulsa,2015
10,Stevie Repichowski,G,22,0,98,-1,0.335,0.889,0.222,17,0,9.2,4.6,0,0.6,0,14.3,19,-0.2,0.1,-0.1,-0.021,-7.4,-0.5,-7.9,NA,tulsa,2015
11,Emmanuel Ezechinonso,C,13,0,37,0.6,0.678,0,1,4,3.1,21.3,12.2,0,0,0,50.4,8.6,0,0.1,0,0.046,-9.4,0.9,-8.5,NA,tulsa,2015
12,Nick Wood,G,4,0,8,-11.7,0.25,0.75,0,2,0,0,0,0,0,0,20,33.4,-0.1,0,0,-0.237,-14.2,-7.2,-21.4,NA,tulsa,2015
13,Micah Littlejohn,G,4,0,6,13.9,0.5,0.5,0,1,0,18.8,9.4,0,0,0,0,17.8,0,0,0,0.112,-2.9,1.6,-1.2,NA,tulsa,2015
NA,Team Totals,,34,34,6850,NA,0.503,0.322,0.41,NA,NA,NA,NA,NA,NA,NA,NA,NA,7.4,13.5,20.9,0.122,0,2.3,2.4,NA,tulsa,2015
1,James Woodard,G,31,31,1056,19,0.574,0.616,0.401,441,2.1,15.2,8.6,14,1.7,1.3,11.9,22.7,2.4,1.5,3.9,0.149,5.1,1.3,6.4,NA,tulsa,2016
2,Shaquille Harrison,G,32,32,1033,22,0.522,0.112,0.548,500,3.5,15.7,9.6,27.3,3.4,0.8,12.7,26,2.2,1.9,4.1,0.159,3.2,3.4,6.5,NA,tulsa,2016
3,Pat Birt,G,32,18,848,14.8,0.528,0.664,0.274,332,2.4,11.7,7,6,1.4,0.5,8.1,23.6,1.3,1,2.4,0.112,2.7,0.1,2.7,NA,tulsa,2016
4,Marquel Curtis,G,31,5,763,13.6,0.514,0.311,0.419,235,6.6,12.7,9.6,16.2,1.9,0.9,17.7,16.2,0.9,1.1,1.9,0.102,1.1,1.6,2.6,NA,tulsa,2016
5,Brandon Swannegan,F,32,12,640,17.2,0.595,0,0.654,207,9.5,12.3,10.9,2.4,1.3,5.3,11.9,16,1.3,0.9,2.3,0.141,0.6,1.6,2.2,NA,tulsa,2016
6,Rashad Smith,F,30,29,634,16.6,0.544,0.096,0.277,222,8.8,13.3,11,11.3,2,3.4,16.6,19.2,0.8,1,1.8,0.113,1.1,2.2,3.3,NA,tulsa,2016
7,D'Andre Wright,F,32,20,567,9.7,0.531,0.068,0.402,163,7.1,13.9,10.4,3.4,0.6,1.8,18.2,17.2,0.3,0.7,1,0.074,-3.7,0.4,-3.3,NA,tulsa,2016
8,Rashad Ray,G,32,7,563,10.9,0.455,0.595,0.206,147,1.8,7.4,4.6,19.5,3.2,0,12.7,14.9,0.4,0.8,1.2,0.085,-1.2,3.1,1.9,NA,tulsa,2016
9,Sterling Taplin,G,29,4,283,9.3,0.531,0.688,0.219,73,0.4,12.3,6.3,13.6,1.2,0.4,18.5,15.5,0.1,0.3,0.5,0.07,-1.4,1.1,-0.2,NA,tulsa,2016
10,Emmanuel Ezechinonso,C,6,0,39,-0.1,0,NA,NA,0,0,11.5,5.7,0,0,0,0,0.6,0,0,0,0.025,-2.3,0.6,-1.7,NA,tulsa,2016
11,Kajon Brown,G,6,1,16,5.8,0,1,0,2,6.9,0,3.5,19.6,3.6,0,0,3.2,0,0,0,0.073,-2.7,4.4,1.7,NA,tulsa,2016
12,Nick Wood,G,5,1,8,19.7,0.5,0.25,0,3,13.9,0,7,0,0,0,0,25.4,0,0,0,0.104,2.1,-4.1,-1.9,NA,tulsa,2016
NA,Team Totals,,32,32,6450,NA,0.536,0.363,0.396,NA,NA,NA,NA,NA,NA,NA,NA,NA,9.9,9.4,19.2,0.119,1.5,1.7,3.2,NA,tulsa,2016
1,Pat Birt,G,32,23,960,8.8,0.444,0.594,0.263,272,1.8,8.4,5.2,11.4,2.2,0.7,12.2,19.4,0.2,1.1,1.2,0.052,-1.3,1.5,0.2,NA,tulsa,2017
2,Junior Etou,F,32,32,935,17.8,0.627,0.41,0.582,379,7,19.8,13.6,10.3,0.9,0.4,20.2,22.2,1.9,1.2,3.1,0.132,3.3,0.5,3.8,NA,tulsa,2017
3,Sterling Taplin,G,32,28,935,12.5,0.529,0.309,0.416,327,1.7,10.8,6.4,29.2,2.2,0.2,23.1,20.1,0.9,1.1,2,0.084,-0.6,1.1,0.5,NA,tulsa,2017
4,Jaleel Wheeler,G,30,28,876,11.7,0.545,0.299,0.534,272,1.4,15.5,8.6,15.5,1.1,1.2,21,19.1,0.6,1,1.6,0.073,-0.2,1.1,0.9,NA,tulsa,2017
5,Corey Henderson,G,32,4,718,11,0.512,0.621,0.239,251,0.7,4.8,2.8,12.6,1.4,0.3,13.2,22.4,0.6,0.6,1.2,0.068,1,-0.1,0.9,NA,tulsa,2017
6,Martins Igbanu,F,32,19,491,16.9,0.592,0.076,0.907,197,14.4,16.2,15.3,4,0.6,2.6,21.4,22.6,0.7,0.6,1.3,0.108,0.3,-0.2,0.1,NA,tulsa,2017
7,Will Magnay,F,32,12,449,12.7,0.583,0.012,0.59,121,8.9,15.9,12.5,4.1,0.3,7.5,23.7,16,0.3,0.6,0.9,0.079,-2.3,2,-0.2,NA,tulsa,2017
8,TK Edogi,F,32,5,368,21.9,0.645,0.013,0.65,139,16.8,20.6,18.8,5.3,1.3,4.1,17.4,17.8,1,0.6,1.6,0.173,2.3,0.8,3.1,NA,tulsa,2017
9,Lawson Korita,G,28,5,356,4.8,0.403,0.67,0.165,80,1.7,12.3,7.1,11.2,0.7,0,14.8,16.7,-0.2,0.3,0.1,0.017,-2.2,0.3,-2,NA,tulsa,2017
10,Travis Atson,F,22,3,135,7.4,0.495,0.576,0.152,34,4.5,13.6,9.2,8.2,0.9,1.7,20.3,17,0,0.1,0.1,0.041,-1.8,1.1,-0.8,NA,tulsa,2017
11,Geno Artison,F,17,1,109,6.8,0.415,0.824,0.059,27,2.2,16.9,9.8,10.1,1.6,3.2,14.7,19.4,-0.1,0.2,0.1,0.03,-2.1,0.9,-1.2,NA,tulsa,2017
12,Joseph Battle,G,14,0,52,3.3,0.408,0.2,0.133,12,7.2,13.5,10.4,0,0,0,15.8,19.2,0,0,0,-0.003,-6.2,-1.7,-7.9,NA,tulsa,2017
13,Corey Haith,G,14,0,40,6.1,0.643,1,0,9,0,11.5,5.9,15.9,3,0,36.4,14.2,0,0.1,0,0.049,-4.5,3.5,-1,NA,tulsa,2017
14,Alex Foree,F,1,0,1,0,NA,NA,NA,0,0,0,0,0,0,0,NA,0,0,0,0,0.011,-2.3,-0.3,-2.6,NA,tulsa,2017
NA,Team Totals,,32,32,6425,NA,0.536,0.408,0.428,NA,NA,NA,NA,NA,NA,NA,NA,NA,5.9,7.4,13.3,0.083,0,0.8,0.8,NA,tulsa,2017
1,Junior Etou,F,31,31,942,21.1,0.582,0.386,0.598,450,9.5,18.8,14.4,11.2,1,1,15.3,25.4,2.5,1.4,3.9,0.164,3.7,0.3,4,NA,tulsa,2018
2,Corey Henderson,G,31,23,874,13.3,0.541,0.731,0.261,290,1.3,6.9,4.3,8.9,1.2,0,6.5,18.7,1.8,0.8,2.6,0.117,1.8,0.7,2.5,NA,tulsa,2018
3,Sterling Taplin,G,30,30,845,18,0.561,0.382,0.309,370,0.7,13.5,7.4,34.7,1.9,0.6,18.8,23.3,1.7,1.2,2.9,0.136,2.1,1.4,3.6,NA,tulsa,2018
4,Martins Igbanu,F,31,23,697,17.6,0.589,0.037,0.668,276,9.5,15.4,12.6,4.7,0.8,0.8,15.7,21.3,1.5,0.9,2.3,0.135,0.8,0.3,1.2,NA,tulsa,2018
5,Jaleel Wheeler,G,31,12,568,9.6,0.476,0.129,0.526,147,6.9,14.6,10.9,7.9,1.3,1.2,19.4,16.1,0.1,0.8,0.9,0.065,-2.4,1.5,-1,NA,tulsa,2018
6,DaQuan Jeffries,G,25,9,549,22.4,0.641,0.367,0.289,223,9.5,15.1,12.4,8.3,1.6,7.7,15.6,20.7,1.5,1,2.4,0.178,2.5,2.7,5.3,NA,tulsa,2018
7,Elijah Joiner,G,31,1,522,6.2,0.449,0.62,0.454,140,2,11.4,6.9,22.4,1,0,25.5,17.2,-0.1,0.6,0.5,0.036,-3.5,0.2,-3.3,NA,tulsa,2018
8,Curran Scott,G,31,8,461,13.3,0.549,0.383,0.519,173,4.3,11.3,7.9,9.4,1.3,0.3,17.4,22.1,0.6,0.5,1.1,0.1,-0.5,0.3,-0.2,NA,tulsa,2018
9,Lawson Korita,G,29,17,389,8.5,0.531,0.62,0.127,79,3,9,6.1,8.8,1.1,0,14.7,11.5,0.3,0.4,0.7,0.074,-0.8,1.4,0.6,NA,tulsa,2018
10,Geno Artison,F,30,0,334,10,0.412,0.534,0.205,71,5.9,15.9,11.1,6.2,1.6,2.8,8,13.2,0.2,0.5,0.7,0.08,-0.7,2,1.3,NA,tulsa,2018
11,Darien Jackson,G,18,1,91,-0.1,0.327,0.2,0.15,15,5.1,4.7,4.9,6.3,3.2,0,24.6,15.9,-0.2,0.1,-0.1,-0.03,-9.4,1.8,-7.6,NA,tulsa,2018
12,Alex Foree,F,3,0,3,24.5,0.5,0.5,0,1,0,35.4,18.5,0,0,0,0,33.9,0,0,0,0.127,2.8,1.8,4.5,NA,tulsa,2018
NA,Team Totals,,31,31,6275,NA,0.549,0.41,0.416,NA,NA,NA,NA,NA,NA,NA,NA,NA,9.8,8.1,18,0.114,0.6,1,1.6,NA,tulsa,2018
1,DaQuan Jeffries,G,31,31,871,22.2,0.617,0.447,0.4,383,5.6,15.9,11.1,14.5,2,5.2,13.5,22.5,2.3,1.5,3.9,0.177,4.4,2.9,7.3,NA,tulsa,2019
2,Martins Igbanu,F,32,32,868,19,0.637,0.022,0.737,367,7.7,15.4,11.8,5.5,1.2,1.1,17.6,22.7,1.9,1.2,3.1,0.143,1.2,0.4,1.6,NA,tulsa,2019
3,Sterling Taplin,G,32,32,855,12.5,0.496,0.382,0.533,342,0.9,9.6,5.6,31.2,1.5,0.1,19.6,23.2,0.6,1,1.6,0.073,-0.4,-0.2,-0.6,NA,tulsa,2019
4,Curran Scott,G,32,26,791,11.4,0.547,0.471,0.385,263,1.8,8.8,5.6,9.1,0.7,0,13.3,19.7,0.9,0.7,1.6,0.079,0.5,-0.4,0,NA,tulsa,2019
5,Elijah Joiner,G,32,0,733,9.7,0.507,0.534,0.511,179,0.7,13.2,7.4,16.5,1.8,0.3,16.9,13.8,0.5,1,1.5,0.081,-1.4,2.3,0.9,NA,tulsa,2019
6,Lawson Korita,G,31,25,729,10.8,0.489,0.589,0.291,184,2.8,10,6.7,12.4,1.6,0.2,9.6,14.1,0.7,0.8,1.5,0.081,0.7,1.5,2.3,NA,tulsa,2019
7,Jeriah Horne,F,32,1,706,18.6,0.562,0.5,0.21,297,5.5,18.6,12.6,10,1.9,2.5,13,24.3,1.1,1.2,2.3,0.132,3.1,1.4,4.6,NA,tulsa,2019
8,Darien Jackson,G,26,3,312,13.8,0.529,0.128,0.321,96,4.7,9.7,7.4,13.6,3.7,0.4,17.5,18.1,0.2,0.5,0.7,0.09,-1.5,3.1,1.6,NA,tulsa,2019
9,Chris Barnes,G,31,5,284,4.7,0.434,0.065,0.435,69,3,13.6,8.7,9.4,0.8,0.4,24.3,18,-0.3,0.3,0,0.002,-5,-0.1,-5.1,NA,tulsa,2019
10,Zeke Moore,G,14,4,147,8.3,0.463,0.459,0.108,36,4.1,9.9,7.3,6.7,1.2,0.8,11.4,15.5,0,0.2,0.2,0.053,-2,0.6,-1.4,NA,tulsa,2019
11,Simon Falokun,F,21,0,124,7.7,0.482,0,1.217,39,10.8,16.8,14,3.1,0.9,6.7,29.2,21.4,-0.1,0.2,0.1,0.027,-7.8,1,-6.8,NA,tulsa,2019
12,Peter Hewitt,F,9,0,26,-1.6,0.36,0,0.333,5,0,20.1,10.8,14.7,0,4.6,30.2,19.8,-0.1,0,0,-0.054,-12.4,1.1,-11.2,NA,tulsa,2019
13,Alex Foree,F,2,1,3,-1.7,0,1,0,1,0,0,0,55.4,0,0,0,17.3,0,0,0,-0.12,-5.2,-2.1,-7.2,NA,tulsa,2019
14,Lindsay Deline Jr.,G,2,0,1,0,NA,NA,NA,0,0,0,0,0,0,0,NA,0,0,0,0,0.013,-0.9,2,1.1,NA,tulsa,2019
NA,Team Totals,,32,32,6450,NA,0.55,0.376,0.434,NA,NA,NA,NA,NA,NA,NA,NA,NA,7.7,8.6,16.3,0.101,0.5,1.1,1.6,NA,tulsa,2019
1,Jeriah Horne,F,31,22,900,17.3,0.544,0.573,0.198,318,4.3,16.2,10.5,10.7,2,1.9,11.3,20.9,1.6,1.8,3.4,0.152,3.2,2.1,5.3,NA,tulsa,2020
2,Brandon Rachal,G,30,29,873,19,0.534,0.231,0.448,353,6.2,16.9,11.8,11.3,3.1,2.8,16.2,24.7,1.3,2,3.3,0.151,1.4,2.9,4.4,NA,tulsa,2020
3,Martins Igbanu,F,31,12,825,21.8,0.61,0.036,0.767,385,7.2,14.8,11.2,7.8,1.2,1.5,15.8,26.3,2.3,1.4,3.7,0.181,2.6,0.8,3.3,NA,tulsa,2020
4,Darien Jackson,G,31,13,809,18.1,0.584,0.193,0.403,258,6.1,9,7.6,18.3,3.2,1,14.7,16.1,1.8,1.5,3.3,0.164,1.9,3.6,5.5,NA,tulsa,2020
5,Elijah Joiner,G,30,24,792,12.2,0.502,0.354,0.42,238,2,14.6,8.6,22.3,1.9,1.2,19.9,18.1,0.6,1.5,2.1,0.105,-0.5,2.5,2,NA,tulsa,2020
6,Lawson Korita,G,30,24,765,11.8,0.553,0.675,0.313,191,1.3,10.8,6.3,7.7,2.1,0.4,14.4,15.4,0.8,1.3,2.1,0.109,0.8,2.3,3.1,NA,tulsa,2020
7,Isaiah Hill,G,31,7,634,7.1,0.431,0.414,0.301,151,0.8,8.8,4.9,21.5,2.9,0.9,27.6,17.5,-0.6,1.1,0.6,0.037,-3.9,2.2,-1.8,NA,tulsa,2020
8,Reggie Jones,G,26,7,340,9.8,0.438,0.587,0.183,98,2.5,14,8.5,12.8,1.9,1.2,13.1,20.2,0,0.6,0.6,0.076,-1.2,1,-0.2,NA,tulsa,2020
9,Emmanuel Ugboh,C,27,15,220,5.3,0.458,0,0.295,49,9.5,14.9,12.4,3.8,0.5,3.1,29.5,17.1,-0.2,0.4,0.1,0.022,-6.6,0.6,-6,NA,tulsa,2020
10,Josh Earley,F,26,2,134,8.1,0.427,0,0.36,30,12.9,16.1,14.6,3,0.9,2,17,13.9,0,0.2,0.3,0.078,-4.5,0.2,-4.3,NA,tulsa,2020
11,George Christopoulos,G,4,0,8,-18.6,0,0.5,0,0,0,0,0,0,0,16.8,33.3,19.8,-0.1,0,-0.1,-0.256,-21.1,-2.9,-24,NA,tulsa,2020
NA,Team Totals,,31,31,6300,NA,0.535,0.342,0.397,NA,NA,NA,NA,NA,NA,NA,NA,NA,7.6,11.9,19.5,0.124,0.5,2.2,2.6,NA,tulsa,2020
1,Brandon Rachal,G,23,23,727,20.8,0.537,0.37,0.344,333,6.5,19.4,13.2,15.7,2.9,3.1,15.3,27.2,1.3,1.7,3,0.165,2.6,2.6,5.3,NA,tulsa,2021
2,Elijah Joiner,G,22,22,674,17.2,0.587,0.444,0.527,258,0.9,14.3,7.9,26.1,1.8,0.6,18.5,20,1.5,1.2,2.7,0.159,2.3,2.2,4.5,NA,tulsa,2021
3,Curtis Haywood II,G,23,17,586,9.2,0.461,0.694,0.215,134,2.9,13.1,8.2,13.7,2,1.3,17.9,14.4,0.2,1,1.2,0.082,-0.5,2.3,1.8,NA,tulsa,2021
4,Darien Jackson,G,23,2,573,18.7,0.666,0.193,0.307,190,8.7,9.7,9.2,20,3.1,0.7,24.3,15.7,1.3,1,2.3,0.162,1.9,2.9,4.7,NA,tulsa,2021
5,Keyshawn Embery-Simpson,G,23,16,559,8.4,0.495,0.574,0.213,153,2,8.3,5.3,8.1,1.3,0.4,15.4,18.8,0.1,0.7,0.9,0.062,-2.1,-0.2,-2.3,NA,tulsa,2021
6,Rey Idowu,F,23,8,490,13,0.53,0,0.482,171,6.4,14,10.4,9.2,0.8,0.8,15.4,21.5,0.5,0.8,1.3,0.105,-1.9,0.5,-1.4,NA,tulsa,2021
7,Austin Richie,G,23,11,421,13,0.54,0.787,0.088,126,0.9,11.9,6.6,5.3,0.7,0.9,4.1,18.3,0.7,0.6,1.3,0.122,1.9,-0.3,1.7,NA,tulsa,2021
8,Emmanuel Ugboh,C,23,15,212,15.1,0.538,0,0.446,73,14.3,13.1,13.7,3,0.6,1.2,12.8,19.1,0.4,0.3,0.7,0.124,-2.4,-1.3,-3.8,NA,tulsa,2021
9,Keshawn Williams,G,19,1,200,8.1,0.425,0.228,0.456,66,0.6,9.4,5.2,23.4,2.9,0.6,25.7,24.3,-0.2,0.3,0.1,0.024,-6,-0.5,-6.5,NA,tulsa,2021
10,Josh Earley,F,10,0,57,6.3,0.401,0,0.143,14,12.8,17.5,15.3,3.4,0,2.2,21.1,17.3,0,0.1,0,0.027,-5,-0.9,-6,NA,tulsa,2021
11,Christian Shumate,G,8,0,43,10.5,0.708,0,0.125,10,8.5,20.6,14.8,0,0,8.8,41.5,17.5,0,0.1,0,0.038,-4.3,2,-2.4,NA,tulsa,2021
12,Peyton Urbancic,G,6,0,35,15.1,0.653,0.889,0.222,11,0,12.7,6.6,11.4,1.7,3.6,16.7,17.8,0.1,0.1,0.1,0.143,-13.3,-0.4,-13.7,NA,tulsa,2021
13,Ryan Gendron,G,2,0,9,26.9,0.75,0.5,0,3,0,12.3,6.4,22,13.1,0,33.3,17.4,0,0,0,0.213,-20,27.4,7.3,NA,tulsa,2021
14,Bradley Alcime,F,3,0,8,34.2,0.623,0.4,0.6,7,30.3,13.9,21.7,0,0,0,23.7,54.8,0,0,0,0.145,-28.3,-11.4,-39.7,NA,tulsa,2021
15,Ari Seals,G,3,0,6,1.9,0,1,0,1,0,18.5,9.7,27.1,0,0,0,8.7,0,0,0,-0.003,-5,-1.1,-6.2,NA,tulsa,2021
NA,Team Totals,,23,23,4600,NA,0.539,0.399,0.33,NA,NA,NA,NA,NA,NA,NA,NA,NA,5.8,7.9,13.7,0.119,0,1.4,1.3,NA,tulsa,2021
1,Jeriah Horne,F,31,30,1051,21.2,0.573,0.415,0.29,456,4.2,19.9,12.1,10.2,2.3,2.6,12.3,24.8,2.5,1.4,3.9,0.149,4.9,0.8,5.6,NA,tulsa,2022
2,Sam Griffin,G,31,23,938,15.3,0.501,0.481,0.177,411,0.5,6.3,3.4,14.7,2.2,0.1,11,28.4,1.1,0.6,1.7,0.075,2.3,-1,1.3,NA,tulsa,2022
3,Darien Jackson,G,31,17,888,16.4,0.63,0.268,0.413,311,5,8.1,6.5,13.5,2,0.9,19.3,18.6,1.8,0.7,2.5,0.111,1.8,0.2,2,NA,tulsa,2022
4,Curtis Haywood II,G,30,12,687,7.2,0.456,0.618,0.36,117,1.7,11.9,6.8,14.3,2.7,2.6,28.2,11.1,-0.2,0.8,0.6,0.037,-2.6,2.4,-0.3,NA,tulsa,2022
5,Rey Idowu,F,31,17,671,16.1,0.555,0.006,0.467,240,8.7,16.9,12.8,7.1,1.3,1.2,13.7,19.9,1.2,0.7,1.9,0.112,-0.2,-0.4,-0.6,NA,tulsa,2022
6,Anthony Pritchard,G,27,18,563,8.6,0.412,0.163,0.233,151,1.9,12.6,7.3,27.4,2.5,1.4,25.9,18,-0.3,0.6,0.3,0.018,-3.2,0.6,-2.6,NA,tulsa,2022
7,Tim Dalger,F,28,10,410,10.6,0.49,0.204,0.519,128,5.5,17.9,11.7,6,1.4,1.3,17.7,20.9,0.1,0.4,0.5,0.05,-3.4,-0.9,-4.2,NA,tulsa,2022
8,LaDavius Draine,G,28,13,385,9.7,0.52,0.739,0.057,87,2.2,14.7,8.5,7.1,2.3,0.3,16.6,14.7,0.1,0.4,0.6,0.058,-0.3,1.1,0.8,NA,tulsa,2022
9,Nikita Konstantynovskyi,C,27,9,233,13.8,0.563,0,0.75,65,15.3,21.3,18.3,3.3,1,5,25.8,14.8,0.2,0.3,0.5,0.094,-2.1,0.3,-1.8,NA,tulsa,2022
10,Keyshawn Embery-Simpson,G,12,4,230,6.1,0.479,0.674,0.093,45,1,4.1,2.6,13,1,0,18.2,12.5,0.1,0.1,0.1,0.023,-2.3,-1.2,-3.6,NA,tulsa,2022
11,Sterling Gaston-Chapman,G,17,0,87,8.8,0.499,0.294,1,27,12.3,6.8,9.5,0,2,1.5,19.3,18.7,0.1,0.1,0.1,0.056,-3.9,0.2,-3.7,NA,tulsa,2022
12,Josh Earley,F,5,2,29,-2.4,0.4,0,0,3,0,20.4,10.2,0,0,0,37.5,14.5,-0.1,0,-0.1,-0.083,-9.4,-2.1,-11.5,NA,tulsa,2022
13,Gavyn Elkamil,G,4,0,17,-12.8,0,0.6,0,1,7,27.8,17.5,0,0,0,16.7,18.5,-0.1,0,-0.1,-0.214,-15,-5.7,-20.7,NA,tulsa,2022
14,Peyton Urbancic,G,3,0,7,15.8,0.343,0.5,2.5,3,0,16.9,8.5,0,8.5,0,0,32.7,0,0,0,0.065,-5.1,4.9,-0.2,NA,tulsa,2022
15,Ari Seals,G,3,0,4,38.1,1,0,0,2,29.8,0,14.8,0,0,0,0,13.1,0,0,0,0.267,14.7,0.6,15.2,NA,tulsa,2022
NA,Team Totals,,31,31,6200,NA,0.53,0.361,0.31,NA,NA,NA,NA,NA,NA,NA,NA,NA,6.5,6.1,12.6,0.082,0.3,0.2,0.5,NA,tulsa,2022
1,Bryant Selebangue,F,30,30,941,21.3,0.599,0.004,0.544,353,10.7,23.3,16.8,7.1,1.6,1.6,13,18.9,2.1,0.7,2.9,0.122,3,-1.1,1.9,NA,tulsa,2023
2,Brandon Betson,G,30,10,784,12.1,0.559,0.621,0.113,282,0.7,6.5,3.5,21.4,1.1,0,18.2,21,0.8,0,0.8,0.041,0.8,-2.6,-1.8,NA,tulsa,2023
3,Sam Griffin,G,26,25,757,16.1,0.508,0.544,0.157,355,0.4,10.3,5.2,17.4,1.5,0,9.7,29.3,0.9,0.1,1.1,0.057,3.1,-1.9,1.2,NA,tulsa,2023
4,Tim Dalger,F,29,22,712,13.6,0.496,0.471,0.365,288,7.6,17.2,12.3,7.7,1.2,0.6,14.3,25.3,0.5,0.3,0.8,0.045,0,-2.4,-2.4,NA,tulsa,2023
5,Anthony Pritchard,G,21,21,625,10.9,0.513,0.242,0.218,208,1.4,10.4,5.8,29.7,2.7,0.5,28.9,21.1,-0.2,0.3,0.1,0.004,-2.6,-0.7,-3.3,NA,tulsa,2023
6,Sterling Gaston-Chapman,G,30,18,534,7.5,0.396,0.216,0.384,128,8.1,11.5,9.7,3.6,2.6,1.4,15,16.8,-0.3,0.3,0,0.002,-5.4,-0.4,-5.8,NA,tulsa,2023
7,Keyshawn Embery-Simpson,G,24,6,466,6.7,0.433,0.605,0.169,118,1,8.1,4.4,14.1,1.1,0.7,12.4,16.9,0,0,0,0,-3.9,-1.3,-5.2,NA,tulsa,2023
8,Brian Knight,G,30,12,418,1.8,0.393,0.789,0.067,70,2.1,9,5.5,4.1,0.4,0.3,14.7,13.4,-0.4,0,-0.4,-0.036,-5.1,-2.4,-7.4,NA,tulsa,2023
9,Jesaiah McWright,G,26,6,418,0.3,0.353,0.488,0.186,70,1.1,5.4,3.1,9.4,1.4,0.5,23,15,-0.7,0,-0.7,-0.069,-7.2,-1.6,-8.8,NA,tulsa,2023
10,Charles Chukwu,C,30,0,255,10.2,0.649,0,0.435,38,8.3,14.3,11.2,0,2.3,4.7,24.5,7.4,0.2,0.2,0.4,0.06,-4.2,1.2,-3,NA,tulsa,2023
11,Ari Seals,G,12,0,106,2.6,0.309,0.7,1.3,12,1,12.2,6.5,6.5,1.6,0,19.8,9.8,-0.1,0,-0.1,-0.032,-6.7,-0.8,-7.5,NA,tulsa,2023
12,Peyton Urbancic,G,10,0,23,15.2,0.542,0.2,1,7,4.8,20.5,12.4,0,2.5,0,11.9,18.7,0,0,0,0.063,-1,0.5,-0.5,NA,tulsa,2023
13,Nikita Konstantynovskyi,C,2,0,10,13.5,1,0,0,1,0,23.6,11.4,0,0,0,0,5.1,0,0,0,0.094,1.6,0,1.6,NA,tulsa,2023
NA,Team Totals,,30,30,6049,NA,0.502,0.424,0.267,NA,NA,NA,NA,NA,NA,NA,NA,NA,2.8,2.1,4.9,0.032,-1.3,-1.5,-2.7,NA,tulsa,2023
1,PJ Haggerty,G,31,31,1045,26.5,0.596,0.188,0.765,652,3.5,14,9,26.5,3.2,0.1,12.7,30.1,3.8,1.7,5.5,0.21,4.9,1.8,6.6,NA,tulsa,2024
2,Cobe Williams,G,31,31,973,15,0.525,0.515,0.346,418,2.1,9.4,5.9,23.5,3.7,0.8,18.7,24.4,0.7,1.5,2.2,0.092,-0.2,1,0.8,NA,tulsa,2024
3,Isaiah Barnes,G,31,31,912,11.3,0.555,0.585,0.232,242,3.9,9.7,6.9,6.3,2.2,1.2,14.2,14.6,0.8,1.1,1.9,0.084,-1,0.3,-0.6,NA,tulsa,2024
4,Carlous Williams,F,31,25,757,7.7,0.547,0.489,0.18,157,4.3,14.2,9.4,5.9,1,2,22.1,12.2,0.1,0.9,1.1,0.056,-3.2,0,-3.2,NA,tulsa,2024
5,Jared Garcia,F,31,31,702,16.7,0.533,0.481,0.259,283,7.7,21.2,14.8,8.1,1.1,6.5,15,22.8,0.7,1.2,1.9,0.11,-0.3,0.1,-0.1,NA,tulsa,2024
6,Matthew Reed,F,31,6,501,11.1,0.525,0.336,0.381,148,8.7,19.8,14.5,5.4,0.3,1.3,14.7,15.6,0.5,0.7,1.1,0.09,-2.2,-1.2,-3.5,NA,tulsa,2024
7,Tyshawn Archie,G,31,0,452,20,0.569,0.439,0.277,207,0.8,9.2,5.1,20.8,4.1,1.2,11.7,24.5,0.9,0.7,1.6,0.145,1.8,2.2,3.9,NA,tulsa,2024
8,Jesaiah McWright,G,27,0,408,5.2,0.496,0.438,0.363,86,0.3,6.8,3.7,5.3,1.2,1.1,13.8,13.3,0.1,0.4,0.5,0.045,-5.9,-0.9,-6.9,NA,tulsa,2024
9,Jarred Hall,F,24,0,257,5.6,0.389,0.408,0.327,52,5.8,17,11.6,6.9,1.5,1.3,19.8,13.7,-0.2,0.4,0.2,0.026,-6,-0.3,-6.2,NA,tulsa,2024
10,Mohamed Keita,C,24,0,180,7.3,0.486,0,0.455,33,10.9,10.7,10.8,1,0.3,7.3,25.2,9.9,0,0.2,0.2,0.051,-7,0,-7,NA,tulsa,2024
11,Keaston Willis,G,2,0,47,20.5,0.704,0.769,0.769,19,0,13.6,7.1,0,2.4,0,10.1,20.9,0.1,0.1,0.2,0.165,3.6,0.4,4,NA,tulsa,2024
12,Ari Seals,G,10,0,37,4.1,0.404,0.25,0.5,5,3.1,8.6,6,9.1,0,2.9,16.8,8,0,0,0,0.038,-6.8,-0.8,-7.6,NA,tulsa,2024
13,Ben Radford,G,3,0,4,26.7,0.75,0.5,0,2,0,26.6,13.8,0,0,0,0,24.9,0,0,0,0.227,-23,0.3,-22.7,NA,tulsa,2024
NA,Team Totals,,31,31,6275,NA,0.549,0.412,0.404,NA,NA,NA,NA,NA,NA,NA,NA,NA,7.5,9,16.5,0.105,-0.7,0.5,-0.2,NA,tulsa,2024
1,Dwon Odom,G,33,28,1033,20.5,0.59,0.114,0.318,485,3.5,11.9,7.8,38,2.1,1.9,19.3,23.1,2.4,1.1,3.5,0.136,2.3,0.7,3,NA,tulsa,2025
2,Keaston Willis,G,33,28,975,16.5,0.587,0.779,0.379,382,1.4,10.7,6.1,8.1,1.6,0.3,7.4,21.4,2.3,0.9,3.1,0.128,2.3,-1,1.3,NA,tulsa,2025
3,Braeden Carrington,G,29,19,777,13.8,0.528,0.766,0.415,225,4.7,14.9,9.9,11.9,2.4,1.8,12.8,15.6,0.9,1,2,0.101,-0.1,0.9,0.8,NA,tulsa,2025
4,Isaiah Barnes,G,26,23,744,10.1,0.521,0.524,0.257,210,2.8,15,9,4,1.1,0.6,12.5,18.3,0.3,0.7,1,0.054,-2.6,-1.3,-3.9,NA,tulsa,2025
5,Tyshawn Archie,G,33,15,729,12.9,0.46,0.446,0.205,295,2.3,7.7,5.1,19.2,2.9,0.8,11.9,26.8,0,0.8,0.8,0.044,-2,-0.3,-2.3,NA,tulsa,2025
6,Ian Smikle,F,33,28,675,13.6,0.539,0,0.493,194,11,19.2,15.1,5.8,1.2,2.3,15.2,15.1,0.7,0.9,1.6,0.095,-3.3,-0.5,-3.8,NA,tulsa,2025
7,Jesaiah McWright,G,32,15,463,4.9,0.455,0.506,0.236,91,2.2,5.7,4,8.7,2.4,0.9,20.8,13.9,-0.3,0.4,0.1,0.012,-7.5,0.2,-7.3,NA,tulsa,2025
8,Justin Amadi,F,28,4,462,13.5,0.577,0,0.651,128,9.1,12.6,10.9,2.1,1.7,1.8,13.1,14.5,0.6,0.5,1.1,0.096,-2.3,-0.5,-2.8,NA,tulsa,2025
9,Jared Garcia,F,17,0,294,19.8,0.542,0.372,0.364,146,5.4,21.2,13.5,12.3,0.8,4.2,11.7,30.1,0.4,0.4,0.8,0.111,1.1,-0.2,0.9,NA,tulsa,2025
10,Matthew Reed,F,27,5,292,10.7,0.48,0.382,0.236,95,8.2,16.5,12.4,6.2,0.4,1.4,10.8,19.6,0.2,0.3,0.5,0.064,-4.9,-2.3,-7.2,NA,tulsa,2025
11,Jaye Nash,G,21,0,142,7.3,0.338,0.333,0.778,42,4.8,9.3,7.1,36.7,1.7,0,24.5,17.8,-0.1,0.1,0,0.007,-7.5,-1.7,-9.2,NA,tulsa,2025
12,Tyler Behrend,F,16,0,69,3.9,0.406,0.545,0.136,18,8.3,20.6,14.6,0,0,1.5,23,22.8,-0.2,0.1,-0.1,-0.052,-8.6,-3.3,-11.9,NA,tulsa,2025
13,Ari Seals,G,11,0,35,3.8,0.167,0.833,0,5,6.5,9.4,8,19.4,1.7,0,14.3,10.3,0,0,0,-0.009,-7.2,-0.1,-7.3,NA,tulsa,2025
14,Ben Radford,G,2,0,5,8.4,0.25,0.25,0,2,22.8,43.8,33.5,0,0,0,0,41.3,0,0,0,-0.098,4.9,-6.6,-1.7,NA,tulsa,2025
15,Cal Conroy,G,2,0,5,-12.1,0,1,0,1,22.8,0,11.2,0,0,0,50,20.7,0,0,0,-0.274,-8.2,-9.2,-17.4,NA,tulsa,2025
NA,Team Totals,,33,33,6700,NA,0.53,0.426,0.338,NA,NA,NA,NA,NA,NA,NA,NA,NA,7.2,7.2,14.4,0.086,-1.3,-0.4,-1.7,NA,tulsa,2025
1,Miles Barnstable,G,38,38,1150,19.4,0.652,0.696,0.34,486,3.7,10.3,7.2,8.6,1.5,1.5,7.8,19.9,3.8,1.4,5.3,0.184,5.3,0.5,5.8,NA,tulsa,2026
2,Ade Popoola,G,38,38,1091,14.9,0.584,0.742,0.166,370,3.6,12.4,8.2,8.2,2.7,1,11.6,18.1,1.9,1.7,3.6,0.131,2.5,1.7,4.2,NA,tulsa,2026
3,Tylen Riley,G,38,38,1053,20.7,0.583,0.191,0.618,602,2.7,12.8,8,30.1,1.9,0.5,17,27.7,3.1,1.5,4.6,0.175,2.7,0.4,3.2,NA,tulsa,2026
4,David Green,G,36,36,971,21.8,0.598,0.43,0.405,509,4.8,14.2,9.7,12.2,1.3,3,9.4,27.1,3,1.4,4.4,0.18,4.5,0.6,5,NA,tulsa,2026
5,Tyler Behrend,F,38,38,819,16.9,0.597,0.233,0.564,298,11.8,15.6,13.8,15.4,1.8,1.8,17.2,15.1,1.9,1.3,3.2,0.157,1.7,1.9,3.6,NA,tulsa,2026
6,Romad Dean,F,38,2,609,15.5,0.627,0.606,0.235,183,9.6,16.3,13.1,4,1.4,0.9,8.7,13.1,1.4,0.9,2.3,0.153,2.2,0.5,2.7,NA,tulsa,2026
7,Myles Rigsby,F,32,0,597,16,0.642,0.352,0.582,203,4,7.8,6,13,3.1,1.7,17,15.6,1.3,0.9,2.2,0.147,1.3,2.9,4.2,NA,tulsa,2026
8,Ian Smikle,F,38,0,526,12.2,0.506,0,0.6,149,11.4,18.1,14.9,11.9,1.3,2.6,17.8,13.3,0.6,0.8,1.4,0.108,-2,1.5,-0.5,NA,tulsa,2026
9,Jaylen Lawal,G,38,0,512,19.2,0.578,0.539,0.387,270,4,13.1,8.8,20.9,1.1,0.2,11,26.3,1.6,0.6,2.2,0.172,3.1,-0.2,2.9,NA,tulsa,2026
10,KJ Martin Jr.,F,38,0,331,12.2,0.538,0.411,0.375,85,5.1,14.4,9.9,14.3,2.3,0.7,14.3,11.6,0.5,0.5,1,0.12,0.2,2.3,2.5,NA,tulsa,2026
11,Leon Sifferlin,G,10,0,46,22.6,0.647,0.765,0,20,2.6,14.1,8.6,21.3,2.5,0,5.6,19.4,0.2,0.1,0.2,0.211,-0.1,-1.8,-1.9,NA,tulsa,2026
12,Cal Conroy,G,7,0,17,-3.4,0.306,1,1.333,3,0,0,0,0,0,0,16.9,17.2,0,0,0,-0.073,-8,-2.1,-10,NA,tulsa,2026
13,Doryan Onwuchekwa,C,1,0,4,41.2,1,0,0,2,0,0,0,0,0,0,0,24.8,0,0,0,0.274,NA,NA,NA,NA,tulsa,2026
NA,Team Totals,,38,38,7726,NA,0.599,0.465,0.41,NA,NA,NA,NA,NA,NA,NA,NA,NA,19.3,11.1,30.4,0.157,2.6,1.1,3.7,NA,tulsa,2026
1,Steffphon Pettigrew,F,32,32,1085,18.3,0.54,0.274,0.341,436,8.3,11.2,9.7,8.4,1.3,1.8,12.9,22.2,2.3,1.1,3.4,0.124,2.2,-0.7,1.5,NA,western-kentucky,2011
2,Sergio Kerusch,F,32,29,992,22.1,0.558,0.377,0.261,449,11.1,16.7,13.9,3.5,0.8,1.2,9.1,24.1,3,1.1,4.1,0.167,3.8,-2,1.8,NA,western-kentucky,2011
3,Juan Pattillo,F,32,27,953,23.5,0.538,0.009,0.561,428,10.9,22.3,16.6,10.3,2.9,5.8,18.9,25.5,1.5,2,3.5,0.148,1.2,2,3.2,NA,western-kentucky,2011
4,Caden Dickerson,G,32,27,905,7.6,0.549,0.678,0.303,184,2.3,4.2,3.3,7.4,0.9,0.1,17.9,11.4,0.9,0.5,1.4,0.06,-1.7,-0.7,-2.4,NA,western-kentucky,2011
5,Kahlil McDonald,G,31,7,730,5.7,0.425,0.731,0.256,212,1.5,6.4,4,15.4,0.8,0.3,18.8,20.1,-0.1,0.5,0.4,0.019,-3.9,-2.4,-6.2,NA,western-kentucky,2011
6,Jamal Crook,G,31,17,629,10.2,0.416,0.054,0.423,162,3.1,8.8,6,31.6,2.7,0.8,29.6,14.6,0,0.7,0.7,0.047,-3.3,0.2,-3.2,NA,western-kentucky,2011
7,Cliff Dixon,F,22,6,356,11.8,0.431,0.01,0.436,110,8.6,19,13.8,11.2,1.8,1.7,18.7,20.4,-0.1,0.5,0.5,0.051,-3.4,-0.1,-3.5,NA,western-kentucky,2011
8,Brandon Peters,G,12,9,279,8.4,0.444,0.312,0.299,81,3.1,9.4,6.3,15.6,2.3,0.7,24.2,20.2,-0.2,0.3,0.2,0.022,-3.4,0,-3.4,NA,western-kentucky,2011
9,Ken Brown,G,9,6,206,11.3,0.555,0.467,0.422,65,1.1,9.5,5.3,23.4,4.2,1.4,36.5,20,-0.1,0.3,0.2,0.047,-3,2.3,-0.7,NA,western-kentucky,2011
10,Teeng Akol,F,19,0,148,13.3,0.484,0.024,0.381,48,10.3,14.7,12.5,5.3,0,10.7,22,20.8,0,0.2,0.2,0.06,-4.9,1.2,-3.7,NA,western-kentucky,2011
11,Stephon Drane,F,18,0,75,13.2,0.647,0.091,1,19,5.8,14.6,10.2,0,3.1,1.3,23.6,13.7,0.1,0.1,0.2,0.108,-3,2.3,-0.7,NA,western-kentucky,2011
12,Kene Anyigbo,F,14,0,48,7.8,0.518,0,4.5,13,2.3,20.5,11.4,3.4,3.6,0,28.5,17.7,0,0.1,0.1,0.066,-8.8,1.7,-7.1,NA,western-kentucky,2011
13,Mike Gabbard,G,12,0,44,5.2,0.508,0.5,1,5,0,0,0,18.8,4,0,50.4,6.6,0,0,0,0.024,-4.5,2.7,-1.8,NA,western-kentucky,2011
NA,Team Totals,,32,32,6450,NA,0.513,0.309,0.374,NA,NA,NA,NA,NA,NA,NA,NA,NA,7.3,7.5,14.8,0.092,-0.5,-0.3,-0.9,NA,western-kentucky,2011
1,Derrick Gordon,G,35,35,1165,13.1,0.472,0.274,0.571,414,5.9,18.6,11.7,14.1,1.3,0.8,18.2,22.6,0.7,1.6,2.2,0.077,-0.3,-0.3,-0.6,NA,western-kentucky,2012
2,Jamal Crook,G,35,26,877,11.8,0.452,0.1,0.261,303,2.7,10.5,6.3,26.3,2.5,0.4,19.8,23,0,1.1,1.1,0.05,-2.3,0.5,-1.9,NA,western-kentucky,2012
3,Kahlil McDonald,G,35,13,838,11,0.494,0.713,0.346,274,1.4,10.1,5.4,13.6,1.2,0.5,14.2,20.3,0.9,0.8,1.8,0.084,-0.4,-0.2,-0.6,NA,western-kentucky,2012
4,T.J. Price,G,30,20,836,11.8,0.513,0.638,0.314,263,4.4,14.3,8.9,14.5,1.9,0.8,20.5,19.5,0.6,1.1,1.7,0.081,-0.4,0.4,0,NA,western-kentucky,2012
5,George Fant,F,31,24,819,18.9,0.529,0.013,0.658,314,11.1,15.8,13.3,6.5,2.1,4.4,16.5,21.9,1.3,1.3,2.6,0.127,0.4,1,1.4,NA,western-kentucky,2012
6,Teeng Akol,F,32,19,547,15.5,0.5,0.117,0.368,184,7,17,11.6,5,0.5,8.1,14.5,21.2,0.5,0.8,1.3,0.097,-1.9,1.6,-0.3,NA,western-kentucky,2012
7,Vinny Zollo,F,35,14,536,10.1,0.498,0.458,0.167,133,9,13.4,11,8.2,0.9,2.9,22.7,15.4,0.2,0.6,0.8,0.061,-1.3,0.4,-0.8,NA,western-kentucky,2012
8,Nigel Snipes,F,32,5,509,7.1,0.477,0.355,0.282,116,5.3,12.4,8.5,5.9,1.4,1.5,22.4,15.6,0,0.6,0.6,0.044,-4,0.4,-3.6,NA,western-kentucky,2012
9,Kevin Kaspar,G,20,9,371,11,0.522,0.617,0.255,105,1.7,10.9,5.9,15.5,1.9,0,19.2,17.3,0.3,0.4,0.7,0.079,-0.5,0.2,-0.3,NA,western-kentucky,2012
10,O'Karo Akamune,F,28,2,267,14.5,0.498,0,0.6,70,14.4,19.3,16.7,5,2.4,4.8,21.9,15.2,0.1,0.5,0.6,0.094,-1.7,2.2,0.6,NA,western-kentucky,2012
11,Kene Anyigbo,F,22,6,180,8.7,0.432,0,0.619,50,9.5,13.3,11.3,8.6,2.9,1.1,24.9,19.8,-0.2,0.3,0.1,0.026,-3.6,1.4,-2.1,NA,western-kentucky,2012
12,Caden Dickerson,G,4,2,95,4,0.271,0.765,0.412,13,2.3,9.3,5.5,12,1.2,1,9,11.6,-0.1,0.1,0,0.013,-3.2,2,-1.2,NA,western-kentucky,2012
13,Stephon Drane,F,1,0,4,1.6,NA,NA,NA,0,0,0,0,45.8,0,0,NA,0,0,0,0,0.098,-7.3,3.9,-3.4,NA,western-kentucky,2012
14,Jay Starks,G,5,0,3,13.6,NA,NA,NA,0,0,0,0,61.1,0,0,NA,0,0,0,0,0.116,5.1,1.4,6.4,NA,western-kentucky,2012
15,Spence Sheldon,G,7,0,3,6.2,NA,NA,NA,0,0,42,19.3,0,0,0,NA,0,0,0,0,0.079,-4.5,3.1,-1.4,NA,western-kentucky,2012
NA,Team Totals,,35,35,7050,NA,0.489,0.327,0.402,NA,NA,NA,NA,NA,NA,NA,NA,NA,4.4,9.2,13.6,0.077,-1.1,0.5,-0.7,NA,western-kentucky,2012
1,T.J. Price,G,33,31,1089,17.3,0.517,0.526,0.27,469,3.2,13.7,8.2,17.1,2.1,1.3,15.2,26.6,2,1.5,3.5,0.127,2.8,-0.3,2.5,NA,western-kentucky,2013
2,Brandon Harris,G,36,24,1064,13.2,0.493,0.751,0.264,301,5,18.6,11.5,12.7,1.6,0.1,14.6,16.6,1.4,1.5,2.9,0.11,2,0.1,2,NA,western-kentucky,2013
3,George Fant,F,35,34,1016,17.9,0.516,0,0.592,425,10.2,17.8,13.8,5.6,1.5,4.2,18,26.3,1.2,1.6,2.8,0.11,-1.1,-0.4,-1.4,NA,western-kentucky,2013
4,Kevin Kaspar,G,33,6,745,9,0.493,0.665,0.217,181,2,10.2,5.9,15.2,1.6,0,20.2,15.1,0.5,0.8,1.3,0.069,-1.4,-0.4,-1.7,NA,western-kentucky,2013
5,Jamal Crook,G,25,23,728,20.8,0.544,0.146,0.482,317,2.8,11,6.7,32.2,3.1,1.3,17.3,23.3,1.8,1.1,2.9,0.16,1.4,1.4,2.7,NA,western-kentucky,2013
6,O'Karo Akamune,F,36,7,484,11.6,0.55,0.013,0.481,112,11.2,12.9,12,4.2,3,2.2,24.1,13,0.4,0.8,1.2,0.1,-2.8,2,-0.7,NA,western-kentucky,2013
7,Aleksej Rostov,F,32,16,447,15.8,0.654,0.32,0.42,148,9.5,13.6,11.5,5.4,1.1,1,21.1,17.2,1,0.5,1.5,0.138,-0.1,-0.3,-0.4,NA,western-kentucky,2013
8,Teeng Akol,F,27,16,426,21.3,0.552,0.267,0.274,174,11.9,17.3,14.5,8.5,0.4,8.7,16.2,23.4,0.9,0.6,1.5,0.145,1.5,0.6,2.1,NA,western-kentucky,2013
9,Caden Dickerson,G,24,10,419,1.2,0.362,0.731,0.284,58,1.6,7,4.2,6.6,1.3,0.3,26.2,12.4,-0.5,0.4,-0.1,-0.011,-4.7,0.2,-4.6,NA,western-kentucky,2013
10,Kene Anyigbo,F,29,0,260,11.4,0.506,0,0.634,69,15.5,11.7,13.7,10.7,1.6,0.8,25.2,13.9,0.3,0.3,0.6,0.089,-2.6,-0.2,-2.8,NA,western-kentucky,2013
11,Percy Blade,G,23,5,221,6,0.513,0.387,0.742,44,3.6,17.3,10.1,6,1.9,0,35.4,14.9,-0.2,0.3,0.1,0.024,-4.2,0.6,-3.6,NA,western-kentucky,2013
12,Stephon Drane,F,32,1,205,11.4,0.504,0,0.357,60,9,13,10.9,0,3.5,0.5,16.6,19.4,0.1,0.3,0.5,0.092,-5.4,1.3,-4.1,NA,western-kentucky,2013
13,Eddie Alcantara,F,11,1,64,3.5,0.404,0.438,0.5,17,12.6,11.9,12.3,0,1.9,1.7,31.3,22.8,-0.1,0.1,-0.1,-0.032,-5.3,-1.4,-6.7,NA,western-kentucky,2013
14,Marcus Vasquez,G,14,1,49,7.6,0.641,0.75,2,8,0,23.3,11.1,0,0,0,11.4,9.1,0.1,0.1,0.1,0.103,-1.4,0.7,-0.7,NA,western-kentucky,2013
15,Spence Sheldon,G,6,0,8,2.1,0.513,1,2,3,28.8,0,15.1,0,0,0,50.6,25,0,0,0,-0.072,-12.3,-13.4,-25.7,NA,western-kentucky,2013
16,Kawaun Jakes,G,2,0,0,NA,NA,NA,NA,NA,NA,NA,NA,NA,NA,NA,NA,NA,0,0,0,NA,NA,NA,NA,NA,western-kentucky,2013
NA,Team Totals,,36,36,7225,NA,0.52,0.362,0.385,NA,NA,NA,NA,NA,NA,NA,NA,NA,8.9,9.9,18.8,0.104,-0.3,0.2,-0.1,NA,western-kentucky,2013
1,George Fant,F,31,31,916,20.6,0.542,0,0.74,393,10.8,15.4,13,7.3,1.8,3.2,12,23.9,1.9,1.6,3.5,0.154,0.6,0.6,1.2,NA,western-kentucky,2014
2,T.J. Price,G,30,25,887,18.9,0.548,0.542,0.299,421,3.5,14.2,8.6,16.6,1.9,0.4,12.9,27.8,2,1.4,3.4,0.153,3.1,0.9,4,NA,western-kentucky,2014
3,Caden Dickerson,G,30,26,748,7.3,0.543,0.536,0.064,136,1.9,8.2,5,10.1,0.8,0,20.4,10.9,0.3,0.8,1.2,0.063,-2.2,0.7,-1.5,NA,western-kentucky,2014
4,Chris Harrison-Docks,G,24,14,632,10.5,0.532,0.651,0.308,226,0.7,8,4.2,18.1,0.8,0,19.7,22.3,0.5,0.7,1.3,0.079,-0.3,-1.2,-1.5,NA,western-kentucky,2014
5,Trency Jackson,G,24,14,597,13.6,0.493,0.312,0.523,237,3.6,7.7,5.5,16.7,2.3,0.4,15,24.8,0.5,0.9,1.4,0.094,-1.6,0.5,-1.1,NA,western-kentucky,2014
6,Brandon Harris,G,29,8,550,12.6,0.476,0.818,0.305,173,6.9,13.8,10.2,12.1,1.7,0.4,12.9,18.6,0.6,0.8,1.5,0.108,1.1,0.2,1.3,NA,western-kentucky,2014
7,Aaron Adeoye,F,32,15,486,9.9,0.428,0.101,0.294,125,10.1,23.1,16.4,5.7,1.2,3.4,19.6,17.6,-0.2,0.9,0.8,0.063,-4.6,1,-3.6,NA,western-kentucky,2014
8,Payton Hulsey,G,31,8,418,12.7,0.527,0.234,0.859,118,6.9,17.1,11.8,21.9,2.6,0.8,29.7,15.5,0.2,0.8,1,0.096,-1.7,2.5,0.9,NA,western-kentucky,2014
9,Aleksej Rostov,F,20,9,346,6.8,0.465,0.317,0.463,93,7.7,14.7,11.1,4.2,0.7,2.2,21.3,18.6,-0.1,0.5,0.4,0.049,-6,0.4,-5.6,NA,western-kentucky,2014
10,O'Karo Akamune,F,18,3,307,15.1,0.503,0,0.722,83,12.4,22,17,9.7,2,2.8,15.2,14.1,0.3,0.6,1,0.127,-1.2,1.8,0.5,NA,western-kentucky,2014
11,Kevin Kaspar,G,16,0,240,10,0.511,0.731,0.192,61,1.4,12.1,6.5,18.9,1,0,15,14.1,0.3,0.3,0.6,0.098,-1.4,0.4,-1.1,NA,western-kentucky,2014
12,Nigel Snipes,F,14,0,102,3.4,0.455,0.5,0.133,26,2.2,15.4,8.5,4.2,0.6,0,22,20.3,-0.1,0.1,0,0.013,-7.3,-1.4,-8.8,NA,western-kentucky,2014
13,Brandon Price,G,14,1,99,8.3,0.544,0.35,0.7,31,6.8,3.7,5.3,12.5,2.4,0,32.8,20.3,0,0.1,0.1,0.036,-3,0.6,-2.3,NA,western-kentucky,2014
14,Ben Lawson,F,12,2,95,12.2,0.529,0.118,0.706,24,7.1,15.3,11,4.4,0.6,10.3,20.9,15.3,0,0.2,0.2,0.097,-4.5,3.5,-1,NA,western-kentucky,2014
15,Daouda Soumaoro,C,9,4,52,15.2,0.645,0,3.333,11,8.6,18.6,13.4,0,1.2,4.2,0,7.5,0.1,0.1,0.2,0.185,-2.6,0.5,-2.1,NA,western-kentucky,2014
NA,Team Totals,,32,32,6475,NA,0.516,0.395,0.428,NA,NA,NA,NA,NA,NA,NA,NA,NA,6.6,10,16.6,0.102,-1,0.6,-0.3,NA,western-kentucky,2014
1,Chris Harrison-Docks,G,32,30,1077,11,0.533,0.706,0.264,331,0.4,8.5,4.5,14.6,1.3,0,16.7,18.8,1.1,1.3,2.4,0.09,-0.1,-0.5,-0.6,NA,western-kentucky,2015
2,T.J. Price,G,32,32,1069,21.6,0.591,0.496,0.357,523,2.2,15.6,8.9,26.5,1.7,0.2,15.1,25.7,3.3,1.7,5.1,0.189,4.8,0.6,5.4,NA,western-kentucky,2015
3,Trency Jackson,G,32,32,970,13.9,0.54,0.49,0.365,328,2.7,8.9,5.8,17.5,1.9,0.1,15.1,18.9,1.6,1.4,2.9,0.121,-0.1,0.4,0.3,NA,western-kentucky,2015
4,George Fant,F,32,32,920,23.1,0.553,0,0.508,436,12.6,19.9,16.3,12.7,1.9,2.5,14.2,25.5,2.3,1.8,4.2,0.181,2.2,0.5,2.7,NA,western-kentucky,2015
5,Ben Lawson,F,32,8,601,13.6,0.568,0,0.607,127,6.6,12.6,9.6,6.6,1.4,9.7,20,11.4,0.5,1.2,1.7,0.114,-1.5,3.9,2.3,NA,western-kentucky,2015
6,Justin Johnson,F,31,1,482,16.8,0.494,0.025,0.563,156,10.7,18.4,14.6,9.4,1.6,3.2,10.7,17.7,0.7,0.9,1.6,0.135,0.5,1.2,1.6,NA,western-kentucky,2015
7,DJ Clayton,G,29,2,466,8.4,0.417,0.454,0.208,126,8.2,8.6,8.4,8.7,1.3,1.2,14.9,18.2,0,0.6,0.6,0.051,-2.8,-1.3,-4.1,NA,western-kentucky,2015
8,Aleksej Rostov,F,32,20,327,8.4,0.446,0.256,0.256,89,10,16.6,13.3,7.1,0.7,2.4,21.4,18.1,0,0.5,0.5,0.059,-4.6,-0.3,-4.8,NA,western-kentucky,2015
9,Nigel Snipes,F,24,3,207,7.9,0.376,0.579,0.105,48,6.5,22.5,14.6,6.3,2,1.1,15.5,17.3,-0.1,0.4,0.3,0.055,-3.8,0.2,-3.6,NA,western-kentucky,2015
10,Brandon Price,G,22,0,109,7.7,0.435,0.45,0.8,31,3.1,3.1,3.1,26.3,1.6,0,24.6,17,0,0.1,0.1,0.051,-3.5,-1.9,-5.4,NA,western-kentucky,2015
11,Avery Patterson,G,20,0,108,4.9,0.534,0.655,0.276,33,0,12.3,6.2,16.6,2.7,0,37.9,24.7,-0.2,0.2,-0.1,-0.019,-10,-3.5,-13.5,NA,western-kentucky,2015
12,Rob Marberry,F,12,0,75,16.8,0.609,0,0.857,22,6,13.3,9.7,8.1,1.6,1.5,9.2,14.6,0.2,0.1,0.3,0.157,-1.4,0.8,-0.6,NA,western-kentucky,2015
13,Kevin Kaspar,G,4,0,40,5.9,0.402,0.778,0.222,8,0,5.6,2.8,13.3,1.5,0,9.1,13.8,0,0,0.1,0.063,-2.9,1.2,-1.7,NA,western-kentucky,2015
14,Ayinde Sprewell,G,3,0,23,-8.8,0.084,0,0.4,2,9.8,14.5,12.2,0,2.6,0,33.5,19.6,-0.1,0,-0.1,-0.168,-11.6,-1.9,-13.5,NA,western-kentucky,2015
NA,Team Totals,,32,32,6474,NA,0.531,0.376,0.378,NA,NA,NA,NA,NA,NA,NA,NA,NA,9.3,10.3,19.6,0.121,0.1,0.4,0.5,NA,western-kentucky,2015
1,Aaron Cosby,G,34,34,1073,13.8,0.516,0.567,0.336,435,1.8,11,6.6,11.6,0.8,0.5,12.9,24.1,1.8,0.5,2.2,0.084,0.9,-2.3,-1.4,NA,western-kentucky,2016
2,Justin Johnson,F,34,26,984,26.1,0.625,0.028,0.508,488,12.3,18.6,15.6,10.4,0.9,2,12.5,23.4,3.7,0.8,4.5,0.183,4.4,-1.2,3.2,NA,western-kentucky,2016
3,Fredrick Edmond,G,33,27,954,20.5,0.584,0.074,0.439,395,4.7,18.1,11.7,19,2,1.6,17.3,21.7,2,1,2.9,0.123,2.4,0.8,3.2,NA,western-kentucky,2016
4,Chris McNeal,G,34,29,952,9.1,0.457,0.67,0.341,248,2.6,13.1,8.1,23.2,1.2,0.1,24.4,14.4,0.5,0.5,1,0.043,-1.2,-1,-2.2,NA,western-kentucky,2016
5,Nigel Snipes,F,34,8,728,15.5,0.609,0.614,0.229,268,3.4,9.6,6.6,9.6,1.7,1.6,16,20.1,1.5,0.5,2,0.109,1.1,-0.6,0.5,NA,western-kentucky,2016
6,Ben Lawson,F,34,11,547,18.4,0.654,0.01,0.76,167,8,15,11.6,4.2,1.2,12.2,22.1,15.2,1,0.8,1.7,0.126,-2.5,2.6,0.1,NA,western-kentucky,2016
7,Anton Waters,F,33,19,480,14.3,0.552,0.018,0.391,152,14.1,16.8,15.5,2.7,0.4,2.1,16.6,16.2,0.8,0.3,1.1,0.092,-1.7,-1.5,-3.2,NA,western-kentucky,2016
8,Chris Harrison-Docks,G,18,1,431,14.3,0.55,0.676,0.223,167,0.8,3.8,2.4,15.2,1.1,0,10.4,21.1,1,0.1,1.1,0.1,2.3,-2.4,-0.1,NA,western-kentucky,2016
9,Marlon Hunter,G,32,5,390,15.1,0.482,0.09,0.328,134,8.2,8.7,8.4,6.3,3.6,0.5,10.8,20.1,0.5,0.4,0.9,0.088,-1.8,0.4,-1.4,NA,western-kentucky,2016
10,Aleksej Rostov,F,33,10,345,14,0.546,0.247,0.459,117,10.3,13.3,11.9,8.5,0.2,3.3,14.1,17.4,0.6,0.2,0.8,0.097,-2.2,-1.2,-3.4,NA,western-kentucky,2016
11,Nathan Smith,C,3,0,15,6.6,0.513,0,2,4,7.9,14.6,11.4,0,0,0,20.4,16.2,0,0,0,0.061,-5.3,-1.2,-6.5,NA,western-kentucky,2016
12,Dylan Sanford,G,5,0,13,-2.3,1,0,0,3,9.1,0,4.4,0,0,0,66.7,23,-0.1,0,-0.1,-0.174,-11.5,-3.2,-14.8,NA,western-kentucky,2016
13,Keifer Dalton,G,4,0,13,-1.9,0.256,1,2,3,0,33.6,17.5,34.6,0,0,60.6,18.9,-0.1,0,0,-0.138,-8,7,-1,NA,western-kentucky,2016
NA,Team Totals,,34,34,6925,NA,0.561,0.327,0.39,NA,NA,NA,NA,NA,NA,NA,NA,NA,13.2,5,18.2,0.105,0.6,-0.7,-0.1,NA,western-kentucky,2016
1,Pancake Thomas,G,32,32,1112,16.4,0.553,0.534,0.243,419,2.4,8.6,5.5,15.6,1.5,0.1,9.5,20.6,2.4,0.7,3.1,0.11,2.1,-1.2,0.9,NA,western-kentucky,2017
2,Que Johnson,G,32,32,1031,14.8,0.52,0.53,0.301,388,2.2,14.7,8.5,11.1,1.6,1.2,12.5,23.3,1.2,0.9,2.1,0.082,0.5,-1,-0.5,NA,western-kentucky,2017
3,Justin Johnson,F,32,31,1005,24.2,0.566,0.202,0.502,462,9.5,25.2,17.3,15.1,0.6,2,9.3,23.3,3,1.1,4.1,0.163,5.1,-1.1,4,NA,western-kentucky,2017
4,Junior Lomomba,G,32,32,921,5.2,0.447,0.293,0.442,231,0.5,8.7,4.6,21.9,1.3,0.1,29.4,17.5,-0.8,0.6,-0.3,-0.012,-5.7,-2.3,-8,NA,western-kentucky,2017
5,Anton Waters,F,32,14,573,15.9,0.549,0.072,0.353,209,11.5,15.2,13.4,3.8,1,1.5,15.6,20.9,0.8,0.5,1.3,0.088,-1.6,-2,-3.7,NA,western-kentucky,2017
6,Ben Lawson,F,32,15,504,19,0.594,0.018,0.642,156,6.4,17.3,11.9,2.9,1.6,12.4,17.9,17.8,0.6,0.9,1.5,0.118,-2.6,2.9,0.3,NA,western-kentucky,2017
7,Tobias Howard,G,30,4,479,5.9,0.47,0.6,0.133,101,2.7,7.4,5,14.8,1.2,0.5,26.2,14,-0.2,0.3,0.1,0.007,-3.8,-1.2,-5,NA,western-kentucky,2017
8,Jabari McGhee,F,21,0,274,17.5,0.53,0,0.581,105,13.5,21.8,17.7,3.8,2.6,2.4,18.2,21.9,0.3,0.4,0.7,0.106,-2.4,-0.2,-2.7,NA,western-kentucky,2017
9,Damari Parris,G,24,0,258,7.6,0.447,0.296,0.282,74,2.2,6.2,4.2,13.6,1.1,0.4,15.7,19.2,0,0.1,0.1,0.019,-4.1,-1.4,-5.4,NA,western-kentucky,2017
10,Marty Leahy,G,17,0,168,7.8,0.588,0.545,0.5,32,2.7,8.2,5.5,5.3,1.4,0,18.1,10.3,0.2,0.1,0.3,0.063,-2.7,-0.1,-2.9,NA,western-kentucky,2017
11,Tyler Miller,G,15,0,49,6.3,0.678,0,1,5,7.1,0,3.5,10.4,2.4,0,57.6,3.7,0,0,0,0.034,-1.9,0,-1.9,NA,western-kentucky,2017
12,Willie Carmichael,F,4,0,23,1.2,0.44,0.714,0.286,7,5,10,7.5,0,0,0,27.4,24.7,-0.1,0,0,-0.078,-7.7,-5.6,-13.3,NA,western-kentucky,2017
13,Marko Stajkovski,G,2,0,3,5.8,NA,NA,NA,0,0,38.3,19.2,0,0,0,NA,0,0,0,0,0.052,-5.9,2.7,-3.3,NA,western-kentucky,2017
NA,Team Totals,,32,32,6400,NA,0.532,0.343,0.373,NA,NA,NA,NA,NA,NA,NA,NA,NA,7.3,5.6,12.9,0.081,-0.6,-1,-1.6,NA,western-kentucky,2017
1,Darius Thompson,G,38,37,1354,19.6,0.572,0.398,0.387,551,2.1,11,6.8,23.3,2.5,1.4,12.7,19.2,3.5,1.9,5.5,0.161,4.1,2.3,6.3,NA,western-kentucky,2018
2,Justin Johnson,F,38,38,1314,21.3,0.569,0.244,0.265,559,7.9,23,15.9,7,1.2,2.2,9.8,22.1,3.2,2.2,5.4,0.163,4.8,0.6,5.3,NA,western-kentucky,2018
3,Taveion Hollingsworth,G,38,37,1312,15.7,0.593,0.336,0.432,477,2.9,8.2,5.7,9.4,1.7,0.4,13.6,18.9,2.7,1.4,4.2,0.127,2,0.7,2.7,NA,western-kentucky,2018
4,Lamonte Bearden,G,38,33,1053,18.8,0.574,0.192,0.486,467,2.5,7,4.8,22.2,3.5,0.6,19.1,23,2.1,1.5,3.6,0.138,1.9,2.3,4.2,NA,western-kentucky,2018
5,Dwight Coleby,C,38,37,1050,22.4,0.633,0.004,0.472,414,11.2,21.8,16.8,3.8,1.3,6.6,15.5,18.8,2.7,2,4.7,0.179,2.3,2.1,4.4,NA,western-kentucky,2018
6,Jake Ohmer,G,37,2,609,12,0.505,0.62,0.261,200,2.4,5,3.8,9.4,2.2,0,8.8,18.7,0.8,0.6,1.5,0.098,0.2,0.7,0.9,NA,western-kentucky,2018
7,Josh Anderson,G,23,3,390,19.9,0.572,0.061,0.64,160,6,11,8.6,8,3.4,2.1,11.3,21.6,0.9,0.7,1.5,0.156,1.1,2.8,4,NA,western-kentucky,2018
8,Marek Nelson,F,38,2,351,10.5,0.565,0.197,0.493,95,5.6,13.8,9.9,3.8,1.3,2.7,22.2,16.1,0.1,0.5,0.6,0.072,-3.1,1.1,-2,NA,western-kentucky,2018
9,Moustapha Diagne,F,20,1,119,-5.4,0.257,0.15,0.15,15,8.3,21.2,15.1,1.3,1,0,44.2,16.2,-0.5,0.2,-0.3,-0.098,-11.4,-1.2,-12.6,NA,western-kentucky,2018
10,Tyler Miller,G,14,0,73,3.3,0.253,0.5,0.667,6,3.4,10.5,7.1,4,2.4,0,11.2,6.1,0,0.1,0.1,0.028,-4.4,1.8,-2.6,NA,western-kentucky,2018
NA,Team Totals,,38,38,7625,NA,0.574,0.269,0.398,NA,NA,NA,NA,NA,NA,NA,NA,NA,15.6,11.1,26.7,0.14,2.2,1.5,3.7,NA,western-kentucky,2018
1,Taveion Hollingsworth,G,34,34,1251,14.9,0.516,0.368,0.282,470,3.3,10,6.8,12.7,1.9,0.7,13.2,22.2,1.6,1.6,3.2,0.101,0.8,0.1,0.9,NA,western-kentucky,2019
2,Jared Savage,G,34,34,1213,12.7,0.524,0.636,0.284,375,1.6,13.2,7.6,6.7,1.6,1.3,9.8,18.4,1.6,1.6,3.2,0.107,0.5,0.5,1,NA,western-kentucky,2019
3,Charles Bassey,C,34,34,1067,25.9,0.673,0.067,0.477,462,11,24.6,18.1,5.1,1.5,8.7,20.9,22.1,2.7,2.3,5,0.189,2.9,2.3,5.2,NA,western-kentucky,2019
4,Josh Anderson,G,34,28,1015,17.3,0.536,0.161,0.407,396,4.5,11,7.9,12.4,3.4,2.6,16.1,22.9,1.3,1.8,3,0.119,0,2.4,2.4,NA,western-kentucky,2019
5,Lamonte Bearden,G,23,15,668,16.9,0.521,0.27,0.521,246,2.8,6.5,4.8,30.2,2.7,1,15.4,18.3,1.3,0.9,2.2,0.13,1.6,1.4,3,NA,western-kentucky,2019
6,Dalano Banton,G,31,12,469,10.9,0.464,0.381,0.351,133,4,17.7,11.1,25.9,1.7,3.9,31.5,17.9,-0.3,0.8,0.5,0.045,-1.2,1.4,0.2,NA,western-kentucky,2019
7,Tolu Smith III,F,34,0,344,12.5,0.588,0,0.681,112,10.3,18.7,14.7,4.7,0.5,3.3,26.9,19.2,0.2,0.5,0.7,0.08,-4.1,-0.1,-4.2,NA,western-kentucky,2019
8,Jake Ohmer,G,28,0,304,2.6,0.36,0.77,0.049,48,1.2,4.3,2.8,8.7,1.1,0.4,11.4,11.8,-0.1,0.3,0.1,0.016,-4.3,0.2,-4.1,NA,western-kentucky,2019
9,Marek Nelson,F,18,7,246,8.3,0.449,0.182,0.455,53,6.2,8.9,7.6,5.9,2.6,3.3,19.5,13.7,0,0.4,0.4,0.059,-3.4,1.8,-1.5,NA,western-kentucky,2019
10,DeSean Murray,F,8,6,163,22.3,0.533,0.123,0.526,81,12.3,12.7,12.5,17.2,2.1,2.1,12.3,25.3,0.5,0.2,0.7,0.173,2.7,-0.2,2.6,NA,western-kentucky,2019
11,Moustapha Diagne,F,13,0,96,1.3,0.147,0.647,0,8,6.2,14.8,10.6,3.5,0.6,2.4,0,9,-0.1,0.1,0,0.001,-5.1,-0.7,-5.7,NA,western-kentucky,2019
12,Matt Horton,F,10,0,41,9.7,0.632,0,4,10,5.8,21.3,13.8,0,1.4,8.4,31.5,15.7,0,0.1,0.1,0.076,-8.6,2.6,-5.9,NA,western-kentucky,2019
13,Jeremiah Gambrell Jr.,G,4,0,23,-1.8,0.25,1,0,3,0,4.7,2.5,7.6,5,0,25,17.6,-0.1,0,0,-0.069,-11.4,0.5,-11,NA,western-kentucky,2019
NA,Team Totals,,34,34,6900,NA,0.539,0.318,0.379,NA,NA,NA,NA,NA,NA,NA,NA,NA,8.5,10.6,19.1,0.111,0.1,1.1,1.3,NA,western-kentucky,2019
1,Taveion Hollingsworth,G,30,30,1047,20.3,0.576,0.187,0.511,495,3.3,10.5,7,16.1,2.2,0.2,15.9,25.2,2.7,1,3.7,0.143,2,-0.4,1.7,NA,western-kentucky,2020
2,Jared Savage,G,30,30,1039,18.8,0.619,0.681,0.294,339,4.7,18.6,12,7.5,2,3.4,11.3,15.7,2.7,1.5,4.2,0.16,3.5,1.4,4.9,NA,western-kentucky,2020
3,Carson Williams,F,30,29,1023,23.3,0.633,0.217,0.471,428,8.4,14,11.3,10.4,1.8,2.5,11.9,18.9,3.6,1.2,4.8,0.187,4.5,0.4,4.8,NA,western-kentucky,2020
4,Josh Anderson,G,30,16,845,17.2,0.565,0.222,0.623,300,3.9,13.2,8.8,8.8,2.5,3.9,16.2,19.4,1.5,1.1,2.6,0.125,0.3,1.6,2,NA,western-kentucky,2020
5,Jordan Rawls,G,30,16,828,9.6,0.485,0.465,0.181,245,1,4.9,3,15.2,1.5,0.1,16.4,18.2,0.5,0.5,1,0.046,-1.7,-1.5,-3.2,NA,western-kentucky,2020
6,Camron Justice,G,27,18,748,10.8,0.516,0.627,0.275,253,0.7,9.6,5.3,9.5,1.5,0.1,16.8,21.7,0.5,0.6,1.1,0.056,-1.1,-1.6,-2.7,NA,western-kentucky,2020
7,Charles Bassey,C,10,10,281,28.7,0.592,0.112,0.439,153,12.2,25.5,19.2,10.7,1.6,6,15.1,27.8,1,0.5,1.4,0.206,3.6,0.5,4.2,NA,western-kentucky,2020
8,Jeremiah Gambrell Jr.,G,23,0,145,6,0.438,0.727,0.152,28,1.7,15.4,8.9,1.2,0.8,0,14.5,14.6,-0.1,0.1,0.1,0.016,-2.2,-1.5,-3.7,NA,western-kentucky,2020
9,Isaiah Cozart,F,19,0,89,8.9,0.538,0,0,15,6.9,15.1,11.2,0,1.3,5.9,18.8,9.2,0,0.1,0.2,0.074,-3.9,1.6,-2.4,NA,western-kentucky,2020
10,Matt Horton,F,16,1,69,17.9,0.518,0,0.2,20,12.5,21.1,17,5.6,1.7,9.2,10.9,13.7,0.1,0.1,0.2,0.142,-1,-0.1,-1.1,NA,western-kentucky,2020
11,Jackson Harlan,G,4,0,6,-3.7,0,1,0,1,0,0,0,26.2,0,0,0,8.5,0,0,0,-0.056,-0.7,-0.8,-1.5,NA,western-kentucky,2020
12,Patrick Murphy,G,8,0,5,-34,NA,NA,NA,0,0,22.4,11.7,0,0,0,100,30.7,-0.1,0,-0.1,-0.565,-36.6,-19,-55.6,NA,western-kentucky,2020
13,Evan Stack,C,2,0,0,NA,NA,NA,NA,NA,NA,NA,NA,NA,NA,NA,NA,NA,0,0,0,NA,NA,NA,NA,NA,western-kentucky,2020
NA,Team Totals,,30,30,6125,NA,0.568,0.368,0.392,NA,NA,NA,NA,NA,NA,NA,NA,NA,12.4,6.8,19.2,0.125,1.4,0.1,1.5,NA,western-kentucky,2020
1,Taveion Hollingsworth,G,29,29,910,17.3,0.536,0.235,0.434,388,2.8,10.9,7,15.9,2.2,0.7,15.2,24.5,1.8,1.3,3.1,0.135,1.2,0.7,2,,western-kentucky,2021
2,Charles Bassey,C,28,28,851,32.7,0.643,0.179,0.353,441,13.2,30.8,22.4,5.6,0.7,11.5,13.9,26.4,3.3,2.1,5.4,0.254,6.5,2.6,9.1,USBWA-AA-3,western-kentucky,2021
3,Josh Anderson,G,27,26,762,15.5,0.574,0.317,0.45,233,3,12.9,8.1,7.8,3.7,1.9,18.3,17.7,1.1,1.4,2.5,0.13,0.2,3.3,3.5,,western-kentucky,2021
4,Carson Williams,F,27,27,726,14.1,0.542,0.247,0.455,209,9.4,13.6,11.6,6.8,1.2,1.7,15,15.3,1.1,1,2.1,0.115,1,0.3,1.4,,western-kentucky,2021
5,Dayvion McKnight,G,29,17,712,12,0.468,0.147,0.4,217,3.8,13,8.5,28.5,2.3,1.1,25.5,16.9,0.5,1.1,1.5,0.086,-2,1.4,-0.5,,western-kentucky,2021
6,Jordan Rawls,G,28,5,643,11.9,0.498,0.472,0.178,228,2.3,8.2,5.4,18,1.3,0,15.6,21.5,0.7,0.7,1.4,0.086,0,-0.8,-0.8,,western-kentucky,2021
7,Luke Frampton,G,26,1,530,13.6,0.62,0.879,0.206,170,1.4,8.7,5.2,11.3,1.3,0.2,15.3,17.4,1.1,0.6,1.7,0.128,1.9,-0.1,1.8,,western-kentucky,2021
8,Kenny Cooper,G,24,12,367,6.2,0.422,0.467,0.517,79,1.3,8.6,5.1,19.8,2.4,0.9,26.5,14,-0.1,0.5,0.4,0.043,-4.1,1.6,-2.5,,western-kentucky,2021
9,Kevin Osawe,F,26,0,207,12.8,0.49,0.444,0.204,60,10,18,14.1,4.6,1.4,0.5,13.2,16.6,0.3,0.3,0.6,0.106,-0.6,-0.7,-1.2,,western-kentucky,2021
10,Isaiah Cozart,F,11,0,65,19.9,0.643,0,0,18,15,24.3,19.8,3.2,0.9,8.7,17.6,13.2,0.1,0.1,0.3,0.164,-1.5,1.3,-0.1,,western-kentucky,2021
11,Kylen Milton,G,9,0,52,6.5,0.456,0.348,0.304,20,2.3,17.3,10.1,4.2,0,0,18.6,31.3,-0.1,0.1,0,-0.009,-8.7,-4.3,-13,,western-kentucky,2021
12,Jackson Harlan,G,7,0,16,12.7,0.633,0.333,0.667,4,0,7,3.7,0,3.6,0,20.2,15.6,0,0,0,0.114,-2.6,1.5,-1.1,,western-kentucky,2021
13,Bailey Conrad,F,5,0,5,9,NA,NA,NA,0,0,0,0,0,11.6,0,NA,0,0,0,0,0.126,-6.3,8.5,2.1,,western-kentucky,2021
14,Patrick Murphy,G,4,0,4,-11.5,0,1,0,0,0,0,0,0,0,0,0,12.6,0,0,0,-0.154,-13.3,-5.5,-18.8,,western-kentucky,2021
NA,Team Totals,,29,29,5850,NA,0.552,0.328,0.355,NA,NA,NA,NA,NA,NA,NA,NA,NA,9.9,9,18.9,0.129,0.8,1.1,1.9,,western-kentucky,2021
1,Dayvion McKnight,G,32,32,1141,20.5,0.535,0.099,0.363,581,4.6,12.1,8.5,29.8,3,0,18,26,2.5,1.7,4.2,0.148,1.8,0.1,1.9,NA,western-kentucky,2022
2,Luke Frampton,G,31,31,988,11.9,0.573,0.77,0.144,259,2.4,8.3,5.5,8,1.8,0.7,12.2,13.8,1.4,1.1,2.5,0.101,0.5,-0.1,0.3,NA,western-kentucky,2022
3,Camron Justice,G,30,26,979,17.7,0.571,0.586,0.271,423,0.5,10.5,5.8,18.4,2.8,0.2,15.5,23.6,1.9,1.4,3.3,0.133,1.7,-0.3,1.4,NA,western-kentucky,2022
4,Jamarion Sharp,C,32,28,896,23.7,0.681,0,0.354,247,9,20.3,14.9,1.8,1.5,18.8,15.1,12.7,1.8,2.2,4.1,0.182,1.4,4.7,6.1,NA,western-kentucky,2022
5,Jairus Hamilton,F,29,26,876,14.9,0.524,0.368,0.287,352,4.1,15.2,10,10.3,1.3,0.8,14.3,23.6,1,1.2,2.1,0.097,-0.9,-1.8,-2.7,NA,western-kentucky,2022
6,Josh Anderson,G,29,10,865,20.8,0.577,0.345,0.363,340,2.8,13.2,8.3,10.4,4.5,1.4,10.6,20.4,2,1.7,3.7,0.173,2,2.8,4.7,NA,western-kentucky,2022
7,Sherman Brashear,G,23,3,230,13.3,0.548,0.775,0.169,76,3,13.2,8.4,5.4,1.2,0,9.4,18.5,0.3,0.3,0.6,0.108,-0.3,-1.5,-1.9,NA,western-kentucky,2022
8,Jaylen Butz,F,18,4,195,14.1,0.512,0.036,0.509,71,11.3,11.8,11.6,2.9,2.6,3.5,19.9,22,0.1,0.3,0.4,0.078,-4.4,-1,-5.4,NA,western-kentucky,2022
9,Isaiah Cozart,F,18,0,109,19.8,0.655,0,0.467,26,11.7,15.4,13.7,0,1,11.5,5.2,8.9,0.3,0.2,0.5,0.169,-0.8,-0.5,-1.2,NA,western-kentucky,2022
10,Noah Stansbury,G,14,0,75,-1.7,0,1,0,5,0,15.4,8.1,17.4,0.8,0,54.5,7.4,-0.2,0.1,-0.1,-0.035,-9.8,-1.7,-11.5,NA,western-kentucky,2022
11,Bailey Conrad,F,9,0,26,-4.2,0.178,0.714,0.429,3,0,16.2,8.5,0,2.2,0,10.6,18.2,-0.1,0,-0.1,-0.109,-10.2,-4,-14.2,NA,western-kentucky,2022
12,Darrius Miles,C,1,0,10,12.2,0.4,0.2,0,5,23.3,0,11,0,0,0,0,25.2,0,0,0,0.076,0.5,-6.3,-5.8,NA,western-kentucky,2022
13,Tyler Olden,G,6,0,10,6.8,0.375,1,0,5,0,10.5,5.5,0,0,0,0,40.3,0,0,0,-0.037,-14.3,-8,-22.3,NA,western-kentucky,2022
NA,Team Totals,,32,32,6400,NA,0.56,0.369,0.302,NA,NA,NA,NA,NA,NA,NA,NA,NA,11,10.3,21.2,0.133,0.7,0.6,1.2,NA,western-kentucky,2022
1,Dayvion McKnight,G,33,33,1098,20.2,0.536,0.128,0.346,566,5.5,11.1,8.4,25.3,3.1,0.3,17.8,29.1,1.9,1.5,3.3,0.122,1.3,0.5,1.8,NA,western-kentucky,2023
2,Jairus Hamilton,F,33,32,919,13.8,0.579,0.481,0.312,301,5.6,14.2,10.1,9.3,1.5,0.4,17.4,18,1.3,1,2.3,0.102,-1.1,-0.6,-1.6,NA,western-kentucky,2023
3,Jamarion Sharp,C,32,32,916,22,0.603,0.007,0.703,236,8.7,20.8,14.9,1.4,2,16.5,10.4,12.4,1.7,2.1,3.7,0.164,0.8,4.7,5.5,NA,western-kentucky,2023
4,Emmanuel Akot,G,31,31,914,12.2,0.499,0.4,0.232,311,2.7,11,7,15.6,1.1,0.9,14.6,20.6,0.7,0.8,1.5,0.066,-1,-1.2,-2.1,NA,western-kentucky,2023
5,Jordan Rawls,G,30,3,603,12.1,0.446,0.223,0.318,243,1.3,5.7,3.6,26.4,1.6,0.2,14.8,25.5,0.2,0.4,0.6,0.04,-0.7,-1.6,-2.2,NA,western-kentucky,2023
6,Luke Frampton,G,20,20,585,15.5,0.681,0.862,0.268,169,0.8,8.9,5,10.9,1.7,0.6,9.8,13.6,1.5,0.5,2,0.138,1,0,1,NA,western-kentucky,2023
7,Dontaie Allen,G,26,11,543,15.3,0.553,0.648,0.29,212,3.6,12.7,8.3,4.9,1.3,1.1,11.3,23.5,0.8,0.6,1.4,0.102,1.9,-0.8,1.1,NA,western-kentucky,2023
8,Tyrone Marshall,F,33,0,449,14.3,0.556,0.275,0.263,103,4.9,16.6,10.9,7.4,2.6,3.1,13.5,12,0.5,0.7,1.2,0.111,-0.9,1.9,1,NA,western-kentucky,2023
9,Khristian Lander,G,33,2,376,4.3,0.431,0.57,0.167,104,2.1,7.8,5,10.4,0.8,0.6,15.2,19.9,-0.2,0.3,0.1,0.007,-6.1,-1.8,-8,NA,western-kentucky,2023
10,Fallou Diagne,F,30,1,205,10.5,0.543,0.652,0.116,67,3.4,13.2,8.4,3,0.3,3.4,13.1,21.1,0.2,0.2,0.4,0.071,-3.9,-2,-5.9,NA,western-kentucky,2023
11,Darrius Miles,C,10,0,27,16.9,0.502,0.25,0.167,11,12.8,8,10.3,0,0,0,0,24.8,0.1,0,0.1,0.101,-8.1,-5.5,-13.7,NA,western-kentucky,2023
12,Noah Stansbury,G,6,0,9,12.4,NA,NA,NA,0,0,36,18.6,0,6.5,0,NA,0,0,0,0,0.126,-7.1,2.6,-4.5,NA,western-kentucky,2023
13,Elijah Hughey,G,4,0,2,-0.2,NA,NA,NA,0,0,54,27.9,0,0,0,NA,0,0,0,0,0.11,-25.2,9,-16.2,NA,western-kentucky,2023
14,Jaylen Dorsey,F,3,0,2,0,NA,NA,NA,0,0,0,0,0,0,0,NA,0,0,0,0,0.003,-4.5,-1.8,-6.3,NA,western-kentucky,2023
15,Tyler Olden,G,3,0,2,-22.6,0,0,0,0,0,0,0,0,0,0,0,25.8,0,0,0,-0.367,-45.6,-24.9,-70.5,NA,western-kentucky,2023
NA,Team Totals,,33,33,6650,NA,0.537,0.364,0.315,NA,NA,NA,NA,NA,NA,NA,NA,NA,8.6,8.1,16.7,0.1,-0.4,0.2,-0.1,NA,western-kentucky,2023
1,Don McHenry,G,34,34,940,17.6,0.553,0.309,0.219,482,2.2,10.3,6.5,16.4,1.8,0.2,12.8,26.2,1.8,1.5,3.3,0.14,1.5,-0.3,1.2,NA,western-kentucky,2024
2,Brandon Newman,G,34,34,875,14.3,0.526,0.54,0.284,330,2.8,18.2,10.8,10.5,2.6,1.1,15,20.4,0.8,1.8,2.6,0.12,-0.6,1.4,0.8,NA,western-kentucky,2024
3,Tyrone Marshall,F,34,33,837,17.5,0.571,0.325,0.192,304,3.8,15,9.6,15.2,3.1,4.6,16.8,17.4,1.2,1.9,3.1,0.147,1.2,3.3,4.5,NA,western-kentucky,2024
4,Dontaie Allen,G,33,13,686,12.4,0.554,0.636,0.236,239,1.9,12.6,7.5,5.1,1.7,1.9,13.1,19,0.7,1.2,1.9,0.112,0.3,0.6,0.9,NA,western-kentucky,2024
5,Rodney Howard,C,33,8,675,18.4,0.57,0,0.323,317,10.4,14.1,12.3,7.3,0.9,2.5,13.9,22.8,1.3,1.1,2.5,0.145,0.6,-0.1,0.5,NA,western-kentucky,2024
6,Babacar Faye,F,34,26,634,20.3,0.64,0.02,0.634,267,12.6,18.5,15.7,7.3,1.5,2.7,15,17.1,1.8,1.3,3,0.19,1,0.7,1.7,NA,western-kentucky,2024
7,Enoch Kalambay,G,34,8,624,13.7,0.545,0.115,0.478,221,6.7,19.1,13.2,10.6,1.3,1.2,18.2,17.5,0.7,1.2,1.8,0.117,-1,0.8,-0.2,NA,western-kentucky,2024
8,Khristian Lander,G,26,11,601,11.8,0.523,0.495,0.238,233,2.6,9.2,6,14.8,2.3,0.4,17,20.9,0.5,1,1.5,0.099,-2.7,0.4,-2.4,NA,western-kentucky,2024
9,Teagan Moore,G,28,1,385,15.1,0.583,0.325,0.564,161,3.7,13.3,8.7,7.1,1.5,1.1,14.9,21,0.7,0.7,1.3,0.138,-1.4,-0.2,-1.5,NA,western-kentucky,2024
10,Jack Edelen,G,27,0,236,5.7,0.417,0.423,0.615,45,1.9,5.5,3.8,20,2.7,0,30.9,9.5,0,0.4,0.4,0.061,-5.4,2.5,-3,NA,western-kentucky,2024
11,Jalen Jackson,G,10,2,211,7.8,0.427,0.051,0.615,54,2.6,6.7,4.7,18.1,3.5,1.5,22.9,14.4,-0.1,0.4,0.3,0.064,-6.1,3.2,-2.9,NA,western-kentucky,2024
12,BJ Marable,F,10,0,49,-3.4,0.286,0,1.571,9,6.7,14.3,10.7,3,2.1,2.2,36.4,18.2,-0.2,0.1,-0.1,-0.077,-14.1,-2.2,-16.4,NA,western-kentucky,2024
13,Fallou Diagne,F,5,0,25,-3.1,0.435,0.4,0.8,5,0,0,0,0,0,8.6,36.7,20.2,-0.1,0,0,-0.069,-12.2,-2.4,-14.7,NA,western-kentucky,2024
14,Jaylen Dorsey,F,8,0,15,23.1,0.637,0.2,1.2,11,21.9,13.4,17.4,12.5,3.5,0,33.8,36.6,0,0,0,0.114,6.7,0.5,7.2,NA,western-kentucky,2024
15,Tyler Olden,G,8,0,14,4.3,0.333,0.778,0,5,0,7.2,3.7,0,3.8,0,0,29.8,0,0,0,0.002,1,-1.8,-0.8,NA,western-kentucky,2024
NA,Team Totals,,34,34,6807,NA,0.552,0.321,0.327,NA,NA,NA,NA,NA,NA,NA,NA,NA,9,12.6,21.6,0.127,-0.5,0.9,0.5,NA,western-kentucky,2024
1,Don McHenry,G,32,28,930,18.8,0.517,0.456,0.308,500,2.3,9.5,5.9,12.8,2.7,0.3,8.1,29.9,1.5,1.3,2.8,0.119,3,0.3,3.3,NA,western-kentucky,2025
2,Tyrone Marshall,F,32,29,919,14.3,0.513,0.478,0.187,322,3.9,19.9,11.9,9.4,2.3,2.6,13.3,19.9,0.5,1.7,2.2,0.095,-0.3,0.9,0.6,NA,western-kentucky,2025
3,Khristian Lander,G,28,15,728,16.4,0.527,0.49,0.226,321,3.4,11.7,7.5,13.9,2.5,0.7,9.6,23.6,1,1.1,2.1,0.116,1.3,0.8,2.1,NA,western-kentucky,2025
4,Braxton Bayless,G,32,21,719,12.2,0.533,0.25,0.241,259,3,11.7,7.3,18.2,2.3,0,19.7,19.9,0.3,1,1.3,0.072,-2.3,0.2,-2.1,NA,western-kentucky,2025
5,Jalen Jackson,G,32,17,659,7.8,0.417,0.224,0.393,139,2.7,7.2,4.9,16.9,3.1,1.5,18.1,11.4,0,1,1,0.059,-4.9,2.4,-2.5,NA,western-kentucky,2025
6,Enoch Kalambay,G,28,14,597,13.4,0.52,0.385,0.374,227,2.9,17,10,13.3,1.8,0.8,15.7,21.3,0.4,0.9,1.3,0.087,-0.2,0.8,0.6,NA,western-kentucky,2025
7,Leeroy Odiahi,C,31,6,454,8.1,0.597,0,0.196,62,4.1,15.3,9.7,2.2,0.8,7.6,23,7,0.1,0.7,0.9,0.077,-5,2.2,-2.8,NA,western-kentucky,2025
8,Julius Thedford,G,18,6,395,18,0.545,0.494,0.488,198,2.6,15.5,9,8.5,1.5,1.8,9.7,27.9,0.6,0.6,1.2,0.121,2.4,0,2.4,NA,western-kentucky,2025
9,Jack Edelen,G,27,1,322,8.3,0.529,0.638,0.174,78,1.6,5.1,3.4,10.4,2.6,0.4,14.8,13.2,0.2,0.4,0.6,0.069,-4.4,0.7,-3.7,NA,western-kentucky,2025
10,Blaise Keita,F,24,12,317,9.5,0.501,0,0.563,77,11.7,18.3,15,2.2,1,1.5,20.8,11.8,0.2,0.5,0.6,0.081,-4.1,-0.6,-4.7,NA,western-kentucky,2025
11,Babacar Faye,F,10,10,276,26.5,0.625,0.137,0.589,147,11.2,18,14.6,5.4,2.2,3,8.3,23.4,1,0.5,1.5,0.219,5.7,1.2,6.9,NA,western-kentucky,2025
12,Jaylen Dorsey,F,18,1,96,3.5,0.404,0.667,0.5,15,4.3,10.8,7.5,5,1.7,0,16.8,9,0,0.1,0.1,0.044,-6.8,0.2,-6.6,NA,western-kentucky,2025
13,Tyler Olden,G,9,0,13,20.7,0.382,0.8,0.1,8,15.9,0,8,0,8.4,0,0,39.2,0,0,0,0.054,2.6,-5.4,-2.8,NA,western-kentucky,2025
NA,Team Totals,,32,32,6425,NA,0.523,0.399,0.309,NA,NA,NA,NA,NA,NA,NA,NA,NA,5.7,9.8,15.5,0.097,-0.7,0.8,0.1,NA,western-kentucky,2025
1,Grant Newell,F,32,25,829,16.7,0.541,0.505,0.417,374,4.5,14.3,9.2,7.8,0.9,2.2,7.5,23.9,1.7,1,2.7,0.129,1.9,-0.8,1.1,NA,western-kentucky,2026
2,Teagan Moore,G,27,25,788,26.3,0.645,0.237,0.695,467,7.1,13.2,10,15.4,2,1.4,10.5,26.5,3.3,1,4.3,0.218,6.4,0.6,7,NA,western-kentucky,2026
3,Ryan Myers,G,32,11,724,15,0.578,0.664,0.258,314,1.7,8.6,5,14.5,1.2,0,10.3,22.3,1.6,0.7,2.2,0.123,2,-0.6,1.4,NA,western-kentucky,2026
4,Armelo Boone,G,29,11,707,15.6,0.446,0.272,0.25,318,6.9,20,13.2,17.6,3.1,2.1,12.4,27.2,0.1,1.3,1.4,0.077,-1,0.6,-0.4,NA,western-kentucky,2026
5,LJ Hackman,G,32,21,691,14.7,0.523,0.35,0.563,266,2.8,11.6,7,14.3,3.3,0.4,11.5,20.3,0.9,1,2,0.114,-1.5,1.8,0.3,NA,western-kentucky,2026
6,Terrion Murdix,G,24,22,571,12.8,0.436,0.087,0.46,183,4.6,11.5,7.9,30.9,4.4,0.2,21.1,16.2,0.2,1,1.2,0.086,-3,3.2,0.3,NA,western-kentucky,2026
7,Blaise Keita,F,31,19,401,12.7,0.545,0,0.685,100,13.2,18.3,15.7,4.8,2.4,1.8,16.4,10.2,0.5,0.7,1.2,0.12,-2.5,1,-1.5,NA,western-kentucky,2026
8,Cameron Haffner,G,28,6,354,8.9,0.495,0.824,0.059,104,0.9,9.9,5.2,7.6,1.3,0.3,7.6,17.8,0.2,0.4,0.6,0.067,-1.9,0,-1.9,NA,western-kentucky,2026
9,Leeroy Odiahi,C,30,2,302,7.6,0.701,0,0.676,57,3.7,7.3,5.4,1.2,1.1,4,21.1,9,0.3,0.3,0.6,0.083,-5.9,1.4,-4.5,NA,western-kentucky,2026
10,Noah Boyde,F,23,11,258,10.9,0.472,0,1.154,66,11.1,16.1,13.5,4.2,1.5,3.8,16.6,13.4,0.1,0.4,0.5,0.07,-4.5,0.3,-4.2,NA,western-kentucky,2026
11,Kade Unseld,G,22,4,257,7,0.43,0.882,0.024,69,4,11.9,7.8,5.8,1.5,1.4,8.5,17.4,0,0.3,0.3,0.046,-4.2,-0.2,-4.4,NA,western-kentucky,2026
12,Jack Edelen,G,28,3,220,5,0.356,0.442,0.302,50,3.7,6,4.8,21.6,1.8,0.6,22.2,13.7,-0.1,0.2,0.1,0.016,-5.6,0.5,-5.1,NA,western-kentucky,2026
13,Bryant Selebangue,F,9,0,167,21.8,0.581,0,0.511,67,14,25.6,19.6,8.9,1.7,3.7,12.5,18.2,0.3,0.3,0.6,0.155,3.2,0.6,3.8,NA,western-kentucky,2026
14,Cade Stinnett,G,16,0,103,9.2,0.518,0.5,0.688,23,5.9,12.8,9.2,1.7,0,1.2,0,9.8,0.2,0.1,0.3,0.101,-2.9,-1.3,-4.1,NA,western-kentucky,2026
15,Louie Semona,F,9,0,77,17.6,0.772,0.714,0.429,24,1.3,14.2,7.5,14.3,4.4,0,15.1,12.3,0.2,0.1,0.4,0.183,-4.6,0.5,-4.1,NA,western-kentucky,2026
NA,Team Totals,,32,32,6449,NA,0.533,0.399,0.418,NA,NA,NA,NA,NA,NA,NA,NA,NA,9.5,8.8,18.3,0.113,-0.4,0.6,0.2,NA,western-kentucky,2026
